# -*- coding: utf-8 -*-

# Resource object code
#
# Created by: The Resource Compiler for PyQt5 (Qt v5.15.2)
#
# WARNING! All changes made in this file will be lost!

from PyQt5 import QtCore

qt_resource_data = b"\
\x00\x00\x10\x3b\
\xde\
\x12\x04\x95\x00\x00\x00\x00\x4e\x00\x00\x00\x1c\x00\x00\x00\x8c\
\x02\x00\x00\x6b\x00\x00\x00\xfc\x04\x00\x00\x00\x00\x00\x00\xa8\
\x06\x00\x00\x0e\x00\x00\x00\xa9\x06\x00\x00\x10\x00\x00\x00\xb8\
\x06\x00\x00\x06\x00\x00\x00\xc9\x06\x00\x00\x09\x00\x00\x00\xd0\
\x06\x00\x00\x0b\x00\x00\x00\xda\x06\x00\x00\x05\x00\x00\x00\xe6\
\x06\x00\x00\x11\x00\x00\x00\xec\x06\x00\x00\x0f\x00\x00\x00\xfe\
\x06\x00\x00\x12\x00\x00\x00\x0e\x07\x00\x00\x07\x00\x00\x00\x21\
\x07\x00\x00\x04\x00\x00\x00\x29\x07\x00\x00\x10\x00\x00\x00\x2e\
\x07\x00\x00\x04\x00\x00\x00\x3f\x07\x00\x00\x08\x00\x00\x00\x44\
\x07\x00\x00\x06\x00\x00\x00\x4d\x07\x00\x00\x04\x00\x00\x00\x54\
\x07\x00\x00\x07\x00\x00\x00\x59\x07\x00\x00\x05\x00\x00\x00\x61\
\x07\x00\x00\x07\x00\x00\x00\x67\x07\x00\x00\x04\x00\x00\x00\x6f\
\x07\x00\x00\x04\x00\x00\x00\x74\x07\x00\x00\x0c\x00\x00\x00\x79\
\x07\x00\x00\x05\x00\x00\x00\x86\x07\x00\x00\x0d\x00\x00\x00\x8c\
\x07\x00\x00\x05\x00\x00\x00\x9a\x07\x00\x00\x06\x00\x00\x00\xa0\
\x07\x00\x00\x07\x00\x00\x00\xa7\x07\x00\x00\x21\x00\x00\x00\xaf\
\x07\x00\x00\x10\x00\x00\x00\xd1\x07\x00\x00\x19\x00\x00\x00\xe2\
\x07\x00\x00\x1a\x00\x00\x00\xfc\x07\x00\x00\x06\x00\x00\x00\x17\
\x08\x00\x00\x08\x00\x00\x00\x1e\x08\x00\x00\x07\x00\x00\x00\x27\
\x08\x00\x00\x05\x00\x00\x00\x2f\x08\x00\x00\x0b\x00\x00\x00\x35\
\x08\x00\x00\x07\x00\x00\x00\x41\x08\x00\x00\x02\x00\x00\x00\x49\
\x08\x00\x00\x15\x00\x00\x00\x4c\x08\x00\x00\x04\x00\x00\x00\x62\
\x08\x00\x00\x0c\x00\x00\x00\x67\x08\x00\x00\x0c\x00\x00\x00\x74\
\x08\x00\x00\x11\x00\x00\x00\x81\x08\x00\x00\x05\x00\x00\x00\x93\
\x08\x00\x00\x0d\x00\x00\x00\x99\x08\x00\x00\x08\x00\x00\x00\xa7\
\x08\x00\x00\x0a\x00\x00\x00\xb0\x08\x00\x00\x07\x00\x00\x00\xbb\
\x08\x00\x00\x0b\x00\x00\x00\xc3\x08\x00\x00\x06\x00\x00\x00\xcf\
\x08\x00\x00\x06\x00\x00\x00\xd6\x08\x00\x00\x07\x00\x00\x00\xdd\
\x08\x00\x00\x08\x00\x00\x00\xe5\x08\x00\x00\x0d\x00\x00\x00\xee\
\x08\x00\x00\x0f\x00\x00\x00\xfc\x08\x00\x00\x04\x00\x00\x00\x0c\
\x09\x00\x00\x09\x00\x00\x00\x11\x09\x00\x00\x0e\x00\x00\x00\x1b\
\x09\x00\x00\x06\x00\x00\x00\x2a\x09\x00\x00\x09\x00\x00\x00\x31\
\x09\x00\x00\x04\x00\x00\x00\x3b\x09\x00\x00\x04\x00\x00\x00\x40\
\x09\x00\x00\x26\x00\x00\x00\x45\x09\x00\x00\x14\x00\x00\x00\x6c\
\x09\x00\x00\x08\x00\x00\x00\x81\x09\x00\x00\x0e\x00\x00\x00\x8a\
\x09\x00\x00\x0f\x00\x00\x00\x99\x09\x00\x00\x18\x00\x00\x00\xa9\
\x09\x00\x00\x13\x00\x00\x00\xc2\x09\x00\x00\x14\x00\x00\x00\xd6\
\x09\x00\x00\x10\x00\x00\x00\xeb\x09\x00\x00\x0e\x00\x00\x00\xfc\
\x09\x00\x00\x0e\x00\x00\x00\x0b\x0a\x00\x00\x10\x00\x00\x00\x1a\
\x0a\x00\x00\x13\x00\x00\x00\x2b\x0a\x00\x00\x07\x00\x00\x00\x3f\
\x0a\x00\x00\x1f\x00\x00\x00\x47\x0a\x00\x00\x31\x01\x00\x00\x67\
\x0a\x00\x00\x10\x00\x00\x00\x99\x0b\x00\x00\x12\x00\x00\x00\xaa\
\x0b\x00\x00\x09\x00\x00\x00\xbd\x0b\x00\x00\x07\x00\x00\x00\xc7\
\x0b\x00\x00\x0f\x00\x00\x00\xcf\x0b\x00\x00\x0a\x00\x00\x00\xdf\
\x0b\x00\x00\x14\x00\x00\x00\xea\x0b\x00\x00\x12\x00\x00\x00\xff\
\x0b\x00\x00\x14\x00\x00\x00\x12\x0c\x00\x00\x0b\x00\x00\x00\x27\
\x0c\x00\x00\x08\x00\x00\x00\x33\x0c\x00\x00\x14\x00\x00\x00\x3c\
\x0c\x00\x00\x05\x00\x00\x00\x51\x0c\x00\x00\x09\x00\x00\x00\x57\
\x0c\x00\x00\x08\x00\x00\x00\x61\x0c\x00\x00\x0a\x00\x00\x00\x6a\
\x0c\x00\x00\x08\x00\x00\x00\x75\x0c\x00\x00\x05\x00\x00\x00\x7e\
\x0c\x00\x00\x08\x00\x00\x00\x84\x0c\x00\x00\x07\x00\x00\x00\x8d\
\x0c\x00\x00\x05\x00\x00\x00\x95\x0c\x00\x00\x0e\x00\x00\x00\x9b\
\x0c\x00\x00\x06\x00\x00\x00\xaa\x0c\x00\x00\x11\x00\x00\x00\xb1\
\x0c\x00\x00\x09\x00\x00\x00\xc3\x0c\x00\x00\x07\x00\x00\x00\xcd\
\x0c\x00\x00\x09\x00\x00\x00\xd5\x0c\x00\x00\x22\x00\x00\x00\xdf\
\x0c\x00\x00\x11\x00\x00\x00\x02\x0d\x00\x00\x2b\x00\x00\x00\x14\
\x0d\x00\x00\x1e\x00\x00\x00\x40\x0d\x00\x00\x0a\x00\x00\x00\x5f\
\x0d\x00\x00\x07\x00\x00\x00\x6a\x0d\x00\x00\x07\x00\x00\x00\x72\
\x0d\x00\x00\x06\x00\x00\x00\x7a\x0d\x00\x00\x0d\x00\x00\x00\x81\
\x0d\x00\x00\x07\x00\x00\x00\x8f\x0d\x00\x00\x02\x00\x00\x00\x97\
\x0d\x00\x00\x13\x00\x00\x00\x9a\x0d\x00\x00\x07\x00\x00\x00\xae\
\x0d\x00\x00\x0d\x00\x00\x00\xb6\x0d\x00\x00\x0f\x00\x00\x00\xc4\
\x0d\x00\x00\x19\x00\x00\x00\xd4\x0d\x00\x00\x07\x00\x00\x00\xee\
\x0d\x00\x00\x0d\x00\x00\x00\xf6\x0d\x00\x00\x09\x00\x00\x00\x04\
\x0e\x00\x00\x0d\x00\x00\x00\x0e\x0e\x00\x00\x08\x00\x00\x00\x1c\
\x0e\x00\x00\x0c\x00\x00\x00\x25\x0e\x00\x00\x09\x00\x00\x00\x32\
\x0e\x00\x00\x0a\x00\x00\x00\x3c\x0e\x00\x00\x08\x00\x00\x00\x47\
\x0e\x00\x00\x0f\x00\x00\x00\x50\x0e\x00\x00\x0e\x00\x00\x00\x60\
\x0e\x00\x00\x11\x00\x00\x00\x6f\x0e\x00\x00\x09\x00\x00\x00\x81\
\x0e\x00\x00\x08\x00\x00\x00\x8b\x0e\x00\x00\x0f\x00\x00\x00\x94\
\x0e\x00\x00\x08\x00\x00\x00\xa4\x0e\x00\x00\x09\x00\x00\x00\xad\
\x0e\x00\x00\x04\x00\x00\x00\xb7\x0e\x00\x00\x07\x00\x00\x00\xbc\
\x0e\x00\x00\x2b\x00\x00\x00\xc4\x0e\x00\x00\x17\x00\x00\x00\xf0\
\x0e\x00\x00\x12\x00\x00\x00\x08\x0f\x00\x00\x0f\x00\x00\x00\x1b\
\x0f\x00\x00\x12\x00\x00\x00\x2b\x0f\x00\x00\x13\x00\x00\x00\x3e\
\x0f\x00\x00\x1a\x00\x00\x00\x52\x0f\x00\x00\x17\x00\x00\x00\x6d\
\x0f\x00\x00\x13\x00\x00\x00\x85\x0f\x00\x00\x16\x00\x00\x00\x99\
\x0f\x00\x00\x14\x00\x00\x00\xb0\x0f\x00\x00\x2d\x00\x00\x00\xc5\
\x0f\x00\x00\x17\x00\x00\x00\xf3\x0f\x00\x00\x09\x00\x00\x00\x0b\
\x10\x00\x00\x25\x00\x00\x00\x15\x10\x00\x00\x01\x00\x00\x00\x1f\
\x00\x00\x00\x4b\x00\x00\x00\x24\x00\x00\x00\x4e\x00\x00\x00\x10\
\x00\x00\x00\x00\x00\x00\x00\x09\x00\x00\x00\x00\x00\x00\x00\x00\
\x00\x00\x00\x00\x00\x00\x00\x40\x00\x00\x00\x43\x00\x00\x00\x00\
\x00\x00\x00\x14\x00\x00\x00\x25\x00\x00\x00\x00\x00\x00\x00\x31\
\x00\x00\x00\x08\x00\x00\x00\x00\x00\x00\x00\x00\x00\x00\x00\x47\
\x00\x00\x00\x00\x00\x00\x00\x00\x00\x00\x00\x00\x00\x00\x00\x0c\
\x00\x00\x00\x21\x00\x00\x00\x48\x00\x00\x00\x1a\x00\x00\x00\x28\
\x00\x00\x00\x2f\x00\x00\x00\x1c\x00\x00\x00\x4c\x00\x00\x00\x00\
\x00\x00\x00\x05\x00\x00\x00\x00\x00\x00\x00\x35\x00\x00\x00\x0a\
\x00\x00\x00\x22\x00\x00\x00\x03\x00\x00\x00\x44\x00\x00\x00\x11\
\x00\x00\x00\x2c\x00\x00\x00\x39\x00\x00\x00\x33\x00\x00\x00\x4d\
\x00\x00\x00\x0e\x00\x00\x00\x1b\x00\x00\x00\x37\x00\x00\x00\x18\
\x00\x00\x00\x19\x00\x00\x00\x30\x00\x00\x00\x46\x00\x00\x00\x4a\
\x00\x00\x00\x29\x00\x00\x00\x27\x00\x00\x00\x2e\x00\x00\x00\x00\
\x00\x00\x00\x38\x00\x00\x00\x07\x00\x00\x00\x3a\x00\x00\x00\x15\
\x00\x00\x00\x23\x00\x00\x00\x2d\x00\x00\x00\x00\x00\x00\x00\x36\
\x00\x00\x00\x0b\x00\x00\x00\x00\x00\x00\x00\x3d\x00\x00\x00\x00\
\x00\x00\x00\x00\x00\x00\x00\x02\x00\x00\x00\x1d\x00\x00\x00\x49\
\x00\x00\x00\x00\x00\x00\x00\x12\x00\x00\x00\x34\x00\x00\x00\x06\
\x00\x00\x00\x00\x00\x00\x00\x00\x00\x00\x00\x42\x00\x00\x00\x3e\
\x00\x00\x00\x20\x00\x00\x00\x00\x00\x00\x00\x45\x00\x00\x00\x3b\
\x00\x00\x00\x41\x00\x00\x00\x0f\x00\x00\x00\x2b\x00\x00\x00\x00\
\x00\x00\x00\x00\x00\x00\x00\x26\x00\x00\x00\x00\x00\x00\x00\x17\
\x00\x00\x00\x00\x00\x00\x00\x2a\x00\x00\x00\x1e\x00\x00\x00\x13\
\x00\x00\x00\x32\x00\x00\x00\x04\x00\x00\x00\x16\x00\x00\x00\x00\
\x00\x00\x00\x00\x00\x00\x00\x3f\x00\x00\x00\x0d\x00\x00\x00\x3c\
\x00\x00\x00\x00\x00\x00\x00\x00\x41\x63\x63\x65\x73\x73\x20\x45\
\x72\x72\x6f\x72\x3a\x20\x00\x41\x74\x74\x72\x69\x62\x75\x74\x20\
\x45\x72\x72\x6f\x72\x3a\x20\x00\x43\x61\x6e\x63\x65\x6c\x00\x43\
\x68\x61\x72\x61\x63\x74\x65\x72\x00\x43\x68\x6f\x6f\x73\x65\x20\
\x70\x61\x74\x68\x00\x43\x6c\x6f\x73\x65\x00\x43\x6c\x6f\x73\x65\
\x20\x41\x70\x70\x6c\x69\x63\x61\x74\x69\x6f\x6e\x00\x43\x6f\x6d\
\x6d\x65\x6e\x74\x20\x45\x72\x72\x6f\x72\x3a\x20\x00\x43\x6f\x6d\
\x6d\x6f\x6e\x20\x45\x78\x63\x65\x70\x74\x69\x6f\x6e\x3a\x20\x00\
\x43\x6f\x6d\x70\x69\x6c\x65\x00\x43\x6f\x70\x79\x00\x44\x61\x74\
\x61\x62\x61\x73\x65\x20\x4d\x61\x6e\x61\x67\x65\x72\x00\x44\x61\
\x74\x65\x00\x44\x61\x74\x65\x54\x69\x6d\x65\x00\x44\x65\x6c\x65\
\x74\x65\x00\x45\x64\x69\x74\x00\x45\x6e\x67\x6c\x69\x73\x68\x00\
\x45\x72\x72\x6f\x72\x00\x45\x72\x72\x6f\x72\x3a\x20\x00\x45\x78\
\x69\x74\x00\x46\x69\x6c\x65\x00\x46\x69\x6c\x65\x20\x45\x72\x72\
\x6f\x72\x3a\x20\x00\x46\x6c\x6f\x61\x74\x00\x46\x6f\x72\x6d\x2d\
\x44\x65\x73\x69\x67\x6e\x65\x72\x00\x46\x6f\x72\x6d\x73\x00\x47\
\x65\x72\x6d\x61\x6e\x00\x49\x6e\x74\x65\x67\x65\x72\x00\x49\x6e\
\x74\x65\x72\x6e\x61\x6c\x20\x45\x72\x72\x6f\x72\x20\x28\x50\x79\
\x74\x68\x6f\x6e\x20\x4e\x61\x6d\x65\x45\x72\x72\x6f\x72\x29\x00\
\x49\x6e\x74\x65\x72\x6e\x61\x6c\x20\x45\x72\x72\x6f\x72\x3a\x20\
\x00\x4c\x4f\x47\x20\x66\x69\x6c\x65\x20\x63\x6f\x75\x6c\x64\x20\
\x6e\x6f\x74\x20\x72\x65\x6d\x6f\x76\x65\x00\x4c\x4f\x47\x20\x66\
\x69\x6c\x65\x20\x68\x61\x76\x65\x20\x62\x65\x65\x6e\x20\x72\x65\
\x6d\x6f\x76\x65\x64\x00\x4c\x61\x62\x65\x6c\x73\x00\x4c\x61\x6e\
\x67\x75\x61\x67\x65\x00\x4c\x6f\x67\x69\x63\x61\x6c\x00\x4d\x65\
\x6e\x75\x65\x00\x4e\x65\x77\x20\x50\x72\x6f\x6a\x65\x63\x74\x00\
\x4e\x75\x6d\x65\x72\x69\x63\x00\x4f\x4b\x00\x4f\x6e\x65\x2d\x43\
\x6c\x69\x63\x6b\x20\x41\x70\x70\x6c\x69\x63\x61\x74\x69\x6f\x6e\
\x00\x4f\x70\x65\x6e\x00\x4f\x70\x65\x6e\x20\x46\x69\x6c\x65\x2e\
\x2e\x2e\x00\x4f\x70\x65\x6e\x20\x50\x72\x6f\x6a\x65\x63\x74\x00\
\x50\x6c\x65\x61\x73\x65\x20\x65\x6e\x74\x65\x72\x20\x74\x65\x78\
\x74\x00\x50\x72\x69\x6e\x74\x00\x50\x72\x69\x6e\x74\x20\x50\x72\
\x65\x76\x69\x65\x77\x00\x50\x72\x6f\x67\x72\x61\x6d\x73\x00\x50\
\x72\x6f\x70\x65\x72\x74\x69\x65\x73\x00\x51\x75\x65\x72\x69\x65\
\x73\x00\x52\x65\x67\x69\x65\x63\x65\x6e\x74\x65\x72\x00\x52\x65\
\x6d\x6f\x76\x65\x00\x52\x65\x6e\x61\x6d\x65\x00\x52\x65\x70\x6f\
\x72\x74\x73\x00\x52\x75\x6e\x20\x2d\x20\x46\x32\x00\x52\x75\x6e\
\x74\x69\x6d\x65\x20\x45\x72\x72\x6f\x72\x00\x52\x75\x6e\x74\x69\
\x6d\x65\x20\x45\x72\x72\x6f\x72\x3a\x20\x00\x53\x61\x76\x65\x00\
\x53\x74\x72\x75\x63\x74\x75\x72\x65\x00\x53\x79\x6e\x74\x61\x78\
\x20\x45\x72\x72\x6f\x72\x3a\x20\x00\x54\x61\x62\x6c\x65\x73\x00\
\x54\x68\x65\x20\x61\x6c\x69\x61\x73\x00\x54\x69\x6d\x65\x00\x56\
\x69\x65\x77\x00\x57\x6f\x75\x6c\x64\x20\x79\x6f\x75\x20\x72\x65\
\x61\x6c\x79\x20\x63\x6c\x6f\x73\x65\x20\x74\x68\x65\x20\x41\x70\
\x70\x6c\x69\x63\x61\x74\x69\x6f\x6e\x3f\x00\x61\x6c\x69\x61\x73\
\x20\x61\x6c\x72\x65\x61\x64\x79\x20\x65\x78\x69\x73\x74\x73\x00\
\x61\x6c\x6c\x46\x69\x6c\x65\x73\x00\x61\x6c\x72\x65\x61\x64\x79\
\x20\x65\x78\x69\x73\x74\x73\x00\x61\x6c\x72\x65\x61\x64\x79\x20\
\x65\x78\x69\x73\x74\x73\x2e\x00\x61\x72\x65\x20\x79\x6f\x75\x20\
\x73\x75\x72\x65\x2c\x20\x74\x6f\x20\x64\x65\x6c\x65\x74\x65\x3f\
\x00\x63\x6f\x75\x6c\x64\x20\x6e\x6f\x74\x20\x6f\x70\x65\x6e\x20\
\x66\x69\x6c\x65\x00\x64\x42\x61\x73\x65\x53\x6f\x75\x72\x63\x65\
\x63\x6f\x64\x65\x46\x69\x6c\x65\x73\x00\x64\x65\x6c\x65\x74\x65\
\x20\x4c\x4f\x47\x20\x66\x69\x6c\x65\x3f\x00\x66\x69\x6c\x65\x20\
\x69\x73\x20\x69\x6e\x20\x75\x73\x65\x00\x66\x69\x6c\x65\x20\x6e\
\x6f\x74\x20\x66\x6f\x75\x6e\x64\x00\x72\x65\x6d\x6f\x76\x65\x20\
\x4c\x4f\x47\x20\x66\x69\x6c\x65\x3f\x00\x72\x65\x6d\x6f\x76\x65\
\x20\x66\x69\x6c\x65\x20\x64\x69\x65\x6e\x65\x64\x2e\x00\x72\x65\
\x6d\x76\x6f\x65\x64\x00\x79\x6f\x75\x20\x68\x61\x76\x65\x20\x74\
\x6f\x20\x72\x65\x6d\x6f\x76\x65\x20\x69\x74\x20\x79\x6f\x75\x72\
\x20\x73\x65\x6c\x66\x00\x50\x72\x6f\x6a\x65\x63\x74\x2d\x49\x64\
\x2d\x56\x65\x72\x73\x69\x6f\x6e\x3a\x20\x61\x70\x70\x20\x31\x2e\
\x30\x0a\x52\x65\x70\x6f\x72\x74\x2d\x4d\x73\x67\x69\x64\x2d\x42\
\x75\x67\x73\x2d\x54\x6f\x3a\x20\x70\x61\x75\x6c\x65\x33\x32\x2e\
\x6a\x6b\x40\x67\x6d\x61\x69\x6c\x2e\x63\x6f\x6d\x0a\x50\x4f\x2d\
\x52\x65\x76\x69\x73\x69\x6f\x6e\x2d\x44\x61\x74\x65\x3a\x20\x32\
\x30\x32\x36\x2d\x30\x32\x2d\x32\x34\x20\x30\x30\x3a\x30\x30\x2b\
\x30\x31\x30\x30\x0a\x4c\x61\x73\x74\x2d\x54\x72\x61\x6e\x73\x6c\
\x61\x74\x6f\x72\x3a\x20\x70\x61\x75\x6c\x65\x33\x32\x0a\x4c\x61\
\x6e\x67\x75\x61\x67\x65\x2d\x54\x65\x61\x6d\x3a\x20\x70\x61\x75\
\x6c\x65\x33\x32\x0a\x4c\x61\x6e\x67\x75\x61\x67\x65\x3a\x20\x64\
\x65\x0a\x4d\x49\x4d\x45\x2d\x56\x65\x72\x73\x69\x6f\x6e\x3a\x20\
\x31\x2e\x30\x0a\x43\x6f\x6e\x74\x65\x6e\x74\x2d\x54\x79\x70\x65\
\x3a\x20\x74\x65\x78\x74\x2f\x70\x6c\x61\x69\x6e\x3b\x20\x63\x68\
\x61\x72\x73\x65\x74\x3d\x55\x54\x46\x2d\x38\x0a\x43\x6f\x6e\x74\
\x65\x6e\x74\x2d\x54\x72\x61\x6e\x73\x66\x65\x72\x2d\x45\x6e\x63\
\x6f\x64\x69\x6e\x67\x3a\x20\x38\x62\x69\x74\x0a\x50\x6c\x75\x72\
\x61\x6c\x2d\x46\x6f\x72\x6d\x73\x3a\x20\x6e\x70\x6c\x75\x72\x61\
\x6c\x73\x3d\x32\x3b\x20\x70\x6c\x75\x72\x61\x6c\x3d\x28\x6e\x20\
\x21\x3d\x20\x31\x29\x3b\x0a\x00\x5a\x75\x67\x72\x69\x66\x66\x2d\
\x46\x65\x68\x6c\x65\x72\x3a\x20\x00\x41\x74\x74\x72\x69\x62\x75\
\x74\x65\x2d\x46\x65\x68\x6c\x65\x72\x3a\x20\x00\x41\x62\x62\x72\
\x65\x63\x68\x65\x6e\x00\x5a\x65\x69\x63\x68\x65\x6e\x00\x50\x66\
\x61\x64\x20\x61\x75\x73\x77\xc3\xa4\x68\x6c\x65\x6e\x00\x53\x63\
\x68\x6c\x69\x65\xc3\x9f\x65\x6e\x00\x41\x6e\x77\x65\x6e\x64\x75\
\x6e\x67\x20\x73\x63\x68\x6c\x69\x65\xc3\x9f\x65\x6e\x00\x4b\x6f\
\x6d\x6d\x65\x6e\x74\x61\x72\x2d\x46\x65\x68\x6c\x65\x72\x3a\x20\
\x00\x41\x6c\x6c\x67\x65\x6d\x65\x69\x6e\x65\x72\x20\x46\x65\x68\
\x6c\x65\x72\x3a\x20\x00\x43\x6f\x6d\x70\x69\x6c\x69\x65\x72\x65\
\x6e\x00\x4b\x6f\x70\x69\x65\x72\x65\x6e\x00\x44\x61\x74\x65\x6e\
\x62\x61\x6e\x6b\x2d\x56\x65\x72\x77\x61\x6c\x74\x75\x6e\x67\x00\
\x44\x41\x54\x55\x4d\x00\x44\x41\x54\x55\x4d\x5a\x45\x49\x54\x00\
\x4c\xc3\xb6\x73\x63\x68\x65\x6e\x00\x42\x65\x61\x72\x62\x65\x69\
\x74\x65\x6e\x00\x45\x6e\x67\x6c\x69\x73\x63\x68\x00\x45\x72\x72\
\x6f\x72\x00\x46\x65\x68\x6c\x65\x72\x3a\x20\x00\x42\x65\x65\x6e\
\x64\x65\x6e\x00\x44\x61\x74\x65\x69\x00\x44\x61\x74\x65\x69\x2d\
\x46\x65\x68\x6c\x65\x72\x3a\x20\x00\x44\x4f\x55\x42\x4c\x45\x00\
\x46\x6f\x72\x6d\x75\x6c\x61\x72\x2d\x44\x65\x73\x69\x67\x6e\x65\
\x72\x00\x46\x6f\x72\x6d\x75\x6c\x61\x72\x65\x00\x44\x65\x75\x74\
\x73\x63\x68\x00\x4e\x75\x6d\x65\x72\x69\x73\x63\x68\x00\x49\x6e\
\x74\x65\x72\x6e\x65\x72\x20\x46\x65\x68\x6c\x65\x72\x20\x28\x50\
\x79\x68\x74\x6f\x6e\x20\x4e\x61\x6d\x65\x45\x72\x72\x6f\x72\x29\
\x00\x49\x6e\x74\x65\x72\x6e\x65\x72\x2d\x46\x65\x68\x6c\x65\x72\
\x3a\x20\x00\x44\x69\x65\x20\x4c\x4f\x47\x2d\x44\x61\x74\x65\x69\
\x20\x6b\x6f\x6e\x6e\x74\x65\x20\x6e\x69\x63\x68\x74\x20\x67\x65\
\x6c\xc3\xb6\x73\x63\x68\x74\x20\x77\x65\x72\x64\x65\x6e\x00\x44\
\x69\x65\x20\x4c\x4f\x47\x2d\x44\x61\x74\x65\x69\x20\x77\x75\x72\
\x64\x65\x20\x67\x65\x6c\xc3\xb6\x73\x63\x68\x74\x2e\x00\x45\x74\
\x74\x69\x6b\x65\x74\x74\x65\x6e\x00\x53\x70\x72\x61\x63\x68\x65\
\x00\x4c\x6f\x67\x69\x73\x63\x68\x00\x4d\x65\x6e\xc3\xbc\x73\x00\
\x4e\x65\x75\x65\x73\x20\x50\x72\x6f\x6a\x65\x6b\x74\x00\x44\x45\
\x5a\x49\x4d\x41\x4c\x00\x4f\x4b\x00\x45\x69\x6e\x2d\x6b\x6c\x69\
\x63\x6b\x20\x41\x6e\x77\x65\x6e\x64\x75\x6e\x67\x00\xc3\x96\x66\
\x66\x6e\x65\x6e\x00\x44\x61\x74\x65\x69\x20\xc3\xb6\x66\x66\x6e\
\x65\x6e\x00\x50\x72\x6f\x6a\x65\x63\x74\x20\xc3\xb6\x66\x66\x6e\
\x65\x6e\x00\x42\x69\x74\x74\x65\x20\x65\x72\x73\x74\x20\x54\x65\
\x78\x74\x20\x65\x69\x6e\x67\x65\x62\x65\x6e\x2e\x00\x44\x72\x75\
\x63\x6b\x65\x6e\x00\x44\x75\x72\x63\x6b\x76\x6f\x72\x73\x63\x68\
\x61\x75\x00\x50\x72\x6f\x67\x72\x61\x6d\x6d\x65\x00\x45\x69\x67\
\x65\x6e\x73\x63\x68\x61\x66\x74\x65\x6e\x00\x41\x62\x66\x72\x61\
\x67\x65\x6e\x00\x52\x65\x67\x69\x65\x7a\x65\x6e\x74\x72\x75\x6d\
\x00\x45\x6e\x74\x66\x65\x72\x6e\x65\x6e\x00\x55\x6d\x62\x65\x6e\
\x65\x6e\x6e\x65\x6e\x00\x42\x65\x72\x69\x63\x68\x74\x65\x00\x41\
\x75\x73\x66\xc3\xbc\x68\x72\x65\x6e\x20\x2d\x20\x46\x32\x00\x4c\
\x61\x75\x66\x7a\x65\x69\x74\x66\x65\x68\x6c\x65\x72\x00\x4c\x61\
\x75\x66\x7a\x65\x69\x74\x2d\x46\x65\x68\x6c\x65\x72\x3a\x20\x00\
\x53\x70\x65\x69\x63\x68\x65\x72\x6e\x00\x53\x74\x72\x75\x6b\x74\
\x75\x72\x00\x53\x79\x6e\x74\x61\x78\x2d\x46\x65\x68\x6c\x65\x72\
\x3a\x20\x00\x54\x61\x62\x65\x6c\x6c\x65\x6e\x00\x44\x65\x72\x20\
\x41\x6c\x69\x61\x73\x00\x5a\x45\x49\x54\x00\x41\x6e\x73\x69\x63\
\x68\x74\x00\x57\x6f\x6c\x6c\x65\x6e\x20\x53\x69\x65\x20\x64\x69\
\x65\x20\x41\x6e\x77\x65\x6e\x64\x75\x6e\x67\x20\x77\x69\x72\x6b\
\x6c\x69\x63\x68\x20\x62\x65\x65\x6e\x64\x65\x6e\x20\x3f\x00\x41\
\x6c\x69\x61\x73\x20\x65\x78\x69\x73\x74\x69\x65\x72\x74\x20\x62\
\x65\x72\x65\x69\x74\x73\x00\x41\x6c\x6c\x65\x20\x44\x61\x74\x65\
\x69\x65\x6e\x20\x28\x2a\x2e\x2a\x29\x00\x65\x78\x69\x73\x74\x69\
\x65\x72\x74\x20\x73\x63\x68\x6f\x6e\x00\x65\x78\x69\x73\x74\x69\
\x65\x72\x74\x20\x62\x65\x72\x65\x69\x74\x73\x2e\x00\x77\x69\x72\
\x6b\x6c\x69\x63\x68\x20\x65\x6e\x74\x66\x65\x72\x6e\x65\x6e\x3f\
\x00\x4b\x6f\x6e\x6e\x74\x65\x20\x44\x61\x74\x65\x69\x20\x6e\x69\
\x63\x68\x74\x20\xc3\xb6\x66\x66\x6e\x65\x6e\x00\x64\x42\x61\x73\
\x65\x20\x51\x75\x65\x6c\x6c\x63\x6f\x64\x65\x20\x28\x2a\x2e\x70\
\x72\x67\x29\x00\x4c\x4f\x47\x2d\x44\x61\x74\x65\x69\x20\x6c\xc3\
\xb6\x73\x63\x68\x65\x6e\x3f\x00\x44\x61\x74\x65\x69\x20\x69\x73\
\x74\x20\x69\x6e\x20\x62\x65\x6e\x75\x74\x7a\x75\x6e\x67\x00\x44\
\x61\x74\x65\x69\x20\x6e\x69\x63\x68\x74\x20\x67\x65\x66\x75\x6e\
\x64\x65\x6e\x00\x53\x6f\x6c\x6c\x20\x64\x69\x65\x20\x4c\x4f\x47\
\x2d\x44\x61\x74\x65\x69\x20\x77\x69\x72\x6b\x6c\x69\x63\x68\x20\
\x67\x65\x6c\xc3\xb6\x73\x63\x68\x74\x20\x77\x65\x72\x64\x65\x6e\
\x3f\x00\x4c\xc3\xb6\x73\x63\x68\x65\x6e\x20\x66\x65\x68\x6c\x67\
\x65\x73\x63\x68\x6c\x61\x67\x65\x6e\x00\x47\x65\x6c\xc3\xb6\x73\
\x63\x68\x74\x00\x53\x69\x65\x20\x6d\xc3\xbc\x73\x73\x65\x6e\x20\
\x64\x69\x65\x20\x44\x61\x74\x65\x69\x20\x73\x65\x6c\x62\x73\x74\
\x20\x6c\xc3\xb6\x73\x63\x68\x65\x6e\x00\
\x00\x00\x10\x3b\
\xde\
\x12\x04\x95\x00\x00\x00\x00\x4e\x00\x00\x00\x1c\x00\x00\x00\x8c\
\x02\x00\x00\x6b\x00\x00\x00\xfc\x04\x00\x00\x00\x00\x00\x00\xa8\
\x06\x00\x00\x0e\x00\x00\x00\xa9\x06\x00\x00\x10\x00\x00\x00\xb8\
\x06\x00\x00\x06\x00\x00\x00\xc9\x06\x00\x00\x09\x00\x00\x00\xd0\
\x06\x00\x00\x0b\x00\x00\x00\xda\x06\x00\x00\x05\x00\x00\x00\xe6\
\x06\x00\x00\x11\x00\x00\x00\xec\x06\x00\x00\x0f\x00\x00\x00\xfe\
\x06\x00\x00\x12\x00\x00\x00\x0e\x07\x00\x00\x07\x00\x00\x00\x21\
\x07\x00\x00\x04\x00\x00\x00\x29\x07\x00\x00\x10\x00\x00\x00\x2e\
\x07\x00\x00\x04\x00\x00\x00\x3f\x07\x00\x00\x08\x00\x00\x00\x44\
\x07\x00\x00\x06\x00\x00\x00\x4d\x07\x00\x00\x04\x00\x00\x00\x54\
\x07\x00\x00\x07\x00\x00\x00\x59\x07\x00\x00\x05\x00\x00\x00\x61\
\x07\x00\x00\x07\x00\x00\x00\x67\x07\x00\x00\x04\x00\x00\x00\x6f\
\x07\x00\x00\x04\x00\x00\x00\x74\x07\x00\x00\x0c\x00\x00\x00\x79\
\x07\x00\x00\x05\x00\x00\x00\x86\x07\x00\x00\x0d\x00\x00\x00\x8c\
\x07\x00\x00\x05\x00\x00\x00\x9a\x07\x00\x00\x06\x00\x00\x00\xa0\
\x07\x00\x00\x07\x00\x00\x00\xa7\x07\x00\x00\x21\x00\x00\x00\xaf\
\x07\x00\x00\x10\x00\x00\x00\xd1\x07\x00\x00\x19\x00\x00\x00\xe2\
\x07\x00\x00\x1a\x00\x00\x00\xfc\x07\x00\x00\x06\x00\x00\x00\x17\
\x08\x00\x00\x08\x00\x00\x00\x1e\x08\x00\x00\x07\x00\x00\x00\x27\
\x08\x00\x00\x05\x00\x00\x00\x2f\x08\x00\x00\x0b\x00\x00\x00\x35\
\x08\x00\x00\x07\x00\x00\x00\x41\x08\x00\x00\x02\x00\x00\x00\x49\
\x08\x00\x00\x15\x00\x00\x00\x4c\x08\x00\x00\x04\x00\x00\x00\x62\
\x08\x00\x00\x0c\x00\x00\x00\x67\x08\x00\x00\x0c\x00\x00\x00\x74\
\x08\x00\x00\x11\x00\x00\x00\x81\x08\x00\x00\x05\x00\x00\x00\x93\
\x08\x00\x00\x0d\x00\x00\x00\x99\x08\x00\x00\x08\x00\x00\x00\xa7\
\x08\x00\x00\x0a\x00\x00\x00\xb0\x08\x00\x00\x07\x00\x00\x00\xbb\
\x08\x00\x00\x0b\x00\x00\x00\xc3\x08\x00\x00\x06\x00\x00\x00\xcf\
\x08\x00\x00\x06\x00\x00\x00\xd6\x08\x00\x00\x07\x00\x00\x00\xdd\
\x08\x00\x00\x08\x00\x00\x00\xe5\x08\x00\x00\x0d\x00\x00\x00\xee\
\x08\x00\x00\x0f\x00\x00\x00\xfc\x08\x00\x00\x04\x00\x00\x00\x0c\
\x09\x00\x00\x09\x00\x00\x00\x11\x09\x00\x00\x0e\x00\x00\x00\x1b\
\x09\x00\x00\x06\x00\x00\x00\x2a\x09\x00\x00\x09\x00\x00\x00\x31\
\x09\x00\x00\x04\x00\x00\x00\x3b\x09\x00\x00\x04\x00\x00\x00\x40\
\x09\x00\x00\x26\x00\x00\x00\x45\x09\x00\x00\x14\x00\x00\x00\x6c\
\x09\x00\x00\x08\x00\x00\x00\x81\x09\x00\x00\x0e\x00\x00\x00\x8a\
\x09\x00\x00\x0f\x00\x00\x00\x99\x09\x00\x00\x18\x00\x00\x00\xa9\
\x09\x00\x00\x13\x00\x00\x00\xc2\x09\x00\x00\x14\x00\x00\x00\xd6\
\x09\x00\x00\x10\x00\x00\x00\xeb\x09\x00\x00\x0e\x00\x00\x00\xfc\
\x09\x00\x00\x0e\x00\x00\x00\x0b\x0a\x00\x00\x10\x00\x00\x00\x1a\
\x0a\x00\x00\x13\x00\x00\x00\x2b\x0a\x00\x00\x07\x00\x00\x00\x3f\
\x0a\x00\x00\x1f\x00\x00\x00\x47\x0a\x00\x00\x31\x01\x00\x00\x67\
\x0a\x00\x00\x10\x00\x00\x00\x99\x0b\x00\x00\x12\x00\x00\x00\xaa\
\x0b\x00\x00\x09\x00\x00\x00\xbd\x0b\x00\x00\x07\x00\x00\x00\xc7\
\x0b\x00\x00\x0f\x00\x00\x00\xcf\x0b\x00\x00\x0a\x00\x00\x00\xdf\
\x0b\x00\x00\x14\x00\x00\x00\xea\x0b\x00\x00\x12\x00\x00\x00\xff\
\x0b\x00\x00\x14\x00\x00\x00\x12\x0c\x00\x00\x0b\x00\x00\x00\x27\
\x0c\x00\x00\x08\x00\x00\x00\x33\x0c\x00\x00\x14\x00\x00\x00\x3c\
\x0c\x00\x00\x05\x00\x00\x00\x51\x0c\x00\x00\x09\x00\x00\x00\x57\
\x0c\x00\x00\x08\x00\x00\x00\x61\x0c\x00\x00\x0a\x00\x00\x00\x6a\
\x0c\x00\x00\x08\x00\x00\x00\x75\x0c\x00\x00\x05\x00\x00\x00\x7e\
\x0c\x00\x00\x08\x00\x00\x00\x84\x0c\x00\x00\x07\x00\x00\x00\x8d\
\x0c\x00\x00\x05\x00\x00\x00\x95\x0c\x00\x00\x0e\x00\x00\x00\x9b\
\x0c\x00\x00\x06\x00\x00\x00\xaa\x0c\x00\x00\x11\x00\x00\x00\xb1\
\x0c\x00\x00\x09\x00\x00\x00\xc3\x0c\x00\x00\x07\x00\x00\x00\xcd\
\x0c\x00\x00\x09\x00\x00\x00\xd5\x0c\x00\x00\x22\x00\x00\x00\xdf\
\x0c\x00\x00\x11\x00\x00\x00\x02\x0d\x00\x00\x2b\x00\x00\x00\x14\
\x0d\x00\x00\x1e\x00\x00\x00\x40\x0d\x00\x00\x0a\x00\x00\x00\x5f\
\x0d\x00\x00\x07\x00\x00\x00\x6a\x0d\x00\x00\x07\x00\x00\x00\x72\
\x0d\x00\x00\x06\x00\x00\x00\x7a\x0d\x00\x00\x0d\x00\x00\x00\x81\
\x0d\x00\x00\x07\x00\x00\x00\x8f\x0d\x00\x00\x02\x00\x00\x00\x97\
\x0d\x00\x00\x13\x00\x00\x00\x9a\x0d\x00\x00\x07\x00\x00\x00\xae\
\x0d\x00\x00\x0d\x00\x00\x00\xb6\x0d\x00\x00\x0f\x00\x00\x00\xc4\
\x0d\x00\x00\x19\x00\x00\x00\xd4\x0d\x00\x00\x07\x00\x00\x00\xee\
\x0d\x00\x00\x0d\x00\x00\x00\xf6\x0d\x00\x00\x09\x00\x00\x00\x04\
\x0e\x00\x00\x0d\x00\x00\x00\x0e\x0e\x00\x00\x08\x00\x00\x00\x1c\
\x0e\x00\x00\x0c\x00\x00\x00\x25\x0e\x00\x00\x09\x00\x00\x00\x32\
\x0e\x00\x00\x0a\x00\x00\x00\x3c\x0e\x00\x00\x08\x00\x00\x00\x47\
\x0e\x00\x00\x0f\x00\x00\x00\x50\x0e\x00\x00\x0e\x00\x00\x00\x60\
\x0e\x00\x00\x11\x00\x00\x00\x6f\x0e\x00\x00\x09\x00\x00\x00\x81\
\x0e\x00\x00\x08\x00\x00\x00\x8b\x0e\x00\x00\x0f\x00\x00\x00\x94\
\x0e\x00\x00\x08\x00\x00\x00\xa4\x0e\x00\x00\x09\x00\x00\x00\xad\
\x0e\x00\x00\x04\x00\x00\x00\xb7\x0e\x00\x00\x07\x00\x00\x00\xbc\
\x0e\x00\x00\x2b\x00\x00\x00\xc4\x0e\x00\x00\x17\x00\x00\x00\xf0\
\x0e\x00\x00\x12\x00\x00\x00\x08\x0f\x00\x00\x0f\x00\x00\x00\x1b\
\x0f\x00\x00\x12\x00\x00\x00\x2b\x0f\x00\x00\x13\x00\x00\x00\x3e\
\x0f\x00\x00\x1a\x00\x00\x00\x52\x0f\x00\x00\x17\x00\x00\x00\x6d\
\x0f\x00\x00\x13\x00\x00\x00\x85\x0f\x00\x00\x16\x00\x00\x00\x99\
\x0f\x00\x00\x14\x00\x00\x00\xb0\x0f\x00\x00\x2d\x00\x00\x00\xc5\
\x0f\x00\x00\x17\x00\x00\x00\xf3\x0f\x00\x00\x09\x00\x00\x00\x0b\
\x10\x00\x00\x25\x00\x00\x00\x15\x10\x00\x00\x01\x00\x00\x00\x1f\
\x00\x00\x00\x4b\x00\x00\x00\x24\x00\x00\x00\x4e\x00\x00\x00\x10\
\x00\x00\x00\x00\x00\x00\x00\x09\x00\x00\x00\x00\x00\x00\x00\x00\
\x00\x00\x00\x00\x00\x00\x00\x40\x00\x00\x00\x43\x00\x00\x00\x00\
\x00\x00\x00\x14\x00\x00\x00\x25\x00\x00\x00\x00\x00\x00\x00\x31\
\x00\x00\x00\x08\x00\x00\x00\x00\x00\x00\x00\x00\x00\x00\x00\x47\
\x00\x00\x00\x00\x00\x00\x00\x00\x00\x00\x00\x00\x00\x00\x00\x0c\
\x00\x00\x00\x21\x00\x00\x00\x48\x00\x00\x00\x1a\x00\x00\x00\x28\
\x00\x00\x00\x2f\x00\x00\x00\x1c\x00\x00\x00\x4c\x00\x00\x00\x00\
\x00\x00\x00\x05\x00\x00\x00\x00\x00\x00\x00\x35\x00\x00\x00\x0a\
\x00\x00\x00\x22\x00\x00\x00\x03\x00\x00\x00\x44\x00\x00\x00\x11\
\x00\x00\x00\x2c\x00\x00\x00\x39\x00\x00\x00\x33\x00\x00\x00\x4d\
\x00\x00\x00\x0e\x00\x00\x00\x1b\x00\x00\x00\x37\x00\x00\x00\x18\
\x00\x00\x00\x19\x00\x00\x00\x30\x00\x00\x00\x46\x00\x00\x00\x4a\
\x00\x00\x00\x29\x00\x00\x00\x27\x00\x00\x00\x2e\x00\x00\x00\x00\
\x00\x00\x00\x38\x00\x00\x00\x07\x00\x00\x00\x3a\x00\x00\x00\x15\
\x00\x00\x00\x23\x00\x00\x00\x2d\x00\x00\x00\x00\x00\x00\x00\x36\
\x00\x00\x00\x0b\x00\x00\x00\x00\x00\x00\x00\x3d\x00\x00\x00\x00\
\x00\x00\x00\x00\x00\x00\x00\x02\x00\x00\x00\x1d\x00\x00\x00\x49\
\x00\x00\x00\x00\x00\x00\x00\x12\x00\x00\x00\x34\x00\x00\x00\x06\
\x00\x00\x00\x00\x00\x00\x00\x00\x00\x00\x00\x42\x00\x00\x00\x3e\
\x00\x00\x00\x20\x00\x00\x00\x00\x00\x00\x00\x45\x00\x00\x00\x3b\
\x00\x00\x00\x41\x00\x00\x00\x0f\x00\x00\x00\x2b\x00\x00\x00\x00\
\x00\x00\x00\x00\x00\x00\x00\x26\x00\x00\x00\x00\x00\x00\x00\x17\
\x00\x00\x00\x00\x00\x00\x00\x2a\x00\x00\x00\x1e\x00\x00\x00\x13\
\x00\x00\x00\x32\x00\x00\x00\x04\x00\x00\x00\x16\x00\x00\x00\x00\
\x00\x00\x00\x00\x00\x00\x00\x3f\x00\x00\x00\x0d\x00\x00\x00\x3c\
\x00\x00\x00\x00\x00\x00\x00\x00\x41\x63\x63\x65\x73\x73\x20\x45\
\x72\x72\x6f\x72\x3a\x20\x00\x41\x74\x74\x72\x69\x62\x75\x74\x20\
\x45\x72\x72\x6f\x72\x3a\x20\x00\x43\x61\x6e\x63\x65\x6c\x00\x43\
\x68\x61\x72\x61\x63\x74\x65\x72\x00\x43\x68\x6f\x6f\x73\x65\x20\
\x70\x61\x74\x68\x00\x43\x6c\x6f\x73\x65\x00\x43\x6c\x6f\x73\x65\
\x20\x41\x70\x70\x6c\x69\x63\x61\x74\x69\x6f\x6e\x00\x43\x6f\x6d\
\x6d\x65\x6e\x74\x20\x45\x72\x72\x6f\x72\x3a\x20\x00\x43\x6f\x6d\
\x6d\x6f\x6e\x20\x45\x78\x63\x65\x70\x74\x69\x6f\x6e\x3a\x20\x00\
\x43\x6f\x6d\x70\x69\x6c\x65\x00\x43\x6f\x70\x79\x00\x44\x61\x74\
\x61\x62\x61\x73\x65\x20\x4d\x61\x6e\x61\x67\x65\x72\x00\x44\x61\
\x74\x65\x00\x44\x61\x74\x65\x54\x69\x6d\x65\x00\x44\x65\x6c\x65\
\x74\x65\x00\x45\x64\x69\x74\x00\x45\x6e\x67\x6c\x69\x73\x68\x00\
\x45\x72\x72\x6f\x72\x00\x45\x72\x72\x6f\x72\x3a\x20\x00\x45\x78\
\x69\x74\x00\x46\x69\x6c\x65\x00\x46\x69\x6c\x65\x20\x45\x72\x72\
\x6f\x72\x3a\x20\x00\x46\x6c\x6f\x61\x74\x00\x46\x6f\x72\x6d\x2d\
\x44\x65\x73\x69\x67\x6e\x65\x72\x00\x46\x6f\x72\x6d\x73\x00\x47\
\x65\x72\x6d\x61\x6e\x00\x49\x6e\x74\x65\x67\x65\x72\x00\x49\x6e\
\x74\x65\x72\x6e\x61\x6c\x20\x45\x72\x72\x6f\x72\x20\x28\x50\x79\
\x74\x68\x6f\x6e\x20\x4e\x61\x6d\x65\x45\x72\x72\x6f\x72\x29\x00\
\x49\x6e\x74\x65\x72\x6e\x61\x6c\x20\x45\x72\x72\x6f\x72\x3a\x20\
\x00\x4c\x4f\x47\x20\x66\x69\x6c\x65\x20\x63\x6f\x75\x6c\x64\x20\
\x6e\x6f\x74\x20\x72\x65\x6d\x6f\x76\x65\x00\x4c\x4f\x47\x20\x66\
\x69\x6c\x65\x20\x68\x61\x76\x65\x20\x62\x65\x65\x6e\x20\x72\x65\
\x6d\x6f\x76\x65\x64\x00\x4c\x61\x62\x65\x6c\x73\x00\x4c\x61\x6e\
\x67\x75\x61\x67\x65\x00\x4c\x6f\x67\x69\x63\x61\x6c\x00\x4d\x65\
\x6e\x75\x65\x00\x4e\x65\x77\x20\x50\x72\x6f\x6a\x65\x63\x74\x00\
\x4e\x75\x6d\x65\x72\x69\x63\x00\x4f\x4b\x00\x4f\x6e\x65\x2d\x43\
\x6c\x69\x63\x6b\x20\x41\x70\x70\x6c\x69\x63\x61\x74\x69\x6f\x6e\
\x00\x4f\x70\x65\x6e\x00\x4f\x70\x65\x6e\x20\x46\x69\x6c\x65\x2e\
\x2e\x2e\x00\x4f\x70\x65\x6e\x20\x50\x72\x6f\x6a\x65\x63\x74\x00\
\x50\x6c\x65\x61\x73\x65\x20\x65\x6e\x74\x65\x72\x20\x74\x65\x78\
\x74\x00\x50\x72\x69\x6e\x74\x00\x50\x72\x69\x6e\x74\x20\x50\x72\
\x65\x76\x69\x65\x77\x00\x50\x72\x6f\x67\x72\x61\x6d\x73\x00\x50\
\x72\x6f\x70\x65\x72\x74\x69\x65\x73\x00\x51\x75\x65\x72\x69\x65\
\x73\x00\x52\x65\x67\x69\x65\x63\x65\x6e\x74\x65\x72\x00\x52\x65\
\x6d\x6f\x76\x65\x00\x52\x65\x6e\x61\x6d\x65\x00\x52\x65\x70\x6f\
\x72\x74\x73\x00\x52\x75\x6e\x20\x2d\x20\x46\x32\x00\x52\x75\x6e\
\x74\x69\x6d\x65\x20\x45\x72\x72\x6f\x72\x00\x52\x75\x6e\x74\x69\
\x6d\x65\x20\x45\x72\x72\x6f\x72\x3a\x20\x00\x53\x61\x76\x65\x00\
\x53\x74\x72\x75\x63\x74\x75\x72\x65\x00\x53\x79\x6e\x74\x61\x78\
\x20\x45\x72\x72\x6f\x72\x3a\x20\x00\x54\x61\x62\x6c\x65\x73\x00\
\x54\x68\x65\x20\x61\x6c\x69\x61\x73\x00\x54\x69\x6d\x65\x00\x56\
\x69\x65\x77\x00\x57\x6f\x75\x6c\x64\x20\x79\x6f\x75\x20\x72\x65\
\x61\x6c\x79\x20\x63\x6c\x6f\x73\x65\x20\x74\x68\x65\x20\x41\x70\
\x70\x6c\x69\x63\x61\x74\x69\x6f\x6e\x3f\x00\x61\x6c\x69\x61\x73\
\x20\x61\x6c\x72\x65\x61\x64\x79\x20\x65\x78\x69\x73\x74\x73\x00\
\x61\x6c\x6c\x46\x69\x6c\x65\x73\x00\x61\x6c\x72\x65\x61\x64\x79\
\x20\x65\x78\x69\x73\x74\x73\x00\x61\x6c\x72\x65\x61\x64\x79\x20\
\x65\x78\x69\x73\x74\x73\x2e\x00\x61\x72\x65\x20\x79\x6f\x75\x20\
\x73\x75\x72\x65\x2c\x20\x74\x6f\x20\x64\x65\x6c\x65\x74\x65\x3f\
\x00\x63\x6f\x75\x6c\x64\x20\x6e\x6f\x74\x20\x6f\x70\x65\x6e\x20\
\x66\x69\x6c\x65\x00\x64\x42\x61\x73\x65\x53\x6f\x75\x72\x63\x65\
\x63\x6f\x64\x65\x46\x69\x6c\x65\x73\x00\x64\x65\x6c\x65\x74\x65\
\x20\x4c\x4f\x47\x20\x66\x69\x6c\x65\x3f\x00\x66\x69\x6c\x65\x20\
\x69\x73\x20\x69\x6e\x20\x75\x73\x65\x00\x66\x69\x6c\x65\x20\x6e\
\x6f\x74\x20\x66\x6f\x75\x6e\x64\x00\x72\x65\x6d\x6f\x76\x65\x20\
\x4c\x4f\x47\x20\x66\x69\x6c\x65\x3f\x00\x72\x65\x6d\x6f\x76\x65\
\x20\x66\x69\x6c\x65\x20\x64\x69\x65\x6e\x65\x64\x2e\x00\x72\x65\
\x6d\x76\x6f\x65\x64\x00\x79\x6f\x75\x20\x68\x61\x76\x65\x20\x74\
\x6f\x20\x72\x65\x6d\x6f\x76\x65\x20\x69\x74\x20\x79\x6f\x75\x72\
\x20\x73\x65\x6c\x66\x00\x50\x72\x6f\x6a\x65\x63\x74\x2d\x49\x64\
\x2d\x56\x65\x72\x73\x69\x6f\x6e\x3a\x20\x61\x70\x70\x20\x31\x2e\
\x30\x0a\x52\x65\x70\x6f\x72\x74\x2d\x4d\x73\x67\x69\x64\x2d\x42\
\x75\x67\x73\x2d\x54\x6f\x3a\x20\x70\x61\x75\x6c\x65\x33\x32\x2e\
\x6a\x6b\x40\x67\x6d\x61\x69\x6c\x2e\x63\x6f\x6d\x0a\x50\x4f\x2d\
\x52\x65\x76\x69\x73\x69\x6f\x6e\x2d\x44\x61\x74\x65\x3a\x20\x32\
\x30\x32\x36\x2d\x30\x32\x2d\x32\x34\x20\x30\x30\x3a\x30\x30\x2b\
\x30\x31\x30\x30\x0a\x4c\x61\x73\x74\x2d\x54\x72\x61\x6e\x73\x6c\
\x61\x74\x6f\x72\x3a\x20\x70\x61\x75\x6c\x65\x33\x32\x0a\x4c\x61\
\x6e\x67\x75\x61\x67\x65\x2d\x54\x65\x61\x6d\x3a\x20\x70\x61\x75\
\x6c\x65\x33\x32\x0a\x4c\x61\x6e\x67\x75\x61\x67\x65\x3a\x20\x64\
\x65\x0a\x4d\x49\x4d\x45\x2d\x56\x65\x72\x73\x69\x6f\x6e\x3a\x20\
\x31\x2e\x30\x0a\x43\x6f\x6e\x74\x65\x6e\x74\x2d\x54\x79\x70\x65\
\x3a\x20\x74\x65\x78\x74\x2f\x70\x6c\x61\x69\x6e\x3b\x20\x63\x68\
\x61\x72\x73\x65\x74\x3d\x55\x54\x46\x2d\x38\x0a\x43\x6f\x6e\x74\
\x65\x6e\x74\x2d\x54\x72\x61\x6e\x73\x66\x65\x72\x2d\x45\x6e\x63\
\x6f\x64\x69\x6e\x67\x3a\x20\x38\x62\x69\x74\x0a\x50\x6c\x75\x72\
\x61\x6c\x2d\x46\x6f\x72\x6d\x73\x3a\x20\x6e\x70\x6c\x75\x72\x61\
\x6c\x73\x3d\x32\x3b\x20\x70\x6c\x75\x72\x61\x6c\x3d\x28\x6e\x20\
\x21\x3d\x20\x31\x29\x3b\x0a\x00\x5a\x75\x67\x72\x69\x66\x66\x2d\
\x46\x65\x68\x6c\x65\x72\x3a\x20\x00\x41\x74\x74\x72\x69\x62\x75\
\x74\x65\x2d\x46\x65\x68\x6c\x65\x72\x3a\x20\x00\x41\x62\x62\x72\
\x65\x63\x68\x65\x6e\x00\x5a\x65\x69\x63\x68\x65\x6e\x00\x50\x66\
\x61\x64\x20\x61\x75\x73\x77\xc3\xa4\x68\x6c\x65\x6e\x00\x53\x63\
\x68\x6c\x69\x65\xc3\x9f\x65\x6e\x00\x41\x6e\x77\x65\x6e\x64\x75\
\x6e\x67\x20\x73\x63\x68\x6c\x69\x65\xc3\x9f\x65\x6e\x00\x4b\x6f\
\x6d\x6d\x65\x6e\x74\x61\x72\x2d\x46\x65\x68\x6c\x65\x72\x3a\x20\
\x00\x41\x6c\x6c\x67\x65\x6d\x65\x69\x6e\x65\x72\x20\x46\x65\x68\
\x6c\x65\x72\x3a\x20\x00\x43\x6f\x6d\x70\x69\x6c\x69\x65\x72\x65\
\x6e\x00\x4b\x6f\x70\x69\x65\x72\x65\x6e\x00\x44\x61\x74\x65\x6e\
\x62\x61\x6e\x6b\x2d\x56\x65\x72\x77\x61\x6c\x74\x75\x6e\x67\x00\
\x44\x41\x54\x55\x4d\x00\x44\x41\x54\x55\x4d\x5a\x45\x49\x54\x00\
\x4c\xc3\xb6\x73\x63\x68\x65\x6e\x00\x42\x65\x61\x72\x62\x65\x69\
\x74\x65\x6e\x00\x45\x6e\x67\x6c\x69\x73\x63\x68\x00\x45\x72\x72\
\x6f\x72\x00\x46\x65\x68\x6c\x65\x72\x3a\x20\x00\x42\x65\x65\x6e\
\x64\x65\x6e\x00\x44\x61\x74\x65\x69\x00\x44\x61\x74\x65\x69\x2d\
\x46\x65\x68\x6c\x65\x72\x3a\x20\x00\x44\x4f\x55\x42\x4c\x45\x00\
\x46\x6f\x72\x6d\x75\x6c\x61\x72\x2d\x44\x65\x73\x69\x67\x6e\x65\
\x72\x00\x46\x6f\x72\x6d\x75\x6c\x61\x72\x65\x00\x44\x65\x75\x74\
\x73\x63\x68\x00\x4e\x75\x6d\x65\x72\x69\x73\x63\x68\x00\x49\x6e\
\x74\x65\x72\x6e\x65\x72\x20\x46\x65\x68\x6c\x65\x72\x20\x28\x50\
\x79\x68\x74\x6f\x6e\x20\x4e\x61\x6d\x65\x45\x72\x72\x6f\x72\x29\
\x00\x49\x6e\x74\x65\x72\x6e\x65\x72\x2d\x46\x65\x68\x6c\x65\x72\
\x3a\x20\x00\x44\x69\x65\x20\x4c\x4f\x47\x2d\x44\x61\x74\x65\x69\
\x20\x6b\x6f\x6e\x6e\x74\x65\x20\x6e\x69\x63\x68\x74\x20\x67\x65\
\x6c\xc3\xb6\x73\x63\x68\x74\x20\x77\x65\x72\x64\x65\x6e\x00\x44\
\x69\x65\x20\x4c\x4f\x47\x2d\x44\x61\x74\x65\x69\x20\x77\x75\x72\
\x64\x65\x20\x67\x65\x6c\xc3\xb6\x73\x63\x68\x74\x2e\x00\x45\x74\
\x74\x69\x6b\x65\x74\x74\x65\x6e\x00\x53\x70\x72\x61\x63\x68\x65\
\x00\x4c\x6f\x67\x69\x73\x63\x68\x00\x4d\x65\x6e\xc3\xbc\x73\x00\
\x4e\x65\x75\x65\x73\x20\x50\x72\x6f\x6a\x65\x6b\x74\x00\x44\x45\
\x5a\x49\x4d\x41\x4c\x00\x4f\x4b\x00\x45\x69\x6e\x2d\x6b\x6c\x69\
\x63\x6b\x20\x41\x6e\x77\x65\x6e\x64\x75\x6e\x67\x00\xc3\x96\x66\
\x66\x6e\x65\x6e\x00\x44\x61\x74\x65\x69\x20\xc3\xb6\x66\x66\x6e\
\x65\x6e\x00\x50\x72\x6f\x6a\x65\x63\x74\x20\xc3\xb6\x66\x66\x6e\
\x65\x6e\x00\x42\x69\x74\x74\x65\x20\x65\x72\x73\x74\x20\x54\x65\
\x78\x74\x20\x65\x69\x6e\x67\x65\x62\x65\x6e\x2e\x00\x44\x72\x75\
\x63\x6b\x65\x6e\x00\x44\x75\x72\x63\x6b\x76\x6f\x72\x73\x63\x68\
\x61\x75\x00\x50\x72\x6f\x67\x72\x61\x6d\x6d\x65\x00\x45\x69\x67\
\x65\x6e\x73\x63\x68\x61\x66\x74\x65\x6e\x00\x41\x62\x66\x72\x61\
\x67\x65\x6e\x00\x52\x65\x67\x69\x65\x7a\x65\x6e\x74\x72\x75\x6d\
\x00\x45\x6e\x74\x66\x65\x72\x6e\x65\x6e\x00\x55\x6d\x62\x65\x6e\
\x65\x6e\x6e\x65\x6e\x00\x42\x65\x72\x69\x63\x68\x74\x65\x00\x41\
\x75\x73\x66\xc3\xbc\x68\x72\x65\x6e\x20\x2d\x20\x46\x32\x00\x4c\
\x61\x75\x66\x7a\x65\x69\x74\x66\x65\x68\x6c\x65\x72\x00\x4c\x61\
\x75\x66\x7a\x65\x69\x74\x2d\x46\x65\x68\x6c\x65\x72\x3a\x20\x00\
\x53\x70\x65\x69\x63\x68\x65\x72\x6e\x00\x53\x74\x72\x75\x6b\x74\
\x75\x72\x00\x53\x79\x6e\x74\x61\x78\x2d\x46\x65\x68\x6c\x65\x72\
\x3a\x20\x00\x54\x61\x62\x65\x6c\x6c\x65\x6e\x00\x44\x65\x72\x20\
\x41\x6c\x69\x61\x73\x00\x5a\x45\x49\x54\x00\x41\x6e\x73\x69\x63\
\x68\x74\x00\x57\x6f\x6c\x6c\x65\x6e\x20\x53\x69\x65\x20\x64\x69\
\x65\x20\x41\x6e\x77\x65\x6e\x64\x75\x6e\x67\x20\x77\x69\x72\x6b\
\x6c\x69\x63\x68\x20\x62\x65\x65\x6e\x64\x65\x6e\x20\x3f\x00\x41\
\x6c\x69\x61\x73\x20\x65\x78\x69\x73\x74\x69\x65\x72\x74\x20\x62\
\x65\x72\x65\x69\x74\x73\x00\x41\x6c\x6c\x65\x20\x44\x61\x74\x65\
\x69\x65\x6e\x20\x28\x2a\x2e\x2a\x29\x00\x65\x78\x69\x73\x74\x69\
\x65\x72\x74\x20\x73\x63\x68\x6f\x6e\x00\x65\x78\x69\x73\x74\x69\
\x65\x72\x74\x20\x62\x65\x72\x65\x69\x74\x73\x2e\x00\x77\x69\x72\
\x6b\x6c\x69\x63\x68\x20\x65\x6e\x74\x66\x65\x72\x6e\x65\x6e\x3f\
\x00\x4b\x6f\x6e\x6e\x74\x65\x20\x44\x61\x74\x65\x69\x20\x6e\x69\
\x63\x68\x74\x20\xc3\xb6\x66\x66\x6e\x65\x6e\x00\x64\x42\x61\x73\
\x65\x20\x51\x75\x65\x6c\x6c\x63\x6f\x64\x65\x20\x28\x2a\x2e\x70\
\x72\x67\x29\x00\x4c\x4f\x47\x2d\x44\x61\x74\x65\x69\x20\x6c\xc3\
\xb6\x73\x63\x68\x65\x6e\x3f\x00\x44\x61\x74\x65\x69\x20\x69\x73\
\x74\x20\x69\x6e\x20\x62\x65\x6e\x75\x74\x7a\x75\x6e\x67\x00\x44\
\x61\x74\x65\x69\x20\x6e\x69\x63\x68\x74\x20\x67\x65\x66\x75\x6e\
\x64\x65\x6e\x00\x53\x6f\x6c\x6c\x20\x64\x69\x65\x20\x4c\x4f\x47\
\x2d\x44\x61\x74\x65\x69\x20\x77\x69\x72\x6b\x6c\x69\x63\x68\x20\
\x67\x65\x6c\xc3\xb6\x73\x63\x68\x74\x20\x77\x65\x72\x64\x65\x6e\
\x3f\x00\x4c\xc3\xb6\x73\x63\x68\x65\x6e\x20\x66\x65\x68\x6c\x67\
\x65\x73\x63\x68\x6c\x61\x67\x65\x6e\x00\x47\x65\x6c\xc3\xb6\x73\
\x63\x68\x74\x00\x53\x69\x65\x20\x6d\xc3\xbc\x73\x73\x65\x6e\x20\
\x64\x69\x65\x20\x44\x61\x74\x65\x69\x20\x73\x65\x6c\x62\x73\x74\
\x20\x6c\xc3\xb6\x73\x63\x68\x65\x6e\x00\
\x00\x00\x12\x6a\
\x00\
\x00\x63\xb3\x78\x9c\xd5\x3d\x4d\x8f\xdc\xc8\x75\x72\xec\x5c\xfa\
\x12\x20\xc8\xd1\x87\x5a\xe9\x32\x5a\x0f\x35\x6c\x4e\x77\xab\x97\
\x83\x05\xac\x8f\xd9\xb5\x00\xc9\xab\x91\x66\x57\x40\x82\x40\x29\
\x36\xd9\xdd\xf4\xb0\xc9\x5e\x92\xad\x19\x69\x21\xc0\xa7\x1c\x72\
\xf7\xcd\x41\x2e\xfe\x0f\xb9\xf8\xa6\xff\x91\x83\xff\x46\x2e\x79\
\xaf\x8a\x2c\x56\xb1\xaa\x48\xf6\x68\x14\xcb\x4d\xcc\xa8\x87\x7c\
\x7c\xf5\xde\xab\xf7\x55\x8f\xaf\xa8\xff\xf9\xc7\x5f\xfc\xe1\x16\
\x7c\x7e\x0e\x3f\xbf\x84\x9f\x09\xfc\xfc\x3d\xfc\x3c\xbd\xc5\x3f\
\xff\x06\x3f\xff\x00\x3f\x14\x7e\xfe\x09\x7e\x7e\x44\xd8\x9f\xdd\
\xba\xf5\xef\xf0\xef\x16\x2e\xfe\x07\x7c\xff\x6f\xf8\xf9\x5f\x00\
\xf8\x59\x75\xcf\xcf\xab\x7f\xff\x0e\x7f\xe5\xbb\x34\x8d\xf2\xd7\
\x21\xcd\x2f\x5e\x2f\x8a\x42\xfc\x9d\x5d\xbd\x7d\xbd\x0d\x97\xaf\
\xb7\x74\x15\xdd\x7a\x9e\x67\xbf\x8b\x16\xa5\xf3\x24\x74\x7e\x88\
\xf2\x22\xce\x52\x9f\x8c\xef\xb9\xa3\x17\xd1\x36\xcb\x4b\xe7\x59\
\xb1\x8a\x43\xe7\xe1\x6e\x55\x38\xe7\x99\x4f\xb6\x74\x97\x44\xc7\
\xde\xbd\xdf\x5d\xfc\x3a\xda\xd0\x38\xb9\xb7\xc8\x36\xa3\xe7\xdf\
\x39\x2f\xa2\x37\x31\xde\xeb\x3c\xa6\x65\xe4\x13\xcf\xf5\x66\x8e\
\x3b\x71\xc6\x63\x32\xfe\xca\xf7\x8e\xff\x79\xf4\x94\x16\xa5\x73\
\x9e\xd3\xb4\x48\x68\x99\xe5\x02\x13\x5c\x48\x57\x3b\x20\xc4\x39\
\x8f\xe8\x46\x3f\xed\x93\xd3\xdf\x7e\xef\x3f\x3e\xfd\x7e\xf4\xec\
\xc9\xb3\x53\x95\xc4\x47\x59\x5a\x46\x29\xa0\x7d\xbb\x05\xb8\x32\
\xba\x2a\x8f\xb6\x09\x8d\xd3\x13\xb2\x58\xd3\xbc\x88\xca\xaf\xbf\
\x3f\xff\xc6\x99\x37\x70\x38\xfc\x32\xca\x9d\xd3\x74\x91\x85\x71\
\xba\xf2\xc9\x3c\x88\xcb\xd1\xad\xa3\x2f\xc9\xd7\xb6\x0f\x19\x11\
\x42\xce\x1e\xad\xa3\xc5\xc5\xc3\xec\x8a\x1c\x3c\x06\x69\xde\xc5\
\x73\xf6\x3b\xbe\x3c\x1a\x35\x37\xfc\x84\xb0\x64\x91\x25\xc8\xf4\
\x9d\x68\x86\xc7\x09\x3b\x57\x6c\xe9\x82\x13\xb1\xbd\x3a\x19\xbd\
\x1f\x35\x37\xf9\xeb\xec\x4d\x94\xb7\x6e\x5d\xb2\x4f\x0b\x30\x8c\
\x0b\x1a\x24\x51\xd8\x82\xbd\x4f\xe7\xee\x9c\xb6\x60\xfd\x38\x0d\
\xe3\x05\x4a\xbf\x82\xbe\x8c\xc3\x72\x0d\xa2\x9c\xe1\xf8\x78\x62\
\x1d\xc5\xab\x75\x29\x9f\x09\xb2\x3c\x04\x81\xe5\x34\x8c\x77\x85\
\x4f\x26\xea\x79\x80\xdc\x5e\x91\x22\x4b\xe2\x90\xdc\x39\xa6\xde\
\xf2\x98\x56\x97\xe9\xe2\x62\x95\x67\xbb\x34\x04\x62\xc6\xee\x78\
\xea\x8d\xad\xc4\x28\xcc\x1a\xf0\x7a\xc1\x64\x71\x3f\xb2\xdf\xbe\
\xcc\x16\xbb\xe2\xfa\xb7\x2f\xf0\x9c\x10\xa0\x42\x78\x7d\xeb\xc7\
\x61\x56\xf9\x93\xf1\x1f\x07\xb3\x39\x0d\xed\x02\xad\x2e\xdb\xf0\
\xef\xd2\x0e\xda\xfb\x84\x0e\xdf\xa2\x32\xca\x37\x71\x0a\x06\xfb\
\x09\x98\x6f\x29\xa6\x82\xda\x5d\xb8\xcb\xf1\xc4\x8e\x7a\xe2\x7d\
\x75\x3c\xed\x97\x6b\xd7\x10\x9e\x77\x4c\xa7\x1d\xd4\x37\x43\x8c\
\xba\x8c\x9f\xd9\xfe\xb7\x80\x74\xbb\x8f\xed\x8b\x1b\x38\x61\x4b\
\x70\x3f\xce\x92\x6e\xe2\xe4\xad\x4f\x6e\x3f\xc8\x63\x9a\xdc\x3e\
\x69\xae\x14\xf1\x3b\xf0\x5e\x63\x77\x5b\x9e\x58\x5d\x45\x9f\xb9\
\xa9\x56\x0a\xb8\x2a\x33\xdd\xd0\x7c\x15\xa7\x4e\x99\x6d\xe1\x2c\
\x1a\x2f\x9e\x24\xc0\xf1\x73\xf0\xc2\xef\xc8\xf2\xc3\x9f\x73\x72\
\x1e\x97\x51\x82\x74\xe3\xa5\x2d\x0d\xb9\x63\x6c\x70\xa8\x6a\x35\
\x19\xcf\xbd\x09\x9f\x9b\x9a\xcd\x3e\x03\x3e\xa6\x93\xf1\xd4\x6d\
\xdd\xd3\xe3\xb8\x7a\xe6\xcd\xaa\x52\xef\xd9\x7c\x32\x96\x9c\xa7\
\x34\xe0\x8c\x35\xa3\xfa\x65\x5c\x26\xb5\xba\x17\xbb\x60\x01\x13\
\x90\x67\x89\x93\xe5\x31\xc8\xc9\xaf\xe4\x75\xd2\xbe\xbc\xcd\x8a\
\xb8\x64\x61\x07\x24\x49\x92\x68\x59\x4d\x95\x90\x96\xcb\x7d\x38\
\x9e\xc3\xab\xb2\xf8\x98\xec\xbd\xfa\xaf\x6b\xea\xc2\x72\x19\xce\
\x67\x33\x13\xdf\xcb\xf1\x78\x3c\x3b\xc1\x29\x0d\x01\x6b\x49\x40\
\x62\xd5\x8c\x86\x71\x44\x1e\x32\x11\x92\xdb\x1f\xfe\x1c\x44\xf0\
\x6d\x71\x51\xde\x46\x81\x70\x29\x7d\xb7\x45\x9e\x68\xe2\x93\xcb\
\x28\x4d\x49\xb8\x23\xb5\x9c\xa2\x94\x30\x23\xc3\x19\x22\xe9\xae\
\x7c\x57\xb6\xc4\x78\x8d\x48\x52\xa9\x22\x17\xcf\xac\x8e\x78\x06\
\x94\xba\x5f\xdb\x4b\xf9\x27\x66\xbd\x95\xdc\xa1\x69\xcc\xde\x11\
\x15\x77\x68\xf2\x93\x88\xf9\x59\x94\xee\x1e\x52\x10\x4a\x6b\x70\
\x8a\xc7\x49\x7b\x36\xc9\x7b\x71\x07\x90\x52\x46\x9b\xd6\x7d\x25\
\xa6\x2b\x5b\x9a\x43\xea\x72\xd2\xa8\x1a\x88\x8e\x6b\x97\x76\xbb\
\x5f\x44\x09\x64\x72\xc8\x45\x8b\x44\x8a\x87\xb8\x41\x23\x6f\x82\
\xc7\x49\x3b\xd1\x30\xca\x9d\x7d\x04\x26\x1f\x86\x04\x02\x25\x45\
\xa8\xe7\xdd\x53\xa7\x5d\x22\x5b\x93\xe0\x8f\x49\x9c\x46\x00\x85\
\x13\x08\xac\x1e\x30\x00\xfc\x5c\x8d\x7d\xf7\x90\xbc\x65\xbf\xaf\
\x3c\xf6\xdd\xf3\xc7\x87\xe2\x7a\x81\xa6\xe5\xd6\xec\xb5\xce\x8f\
\xc9\x9d\x29\xfb\xb0\xd3\x77\x71\x7e\x2a\x92\xbb\x45\xc5\x67\x53\
\x93\x05\xde\x1d\xc6\x0f\xf2\x88\x1a\x83\x6d\x84\xc7\x09\x69\x3e\
\x60\x5e\x69\xb6\x58\x83\x51\xa5\x17\x09\x58\x60\xe5\x5e\x6b\x91\
\x7a\x9a\x48\x47\xcd\x08\xbe\xff\x26\x8e\x2e\x31\xfb\x36\x8e\x15\
\x8c\x03\x37\x40\x78\x18\x23\x13\x26\xfc\x72\x17\x5c\x82\x3a\x67\
\x97\x05\x89\x37\x04\x03\x15\x79\x96\x85\x11\xe8\x4d\x51\x44\x69\
\xc8\xec\x17\xf0\x03\xd8\x2b\x06\x66\xcc\x47\x26\x78\x9c\x0c\xa3\
\x54\x60\x52\x7c\xaa\x8c\xcf\x6d\xfb\xb0\x3a\x7f\x3d\x7b\x94\x6d\
\x82\x0c\x2c\xf0\x70\x74\x86\xeb\x85\xd3\x30\xd6\x59\x75\xea\xfb\
\xc6\x4b\x3c\xcc\xb8\x2c\xc6\xca\x67\xde\xe8\x1e\x84\x3f\x12\x06\
\x05\x0e\x03\xd6\x2b\xf0\x0b\xbf\x08\x37\xce\x15\x04\x57\x34\x06\
\x92\xa6\x74\xec\x7a\x6e\x1b\xb0\x83\xd1\x8e\x1c\xd0\xc5\xa3\x4a\
\x76\x6a\xe8\xce\xcc\xc6\xf5\xc4\xd8\x22\x6a\xb2\x4f\x1d\xfd\x1e\
\xe7\xd9\xd6\x81\x89\x49\xc9\xc3\x5d\x59\x66\x29\xc9\xa3\xc5\xba\
\x2c\xf8\xb2\xa4\x1e\xc2\x0f\x05\x94\x35\x1a\x56\x22\xea\x09\x87\
\x39\x5a\xfc\x89\x12\x06\xbc\xd6\xf2\xa1\x8a\x89\xba\x2a\xe9\xdc\
\xb1\x4f\x4b\x1c\x0d\xad\x76\x39\x56\x3e\xae\x12\xc1\xf3\x65\x14\
\x27\x6d\x86\xe1\x7e\x87\xe6\xb9\xd0\x7d\x8d\x5a\x11\xb4\xc4\x99\
\x78\xc3\x96\xa0\xbb\x3c\x39\xf0\x8f\x62\xe0\xbf\x38\x62\x18\x5e\
\x23\xb2\x7b\xdb\x74\x75\x57\x8c\x98\x6d\x77\x5b\xe7\x69\x5c\x40\
\x36\x2d\x8f\x4b\xce\x1e\x04\x05\x78\xf2\x45\xf9\x04\xfc\xce\x0f\
\x60\xd8\x46\xa3\x5e\xe0\xb1\x97\x8e\xcb\x22\xec\x54\x56\x39\x72\
\xd9\x95\x15\xaf\x66\xbb\x12\x7d\x31\x1b\x86\xa9\xef\x39\x6a\x21\
\xd2\x7c\x48\xf8\xf7\x57\x71\xb8\x8a\x8c\x6e\xc9\x0d\x5c\xe6\x96\
\x6c\x1c\xac\xf2\x38\x44\xe4\x62\x60\x45\x05\x3e\x39\x7b\x7c\x92\
\x5e\x3d\x79\xf4\x9b\xf3\x27\xdf\xfa\x90\xa4\x45\x79\x44\xbe\x49\
\x3e\xfc\x09\x02\x3f\xb9\xc8\x36\x9b\x92\x64\xcb\x92\xbc\xc9\x36\
\x44\x38\x5f\x9c\x46\x21\x81\xc6\x29\xab\xb2\xe8\x70\xd6\x82\x88\
\x5a\x36\x9c\x88\xdf\x44\x14\x73\xb2\x2c\x88\xd2\x23\x90\xc8\x05\
\x37\x4c\x7e\x96\x8f\x54\x70\x26\x3a\x10\xb2\x8f\x7d\xb9\x20\x27\
\x0b\xaa\x84\xd3\x2c\x55\x56\x45\x4e\x5e\xa9\xbc\xc5\x36\x39\x50\
\x90\x81\x1f\xd9\x18\xa1\x2a\x97\x03\x0c\xfd\xe5\xf7\x7f\x3c\x5d\
\x5c\x38\xdc\xe7\xfc\xe5\xf7\xff\xc9\x38\x24\x9c\xc3\x83\xf5\x87\
\x3f\xed\x96\xf1\x8a\x3c\x3e\x7d\x01\xd9\x66\xfc\xe1\xbf\x50\xfa\
\x90\x72\xdd\x6d\xa4\xfc\x28\xcb\xd3\x28\xe7\xb7\xef\x29\x83\x9b\
\xe3\x05\x72\x84\xa2\x00\x9b\x6f\x56\x6f\x46\x95\xc3\xa3\x25\xfe\
\x39\x1e\x96\x54\xfe\xbd\x82\xf7\x8c\x2f\x4c\x7e\x32\xde\x6f\x02\
\xbd\xf3\x63\xf9\x7a\x53\xac\x82\xec\xea\x75\x72\xed\x5b\xa3\xab\
\xd7\xe8\xc0\x14\x0c\x30\x73\x4f\xe0\x5c\xb3\x52\x92\x94\x47\x48\
\xd3\xad\x9c\x81\x8c\xfb\x3c\xba\x2a\xbb\xa3\xb6\x77\x8c\x87\x5d\
\x46\xc6\xa4\x1e\x0f\x63\xd4\x9e\x1b\x68\x90\xbf\x3f\xdf\x15\xeb\
\x2a\xd8\x59\x29\x92\xd1\xd7\xe7\xa8\x4b\xdd\xa5\x6b\xa5\xc8\x96\
\x44\xcc\xb5\x24\x82\xa5\xb7\x4d\xd2\x0b\x0b\x9d\x2a\xba\x7c\x65\
\x12\x5f\x43\xae\x25\xa0\x09\xa2\x27\x13\x25\x1f\x73\xa4\x88\xdf\
\x85\x75\x9b\xc3\x79\x43\xfe\xd0\x4c\xcf\x12\x8f\x2e\x14\x61\xb4\
\xa4\xbb\xa4\xb4\xaf\x88\x28\x2e\x04\x98\x0e\x85\xd1\x3b\x48\xdc\
\x81\x8d\x3c\xc3\xdf\x0f\x2e\xf0\x4f\xbe\xce\xb4\x61\x97\x8b\x76\
\x22\xec\xb4\x9d\x93\x32\xdc\x7c\xce\x55\xbc\x1d\x4e\x0f\x9b\x08\
\xdb\xa7\x01\x9f\xc4\x65\x28\x0b\xe9\x25\x4d\x92\x82\x9c\xc1\x32\
\x1c\x03\x42\x04\x5c\x11\xf0\x89\x11\x5b\x95\xbf\x5c\x40\xee\x94\
\xb0\x25\xc4\x86\x26\x3c\xbc\xd4\x94\x37\xd7\x7c\x7f\xc1\xfc\xe0\
\xfe\xb5\xa3\xe1\x5c\xab\x0b\x5b\x91\x71\x9d\x9d\x67\x59\xc2\x96\
\xaf\x4a\x65\xda\xb4\x94\x55\xc2\x49\x73\xa7\xb2\x1e\x54\xd3\x5c\
\xbe\x60\xaf\x53\x2e\x40\x2b\x2f\x0c\x71\x18\xc0\xf2\x14\xe4\xc5\
\xbd\x8a\xbe\xda\xb5\x17\x01\x4c\x89\x54\x2b\xfc\x23\x6e\xee\xf6\
\xf4\x0b\x8c\xf4\x4a\x71\x4c\xa9\x68\x6b\xd1\x6e\xa7\x43\xa7\x59\
\xc1\x5e\x5b\xba\x29\x6b\x55\x01\x85\xf1\x9a\x16\x0a\x3c\x2b\xab\
\x73\x8f\x2d\x4d\x23\xbb\x85\xca\x55\x12\x56\x86\x72\xc6\xe6\xe2\
\x88\x94\x7d\x1a\xcb\x50\x66\x2d\xe4\xa4\x30\x85\x51\xd1\xcd\xf0\
\x38\x11\x97\x7d\xbf\xa4\x81\xac\xcf\xc3\xd0\xeb\x64\x72\xbc\x7b\
\x25\xc9\x7a\x9d\xa8\x36\xe6\xc6\xd9\x88\x89\xbb\x8f\x13\x37\x69\
\x15\xac\x2a\x0f\x31\xeb\xf2\xed\x12\x9f\xe6\x69\xe6\x6b\xb6\x16\
\x64\x53\x83\x50\x81\x27\x78\xb4\xf5\x0e\xef\xcd\xa3\x88\x2f\x20\
\x14\xf3\x53\x65\x34\xc7\xc3\xa0\xff\xf5\xcd\x5a\xfd\xc3\x54\xfe\
\xd0\x6f\x37\xa6\xa7\x03\xcc\x45\xc9\x44\x55\xb2\xed\xbe\x95\x4f\
\x1a\x8c\x2a\x87\xf5\x3d\x6c\xd3\xd3\x7d\x84\xa1\x40\xae\x4e\xbb\
\xc7\xed\x55\x8f\xcc\x16\x7b\x35\x05\x5b\xb3\xbd\x9e\x67\x5b\x7c\
\x00\x49\x63\xe6\xd5\xed\x15\x3e\x80\xc4\x42\x8a\xc1\x9e\x3c\x3c\
\x4e\xaa\xeb\x9a\x23\x63\xac\x33\x13\xba\xac\xd6\xaf\x33\xd7\xad\
\xa1\x5f\x76\xfb\x63\x85\x91\x3b\x7c\xfc\x32\x7d\x16\xa7\x87\xc6\
\xf3\xf4\xca\x78\xfe\x51\x92\x15\x51\x9b\x68\x5e\xb5\x19\xec\x3d\
\x4d\x33\x64\xa5\x8e\xcf\x8d\x8d\xc6\xc1\x33\xa7\x32\x60\xbc\x6d\
\x4e\x19\x1b\x70\xdb\xcb\x92\x96\xbb\xc2\x3a\x3b\x46\x46\xab\x07\
\x2f\x5a\xda\xa0\xa0\xd3\x43\x93\x30\xf8\xca\x59\x14\x2c\x3b\x40\
\xda\x2a\xc7\xe3\xa1\xb6\x8a\x52\xab\xa7\x05\x69\xee\x28\xf7\x13\
\x76\x1d\x8f\x2b\x43\x68\x8f\x3d\xc8\xaf\x11\x7b\x34\xbd\x16\x4d\
\xc2\x44\x91\x28\x9b\x7c\x48\x6f\x90\xed\xa0\xd2\x62\xbc\x95\x0f\
\xc6\x79\xda\x26\x71\x59\x6a\x38\x2b\x3f\x2b\x01\xf8\xfe\x9a\xa6\
\x61\xd2\xb6\x83\xc6\xd0\x5e\x45\xc1\x69\x0a\x22\xae\x7d\xb8\x05\
\x1d\x93\x37\x8a\x1e\x18\x29\xe3\x05\x4d\x5a\xa0\xae\x3b\x5e\x4e\
\xc2\x3a\x93\xf2\xe4\x54\xca\x92\x27\x55\x09\xa0\x82\x7c\x9d\xe5\
\xf1\x3b\xf4\x4a\x16\xf4\x42\xb9\xae\x89\xdf\xc7\xb4\xf6\x42\xf0\
\x00\x49\xba\x76\xad\x8b\x04\x3a\x41\x7c\x47\x5f\xca\x77\x71\xf1\
\xda\xc5\xe2\x05\xa0\x15\x18\x9d\x05\xed\x73\x41\xaf\x66\x88\x5e\
\x38\xa5\xd4\xad\xaf\x6a\xf5\x49\xf5\xb2\xbe\x48\x00\x7e\x03\x91\
\x06\x9b\x62\x58\x05\xf0\x1e\x92\x7c\x23\x17\x1d\xcc\x0b\x3e\xea\
\x29\xfe\x3c\xd8\xc0\x85\x0e\x5b\xcb\xec\xb0\x99\xa6\xae\x29\x07\
\x51\x2c\x2d\x6c\x8a\x61\x8b\x9a\x16\xc3\x2e\x9d\x8b\xc2\xed\x0f\
\x38\xbb\x17\x14\xcc\x48\xc8\x8c\x23\x7d\x8e\x8d\x3d\xa2\xec\x60\
\x30\x93\xc3\xd1\x59\xcf\x65\x2c\xce\x56\x05\x4c\x3b\x00\x33\x4e\
\x0b\xfa\x3a\xff\x32\x1a\xa9\x9d\x33\xbc\xa0\x3d\x20\xad\x6d\x0a\
\xcf\x10\xb7\xfa\xc7\x9a\xc7\xba\x4b\x98\xca\x85\xa8\x20\x0a\xe5\
\x19\x2e\xa6\x46\xe1\x2c\x82\x52\x00\xcc\xa2\xd2\x40\xda\xd2\x50\
\x07\x31\x88\x4b\x56\xfb\x6e\x81\xd9\x1e\x20\xfb\x42\x58\x5a\x97\
\x52\x87\xc4\x1e\xc7\x11\xaf\xf9\xa6\xe4\x1c\x9d\x8f\xf3\x10\xbe\
\xc7\x58\xfb\xcd\x82\x28\x5f\xd3\x24\x38\x42\xb5\x66\xdf\x48\x86\
\xab\x75\x56\xb7\x3c\xaa\xb4\x1c\xcb\xc2\xe7\xeb\xdd\x26\xe8\x96\
\xb1\x0f\xe1\xca\xc1\xa6\x3a\x59\x6b\xec\xd0\xc5\x2e\xd0\xa0\x07\
\xa3\x1d\x8c\xd1\x3c\x95\x46\x9c\x16\x50\x1b\xd6\xf6\xe4\x5a\x71\
\x6a\x80\x46\xce\x0d\xea\x62\xe6\xdc\x04\x68\xc0\x38\x68\xa2\x14\
\x8d\x1d\x30\x55\xbd\x66\x64\x41\xbd\x07\xd6\xbe\x09\x1b\x02\x6c\
\xc7\x6c\x17\x71\x3f\xa8\x45\x0a\x9d\x13\xd7\x0f\x6a\xc0\x6a\x73\
\x0e\x54\xc4\x89\x21\xd6\xd8\x4a\x18\x6c\xb3\xa0\x83\x59\x84\x6a\
\x06\xd4\xf8\x31\x0c\x6b\x62\x5b\x4b\x67\x4c\x2c\x1f\xd3\x25\x6d\
\xca\x0e\x22\xb1\xe9\x6a\xc3\x74\xe7\xe3\x99\xb7\x54\x8b\x9c\x55\
\x4e\x7d\x5c\x77\xdd\xf4\xca\xac\x5f\x77\x4d\x80\xdd\x72\xeb\xd7\
\x2f\xe3\xe0\x1d\xb2\xeb\x53\x18\x55\x7a\x75\x3a\xf5\x91\xc2\x03\
\xe5\xe3\x4b\x87\x82\xd0\x94\x84\x10\x51\x4e\x53\xfc\xdd\x1f\x19\
\x58\x91\x7b\x70\x64\x68\x43\x0f\x46\x3b\x18\x63\x87\xa3\x19\x08\
\x6a\xc3\x6a\x74\x07\x83\x00\x8d\x9c\xdb\x1c\xcc\x20\x40\x0d\xe3\
\xfe\x99\x47\x77\x7a\x31\x64\xd6\xf7\x08\x33\x3a\xfc\x1e\xa8\xf7\
\xc0\xda\x37\xfb\x43\xc3\x8c\x19\xd8\x3e\x5f\xc3\xc2\x8c\x81\xb5\
\x4e\x2d\x18\x16\x66\x5a\xa0\x7b\x27\xed\xbd\x79\x26\xeb\x3b\xc1\
\x25\x52\x01\xc9\x65\x19\x50\xd6\xf8\x25\x53\xb1\xdb\xf2\x16\x94\
\x43\xe5\x6c\xd3\x9a\xa2\x9e\xc7\x05\x9d\xe9\x3c\x5b\xc9\x99\x7a\
\x59\x44\x83\x5d\xad\xc4\xc6\x8e\x3b\xb9\xec\xc8\x34\xb8\x33\xe3\
\xea\xcd\xdc\x7a\xc2\x7e\x7f\xb0\xb7\xd1\xa6\x56\x14\x0c\x86\xdc\
\x5b\xb9\xf8\x2b\x2f\x9b\x35\xd9\xfc\x2d\xd3\x6f\x34\xa0\xbe\xd2\
\xd4\xe7\xc4\x80\xc1\x59\xfc\x6d\x31\xa0\x59\x40\x5d\xbd\x3c\xec\
\x0e\x8d\x02\xac\x6f\x3e\x7b\xf0\xe9\x80\xf5\xa3\x28\x4d\x3e\x2a\
\x83\x9a\x7c\xd4\xcb\xba\x7c\x54\xf9\x19\xe4\x53\x01\xbc\x37\x3a\
\xd7\x76\xa8\xff\x98\x46\xbf\xdd\x56\xb4\xf9\x99\x3d\xf6\x4d\x0e\
\xa6\x74\x15\x9a\x03\x81\x1e\xbe\x3e\x66\x40\xc4\x6b\x1c\x50\x8a\
\x30\x37\x3b\x22\x43\xdc\x74\x4e\xf6\x38\x78\x6b\xd7\x29\xeb\xb5\
\xb6\x6f\xe0\x20\xbd\xae\xd7\x8c\x99\x6b\xda\xc9\x70\xcc\x46\xa7\
\x68\xc6\xcd\xb6\x8d\x5c\x87\xe8\x7e\xd4\xbc\x05\xb7\x1b\xb5\xe9\
\xd1\xc2\xbf\x84\x71\xfe\xf5\x6d\xd4\xba\xdb\xff\xda\x3c\xbf\x18\
\xa2\x9f\xc4\xf8\xa8\x82\xe3\xdb\x6d\x25\x6c\xa4\x0b\x5f\x6d\x5c\
\xe4\x7d\xb3\x0d\x8b\x7c\xf3\xdd\x8b\x47\xa7\x3e\x61\x3d\x81\x75\
\xb3\xe4\xaf\x08\xef\x0e\x04\xd5\xcb\x2f\x12\xc8\xad\x48\xb1\x58\
\x5f\xd2\xfc\x1d\x11\xbb\xae\xa4\xd6\xca\x03\xd6\x79\xf8\x2b\x5e\
\xc3\xbb\xab\xf6\x71\x12\xd3\xa3\xec\xc3\x91\xd2\xde\xda\xd1\x8c\
\x79\xed\xfe\x85\x4f\xdc\xb7\x88\x7b\x01\x02\xec\x69\x45\x9e\xab\
\xa6\xa3\x83\x77\x97\x31\x88\x09\x44\xc1\xf9\x49\x35\x51\xd8\xfb\
\x2e\xdb\x12\xf9\x7c\x3a\x34\x81\x53\xd1\x65\x55\x94\xb4\x2c\x89\
\x4c\x16\xdb\xf5\xd4\x3c\x78\x70\x98\x20\x58\xbb\xd5\x01\xdb\xe4\
\x14\x44\x71\x58\x03\x04\x58\x34\x0f\x29\x29\xe2\x34\xd4\x44\x63\
\x7f\x88\xd1\x16\xcd\xb0\x1e\xae\x1b\xd6\x19\x8b\x74\xce\x1e\x67\
\x8b\x8b\xba\x39\x48\xde\x97\xd1\xde\x7a\xa4\x7c\x40\xa4\xab\x28\
\x09\xda\x0d\xa0\x3c\x6a\xb7\x7b\x1d\x1d\x75\x43\x5b\x7d\xb6\x9e\
\x34\xaf\x6a\x89\x91\x09\x59\xe0\xe3\x75\x27\x60\x13\x04\xa9\x85\
\x7c\x69\x99\x64\xb4\xac\x2e\x19\x96\x63\xca\x4a\x45\xe6\xbe\xe9\
\xde\x69\xef\xd4\x69\x73\x86\x1e\xa3\x64\xcf\xa9\x98\xc8\x03\x5a\
\xc4\xe0\xad\xc0\x28\xb0\xf3\xb5\xa8\x79\x46\xaf\x54\xcf\xd1\xa4\
\x87\x85\xaa\xfb\xc0\xce\x88\x75\x97\x42\xbe\x0a\xe8\x81\x37\x9d\
\x1e\xd6\x3f\xee\x3d\x77\x7e\xb7\xab\xdc\x84\x43\x34\x6d\x21\x86\
\x9e\x28\xbe\xf3\x68\xd4\x74\xb8\xf5\x4c\x37\x48\xe4\xdb\xd3\xa7\
\x0f\x6b\xbe\xb5\xbe\x11\xd1\x07\x28\x4f\x89\x5d\xc6\xd8\x54\x7f\
\xfa\xe4\xe5\x4b\x72\xc0\x8d\x12\x0b\x10\x47\xac\xa7\xf8\x1b\xc0\
\x7c\x57\xec\x7b\xda\x6f\x4e\x95\xe7\xfe\x2a\x45\xfb\xc8\x76\xec\
\x76\xca\x76\xd8\x13\x79\x7c\xc2\x1f\xa7\xb8\x59\x09\x27\x7c\x07\
\x86\x5f\xfd\xdd\xb1\x63\xa9\x9a\x14\x83\xe8\x6c\x26\x3c\x61\x1f\
\x23\xb5\x93\x96\xa9\xf1\xfe\x26\xb6\x63\x09\xbf\x88\xe2\x84\xe2\
\x51\x98\x43\xe9\xe8\xe8\xeb\xdc\x52\x71\x1c\xce\x22\x3a\x1f\xb0\
\xa5\xa2\x16\x8d\x64\x11\x92\x80\xfa\xf6\x05\xcf\xd8\xc7\xea\xf4\
\xbc\x29\x1e\xea\x38\xac\x6d\x58\x1b\xa7\xe7\x0d\x00\xe1\xfd\xe0\
\x58\x78\x4f\xc3\x38\xd5\x86\x2a\x79\x9c\x7a\x03\x96\x36\x94\x75\
\x67\x56\x83\xae\xda\x88\x24\x4f\x7e\xbd\x3f\xcb\xe6\xbf\xab\xce\
\x74\x99\x02\x5c\xcc\x48\x1e\x53\xa6\xa1\xb9\x64\xdf\xba\xc5\x47\
\x39\x69\x5f\xee\xdd\xb9\x35\x57\x4b\x5d\xfa\xca\xcd\xa0\xa8\x86\
\x78\xad\x40\x75\x6f\xa0\x68\x16\x90\x3c\x3b\x50\xf5\x5e\x11\x09\
\x5b\x74\xd9\x84\x22\x5d\xfc\x08\xb1\x70\x5e\x3e\x5e\x32\x83\x78\
\xe6\x83\xf5\xb2\x2d\xa6\xdb\x62\x66\x1a\x80\x59\x64\xb6\xbb\x35\
\x90\xfe\x2d\x14\x16\xf2\x9a\xea\x81\x95\x40\xa9\x12\x61\x1a\xdf\
\x8a\xc1\x00\x64\x27\x73\xea\xe2\xa1\x93\xc9\x2b\xa9\x26\xea\xe4\
\x52\x6a\xb5\x5a\x69\xa2\x51\x67\x6d\x55\x57\x50\xcb\x28\xda\xf6\
\xc3\xbd\xc7\x81\x58\xeb\x0c\xfa\xe0\x6a\xe8\xf3\xdb\x63\x8b\x79\
\xd5\x27\xd8\x63\xdb\xde\x64\x2b\xf1\xdb\x17\x80\xe6\xc1\x38\x12\
\x2f\x1a\xa9\x91\xf0\x10\x23\x21\xe9\x89\x2e\xc1\xd4\x0b\x26\xd3\
\x6a\x82\x4c\x7b\x56\x0f\x71\x65\x21\xb0\x69\xfb\x6e\x87\x14\x83\
\x2c\xde\xec\xba\xfb\x73\xdb\x8f\x40\x75\x5f\xa6\x4c\x6e\x77\x8c\
\xb3\xfa\xef\xf6\x3b\x84\x8c\xde\x4e\xbc\x08\xc2\xb4\x4f\xf7\x50\
\x91\x9b\x6d\xfb\xae\x66\x2f\x63\xb7\x8d\x74\xc0\x26\x5c\x2d\x1d\
\xd8\xc3\x14\x6a\x3d\xba\x21\x9d\xc6\xab\x62\x4f\x54\xbd\x35\x9c\
\x26\x51\x1a\xd2\xdc\xb2\x01\x77\x10\xf5\x06\x3c\x67\x0a\x3e\x58\
\x26\x47\x39\xbe\x0f\xc8\xb8\xcf\x56\x9e\xf3\x8f\x1f\x58\x5b\x63\
\x0c\x4c\xa5\xae\xef\x95\xf4\x3c\x5a\x84\x5a\x3b\x71\x7d\x11\x51\
\x9e\xd1\x6e\xe7\xa0\x0d\xc2\x5f\xc5\xf1\x09\xd4\xd0\x34\x58\xff\
\x9a\xe5\xfa\x11\xc0\x34\xde\xcd\xd9\xdb\x4d\x05\x89\xea\x45\x52\
\xe0\x53\x5e\x80\x42\x64\x8a\xee\xed\xbb\xcb\xce\x48\xa7\xf6\x36\
\x37\x69\x1c\xfb\x1b\x73\xa6\x9a\xf7\x9a\xb6\xfc\xa6\xb6\xe9\xd4\
\xb0\xcd\xe5\x3e\x1d\x2f\xf5\xf7\x22\x69\x93\x6b\xa7\xca\x18\x2a\
\x3d\xb3\x22\x5b\x30\x98\x5f\xa1\x23\xe1\x08\x67\x93\xe9\xcc\xb3\
\x12\x39\x8b\x60\x2e\x67\x9d\x43\xd8\xdf\x78\xb6\x0f\xab\xed\x35\
\x9c\x4e\x69\x5f\x2a\xdf\xbc\x6b\x42\xea\x8c\x90\xdb\x19\x7e\x1a\
\xa9\x2a\xf5\x08\xc2\x7a\x96\xd0\xc2\xb8\xad\x8d\x57\x1a\xf6\xb0\
\xbc\xc5\x5b\x9a\x9a\xc3\x44\x43\x0d\xdf\xe7\x25\xd1\x54\xbf\x62\
\x48\x75\x81\x63\xb9\x82\x60\xb2\x9b\x36\x46\x91\x64\xa9\x78\x3b\
\x5e\x70\x42\xc7\x73\xcf\xdb\x63\x80\x7a\x6b\x9a\x3e\x46\xb3\x69\
\x4d\x1f\x46\xf6\x04\x7b\x0d\xe3\x83\x97\x8a\xdf\x44\xf6\xd1\x2a\
\x00\xd3\xa0\xb2\xd9\xed\x37\xe8\x17\xbd\xa3\x7e\x61\x1f\x76\x42\
\xdd\x70\x6c\x89\x8b\xb8\xc1\x29\xcf\x56\xb8\x44\x7a\x0c\x6e\x2c\
\x5b\x75\x98\x8a\x8b\xc7\x50\x34\x96\xfa\xa2\x15\xbc\xfe\xbb\x29\
\x5c\x1a\x95\xdb\x40\x16\xdf\x62\xfc\x31\x95\x32\x7c\x15\xa8\x43\
\x93\x78\x05\x29\xf0\x82\x6d\x4d\xef\x23\xd1\x07\xf7\xb5\x4b\x2f\
\xec\xc2\x9a\x07\xfa\xc3\x8c\x56\x39\x51\x43\x3f\xe0\xa5\x04\x32\
\xb3\x83\xc3\xbc\x95\x92\xa9\x79\xe1\xe5\xf5\x12\xd8\x97\xe6\x78\
\xb4\xf3\x01\xc4\x72\x29\x1e\x40\x74\x8c\xd1\xbb\x6e\x9f\x55\x8f\
\x39\x58\x53\x9d\xa6\x3e\xd7\xd7\xe0\x87\xd2\x2e\xbb\x21\xb0\x9f\
\x99\xba\xde\xb0\x7a\x32\x69\x7c\xb6\xba\xd9\xa2\xee\xe6\x15\xb3\
\x3d\xc0\x1e\x5a\xc9\xd6\x05\xe7\xf1\xb6\xa3\x40\x56\xbd\xcd\x4b\
\x12\xd9\xdb\x28\x49\xb2\x4b\xbb\xc4\x5c\x3c\x5a\x92\x99\xca\x35\
\x7d\x00\x1f\x6f\xcb\xba\xa2\x2f\xd5\x9b\x3a\x1f\x40\x4c\xb4\x94\
\x62\x12\xde\x0f\xed\x33\xa7\x64\x90\x43\x1e\x40\xb0\x4d\x38\xca\
\x03\x88\xce\x4c\x7d\x1e\x78\xb3\x63\x2d\xa5\x37\xa9\x55\xc5\x33\
\x64\xdb\xf2\xab\x06\xd8\x2e\x9e\xef\x5e\xfd\xb6\x7a\xa1\xd0\x1b\
\x50\xdc\xef\x9f\xf3\xee\xca\x9b\xad\x00\xb3\xfa\x84\x30\x43\x04\
\xd3\x2a\xc0\xf5\x53\xec\x26\x23\x37\xae\x4c\xee\x7b\xca\xbb\x6e\
\xf4\x2a\x4b\x2d\x73\xce\x1d\xb0\xb3\xa2\xe9\x3b\xf9\x6d\x6d\x37\
\x5a\xf1\x1f\xce\x98\xa1\x69\xf4\x5a\x7c\x49\x30\x96\xf2\xbe\x04\
\x31\xb0\x18\xae\x17\xb4\xed\x95\xf2\x2e\x77\xc9\xb5\xd1\x8a\xda\
\x50\xa7\xd6\x8a\xd8\x76\xf4\xc1\xf1\xf1\xfd\xe9\xd4\x84\xde\x50\
\x00\x96\x2b\x7f\x05\x00\xb7\x0b\x7f\x03\xea\x5c\x3d\xa5\x6c\x6d\
\x04\xd1\xd4\xb6\x2f\xfe\x21\x3c\x18\x5b\xd9\x86\x13\xa8\xb5\xdd\
\x19\xeb\xde\x52\x5f\x35\xef\xb8\xd0\x7a\xff\xd4\x66\xc7\xff\x9f\
\xd6\x40\x4e\x8a\xa1\x37\xd0\xd6\xee\xfd\xa9\x9b\x07\x39\x41\xc6\
\xee\x41\x5b\xa7\xf9\xa7\x6c\x30\xfc\x36\xe7\x6f\xde\x3d\x94\xe9\
\xdb\xbf\x06\x23\x4e\xd6\x8d\x0b\x41\x96\x84\xc6\xa0\xab\x0a\xc2\
\xdc\xd4\xf8\x57\xe8\x7b\xbc\xf5\x6b\xec\x81\x07\xac\x9c\xab\x07\
\x90\x1f\x36\xfb\x81\x37\x1b\xa4\x7b\x5d\x6e\x92\x43\x60\x2c\x7c\
\x0b\x60\xe8\xcc\x96\xc0\x90\x4f\xf0\x7f\x59\xc0\xbe\xb8\x2f\xe2\
\x0d\xbe\x73\x90\x62\x0f\x45\x4d\x05\xdd\x95\x99\x72\xe1\xfd\xe8\
\x5e\x42\xdf\x66\x3b\xac\xef\x86\x71\xb1\x85\x3f\x40\x56\x49\xb6\
\xb8\x68\x83\x95\xd9\xc2\xc1\x77\x09\x1d\x8e\xee\x15\xe2\x85\x07\
\xcd\x3d\xf8\x8c\xaa\x7d\x0b\x72\x00\xe0\x8b\xea\xff\x56\xa8\xde\
\x44\x54\x89\x48\x23\x65\x43\xaf\xea\x0d\x58\x1a\xb2\x6b\x72\xd7\
\xec\x07\x96\xcf\x4a\xaf\xe4\x56\x09\x6e\xda\xd5\x90\x72\x27\x00\
\x85\xb8\x70\xe2\xb4\x88\x43\x98\x01\xfa\x26\x8b\xd9\x9b\xf6\xc1\
\xb5\x23\x17\x6b\x58\x8b\x3b\x58\xd1\x83\x6b\x70\xca\xb9\xcc\xe9\
\x16\xe7\xed\xff\x00\x89\x38\x00\x42\
\x00\x00\x19\x35\
\xde\
\x12\x04\x95\x00\x00\x00\x00\x87\x00\x00\x00\x1c\x00\x00\x00\x54\
\x04\x00\x00\xb5\x00\x00\x00\x8c\x08\x00\x00\x00\x00\x00\x00\x60\
\x0b\x00\x00\x0e\x00\x00\x00\x61\x0b\x00\x00\x08\x00\x00\x00\x70\
\x0b\x00\x00\x05\x00\x00\x00\x79\x0b\x00\x00\x06\x00\x00\x00\x7f\
\x0b\x00\x00\x08\x00\x00\x00\x86\x0b\x00\x00\x10\x00\x00\x00\x8f\
\x0b\x00\x00\x09\x00\x00\x00\xa0\x0b\x00\x00\x09\x00\x00\x00\xaa\
\x0b\x00\x00\x06\x00\x00\x00\xb4\x0b\x00\x00\x07\x00\x00\x00\xbb\
\x0b\x00\x00\x09\x00\x00\x00\xc3\x0b\x00\x00\x07\x00\x00\x00\xcd\
\x0b\x00\x00\x13\x00\x00\x00\xd5\x0b\x00\x00\x0b\x00\x00\x00\xe9\
\x0b\x00\x00\x05\x00\x00\x00\xf5\x0b\x00\x00\x11\x00\x00\x00\xfb\
\x0b\x00\x00\x0f\x00\x00\x00\x0d\x0c\x00\x00\x12\x00\x00\x00\x1d\
\x0c\x00\x00\x07\x00\x00\x00\x30\x0c\x00\x00\x04\x00\x00\x00\x38\
\x0c\x00\x00\x06\x00\x00\x00\x3d\x0c\x00\x00\x08\x00\x00\x00\x44\
\x0c\x00\x00\x03\x00\x00\x00\x4d\x0c\x00\x00\x05\x00\x00\x00\x51\
\x0c\x00\x00\x06\x00\x00\x00\x57\x0c\x00\x00\x10\x00\x00\x00\x5e\
\x0c\x00\x00\x04\x00\x00\x00\x6f\x0c\x00\x00\x08\x00\x00\x00\x74\
\x0c\x00\x00\x06\x00\x00\x00\x7d\x0c\x00\x00\x0c\x00\x00\x00\x84\
\x0c\x00\x00\x0b\x00\x00\x00\x91\x0c\x00\x00\x05\x00\x00\x00\x9d\
\x0c\x00\x00\x04\x00\x00\x00\xa3\x0c\x00\x00\x07\x00\x00\x00\xa8\
\x0c\x00\x00\x07\x00\x00\x00\xb0\x0c\x00\x00\x05\x00\x00\x00\xb8\
\x0c\x00\x00\x07\x00\x00\x00\xbe\x0c\x00\x00\x09\x00\x00\x00\xc6\
\x0c\x00\x00\x04\x00\x00\x00\xd0\x0c\x00\x00\x06\x00\x00\x00\xd5\
\x0c\x00\x00\x04\x00\x00\x00\xdc\x0c\x00\x00\x0c\x00\x00\x00\xe1\
\x0c\x00\x00\x07\x00\x00\x00\xee\x0c\x00\x00\x05\x00\x00\x00\xf6\
\x0c\x00\x00\x0d\x00\x00\x00\xfc\x0c\x00\x00\x05\x00\x00\x00\x0a\
\x0d\x00\x00\x06\x00\x00\x00\x10\x0d\x00\x00\x06\x00\x00\x00\x17\
\x0d\x00\x00\x05\x00\x00\x00\x1e\x0d\x00\x00\x04\x00\x00\x00\x24\
\x0d\x00\x00\x05\x00\x00\x00\x29\x0d\x00\x00\x09\x00\x00\x00\x2f\
\x0d\x00\x00\x0a\x00\x00\x00\x39\x0d\x00\x00\x06\x00\x00\x00\x44\
\x0d\x00\x00\x07\x00\x00\x00\x4b\x0d\x00\x00\x21\x00\x00\x00\x53\
\x0d\x00\x00\x10\x00\x00\x00\x75\x0d\x00\x00\x07\x00\x00\x00\x86\
\x0d\x00\x00\x08\x00\x00\x00\x8e\x0d\x00\x00\x0b\x00\x00\x00\x97\
\x0d\x00\x00\x06\x00\x00\x00\xa3\x0d\x00\x00\x09\x00\x00\x00\xaa\
\x0d\x00\x00\x19\x00\x00\x00\xb4\x0d\x00\x00\x1a\x00\x00\x00\xce\
\x0d\x00\x00\x06\x00\x00\x00\xe9\x0d\x00\x00\x08\x00\x00\x00\xf0\
\x0d\x00\x00\x07\x00\x00\x00\xf9\x0d\x00\x00\x0a\x00\x00\x00\x01\
\x0e\x00\x00\x04\x00\x00\x00\x0c\x0e\x00\x00\x07\x00\x00\x00\x11\
\x0e\x00\x00\x0a\x00\x00\x00\x19\x0e\x00\x00\x05\x00\x00\x00\x24\
\x0e\x00\x00\x0b\x00\x00\x00\x2a\x0e\x00\x00\x09\x00\x00\x00\x36\
\x0e\x00\x00\x07\x00\x00\x00\x40\x0e\x00\x00\x02\x00\x00\x00\x48\
\x0e\x00\x00\x15\x00\x00\x00\x4b\x0e\x00\x00\x04\x00\x00\x00\x61\
\x0e\x00\x00\x0c\x00\x00\x00\x66\x0e\x00\x00\x0c\x00\x00\x00\x73\
\x0e\x00\x00\x05\x00\x00\x00\x80\x0e\x00\x00\x07\x00\x00\x00\x86\
\x0e\x00\x00\x11\x00\x00\x00\x8e\x0e\x00\x00\x06\x00\x00\x00\xa0\
\x0e\x00\x00\x0a\x00\x00\x00\xa7\x0e\x00\x00\x05\x00\x00\x00\xb2\
\x0e\x00\x00\x0d\x00\x00\x00\xb8\x0e\x00\x00\x08\x00\x00\x00\xc6\
\x0e\x00\x00\x0a\x00\x00\x00\xcf\x0e\x00\x00\x07\x00\x00\x00\xda\
\x0e\x00\x00\x0b\x00\x00\x00\xe2\x0e\x00\x00\x06\x00\x00\x00\xee\
\x0e\x00\x00\x06\x00\x00\x00\xf5\x0e\x00\x00\x07\x00\x00\x00\xfc\
\x0e\x00\x00\x08\x00\x00\x00\x04\x0f\x00\x00\x08\x00\x00\x00\x0d\
\x0f\x00\x00\x0d\x00\x00\x00\x16\x0f\x00\x00\x0f\x00\x00\x00\x24\
\x0f\x00\x00\x07\x00\x00\x00\x34\x0f\x00\x00\x04\x00\x00\x00\x3c\
\x0f\x00\x00\x07\x00\x00\x00\x41\x0f\x00\x00\x10\x00\x00\x00\x49\
\x0f\x00\x00\x08\x00\x00\x00\x5a\x0f\x00\x00\x06\x00\x00\x00\x63\
\x0f\x00\x00\x07\x00\x00\x00\x6a\x0f\x00\x00\x06\x00\x00\x00\x72\
\x0f\x00\x00\x07\x00\x00\x00\x79\x0f\x00\x00\x09\x00\x00\x00\x81\
\x0f\x00\x00\x07\x00\x00\x00\x8b\x0f\x00\x00\x0e\x00\x00\x00\x93\
\x0f\x00\x00\x06\x00\x00\x00\xa2\x0f\x00\x00\x09\x00\x00\x00\xa9\
\x0f\x00\x00\x04\x00\x00\x00\xb3\x0f\x00\x00\x05\x00\x00\x00\xb8\
\x0f\x00\x00\x07\x00\x00\x00\xbe\x0f\x00\x00\x09\x00\x00\x00\xc6\
\x0f\x00\x00\x0a\x00\x00\x00\xd0\x0f\x00\x00\x04\x00\x00\x00\xdb\
\x0f\x00\x00\x06\x00\x00\x00\xe0\x0f\x00\x00\x26\x00\x00\x00\xe7\
\x0f\x00\x00\x14\x00\x00\x00\x0e\x10\x00\x00\x08\x00\x00\x00\x23\
\x10\x00\x00\x0e\x00\x00\x00\x2c\x10\x00\x00\x0f\x00\x00\x00\x3b\
\x10\x00\x00\x18\x00\x00\x00\x4b\x10\x00\x00\x13\x00\x00\x00\x64\
\x10\x00\x00\x14\x00\x00\x00\x78\x10\x00\x00\x10\x00\x00\x00\x8d\
\x10\x00\x00\x0e\x00\x00\x00\x9e\x10\x00\x00\x0e\x00\x00\x00\xad\
\x10\x00\x00\x10\x00\x00\x00\xbc\x10\x00\x00\x13\x00\x00\x00\xcd\
\x10\x00\x00\x07\x00\x00\x00\xe1\x10\x00\x00\x1f\x00\x00\x00\xe9\
\x10\x00\x00\x0b\x01\x00\x00\x09\x11\x00\x00\x10\x00\x00\x00\x15\
\x12\x00\x00\x09\x00\x00\x00\x26\x12\x00\x00\x0b\x00\x00\x00\x30\
\x12\x00\x00\x08\x00\x00\x00\x3c\x12\x00\x00\x09\x00\x00\x00\x45\
\x12\x00\x00\x12\x00\x00\x00\x4f\x12\x00\x00\x0d\x00\x00\x00\x62\
\x12\x00\x00\x0a\x00\x00\x00\x70\x12\x00\x00\x09\x00\x00\x00\x7b\
\x12\x00\x00\x0b\x00\x00\x00\x85\x12\x00\x00\x07\x00\x00\x00\x91\
\x12\x00\x00\x0a\x00\x00\x00\x99\x12\x00\x00\x19\x00\x00\x00\xa4\
\x12\x00\x00\x0f\x00\x00\x00\xbe\x12\x00\x00\x0a\x00\x00\x00\xce\
\x12\x00\x00\x14\x00\x00\x00\xd9\x12\x00\x00\x12\x00\x00\x00\xee\
\x12\x00\x00\x14\x00\x00\x00\x01\x13\x00\x00\x0b\x00\x00\x00\x16\
\x13\x00\x00\x08\x00\x00\x00\x22\x13\x00\x00\x09\x00\x00\x00\x2b\
\x13\x00\x00\x09\x00\x00\x00\x35\x13\x00\x00\x0c\x00\x00\x00\x3f\
\x13\x00\x00\x0b\x00\x00\x00\x4c\x13\x00\x00\x08\x00\x00\x00\x58\
\x13\x00\x00\x14\x00\x00\x00\x61\x13\x00\x00\x05\x00\x00\x00\x76\
\x13\x00\x00\x09\x00\x00\x00\x7c\x13\x00\x00\x08\x00\x00\x00\x86\
\x13\x00\x00\x0d\x00\x00\x00\x8f\x13\x00\x00\x04\x00\x00\x00\x9d\
\x13\x00\x00\x0f\x00\x00\x00\xa2\x13\x00\x00\x0a\x00\x00\x00\xb2\
\x13\x00\x00\x08\x00\x00\x00\xbd\x13\x00\x00\x09\x00\x00\x00\xc6\
\x13\x00\x00\x05\x00\x00\x00\xd0\x13\x00\x00\x08\x00\x00\x00\xd6\
\x13\x00\x00\x09\x00\x00\x00\xdf\x13\x00\x00\x07\x00\x00\x00\xe9\
\x13\x00\x00\x05\x00\x00\x00\xf1\x13\x00\x00\x05\x00\x00\x00\xf7\
\x13\x00\x00\x0e\x00\x00\x00\xfd\x13\x00\x00\x08\x00\x00\x00\x0c\
\x14\x00\x00\x06\x00\x00\x00\x15\x14\x00\x00\x11\x00\x00\x00\x1c\
\x14\x00\x00\x09\x00\x00\x00\x2e\x14\x00\x00\x0c\x00\x00\x00\x38\
\x14\x00\x00\x07\x00\x00\x00\x45\x14\x00\x00\x0a\x00\x00\x00\x4d\
\x14\x00\x00\x05\x00\x00\x00\x58\x14\x00\x00\x05\x00\x00\x00\x5e\
\x14\x00\x00\x09\x00\x00\x00\x64\x14\x00\x00\x0b\x00\x00\x00\x6e\
\x14\x00\x00\x0b\x00\x00\x00\x7a\x14\x00\x00\x09\x00\x00\x00\x86\
\x14\x00\x00\x22\x00\x00\x00\x90\x14\x00\x00\x11\x00\x00\x00\xb3\
\x14\x00\x00\x0b\x00\x00\x00\xc5\x14\x00\x00\x09\x00\x00\x00\xd1\
\x14\x00\x00\x12\x00\x00\x00\xdb\x14\x00\x00\x0a\x00\x00\x00\xee\
\x14\x00\x00\x13\x00\x00\x00\xf9\x14\x00\x00\x2b\x00\x00\x00\x0d\
\x15\x00\x00\x1e\x00\x00\x00\x39\x15\x00\x00\x0a\x00\x00\x00\x58\
\x15\x00\x00\x07\x00\x00\x00\x63\x15\x00\x00\x08\x00\x00\x00\x6b\
\x15\x00\x00\x09\x00\x00\x00\x74\x15\x00\x00\x05\x00\x00\x00\x7e\
\x15\x00\x00\x07\x00\x00\x00\x84\x15\x00\x00\x0b\x00\x00\x00\x8c\
\x15\x00\x00\x06\x00\x00\x00\x98\x15\x00\x00\x0d\x00\x00\x00\x9f\
\x15\x00\x00\x0a\x00\x00\x00\xad\x15\x00\x00\x07\x00\x00\x00\xb8\
\x15\x00\x00\x02\x00\x00\x00\xc0\x15\x00\x00\x13\x00\x00\x00\xc3\
\x15\x00\x00\x07\x00\x00\x00\xd7\x15\x00\x00\x0d\x00\x00\x00\xdf\
\x15\x00\x00\x0f\x00\x00\x00\xed\x15\x00\x00\x09\x00\x00\x00\xfd\
\x15\x00\x00\x08\x00\x00\x00\x07\x16\x00\x00\x19\x00\x00\x00\x10\
\x16\x00\x00\x08\x00\x00\x00\x2a\x16\x00\x00\x0d\x00\x00\x00\x33\
\x16\x00\x00\x07\x00\x00\x00\x41\x16\x00\x00\x0d\x00\x00\x00\x49\
\x16\x00\x00\x09\x00\x00\x00\x57\x16\x00\x00\x0d\x00\x00\x00\x61\
\x16\x00\x00\x08\x00\x00\x00\x6f\x16\x00\x00\x0c\x00\x00\x00\x78\
\x16\x00\x00\x09\x00\x00\x00\x85\x16\x00\x00\x0a\x00\x00\x00\x8f\
\x16\x00\x00\x08\x00\x00\x00\x9a\x16\x00\x00\x0a\x00\x00\x00\xa3\
\x16\x00\x00\x0f\x00\x00\x00\xae\x16\x00\x00\x0e\x00\x00\x00\xbe\
\x16\x00\x00\x11\x00\x00\x00\xcd\x16\x00\x00\x08\x00\x00\x00\xdf\
\x16\x00\x00\x09\x00\x00\x00\xe8\x16\x00\x00\x08\x00\x00\x00\xf2\
\x16\x00\x00\x13\x00\x00\x00\xfb\x16\x00\x00\x0d\x00\x00\x00\x0f\
\x17\x00\x00\x0a\x00\x00\x00\x1d\x17\x00\x00\x0a\x00\x00\x00\x28\
\x17\x00\x00\x06\x00\x00\x00\x33\x17\x00\x00\x08\x00\x00\x00\x3a\
\x17\x00\x00\x08\x00\x00\x00\x43\x17\x00\x00\x0a\x00\x00\x00\x4c\
\x17\x00\x00\x0f\x00\x00\x00\x57\x17\x00\x00\x08\x00\x00\x00\x67\
\x17\x00\x00\x09\x00\x00\x00\x70\x17\x00\x00\x04\x00\x00\x00\x7a\
\x17\x00\x00\x0b\x00\x00\x00\x7f\x17\x00\x00\x09\x00\x00\x00\x8b\
\x17\x00\x00\x0a\x00\x00\x00\x95\x17\x00\x00\x0d\x00\x00\x00\xa0\
\x17\x00\x00\x07\x00\x00\x00\xae\x17\x00\x00\x07\x00\x00\x00\xb6\
\x17\x00\x00\x2b\x00\x00\x00\xbe\x17\x00\x00\x17\x00\x00\x00\xea\
\x17\x00\x00\x12\x00\x00\x00\x02\x18\x00\x00\x0f\x00\x00\x00\x15\
\x18\x00\x00\x12\x00\x00\x00\x25\x18\x00\x00\x13\x00\x00\x00\x38\
\x18\x00\x00\x1a\x00\x00\x00\x4c\x18\x00\x00\x17\x00\x00\x00\x67\
\x18\x00\x00\x13\x00\x00\x00\x7f\x18\x00\x00\x16\x00\x00\x00\x93\
\x18\x00\x00\x14\x00\x00\x00\xaa\x18\x00\x00\x2d\x00\x00\x00\xbf\
\x18\x00\x00\x17\x00\x00\x00\xed\x18\x00\x00\x09\x00\x00\x00\x05\
\x19\x00\x00\x25\x00\x00\x00\x0f\x19\x00\x00\x01\x00\x00\x00\x26\
\x00\x00\x00\x00\x00\x00\x00\x47\x00\x00\x00\x69\x00\x00\x00\x56\
\x00\x00\x00\x03\x00\x00\x00\x67\x00\x00\x00\x59\x00\x00\x00\x49\
\x00\x00\x00\x00\x00\x00\x00\x3f\x00\x00\x00\x00\x00\x00\x00\x84\
\x00\x00\x00\x34\x00\x00\x00\x38\x00\x00\x00\x00\x00\x00\x00\x0b\
\x00\x00\x00\x0c\x00\x00\x00\x28\x00\x00\x00\x2b\x00\x00\x00\x08\
\x00\x00\x00\x85\x00\x00\x00\x68\x00\x00\x00\x61\x00\x00\x00\x00\
\x00\x00\x00\x2c\x00\x00\x00\x7e\x00\x00\x00\x4e\x00\x00\x00\x5a\
\x00\x00\x00\x00\x00\x00\x00\x5b\x00\x00\x00\x80\x00\x00\x00\x55\
\x00\x00\x00\x1a\x00\x00\x00\x04\x00\x00\x00\x19\x00\x00\x00\x00\
\x00\x00\x00\x00\x00\x00\x00\x1b\x00\x00\x00\x00\x00\x00\x00\x72\
\x00\x00\x00\x70\x00\x00\x00\x3e\x00\x00\x00\x00\x00\x00\x00\x0a\
\x00\x00\x00\x4f\x00\x00\x00\x77\x00\x00\x00\x00\x00\x00\x00\x00\
\x00\x00\x00\x6d\x00\x00\x00\x73\x00\x00\x00\x66\x00\x00\x00\x63\
\x00\x00\x00\x50\x00\x00\x00\x00\x00\x00\x00\x6c\x00\x00\x00\x42\
\x00\x00\x00\x81\x00\x00\x00\x06\x00\x00\x00\x00\x00\x00\x00\x00\
\x00\x00\x00\x21\x00\x00\x00\x78\x00\x00\x00\x16\x00\x00\x00\x00\
\x00\x00\x00\x33\x00\x00\x00\x00\x00\x00\x00\x00\x00\x00\x00\x3a\
\x00\x00\x00\x00\x00\x00\x00\x83\x00\x00\x00\x13\x00\x00\x00\x09\
\x00\x00\x00\x39\x00\x00\x00\x00\x00\x00\x00\x75\x00\x00\x00\x00\
\x00\x00\x00\x00\x00\x00\x00\x7b\x00\x00\x00\x0d\x00\x00\x00\x00\
\x00\x00\x00\x7c\x00\x00\x00\x65\x00\x00\x00\x29\x00\x00\x00\x6b\
\x00\x00\x00\x00\x00\x00\x00\x40\x00\x00\x00\x7a\x00\x00\x00\x1e\
\x00\x00\x00\x4b\x00\x00\x00\x00\x00\x00\x00\x0e\x00\x00\x00\x00\
\x00\x00\x00\x25\x00\x00\x00\x3c\x00\x00\x00\x3d\x00\x00\x00\x45\
\x00\x00\x00\x48\x00\x00\x00\x12\x00\x00\x00\x43\x00\x00\x00\x79\
\x00\x00\x00\x5f\x00\x00\x00\x00\x00\x00\x00\x00\x00\x00\x00\x0f\
\x00\x00\x00\x60\x00\x00\x00\x00\x00\x00\x00\x52\x00\x00\x00\x00\
\x00\x00\x00\x27\x00\x00\x00\x00\x00\x00\x00\x7d\x00\x00\x00\x64\
\x00\x00\x00\x24\x00\x00\x00\x53\x00\x00\x00\x35\x00\x00\x00\x2d\
\x00\x00\x00\x1d\x00\x00\x00\x00\x00\x00\x00\x32\x00\x00\x00\x11\
\x00\x00\x00\x00\x00\x00\x00\x71\x00\x00\x00\x00\x00\x00\x00\x00\
\x00\x00\x00\x44\x00\x00\x00\x2a\x00\x00\x00\x82\x00\x00\x00\x14\
\x00\x00\x00\x00\x00\x00\x00\x3b\x00\x00\x00\x23\x00\x00\x00\x20\
\x00\x00\x00\x1f\x00\x00\x00\x18\x00\x00\x00\x00\x00\x00\x00\x00\
\x00\x00\x00\x15\x00\x00\x00\x00\x00\x00\x00\x58\x00\x00\x00\x74\
\x00\x00\x00\x41\x00\x00\x00\x05\x00\x00\x00\x07\x00\x00\x00\x5c\
\x00\x00\x00\x00\x00\x00\x00\x62\x00\x00\x00\x22\x00\x00\x00\x4a\
\x00\x00\x00\x31\x00\x00\x00\x1c\x00\x00\x00\x6f\x00\x00\x00\x2f\
\x00\x00\x00\x37\x00\x00\x00\x00\x00\x00\x00\x4c\x00\x00\x00\x76\
\x00\x00\x00\x00\x00\x00\x00\x4d\x00\x00\x00\x17\x00\x00\x00\x6e\
\x00\x00\x00\x54\x00\x00\x00\x7f\x00\x00\x00\x2e\x00\x00\x00\x86\
\x00\x00\x00\x87\x00\x00\x00\x10\x00\x00\x00\x5d\x00\x00\x00\x02\
\x00\x00\x00\x51\x00\x00\x00\x00\x00\x00\x00\x00\x00\x00\x00\x00\
\x00\x00\x00\x5e\x00\x00\x00\x30\x00\x00\x00\x57\x00\x00\x00\x36\
\x00\x00\x00\x6a\x00\x00\x00\x46\x00\x00\x00\x00\x00\x00\x00\x00\
\x41\x63\x63\x65\x73\x73\x20\x45\x72\x72\x6f\x72\x3a\x20\x00\x41\
\x66\x72\x69\x6b\x61\x6e\x73\x00\x41\x70\x70\x6c\x79\x00\x41\x72\
\x61\x62\x69\x63\x00\x41\x72\x6d\x65\x6e\x69\x61\x6d\x00\x41\x74\
\x74\x72\x69\x62\x75\x74\x20\x45\x72\x72\x6f\x72\x3a\x20\x00\x42\
\x72\x61\x7a\x69\x6c\x69\x61\x6e\x00\x42\x75\x6c\x67\x61\x72\x69\
\x61\x6e\x00\x43\x61\x6e\x63\x65\x6c\x00\x43\x61\x74\x61\x6c\x61\
\x6e\x00\x43\x68\x61\x72\x61\x63\x74\x65\x72\x00\x43\x68\x69\x6e\
\x65\x73\x65\x00\x43\x68\x69\x6e\x65\x73\x65\x20\x54\x72\x61\x64\
\x69\x74\x69\x6f\x6e\x61\x6c\x00\x43\x68\x6f\x6f\x73\x65\x20\x70\
\x61\x74\x68\x00\x43\x6c\x6f\x73\x65\x00\x43\x6c\x6f\x73\x65\x20\
\x41\x70\x70\x6c\x69\x63\x61\x74\x69\x6f\x6e\x00\x43\x6f\x6d\x6d\
\x65\x6e\x74\x20\x45\x72\x72\x6f\x72\x3a\x20\x00\x43\x6f\x6d\x6d\
\x6f\x6e\x20\x45\x78\x63\x65\x70\x74\x69\x6f\x6e\x3a\x20\x00\x43\
\x6f\x6d\x70\x69\x6c\x65\x00\x43\x6f\x70\x79\x00\x43\x72\x65\x61\
\x74\x65\x00\x43\x72\x6f\x61\x74\x69\x61\x6e\x00\x43\x75\x74\x00\
\x43\x7a\x65\x63\x68\x00\x44\x61\x6e\x69\x73\x68\x00\x44\x61\x74\
\x61\x62\x61\x73\x65\x20\x4d\x61\x6e\x61\x67\x65\x72\x00\x44\x61\
\x74\x65\x00\x44\x61\x74\x65\x54\x69\x6d\x65\x00\x44\x65\x6c\x65\
\x74\x65\x00\x44\x65\x6c\x65\x74\x65\x20\x4d\x53\x47\x49\x44\x00\
\x44\x65\x73\x74\x69\x6e\x61\x74\x69\x6f\x6e\x00\x44\x75\x74\x63\
\x68\x00\x45\x64\x69\x74\x00\x45\x6e\x67\x6c\x69\x73\x68\x00\x45\
\x6e\x74\x72\x69\x65\x73\x00\x45\x72\x72\x6f\x72\x00\x45\x72\x72\
\x6f\x72\x3a\x20\x00\x45\x73\x70\x65\x72\x61\x6e\x74\x6f\x00\x45\
\x78\x69\x74\x00\x46\x61\x72\x73\x69\x6c\x00\x46\x69\x6c\x65\x00\
\x46\x69\x6c\x65\x20\x45\x72\x72\x6f\x72\x3a\x20\x00\x46\x69\x6e\
\x6e\x69\x73\x68\x00\x46\x6c\x6f\x61\x74\x00\x46\x6f\x72\x6d\x2d\
\x44\x65\x73\x69\x67\x6e\x65\x72\x00\x46\x6f\x72\x6d\x73\x00\x46\
\x72\x65\x6e\x63\x68\x00\x47\x65\x72\x6d\x61\x6e\x00\x47\x72\x65\
\x65\x6b\x00\x48\x65\x6c\x70\x00\x48\x69\x6e\x64\x69\x00\x48\x75\
\x6e\x67\x61\x72\x69\x61\x6e\x00\x49\x6e\x64\x6f\x6e\x65\x73\x69\
\x61\x6e\x00\x49\x6e\x73\x65\x72\x74\x00\x49\x6e\x74\x65\x67\x65\
\x72\x00\x49\x6e\x74\x65\x72\x6e\x61\x6c\x20\x45\x72\x72\x6f\x72\
\x20\x28\x50\x79\x74\x68\x6f\x6e\x20\x4e\x61\x6d\x65\x45\x72\x72\
\x6f\x72\x29\x00\x49\x6e\x74\x65\x72\x6e\x61\x6c\x20\x45\x72\x72\
\x6f\x72\x3a\x20\x00\x49\x74\x61\x6c\x69\x61\x6e\x00\x4a\x61\x70\
\x61\x6e\x65\x73\x65\x00\x4a\x61\x70\x61\x6e\x65\x73\x65\x2d\x65\
\x6e\x00\x4b\x6f\x72\x65\x61\x6e\x00\x4b\x6f\x72\x65\x61\x6e\x2d\
\x65\x6e\x00\x4c\x4f\x47\x20\x66\x69\x6c\x65\x20\x63\x6f\x75\x6c\
\x64\x20\x6e\x6f\x74\x20\x72\x65\x6d\x6f\x76\x65\x00\x4c\x4f\x47\
\x20\x66\x69\x6c\x65\x20\x68\x61\x76\x65\x20\x62\x65\x65\x6e\x20\
\x72\x65\x6d\x6f\x76\x65\x64\x00\x4c\x61\x62\x65\x6c\x73\x00\x4c\
\x61\x6e\x67\x75\x61\x67\x65\x00\x4c\x61\x74\x76\x69\x61\x6e\x00\
\x4c\x69\x74\x68\x75\x61\x6e\x69\x61\x6e\x00\x4c\x6f\x61\x64\x00\
\x4c\x6f\x67\x69\x63\x61\x6c\x00\x4d\x61\x63\x65\x64\x6f\x6e\x69\
\x61\x6e\x00\x4d\x65\x6e\x75\x65\x00\x4e\x65\x77\x20\x50\x72\x6f\
\x6a\x65\x63\x74\x00\x4e\x6f\x72\x77\x65\x67\x69\x61\x6e\x00\x4e\
\x75\x6d\x65\x72\x69\x63\x00\x4f\x4b\x00\x4f\x6e\x65\x2d\x43\x6c\
\x69\x63\x6b\x20\x41\x70\x70\x6c\x69\x63\x61\x74\x69\x6f\x6e\x00\
\x4f\x70\x65\x6e\x00\x4f\x70\x65\x6e\x20\x46\x69\x6c\x65\x2e\x2e\
\x2e\x00\x4f\x70\x65\x6e\x20\x50\x72\x6f\x6a\x65\x63\x74\x00\x50\
\x61\x73\x74\x65\x00\x50\x65\x72\x73\x69\x61\x6e\x00\x50\x6c\x65\
\x61\x73\x65\x20\x65\x6e\x74\x65\x72\x20\x74\x65\x78\x74\x00\x50\
\x6f\x6c\x69\x73\x68\x00\x50\x6f\x72\x74\x75\x67\x75\x65\x73\x65\
\x00\x50\x72\x69\x6e\x74\x00\x50\x72\x69\x6e\x74\x20\x50\x72\x65\
\x76\x69\x65\x77\x00\x50\x72\x6f\x67\x72\x61\x6d\x73\x00\x50\x72\
\x6f\x70\x65\x72\x74\x69\x65\x73\x00\x51\x75\x65\x72\x69\x65\x73\
\x00\x52\x65\x67\x69\x65\x63\x65\x6e\x74\x65\x72\x00\x52\x65\x6d\
\x6f\x76\x65\x00\x52\x65\x6e\x61\x6d\x65\x00\x52\x65\x70\x6f\x72\
\x74\x73\x00\x52\x6f\x6d\x61\x6e\x69\x61\x6e\x00\x52\x75\x6e\x20\
\x2d\x20\x46\x32\x00\x52\x75\x6e\x74\x69\x6d\x65\x20\x45\x72\x72\
\x6f\x72\x00\x52\x75\x6e\x74\x69\x6d\x65\x20\x45\x72\x72\x6f\x72\
\x3a\x20\x00\x52\x75\x73\x73\x69\x61\x6e\x00\x53\x61\x76\x65\x00\
\x53\x65\x72\x62\x69\x61\x6e\x00\x53\x65\x72\x62\x69\x61\x6e\x2d\
\x43\x79\x72\x69\x6c\x6c\x69\x63\x00\x53\x65\x74\x74\x69\x6e\x67\
\x73\x00\x53\x6c\x6f\x76\x61\x6b\x00\x53\x6c\x6f\x76\x65\x6e\x65\
\x00\x53\x6f\x75\x72\x63\x65\x00\x53\x70\x61\x6e\x69\x73\x68\x00\
\x53\x74\x72\x75\x63\x74\x75\x72\x65\x00\x53\x77\x65\x64\x69\x73\
\x68\x00\x53\x79\x6e\x74\x61\x78\x20\x45\x72\x72\x6f\x72\x3a\x20\
\x00\x54\x61\x62\x6c\x65\x73\x00\x54\x68\x65\x20\x61\x6c\x69\x61\
\x73\x00\x54\x69\x6d\x65\x00\x54\x6f\x6f\x6c\x73\x00\x54\x75\x72\
\x6b\x69\x73\x68\x00\x55\x6b\x72\x61\x69\x6e\x69\x61\x6e\x00\x56\
\x69\x65\x74\x6e\x61\x6d\x65\x73\x65\x00\x56\x69\x65\x77\x00\x57\
\x69\x6e\x64\x6f\x77\x00\x57\x6f\x75\x6c\x64\x20\x79\x6f\x75\x20\
\x72\x65\x61\x6c\x79\x20\x63\x6c\x6f\x73\x65\x20\x74\x68\x65\x20\
\x41\x70\x70\x6c\x69\x63\x61\x74\x69\x6f\x6e\x3f\x00\x61\x6c\x69\
\x61\x73\x20\x61\x6c\x72\x65\x61\x64\x79\x20\x65\x78\x69\x73\x74\
\x73\x00\x61\x6c\x6c\x46\x69\x6c\x65\x73\x00\x61\x6c\x72\x65\x61\
\x64\x79\x20\x65\x78\x69\x73\x74\x73\x00\x61\x6c\x72\x65\x61\x64\
\x79\x20\x65\x78\x69\x73\x74\x73\x2e\x00\x61\x72\x65\x20\x79\x6f\
\x75\x20\x73\x75\x72\x65\x2c\x20\x74\x6f\x20\x64\x65\x6c\x65\x74\
\x65\x3f\x00\x63\x6f\x75\x6c\x64\x20\x6e\x6f\x74\x20\x6f\x70\x65\
\x6e\x20\x66\x69\x6c\x65\x00\x64\x42\x61\x73\x65\x53\x6f\x75\x72\
\x63\x65\x63\x6f\x64\x65\x46\x69\x6c\x65\x73\x00\x64\x65\x6c\x65\
\x74\x65\x20\x4c\x4f\x47\x20\x66\x69\x6c\x65\x3f\x00\x66\x69\x6c\
\x65\x20\x69\x73\x20\x69\x6e\x20\x75\x73\x65\x00\x66\x69\x6c\x65\
\x20\x6e\x6f\x74\x20\x66\x6f\x75\x6e\x64\x00\x72\x65\x6d\x6f\x76\
\x65\x20\x4c\x4f\x47\x20\x66\x69\x6c\x65\x3f\x00\x72\x65\x6d\x6f\
\x76\x65\x20\x66\x69\x6c\x65\x20\x64\x69\x65\x6e\x65\x64\x2e\x00\
\x72\x65\x6d\x76\x6f\x65\x64\x00\x79\x6f\x75\x20\x68\x61\x76\x65\
\x20\x74\x6f\x20\x72\x65\x6d\x6f\x76\x65\x20\x69\x74\x20\x79\x6f\
\x75\x72\x20\x73\x65\x6c\x66\x00\x50\x72\x6f\x6a\x65\x63\x74\x2d\
\x49\x64\x2d\x56\x65\x72\x73\x69\x6f\x6e\x3a\x20\x61\x70\x70\x20\
\x31\x2e\x30\x0a\x52\x65\x70\x6f\x72\x74\x2d\x4d\x73\x67\x69\x64\
\x2d\x42\x75\x67\x73\x2d\x54\x6f\x3a\x20\x70\x61\x75\x6c\x65\x33\
\x32\x2e\x6a\x6b\x40\x67\x6d\x61\x69\x6c\x2e\x63\x6f\x6d\x0a\x50\
\x4f\x2d\x52\x65\x76\x69\x73\x69\x6f\x6e\x2d\x44\x61\x74\x65\x3a\
\x20\x32\x30\x32\x36\x2d\x30\x32\x2d\x32\x34\x20\x30\x30\x3a\x30\
\x30\x2b\x30\x31\x30\x30\x0a\x4c\x61\x73\x74\x2d\x54\x72\x61\x6e\
\x73\x6c\x61\x74\x6f\x72\x3a\x20\x70\x61\x75\x6c\x65\x33\x32\x0a\
\x4c\x61\x6e\x67\x75\x61\x67\x65\x2d\x54\x65\x61\x6d\x3a\x20\x70\
\x61\x75\x6c\x65\x33\x32\x0a\x4c\x61\x6e\x67\x75\x61\x67\x65\x3a\
\x20\x45\x4e\x55\x3a\x44\x45\x55\x0a\x4d\x49\x4d\x45\x2d\x56\x65\
\x72\x73\x69\x6f\x6e\x3a\x20\x31\x2e\x30\x0a\x43\x6f\x6e\x74\x65\
\x6e\x74\x2d\x54\x79\x70\x65\x3a\x20\x74\x65\x78\x74\x2f\x70\x6c\
\x61\x69\x6e\x3b\x20\x63\x68\x61\x72\x73\x65\x74\x3d\x55\x54\x46\
\x2d\x38\x0a\x43\x6f\x6e\x74\x65\x6e\x74\x2d\x54\x72\x61\x6e\x73\
\x66\x65\x72\x2d\x45\x6e\x63\x6f\x64\x69\x6e\x67\x3a\x20\x38\x62\
\x69\x74\x0a\x00\x5a\x75\x67\x72\x69\x66\x66\x2d\x46\x65\x68\x6c\
\x65\x72\x3a\x20\x00\x41\x66\x72\x69\x6b\x61\x61\x6e\x73\x00\xc3\
\x9c\x62\x65\x72\x6e\x65\x68\x6d\x65\x6e\x00\x41\x72\x61\x62\x69\
\x73\x63\x68\x00\x41\x72\x6d\x65\x6e\x69\x73\x63\x68\x00\x41\x74\
\x74\x72\x69\x62\x75\x74\x65\x2d\x46\x65\x68\x6c\x65\x72\x3a\x20\
\x00\x42\x72\x61\x73\x69\x6c\x69\x61\x6e\x69\x73\x63\x68\x00\x42\
\x75\x6c\x67\x61\x72\x69\x73\x63\x68\x00\x41\x62\x62\x72\x65\x63\
\x68\x65\x6e\x00\x4b\x61\x74\x61\x6c\x61\x6e\x69\x73\x63\x68\x00\
\x5a\x65\x69\x63\x68\x65\x6e\x00\x43\x68\x69\x6e\x65\x73\x69\x73\
\x63\x68\x00\x43\x68\x69\x6e\x65\x73\x69\x73\x63\x68\x20\x28\x54\
\x72\x61\x64\x69\x74\x69\x6f\x6e\x65\x6c\x6c\x29\x00\x50\x66\x61\
\x64\x20\x61\x75\x73\x77\xc3\xa4\x68\x6c\x65\x6e\x00\x53\x63\x68\
\x6c\x69\x65\xc3\x9f\x65\x6e\x00\x41\x6e\x77\x65\x6e\x64\x75\x6e\
\x67\x20\x73\x63\x68\x6c\x69\x65\xc3\x9f\x65\x6e\x00\x4b\x6f\x6d\
\x6d\x65\x6e\x74\x61\x72\x2d\x46\x65\x68\x6c\x65\x72\x3a\x20\x00\
\x41\x6c\x6c\x67\x65\x6d\x65\x69\x6e\x65\x72\x20\x46\x65\x68\x6c\
\x65\x72\x3a\x20\x00\x43\x6f\x6d\x70\x69\x6c\x69\x65\x72\x65\x6e\
\x00\x4b\x6f\x70\x69\x65\x72\x65\x6e\x00\x45\x72\x73\x74\x65\x6c\
\x6c\x65\x6e\x00\x4b\x72\x6f\x61\x74\x69\x73\x63\x68\x00\x41\x75\
\x73\x73\x63\x68\x6e\x65\x69\x64\x65\x6e\x00\x54\x73\x63\x68\x65\
\x63\x68\x69\x73\x63\x68\x00\x44\xc3\xa4\x6e\x69\x73\x63\x68\x00\
\x44\x61\x74\x65\x6e\x62\x61\x6e\x6b\x2d\x56\x65\x72\x77\x61\x6c\
\x74\x75\x6e\x67\x00\x44\x41\x54\x55\x4d\x00\x44\x41\x54\x55\x4d\
\x5a\x45\x49\x54\x00\x4c\xc3\xb6\x73\x63\x68\x65\x6e\x00\x4c\xc3\
\xb6\x73\x63\x68\x65\x20\x4d\x53\x47\x49\x44\x00\x5a\x69\x65\x6c\
\x00\x4e\x69\x65\x64\x65\x72\x6c\xc3\xa4\x6e\x64\x69\x73\x63\x68\
\x00\x42\x65\x61\x72\x62\x65\x69\x74\x65\x6e\x00\x45\x6e\x67\x6c\
\x69\x73\x63\x68\x00\x45\x69\x6e\x74\x72\xc3\xa4\x67\x65\x00\x45\
\x72\x72\x6f\x72\x00\x46\x65\x68\x6c\x65\x72\x3a\x20\x00\x45\x73\
\x70\x65\x72\x61\x6e\x74\x6f\x00\x42\x65\x65\x6e\x64\x65\x6e\x00\
\x46\x61\x72\x73\x69\x00\x44\x61\x74\x65\x69\x00\x44\x61\x74\x65\
\x69\x2d\x46\x65\x68\x6c\x65\x72\x3a\x20\x00\x46\x69\x6e\x6e\x69\
\x73\x63\x68\x00\x44\x4f\x55\x42\x4c\x45\x00\x46\x6f\x72\x6d\x75\
\x6c\x61\x72\x2d\x44\x65\x73\x69\x67\x6e\x65\x72\x00\x46\x6f\x72\
\x6d\x75\x6c\x61\x72\x65\x00\x46\x72\x61\x6e\x7a\xc3\xb6\x73\x69\
\x73\x63\x68\x00\x44\x65\x75\x74\x73\x63\x68\x00\x47\x72\x69\x65\
\x63\x68\x69\x73\x63\x68\x00\x48\x69\x6c\x66\x65\x00\x48\x69\x6e\
\x64\x69\x00\x55\x6e\x67\x61\x72\x69\x73\x63\x68\x00\x49\x6e\x64\
\x6f\x6e\x65\x73\x69\x73\x63\x68\x00\x48\x69\x6e\x7a\x75\x66\xc3\
\xbc\x67\x65\x6e\x00\x4e\x75\x6d\x65\x72\x69\x73\x63\x68\x00\x49\
\x6e\x74\x65\x72\x6e\x65\x72\x20\x46\x65\x68\x6c\x65\x72\x20\x28\
\x50\x79\x68\x74\x6f\x6e\x20\x4e\x61\x6d\x65\x45\x72\x72\x6f\x72\
\x29\x00\x49\x6e\x74\x65\x72\x6e\x65\x72\x2d\x46\x65\x68\x6c\x65\
\x72\x3a\x20\x00\x49\x74\x61\x6c\x69\x65\x6e\x69\x73\x63\x68\x00\
\x4a\x61\x70\x61\x6e\x69\x73\x63\x68\x00\x4a\x61\x70\x61\x6e\x69\
\x73\x63\x68\x2d\x45\x6e\x67\x6c\x69\x73\x63\x68\x00\x4b\x6f\x72\
\x65\x61\x6e\x69\x73\x63\x68\x00\x4b\x6f\x72\x65\x61\x6e\x69\x73\
\x63\x68\x2d\x45\x6e\x67\x6c\x69\x73\x63\x68\x00\x44\x69\x65\x20\
\x4c\x4f\x47\x2d\x44\x61\x74\x65\x69\x20\x6b\x6f\x6e\x6e\x74\x65\
\x20\x6e\x69\x63\x68\x74\x20\x67\x65\x6c\xc3\xb6\x73\x63\x68\x74\
\x20\x77\x65\x72\x64\x65\x6e\x00\x44\x69\x65\x20\x4c\x4f\x47\x2d\
\x44\x61\x74\x65\x69\x20\x77\x75\x72\x64\x65\x20\x67\x65\x6c\xc3\
\xb6\x73\x63\x68\x74\x2e\x00\x45\x74\x74\x69\x6b\x65\x74\x74\x65\
\x6e\x00\x53\x70\x72\x61\x63\x68\x65\x00\x4c\x65\x74\x74\x69\x73\
\x63\x68\x00\x4c\x69\x74\x61\x75\x69\x73\x63\x68\x00\x4c\x61\x64\
\x65\x6e\x00\x4c\x6f\x67\x69\x73\x63\x68\x00\x4d\x61\x7a\x65\x64\
\x6f\x6e\x69\x73\x63\x68\x00\x4d\x65\x6e\xc3\xbc\x73\x00\x4e\x65\
\x75\x65\x73\x20\x50\x72\x6f\x6a\x65\x6b\x74\x00\x4e\x6f\x72\x77\
\x65\x67\x69\x73\x63\x68\x00\x44\x45\x5a\x49\x4d\x41\x4c\x00\x4f\
\x4b\x00\x45\x69\x6e\x2d\x6b\x6c\x69\x63\x6b\x20\x41\x6e\x77\x65\
\x6e\x64\x75\x6e\x67\x00\xc3\x96\x66\x66\x6e\x65\x6e\x00\x44\x61\
\x74\x65\x69\x20\xc3\xb6\x66\x66\x6e\x65\x6e\x00\x50\x72\x6f\x6a\
\x65\x63\x74\x20\xc3\xb6\x66\x66\x6e\x65\x6e\x00\x45\x69\x6e\x66\
\xc3\xbc\x67\x65\x6e\x00\x50\x65\x72\x73\x69\x73\x63\x68\x00\x42\
\x69\x74\x74\x65\x20\x65\x72\x73\x74\x20\x54\x65\x78\x74\x20\x65\
\x69\x6e\x67\x65\x62\x65\x6e\x2e\x00\x50\x6f\x6c\x6e\x69\x73\x63\
\x68\x00\x50\x6f\x72\x74\x75\x67\x69\x65\x73\x69\x73\x63\x68\x00\
\x44\x72\x75\x63\x6b\x65\x6e\x00\x44\x75\x72\x63\x6b\x76\x6f\x72\
\x73\x63\x68\x61\x75\x00\x50\x72\x6f\x67\x72\x61\x6d\x6d\x65\x00\
\x45\x69\x67\x65\x6e\x73\x63\x68\x61\x66\x74\x65\x6e\x00\x41\x62\
\x66\x72\x61\x67\x65\x6e\x00\x52\x65\x67\x69\x65\x7a\x65\x6e\x74\
\x72\x75\x6d\x00\x45\x6e\x74\x66\x65\x72\x6e\x65\x6e\x00\x55\x6d\
\x62\x65\x6e\x65\x6e\x6e\x65\x6e\x00\x42\x65\x72\x69\x63\x68\x74\
\x65\x00\x52\x75\x6d\xc3\xa4\x6e\x69\x73\x63\x68\x00\x41\x75\x73\
\x66\xc3\xbc\x68\x72\x65\x6e\x20\x2d\x20\x46\x32\x00\x4c\x61\x75\
\x66\x7a\x65\x69\x74\x66\x65\x68\x6c\x65\x72\x00\x4c\x61\x75\x66\
\x7a\x65\x69\x74\x2d\x46\x65\x68\x6c\x65\x72\x3a\x20\x00\x52\x75\
\x73\x73\x69\x73\x63\x68\x00\x53\x70\x65\x69\x63\x68\x65\x72\x6e\
\x00\x53\x65\x72\x62\x69\x73\x63\x68\x00\x53\x65\x72\x62\x69\x73\
\x63\x68\x2d\x4b\x79\x72\x69\x6c\x6c\x69\x73\x63\x68\x00\x45\x69\
\x6e\x73\x74\x65\x6c\x6c\x75\x6e\x67\x65\x6e\x00\x53\x6c\x6f\x77\
\x61\x6b\x69\x73\x63\x68\x00\x53\x6c\x6f\x77\x65\x6e\x69\x73\x63\
\x68\x00\x51\x75\x65\x6c\x6c\x65\x00\x53\x70\x61\x6e\x69\x73\x63\
\x68\x00\x53\x74\x72\x75\x6b\x74\x75\x72\x00\x53\x63\x68\x77\x65\
\x64\x69\x73\x63\x68\x00\x53\x79\x6e\x74\x61\x78\x2d\x46\x65\x68\
\x6c\x65\x72\x3a\x20\x00\x54\x61\x62\x65\x6c\x6c\x65\x6e\x00\x44\
\x65\x72\x20\x41\x6c\x69\x61\x73\x00\x5a\x45\x49\x54\x00\x48\x69\
\x6c\x66\x73\x6d\x69\x74\x74\x65\x6c\x00\x54\xc3\xbc\x72\x6b\x69\
\x73\x63\x68\x00\x55\x6b\x72\x61\x69\x6e\x69\x73\x63\x68\x00\x56\
\x69\x65\x74\x6e\x61\x6d\x65\x73\x69\x73\x63\x68\x00\x41\x6e\x73\
\x69\x63\x68\x74\x00\x46\x65\x6e\x73\x74\x65\x72\x00\x57\x6f\x6c\
\x6c\x65\x6e\x20\x53\x69\x65\x20\x64\x69\x65\x20\x41\x6e\x77\x65\
\x6e\x64\x75\x6e\x67\x20\x77\x69\x72\x6b\x6c\x69\x63\x68\x20\x62\
\x65\x65\x6e\x64\x65\x6e\x20\x3f\x00\x41\x6c\x69\x61\x73\x20\x65\
\x78\x69\x73\x74\x69\x65\x72\x74\x20\x62\x65\x72\x65\x69\x74\x73\
\x00\x41\x6c\x6c\x65\x20\x44\x61\x74\x65\x69\x65\x6e\x20\x28\x2a\
\x2e\x2a\x29\x00\x65\x78\x69\x73\x74\x69\x65\x72\x74\x20\x73\x63\
\x68\x6f\x6e\x00\x65\x78\x69\x73\x74\x69\x65\x72\x74\x20\x62\x65\
\x72\x65\x69\x74\x73\x2e\x00\x77\x69\x72\x6b\x6c\x69\x63\x68\x20\
\x65\x6e\x74\x66\x65\x72\x6e\x65\x6e\x3f\x00\x4b\x6f\x6e\x6e\x74\
\x65\x20\x44\x61\x74\x65\x69\x20\x6e\x69\x63\x68\x74\x20\xc3\xb6\
\x66\x66\x6e\x65\x6e\x00\x64\x42\x61\x73\x65\x20\x51\x75\x65\x6c\
\x6c\x63\x6f\x64\x65\x20\x28\x2a\x2e\x70\x72\x67\x29\x00\x4c\x4f\
\x47\x2d\x44\x61\x74\x65\x69\x20\x6c\xc3\xb6\x73\x63\x68\x65\x6e\
\x3f\x00\x44\x61\x74\x65\x69\x20\x69\x73\x74\x20\x69\x6e\x20\x62\
\x65\x6e\x75\x74\x7a\x75\x6e\x67\x00\x44\x61\x74\x65\x69\x20\x6e\
\x69\x63\x68\x74\x20\x67\x65\x66\x75\x6e\x64\x65\x6e\x00\x53\x6f\
\x6c\x6c\x20\x64\x69\x65\x20\x4c\x4f\x47\x2d\x44\x61\x74\x65\x69\
\x20\x77\x69\x72\x6b\x6c\x69\x63\x68\x20\x67\x65\x6c\xc3\xb6\x73\
\x63\x68\x74\x20\x77\x65\x72\x64\x65\x6e\x3f\x00\x4c\xc3\xb6\x73\
\x63\x68\x65\x6e\x20\x66\x65\x68\x6c\x67\x65\x73\x63\x68\x6c\x61\
\x67\x65\x6e\x00\x47\x65\x6c\xc3\xb6\x73\x63\x68\x74\x00\x53\x69\
\x65\x20\x6d\xc3\xbc\x73\x73\x65\x6e\x20\x64\x69\x65\x20\x44\x61\
\x74\x65\x69\x20\x73\x65\x6c\x62\x73\x74\x20\x6c\xc3\xb6\x73\x63\
\x68\x65\x6e\x00\
\x00\x00\x10\x3b\
\xde\
\x12\x04\x95\x00\x00\x00\x00\x4e\x00\x00\x00\x1c\x00\x00\x00\x8c\
\x02\x00\x00\x6b\x00\x00\x00\xfc\x04\x00\x00\x00\x00\x00\x00\xa8\
\x06\x00\x00\x0e\x00\x00\x00\xa9\x06\x00\x00\x10\x00\x00\x00\xb8\
\x06\x00\x00\x06\x00\x00\x00\xc9\x06\x00\x00\x09\x00\x00\x00\xd0\
\x06\x00\x00\x0b\x00\x00\x00\xda\x06\x00\x00\x05\x00\x00\x00\xe6\
\x06\x00\x00\x11\x00\x00\x00\xec\x06\x00\x00\x0f\x00\x00\x00\xfe\
\x06\x00\x00\x12\x00\x00\x00\x0e\x07\x00\x00\x07\x00\x00\x00\x21\
\x07\x00\x00\x04\x00\x00\x00\x29\x07\x00\x00\x10\x00\x00\x00\x2e\
\x07\x00\x00\x04\x00\x00\x00\x3f\x07\x00\x00\x08\x00\x00\x00\x44\
\x07\x00\x00\x06\x00\x00\x00\x4d\x07\x00\x00\x04\x00\x00\x00\x54\
\x07\x00\x00\x07\x00\x00\x00\x59\x07\x00\x00\x05\x00\x00\x00\x61\
\x07\x00\x00\x07\x00\x00\x00\x67\x07\x00\x00\x04\x00\x00\x00\x6f\
\x07\x00\x00\x04\x00\x00\x00\x74\x07\x00\x00\x0c\x00\x00\x00\x79\
\x07\x00\x00\x05\x00\x00\x00\x86\x07\x00\x00\x0d\x00\x00\x00\x8c\
\x07\x00\x00\x05\x00\x00\x00\x9a\x07\x00\x00\x06\x00\x00\x00\xa0\
\x07\x00\x00\x07\x00\x00\x00\xa7\x07\x00\x00\x21\x00\x00\x00\xaf\
\x07\x00\x00\x10\x00\x00\x00\xd1\x07\x00\x00\x19\x00\x00\x00\xe2\
\x07\x00\x00\x1a\x00\x00\x00\xfc\x07\x00\x00\x06\x00\x00\x00\x17\
\x08\x00\x00\x08\x00\x00\x00\x1e\x08\x00\x00\x07\x00\x00\x00\x27\
\x08\x00\x00\x05\x00\x00\x00\x2f\x08\x00\x00\x0b\x00\x00\x00\x35\
\x08\x00\x00\x07\x00\x00\x00\x41\x08\x00\x00\x02\x00\x00\x00\x49\
\x08\x00\x00\x15\x00\x00\x00\x4c\x08\x00\x00\x04\x00\x00\x00\x62\
\x08\x00\x00\x0c\x00\x00\x00\x67\x08\x00\x00\x0c\x00\x00\x00\x74\
\x08\x00\x00\x11\x00\x00\x00\x81\x08\x00\x00\x05\x00\x00\x00\x93\
\x08\x00\x00\x0d\x00\x00\x00\x99\x08\x00\x00\x08\x00\x00\x00\xa7\
\x08\x00\x00\x0a\x00\x00\x00\xb0\x08\x00\x00\x07\x00\x00\x00\xbb\
\x08\x00\x00\x0b\x00\x00\x00\xc3\x08\x00\x00\x06\x00\x00\x00\xcf\
\x08\x00\x00\x06\x00\x00\x00\xd6\x08\x00\x00\x07\x00\x00\x00\xdd\
\x08\x00\x00\x08\x00\x00\x00\xe5\x08\x00\x00\x0d\x00\x00\x00\xee\
\x08\x00\x00\x0f\x00\x00\x00\xfc\x08\x00\x00\x04\x00\x00\x00\x0c\
\x09\x00\x00\x09\x00\x00\x00\x11\x09\x00\x00\x0e\x00\x00\x00\x1b\
\x09\x00\x00\x06\x00\x00\x00\x2a\x09\x00\x00\x09\x00\x00\x00\x31\
\x09\x00\x00\x04\x00\x00\x00\x3b\x09\x00\x00\x04\x00\x00\x00\x40\
\x09\x00\x00\x26\x00\x00\x00\x45\x09\x00\x00\x14\x00\x00\x00\x6c\
\x09\x00\x00\x08\x00\x00\x00\x81\x09\x00\x00\x0e\x00\x00\x00\x8a\
\x09\x00\x00\x0f\x00\x00\x00\x99\x09\x00\x00\x18\x00\x00\x00\xa9\
\x09\x00\x00\x13\x00\x00\x00\xc2\x09\x00\x00\x14\x00\x00\x00\xd6\
\x09\x00\x00\x10\x00\x00\x00\xeb\x09\x00\x00\x0e\x00\x00\x00\xfc\
\x09\x00\x00\x0e\x00\x00\x00\x0b\x0a\x00\x00\x10\x00\x00\x00\x1a\
\x0a\x00\x00\x13\x00\x00\x00\x2b\x0a\x00\x00\x07\x00\x00\x00\x3f\
\x0a\x00\x00\x1f\x00\x00\x00\x47\x0a\x00\x00\x31\x01\x00\x00\x67\
\x0a\x00\x00\x10\x00\x00\x00\x99\x0b\x00\x00\x12\x00\x00\x00\xaa\
\x0b\x00\x00\x09\x00\x00\x00\xbd\x0b\x00\x00\x07\x00\x00\x00\xc7\
\x0b\x00\x00\x0f\x00\x00\x00\xcf\x0b\x00\x00\x0a\x00\x00\x00\xdf\
\x0b\x00\x00\x14\x00\x00\x00\xea\x0b\x00\x00\x12\x00\x00\x00\xff\
\x0b\x00\x00\x14\x00\x00\x00\x12\x0c\x00\x00\x0b\x00\x00\x00\x27\
\x0c\x00\x00\x08\x00\x00\x00\x33\x0c\x00\x00\x14\x00\x00\x00\x3c\
\x0c\x00\x00\x05\x00\x00\x00\x51\x0c\x00\x00\x09\x00\x00\x00\x57\
\x0c\x00\x00\x08\x00\x00\x00\x61\x0c\x00\x00\x0a\x00\x00\x00\x6a\
\x0c\x00\x00\x08\x00\x00\x00\x75\x0c\x00\x00\x05\x00\x00\x00\x7e\
\x0c\x00\x00\x08\x00\x00\x00\x84\x0c\x00\x00\x07\x00\x00\x00\x8d\
\x0c\x00\x00\x05\x00\x00\x00\x95\x0c\x00\x00\x0e\x00\x00\x00\x9b\
\x0c\x00\x00\x06\x00\x00\x00\xaa\x0c\x00\x00\x11\x00\x00\x00\xb1\
\x0c\x00\x00\x09\x00\x00\x00\xc3\x0c\x00\x00\x07\x00\x00\x00\xcd\
\x0c\x00\x00\x09\x00\x00\x00\xd5\x0c\x00\x00\x22\x00\x00\x00\xdf\
\x0c\x00\x00\x11\x00\x00\x00\x02\x0d\x00\x00\x2b\x00\x00\x00\x14\
\x0d\x00\x00\x1e\x00\x00\x00\x40\x0d\x00\x00\x0a\x00\x00\x00\x5f\
\x0d\x00\x00\x07\x00\x00\x00\x6a\x0d\x00\x00\x07\x00\x00\x00\x72\
\x0d\x00\x00\x06\x00\x00\x00\x7a\x0d\x00\x00\x0d\x00\x00\x00\x81\
\x0d\x00\x00\x07\x00\x00\x00\x8f\x0d\x00\x00\x02\x00\x00\x00\x97\
\x0d\x00\x00\x13\x00\x00\x00\x9a\x0d\x00\x00\x07\x00\x00\x00\xae\
\x0d\x00\x00\x0d\x00\x00\x00\xb6\x0d\x00\x00\x0f\x00\x00\x00\xc4\
\x0d\x00\x00\x19\x00\x00\x00\xd4\x0d\x00\x00\x07\x00\x00\x00\xee\
\x0d\x00\x00\x0d\x00\x00\x00\xf6\x0d\x00\x00\x09\x00\x00\x00\x04\
\x0e\x00\x00\x0d\x00\x00\x00\x0e\x0e\x00\x00\x08\x00\x00\x00\x1c\
\x0e\x00\x00\x0c\x00\x00\x00\x25\x0e\x00\x00\x09\x00\x00\x00\x32\
\x0e\x00\x00\x0a\x00\x00\x00\x3c\x0e\x00\x00\x08\x00\x00\x00\x47\
\x0e\x00\x00\x0f\x00\x00\x00\x50\x0e\x00\x00\x0e\x00\x00\x00\x60\
\x0e\x00\x00\x11\x00\x00\x00\x6f\x0e\x00\x00\x09\x00\x00\x00\x81\
\x0e\x00\x00\x08\x00\x00\x00\x8b\x0e\x00\x00\x0f\x00\x00\x00\x94\
\x0e\x00\x00\x08\x00\x00\x00\xa4\x0e\x00\x00\x09\x00\x00\x00\xad\
\x0e\x00\x00\x04\x00\x00\x00\xb7\x0e\x00\x00\x07\x00\x00\x00\xbc\
\x0e\x00\x00\x2b\x00\x00\x00\xc4\x0e\x00\x00\x17\x00\x00\x00\xf0\
\x0e\x00\x00\x12\x00\x00\x00\x08\x0f\x00\x00\x0f\x00\x00\x00\x1b\
\x0f\x00\x00\x12\x00\x00\x00\x2b\x0f\x00\x00\x13\x00\x00\x00\x3e\
\x0f\x00\x00\x1a\x00\x00\x00\x52\x0f\x00\x00\x17\x00\x00\x00\x6d\
\x0f\x00\x00\x13\x00\x00\x00\x85\x0f\x00\x00\x16\x00\x00\x00\x99\
\x0f\x00\x00\x14\x00\x00\x00\xb0\x0f\x00\x00\x2d\x00\x00\x00\xc5\
\x0f\x00\x00\x17\x00\x00\x00\xf3\x0f\x00\x00\x09\x00\x00\x00\x0b\
\x10\x00\x00\x25\x00\x00\x00\x15\x10\x00\x00\x01\x00\x00\x00\x1f\
\x00\x00\x00\x4b\x00\x00\x00\x24\x00\x00\x00\x4e\x00\x00\x00\x10\
\x00\x00\x00\x00\x00\x00\x00\x09\x00\x00\x00\x00\x00\x00\x00\x00\
\x00\x00\x00\x00\x00\x00\x00\x40\x00\x00\x00\x43\x00\x00\x00\x00\
\x00\x00\x00\x14\x00\x00\x00\x25\x00\x00\x00\x00\x00\x00\x00\x31\
\x00\x00\x00\x08\x00\x00\x00\x00\x00\x00\x00\x00\x00\x00\x00\x47\
\x00\x00\x00\x00\x00\x00\x00\x00\x00\x00\x00\x00\x00\x00\x00\x0c\
\x00\x00\x00\x21\x00\x00\x00\x48\x00\x00\x00\x1a\x00\x00\x00\x28\
\x00\x00\x00\x2f\x00\x00\x00\x1c\x00\x00\x00\x4c\x00\x00\x00\x00\
\x00\x00\x00\x05\x00\x00\x00\x00\x00\x00\x00\x35\x00\x00\x00\x0a\
\x00\x00\x00\x22\x00\x00\x00\x03\x00\x00\x00\x44\x00\x00\x00\x11\
\x00\x00\x00\x2c\x00\x00\x00\x39\x00\x00\x00\x33\x00\x00\x00\x4d\
\x00\x00\x00\x0e\x00\x00\x00\x1b\x00\x00\x00\x37\x00\x00\x00\x18\
\x00\x00\x00\x19\x00\x00\x00\x30\x00\x00\x00\x46\x00\x00\x00\x4a\
\x00\x00\x00\x29\x00\x00\x00\x27\x00\x00\x00\x2e\x00\x00\x00\x00\
\x00\x00\x00\x38\x00\x00\x00\x07\x00\x00\x00\x3a\x00\x00\x00\x15\
\x00\x00\x00\x23\x00\x00\x00\x2d\x00\x00\x00\x00\x00\x00\x00\x36\
\x00\x00\x00\x0b\x00\x00\x00\x00\x00\x00\x00\x3d\x00\x00\x00\x00\
\x00\x00\x00\x00\x00\x00\x00\x02\x00\x00\x00\x1d\x00\x00\x00\x49\
\x00\x00\x00\x00\x00\x00\x00\x12\x00\x00\x00\x34\x00\x00\x00\x06\
\x00\x00\x00\x00\x00\x00\x00\x00\x00\x00\x00\x42\x00\x00\x00\x3e\
\x00\x00\x00\x20\x00\x00\x00\x00\x00\x00\x00\x45\x00\x00\x00\x3b\
\x00\x00\x00\x41\x00\x00\x00\x0f\x00\x00\x00\x2b\x00\x00\x00\x00\
\x00\x00\x00\x00\x00\x00\x00\x26\x00\x00\x00\x00\x00\x00\x00\x17\
\x00\x00\x00\x00\x00\x00\x00\x2a\x00\x00\x00\x1e\x00\x00\x00\x13\
\x00\x00\x00\x32\x00\x00\x00\x04\x00\x00\x00\x16\x00\x00\x00\x00\
\x00\x00\x00\x00\x00\x00\x00\x3f\x00\x00\x00\x0d\x00\x00\x00\x3c\
\x00\x00\x00\x00\x00\x00\x00\x00\x41\x63\x63\x65\x73\x73\x20\x45\
\x72\x72\x6f\x72\x3a\x20\x00\x41\x74\x74\x72\x69\x62\x75\x74\x20\
\x45\x72\x72\x6f\x72\x3a\x20\x00\x43\x61\x6e\x63\x65\x6c\x00\x43\
\x68\x61\x72\x61\x63\x74\x65\x72\x00\x43\x68\x6f\x6f\x73\x65\x20\
\x70\x61\x74\x68\x00\x43\x6c\x6f\x73\x65\x00\x43\x6c\x6f\x73\x65\
\x20\x41\x70\x70\x6c\x69\x63\x61\x74\x69\x6f\x6e\x00\x43\x6f\x6d\
\x6d\x65\x6e\x74\x20\x45\x72\x72\x6f\x72\x3a\x20\x00\x43\x6f\x6d\
\x6d\x6f\x6e\x20\x45\x78\x63\x65\x70\x74\x69\x6f\x6e\x3a\x20\x00\
\x43\x6f\x6d\x70\x69\x6c\x65\x00\x43\x6f\x70\x79\x00\x44\x61\x74\
\x61\x62\x61\x73\x65\x20\x4d\x61\x6e\x61\x67\x65\x72\x00\x44\x61\
\x74\x65\x00\x44\x61\x74\x65\x54\x69\x6d\x65\x00\x44\x65\x6c\x65\
\x74\x65\x00\x45\x64\x69\x74\x00\x45\x6e\x67\x6c\x69\x73\x68\x00\
\x45\x72\x72\x6f\x72\x00\x45\x72\x72\x6f\x72\x3a\x20\x00\x45\x78\
\x69\x74\x00\x46\x69\x6c\x65\x00\x46\x69\x6c\x65\x20\x45\x72\x72\
\x6f\x72\x3a\x20\x00\x46\x6c\x6f\x61\x74\x00\x46\x6f\x72\x6d\x2d\
\x44\x65\x73\x69\x67\x6e\x65\x72\x00\x46\x6f\x72\x6d\x73\x00\x47\
\x65\x72\x6d\x61\x6e\x00\x49\x6e\x74\x65\x67\x65\x72\x00\x49\x6e\
\x74\x65\x72\x6e\x61\x6c\x20\x45\x72\x72\x6f\x72\x20\x28\x50\x79\
\x74\x68\x6f\x6e\x20\x4e\x61\x6d\x65\x45\x72\x72\x6f\x72\x29\x00\
\x49\x6e\x74\x65\x72\x6e\x61\x6c\x20\x45\x72\x72\x6f\x72\x3a\x20\
\x00\x4c\x4f\x47\x20\x66\x69\x6c\x65\x20\x63\x6f\x75\x6c\x64\x20\
\x6e\x6f\x74\x20\x72\x65\x6d\x6f\x76\x65\x00\x4c\x4f\x47\x20\x66\
\x69\x6c\x65\x20\x68\x61\x76\x65\x20\x62\x65\x65\x6e\x20\x72\x65\
\x6d\x6f\x76\x65\x64\x00\x4c\x61\x62\x65\x6c\x73\x00\x4c\x61\x6e\
\x67\x75\x61\x67\x65\x00\x4c\x6f\x67\x69\x63\x61\x6c\x00\x4d\x65\
\x6e\x75\x65\x00\x4e\x65\x77\x20\x50\x72\x6f\x6a\x65\x63\x74\x00\
\x4e\x75\x6d\x65\x72\x69\x63\x00\x4f\x4b\x00\x4f\x6e\x65\x2d\x43\
\x6c\x69\x63\x6b\x20\x41\x70\x70\x6c\x69\x63\x61\x74\x69\x6f\x6e\
\x00\x4f\x70\x65\x6e\x00\x4f\x70\x65\x6e\x20\x46\x69\x6c\x65\x2e\
\x2e\x2e\x00\x4f\x70\x65\x6e\x20\x50\x72\x6f\x6a\x65\x63\x74\x00\
\x50\x6c\x65\x61\x73\x65\x20\x65\x6e\x74\x65\x72\x20\x74\x65\x78\
\x74\x00\x50\x72\x69\x6e\x74\x00\x50\x72\x69\x6e\x74\x20\x50\x72\
\x65\x76\x69\x65\x77\x00\x50\x72\x6f\x67\x72\x61\x6d\x73\x00\x50\
\x72\x6f\x70\x65\x72\x74\x69\x65\x73\x00\x51\x75\x65\x72\x69\x65\
\x73\x00\x52\x65\x67\x69\x65\x63\x65\x6e\x74\x65\x72\x00\x52\x65\
\x6d\x6f\x76\x65\x00\x52\x65\x6e\x61\x6d\x65\x00\x52\x65\x70\x6f\
\x72\x74\x73\x00\x52\x75\x6e\x20\x2d\x20\x46\x32\x00\x52\x75\x6e\
\x74\x69\x6d\x65\x20\x45\x72\x72\x6f\x72\x00\x52\x75\x6e\x74\x69\
\x6d\x65\x20\x45\x72\x72\x6f\x72\x3a\x20\x00\x53\x61\x76\x65\x00\
\x53\x74\x72\x75\x63\x74\x75\x72\x65\x00\x53\x79\x6e\x74\x61\x78\
\x20\x45\x72\x72\x6f\x72\x3a\x20\x00\x54\x61\x62\x6c\x65\x73\x00\
\x54\x68\x65\x20\x61\x6c\x69\x61\x73\x00\x54\x69\x6d\x65\x00\x56\
\x69\x65\x77\x00\x57\x6f\x75\x6c\x64\x20\x79\x6f\x75\x20\x72\x65\
\x61\x6c\x79\x20\x63\x6c\x6f\x73\x65\x20\x74\x68\x65\x20\x41\x70\
\x70\x6c\x69\x63\x61\x74\x69\x6f\x6e\x3f\x00\x61\x6c\x69\x61\x73\
\x20\x61\x6c\x72\x65\x61\x64\x79\x20\x65\x78\x69\x73\x74\x73\x00\
\x61\x6c\x6c\x46\x69\x6c\x65\x73\x00\x61\x6c\x72\x65\x61\x64\x79\
\x20\x65\x78\x69\x73\x74\x73\x00\x61\x6c\x72\x65\x61\x64\x79\x20\
\x65\x78\x69\x73\x74\x73\x2e\x00\x61\x72\x65\x20\x79\x6f\x75\x20\
\x73\x75\x72\x65\x2c\x20\x74\x6f\x20\x64\x65\x6c\x65\x74\x65\x3f\
\x00\x63\x6f\x75\x6c\x64\x20\x6e\x6f\x74\x20\x6f\x70\x65\x6e\x20\
\x66\x69\x6c\x65\x00\x64\x42\x61\x73\x65\x53\x6f\x75\x72\x63\x65\
\x63\x6f\x64\x65\x46\x69\x6c\x65\x73\x00\x64\x65\x6c\x65\x74\x65\
\x20\x4c\x4f\x47\x20\x66\x69\x6c\x65\x3f\x00\x66\x69\x6c\x65\x20\
\x69\x73\x20\x69\x6e\x20\x75\x73\x65\x00\x66\x69\x6c\x65\x20\x6e\
\x6f\x74\x20\x66\x6f\x75\x6e\x64\x00\x72\x65\x6d\x6f\x76\x65\x20\
\x4c\x4f\x47\x20\x66\x69\x6c\x65\x3f\x00\x72\x65\x6d\x6f\x76\x65\
\x20\x66\x69\x6c\x65\x20\x64\x69\x65\x6e\x65\x64\x2e\x00\x72\x65\
\x6d\x76\x6f\x65\x64\x00\x79\x6f\x75\x20\x68\x61\x76\x65\x20\x74\
\x6f\x20\x72\x65\x6d\x6f\x76\x65\x20\x69\x74\x20\x79\x6f\x75\x72\
\x20\x73\x65\x6c\x66\x00\x50\x72\x6f\x6a\x65\x63\x74\x2d\x49\x64\
\x2d\x56\x65\x72\x73\x69\x6f\x6e\x3a\x20\x61\x70\x70\x20\x31\x2e\
\x30\x0a\x52\x65\x70\x6f\x72\x74\x2d\x4d\x73\x67\x69\x64\x2d\x42\
\x75\x67\x73\x2d\x54\x6f\x3a\x20\x70\x61\x75\x6c\x65\x33\x32\x2e\
\x6a\x6b\x40\x67\x6d\x61\x69\x6c\x2e\x63\x6f\x6d\x0a\x50\x4f\x2d\
\x52\x65\x76\x69\x73\x69\x6f\x6e\x2d\x44\x61\x74\x65\x3a\x20\x32\
\x30\x32\x36\x2d\x30\x32\x2d\x32\x34\x20\x30\x30\x3a\x30\x30\x2b\
\x30\x31\x30\x30\x0a\x4c\x61\x73\x74\x2d\x54\x72\x61\x6e\x73\x6c\
\x61\x74\x6f\x72\x3a\x20\x70\x61\x75\x6c\x65\x33\x32\x0a\x4c\x61\
\x6e\x67\x75\x61\x67\x65\x2d\x54\x65\x61\x6d\x3a\x20\x70\x61\x75\
\x6c\x65\x33\x32\x0a\x4c\x61\x6e\x67\x75\x61\x67\x65\x3a\x20\x64\
\x65\x0a\x4d\x49\x4d\x45\x2d\x56\x65\x72\x73\x69\x6f\x6e\x3a\x20\
\x31\x2e\x30\x0a\x43\x6f\x6e\x74\x65\x6e\x74\x2d\x54\x79\x70\x65\
\x3a\x20\x74\x65\x78\x74\x2f\x70\x6c\x61\x69\x6e\x3b\x20\x63\x68\
\x61\x72\x73\x65\x74\x3d\x55\x54\x46\x2d\x38\x0a\x43\x6f\x6e\x74\
\x65\x6e\x74\x2d\x54\x72\x61\x6e\x73\x66\x65\x72\x2d\x45\x6e\x63\
\x6f\x64\x69\x6e\x67\x3a\x20\x38\x62\x69\x74\x0a\x50\x6c\x75\x72\
\x61\x6c\x2d\x46\x6f\x72\x6d\x73\x3a\x20\x6e\x70\x6c\x75\x72\x61\
\x6c\x73\x3d\x32\x3b\x20\x70\x6c\x75\x72\x61\x6c\x3d\x28\x6e\x20\
\x21\x3d\x20\x31\x29\x3b\x0a\x00\x5a\x75\x67\x72\x69\x66\x66\x2d\
\x46\x65\x68\x6c\x65\x72\x3a\x20\x00\x41\x74\x74\x72\x69\x62\x75\
\x74\x65\x2d\x46\x65\x68\x6c\x65\x72\x3a\x20\x00\x41\x62\x62\x72\
\x65\x63\x68\x65\x6e\x00\x5a\x65\x69\x63\x68\x65\x6e\x00\x50\x66\
\x61\x64\x20\x61\x75\x73\x77\xc3\xa4\x68\x6c\x65\x6e\x00\x53\x63\
\x68\x6c\x69\x65\xc3\x9f\x65\x6e\x00\x41\x6e\x77\x65\x6e\x64\x75\
\x6e\x67\x20\x73\x63\x68\x6c\x69\x65\xc3\x9f\x65\x6e\x00\x4b\x6f\
\x6d\x6d\x65\x6e\x74\x61\x72\x2d\x46\x65\x68\x6c\x65\x72\x3a\x20\
\x00\x41\x6c\x6c\x67\x65\x6d\x65\x69\x6e\x65\x72\x20\x46\x65\x68\
\x6c\x65\x72\x3a\x20\x00\x43\x6f\x6d\x70\x69\x6c\x69\x65\x72\x65\
\x6e\x00\x4b\x6f\x70\x69\x65\x72\x65\x6e\x00\x44\x61\x74\x65\x6e\
\x62\x61\x6e\x6b\x2d\x56\x65\x72\x77\x61\x6c\x74\x75\x6e\x67\x00\
\x44\x41\x54\x55\x4d\x00\x44\x41\x54\x55\x4d\x5a\x45\x49\x54\x00\
\x4c\xc3\xb6\x73\x63\x68\x65\x6e\x00\x42\x65\x61\x72\x62\x65\x69\
\x74\x65\x6e\x00\x45\x6e\x67\x6c\x69\x73\x63\x68\x00\x45\x72\x72\
\x6f\x72\x00\x46\x65\x68\x6c\x65\x72\x3a\x20\x00\x42\x65\x65\x6e\
\x64\x65\x6e\x00\x44\x61\x74\x65\x69\x00\x44\x61\x74\x65\x69\x2d\
\x46\x65\x68\x6c\x65\x72\x3a\x20\x00\x44\x4f\x55\x42\x4c\x45\x00\
\x46\x6f\x72\x6d\x75\x6c\x61\x72\x2d\x44\x65\x73\x69\x67\x6e\x65\
\x72\x00\x46\x6f\x72\x6d\x75\x6c\x61\x72\x65\x00\x44\x65\x75\x74\
\x73\x63\x68\x00\x4e\x75\x6d\x65\x72\x69\x73\x63\x68\x00\x49\x6e\
\x74\x65\x72\x6e\x65\x72\x20\x46\x65\x68\x6c\x65\x72\x20\x28\x50\
\x79\x68\x74\x6f\x6e\x20\x4e\x61\x6d\x65\x45\x72\x72\x6f\x72\x29\
\x00\x49\x6e\x74\x65\x72\x6e\x65\x72\x2d\x46\x65\x68\x6c\x65\x72\
\x3a\x20\x00\x44\x69\x65\x20\x4c\x4f\x47\x2d\x44\x61\x74\x65\x69\
\x20\x6b\x6f\x6e\x6e\x74\x65\x20\x6e\x69\x63\x68\x74\x20\x67\x65\
\x6c\xc3\xb6\x73\x63\x68\x74\x20\x77\x65\x72\x64\x65\x6e\x00\x44\
\x69\x65\x20\x4c\x4f\x47\x2d\x44\x61\x74\x65\x69\x20\x77\x75\x72\
\x64\x65\x20\x67\x65\x6c\xc3\xb6\x73\x63\x68\x74\x2e\x00\x45\x74\
\x74\x69\x6b\x65\x74\x74\x65\x6e\x00\x53\x70\x72\x61\x63\x68\x65\
\x00\x4c\x6f\x67\x69\x73\x63\x68\x00\x4d\x65\x6e\xc3\xbc\x73\x00\
\x4e\x65\x75\x65\x73\x20\x50\x72\x6f\x6a\x65\x6b\x74\x00\x44\x45\
\x5a\x49\x4d\x41\x4c\x00\x4f\x4b\x00\x45\x69\x6e\x2d\x6b\x6c\x69\
\x63\x6b\x20\x41\x6e\x77\x65\x6e\x64\x75\x6e\x67\x00\xc3\x96\x66\
\x66\x6e\x65\x6e\x00\x44\x61\x74\x65\x69\x20\xc3\xb6\x66\x66\x6e\
\x65\x6e\x00\x50\x72\x6f\x6a\x65\x63\x74\x20\xc3\xb6\x66\x66\x6e\
\x65\x6e\x00\x42\x69\x74\x74\x65\x20\x65\x72\x73\x74\x20\x54\x65\
\x78\x74\x20\x65\x69\x6e\x67\x65\x62\x65\x6e\x2e\x00\x44\x72\x75\
\x63\x6b\x65\x6e\x00\x44\x75\x72\x63\x6b\x76\x6f\x72\x73\x63\x68\
\x61\x75\x00\x50\x72\x6f\x67\x72\x61\x6d\x6d\x65\x00\x45\x69\x67\
\x65\x6e\x73\x63\x68\x61\x66\x74\x65\x6e\x00\x41\x62\x66\x72\x61\
\x67\x65\x6e\x00\x52\x65\x67\x69\x65\x7a\x65\x6e\x74\x72\x75\x6d\
\x00\x45\x6e\x74\x66\x65\x72\x6e\x65\x6e\x00\x55\x6d\x62\x65\x6e\
\x65\x6e\x6e\x65\x6e\x00\x42\x65\x72\x69\x63\x68\x74\x65\x00\x41\
\x75\x73\x66\xc3\xbc\x68\x72\x65\x6e\x20\x2d\x20\x46\x32\x00\x4c\
\x61\x75\x66\x7a\x65\x69\x74\x66\x65\x68\x6c\x65\x72\x00\x4c\x61\
\x75\x66\x7a\x65\x69\x74\x2d\x46\x65\x68\x6c\x65\x72\x3a\x20\x00\
\x53\x70\x65\x69\x63\x68\x65\x72\x6e\x00\x53\x74\x72\x75\x6b\x74\
\x75\x72\x00\x53\x79\x6e\x74\x61\x78\x2d\x46\x65\x68\x6c\x65\x72\
\x3a\x20\x00\x54\x61\x62\x65\x6c\x6c\x65\x6e\x00\x44\x65\x72\x20\
\x41\x6c\x69\x61\x73\x00\x5a\x45\x49\x54\x00\x41\x6e\x73\x69\x63\
\x68\x74\x00\x57\x6f\x6c\x6c\x65\x6e\x20\x53\x69\x65\x20\x64\x69\
\x65\x20\x41\x6e\x77\x65\x6e\x64\x75\x6e\x67\x20\x77\x69\x72\x6b\
\x6c\x69\x63\x68\x20\x62\x65\x65\x6e\x64\x65\x6e\x20\x3f\x00\x41\
\x6c\x69\x61\x73\x20\x65\x78\x69\x73\x74\x69\x65\x72\x74\x20\x62\
\x65\x72\x65\x69\x74\x73\x00\x41\x6c\x6c\x65\x20\x44\x61\x74\x65\
\x69\x65\x6e\x20\x28\x2a\x2e\x2a\x29\x00\x65\x78\x69\x73\x74\x69\
\x65\x72\x74\x20\x73\x63\x68\x6f\x6e\x00\x65\x78\x69\x73\x74\x69\
\x65\x72\x74\x20\x62\x65\x72\x65\x69\x74\x73\x2e\x00\x77\x69\x72\
\x6b\x6c\x69\x63\x68\x20\x65\x6e\x74\x66\x65\x72\x6e\x65\x6e\x3f\
\x00\x4b\x6f\x6e\x6e\x74\x65\x20\x44\x61\x74\x65\x69\x20\x6e\x69\
\x63\x68\x74\x20\xc3\xb6\x66\x66\x6e\x65\x6e\x00\x64\x42\x61\x73\
\x65\x20\x51\x75\x65\x6c\x6c\x63\x6f\x64\x65\x20\x28\x2a\x2e\x70\
\x72\x67\x29\x00\x4c\x4f\x47\x2d\x44\x61\x74\x65\x69\x20\x6c\xc3\
\xb6\x73\x63\x68\x65\x6e\x3f\x00\x44\x61\x74\x65\x69\x20\x69\x73\
\x74\x20\x69\x6e\x20\x62\x65\x6e\x75\x74\x7a\x75\x6e\x67\x00\x44\
\x61\x74\x65\x69\x20\x6e\x69\x63\x68\x74\x20\x67\x65\x66\x75\x6e\
\x64\x65\x6e\x00\x53\x6f\x6c\x6c\x20\x64\x69\x65\x20\x4c\x4f\x47\
\x2d\x44\x61\x74\x65\x69\x20\x77\x69\x72\x6b\x6c\x69\x63\x68\x20\
\x67\x65\x6c\xc3\xb6\x73\x63\x68\x74\x20\x77\x65\x72\x64\x65\x6e\
\x3f\x00\x4c\xc3\xb6\x73\x63\x68\x65\x6e\x20\x66\x65\x68\x6c\x67\
\x65\x73\x63\x68\x6c\x61\x67\x65\x6e\x00\x47\x65\x6c\xc3\xb6\x73\
\x63\x68\x74\x00\x53\x69\x65\x20\x6d\xc3\xbc\x73\x73\x65\x6e\x20\
\x64\x69\x65\x20\x44\x61\x74\x65\x69\x20\x73\x65\x6c\x62\x73\x74\
\x20\x6c\xc3\xb6\x73\x63\x68\x65\x6e\x00\
\x00\x00\xbc\xb4\
\x00\
\x02\x9e\x4f\x78\x9c\xd4\xbd\x0b\x9c\x23\x59\x59\x28\x5e\x69\x04\
\x64\xe4\x8d\x82\xa2\x42\xed\xec\x63\xba\x67\xd3\xe9\x79\xee\xce\
\xf6\xec\xec\x4e\x3a\x49\x4f\x67\xb7\x3b\xe9\x4d\xd2\xf3\x58\x46\
\x72\x2b\x49\x75\xa7\xb6\x93\xaa\x6c\x2a\xe9\x9e\x1e\xd8\x15\xfd\
\xe3\xc5\x17\x72\xaf\xb8\xfc\x7d\xe2\x83\xc7\x1f\x15\x16\x45\x40\
\x11\xb8\x80\x23\xa0\xac\xc8\x4b\xbc\x2a\x17\x7c\x80\xa0\x22\xe8\
\x55\xe1\xaa\xf8\xf8\x7f\xaf\x73\xaa\x2a\xa9\x74\xa7\x67\x66\x67\
\xb9\xf3\xdb\xed\x93\x3a\x75\xea\x3c\xbf\xf3\xbd\xce\xf7\x7d\xe7\
\x33\xcf\xfc\x86\x87\x0c\xf8\xf7\xe9\x84\x61\x7c\x07\xa4\xdf\xf0\
\x34\x83\xfe\xfd\xed\x77\x06\x29\xe6\x7f\x09\xd2\x69\x48\xf7\x3c\
\xcf\x30\xbe\x19\xd2\x63\x90\x7e\x2b\xa4\x4b\x90\x66\x21\x5d\x85\
\xf4\xe9\x90\xfe\x32\xa4\x4f\x84\xf4\x5d\x90\x3e\x19\xd2\xdf\x86\
\xf4\x59\x90\x7e\x0c\xd2\x67\x42\xfa\x97\xf2\xfc\xcf\x90\x7e\x0b\
\xa4\x4f\x7e\x3e\x7f\xb7\x17\xd2\xc7\x43\x7a\x18\xd2\x6f\x84\xf4\
\xb6\xe7\xf3\xf7\x73\xcf\xe7\xf2\x45\x48\xf7\x40\x5a\x87\xf4\x19\
\x90\xba\x92\xff\x12\xf9\xfe\xc7\x9e\xcf\xf5\xbf\x4e\xbe\xfb\x0d\
\x29\xff\x7e\x79\xff\x51\xa9\xf7\xcf\xa5\xdc\xdf\x40\xfa\x54\x48\
\xff\x5d\xea\x79\xb2\x69\x18\xcf\x86\xd4\x34\xf9\xf9\x56\x48\x9f\
\x02\xe9\xdd\x90\x7e\x13\xa4\xe7\x24\xdf\x96\xfc\x2d\xc9\x7f\x19\
\xa4\x38\x65\xaf\x34\xb9\xbe\xd7\x98\x3c\x3f\x6f\x91\xf7\x1f\x34\
\xb9\xfd\x4f\x40\x7a\x0a\xd2\xcf\x41\xfa\x04\x48\x93\xd7\x19\xc6\
\x0c\x8e\xf7\x3a\xfe\xbe\x0e\xe9\xed\x90\xfa\xd7\x71\xff\x7f\xe5\
\x3a\x1e\xe7\xbb\x21\x85\x2e\x1a\x1f\xb9\x8e\xfb\xf7\x77\x90\x3e\
\x09\xd2\x27\xec\x85\x39\x80\xf4\xe9\x7b\xb9\xfc\x77\xef\xe5\xf1\
\xfd\xf0\x5e\xae\xef\xa1\xbd\xdc\xdf\xd7\xed\xe5\xfe\xbe\x63\x2f\
\xf7\xeb\x83\x7b\xb9\x9f\xff\x6b\x2f\xf7\xeb\x8b\x52\xfe\xdf\x24\
\xff\xc9\xd7\xf3\x77\xdf\x7e\x3d\xaf\xcf\xcc\xf5\x5c\x7f\xee\x7a\
\x7e\x5f\xba\x9e\xc7\x65\x5d\xcf\xdf\xb5\xaf\xe7\xfa\x1f\x90\x72\
\x3f\x24\xdf\xff\xf8\xf5\x5c\xff\x1b\xe5\xfd\xbb\xa5\xfc\x23\xd7\
\x73\x3f\x3f\x25\xcf\x9f\xbb\x9e\xd7\xe3\x9f\xae\xe7\xf1\x3e\xf1\
\x06\xee\xe7\xb7\xdd\xc0\xed\xa4\x6e\xe0\x7e\xcc\xde\xc0\xdf\x2d\
\xcb\xfb\x73\x90\xe6\x10\x0e\x20\x4d\x43\xfa\x56\x48\x4b\x90\x7e\
\xf5\x06\x86\xcb\xfc\x8d\x3c\x5f\xb5\x1b\xb9\x9e\xad\x1b\xf9\xbb\
\xef\xbb\x91\xfb\xf3\x93\x92\xbe\xe1\x46\x1e\xd7\xdb\x6f\xe4\xfe\
\xbe\x5f\xca\xfd\xa1\xa4\x5f\xbc\x91\xc7\x65\xdc\xc4\xef\x9f\x72\
\x13\xf7\xf3\x79\x37\x31\x9c\x1f\x90\xfc\x63\x37\xf1\x78\xf2\xf2\
\x7c\x4e\xca\xdd\x77\x13\x8f\xef\xc5\xf2\xfc\x0a\x29\xf7\xf3\x37\
\x71\xbb\xbf\x2a\xcf\xef\x95\x72\x1f\x95\xf4\xb3\x37\x71\xbf\xbf\
\x7a\x13\xf7\x63\x62\x1f\xcf\xc3\x73\x24\x9d\xde\xc7\xdf\x65\x24\
\x2d\xef\xe3\x72\xf5\x7d\x5c\xef\x05\x49\x5f\x26\xe5\x5f\xb5\x8f\
\xd7\xe5\x8d\xfb\x78\x9f\xbd\x17\xd2\xe3\x90\x7e\x60\x1f\x8f\x6f\
\x62\xd2\x30\x4e\x40\xfa\x34\x48\x4f\x42\xba\x34\xc9\x70\xfa\x23\
\x93\x0c\x7f\x0f\x4d\xf2\x7c\xbd\x6d\x92\xeb\xb9\x34\xc9\xed\xfe\
\x4f\x79\xfe\xc2\x24\xcf\xf7\xd7\x26\xb9\x1f\xcf\x9c\xe2\x79\xd8\
\x37\xc5\xe3\x3e\x36\xc5\xfd\xb8\x6b\x8a\xbf\xfb\x2f\x53\xdc\x6e\
\x67\x8a\xeb\x7f\x00\xd2\x6f\x80\xf4\x67\xa6\xf8\xfb\x5f\x90\xef\
\x7f\x5d\xca\xfd\x0e\xa4\xcf\x81\xf4\x93\x92\xff\x25\xa9\xe7\x3f\
\xa4\xfc\x53\xf7\x73\xff\xae\xdf\xcf\xed\x1d\xdc\xcf\xe3\xcf\xec\
\xe7\x72\xa5\xfd\x5c\x4f\x6d\x3f\x7f\xef\xc9\xf3\x4b\xf6\x73\xbf\
\x5e\x2e\xcf\xaf\x91\xf7\xbf\x22\xe9\xfb\xa4\xbe\x8f\x4b\xfa\x39\
\x49\xbf\x2a\xe5\xbf\xf1\x66\x1e\xff\xb7\xdc\xcc\xe3\x9f\xba\x99\
\xeb\x3b\x79\x33\xc3\xeb\xe9\x9b\xb9\x5c\xf5\x66\xee\x7f\x4b\xde\
\xbf\xf4\x66\xae\xe7\x27\x6f\x96\x7d\x72\x33\xaf\xfb\xbb\x25\xfd\
\xa8\x94\xfb\xec\xcd\x3c\xbe\x7f\x91\xf2\x4f\x4d\xf2\x78\xcc\x24\
\xbf\x3f\x90\xe4\xf6\xe7\x25\xbd\x57\x52\x37\xc9\xf5\x7c\xaf\x94\
\x7b\x28\x29\xf8\x59\x9e\xdf\x25\xe5\x3e\x9e\x64\x38\xfb\xbc\x3c\
\xff\x83\x3c\x3f\x61\x9a\xc7\xf3\xcc\x69\x7e\x9e\x9a\xe6\xf7\x47\
\xa7\x05\xce\xa7\x79\xbd\xce\x4d\x73\xff\x5e\x38\xcd\xf3\xef\x4f\
\x33\xde\xfd\x9e\x69\xee\xef\x0f\x4b\xfa\xea\x69\x6e\xf7\x57\xa4\
\xdc\x07\xa6\x79\x5e\xfe\x40\xd2\x3f\x97\xf6\xbe\x2c\xed\x3d\x3e\
\xc5\xe5\x9f\x21\xe9\xbe\x14\xaf\xe7\x89\x14\xc3\xef\xa2\x3c\x97\
\x52\xdc\x2f\x2b\xc5\xf5\xf4\x53\xdc\xbf\xef\x4d\x71\x3b\x3f\x0a\
\xe9\x21\x48\x7f\x0e\xd2\x6f\x83\xf4\x13\x90\x22\x69\xfb\x52\x8a\
\xe7\xe7\x9b\x66\x64\x3f\xcf\x70\x7d\x07\x66\xf8\xfb\x3b\x25\x2d\
\x4a\x7e\x75\x86\xfb\xe1\x4a\xf9\x97\xce\x70\x7f\x5f\x35\xc3\xed\
\xbe\x49\xd2\xdf\x9c\xe1\x7a\x3f\x38\xc3\xfd\xfa\x13\xc9\xff\xf2\
\x0c\x8f\xeb\x6b\xf2\xfd\x13\x0f\x30\x3c\x7c\xdb\x01\xae\xe7\x20\
\xa4\x80\xda\x8d\x85\x03\xdc\xee\x7d\x07\xb8\x9e\x8b\x07\x78\x1c\
\x2f\x3f\xc0\x78\xff\xa7\x0e\xf0\xfc\xbe\x4e\xd2\x5f\x39\xc0\xf5\
\xbd\x53\xbe\xfb\xf0\x01\x5e\xe7\x4f\x4b\xfa\x65\xa9\xe7\x3f\x0f\
\xf0\x38\x9e\x79\x90\xcb\x5d\x27\xe9\xc1\x83\xdc\xcf\xf4\x41\x1e\
\xdf\xca\x41\xfe\x6e\x5d\xf2\x5f\x7c\x90\xbf\xfb\x6f\x07\x79\x1c\
\x3f\x2b\xf9\x6f\x94\xe7\xf7\x1e\xe4\x71\x7d\xf8\x20\x8f\xe3\x8f\
\x0f\x72\x3f\xff\x1e\xd2\x63\x90\xfe\xeb\x41\x86\x93\xc3\x87\x04\
\x4f\x1e\xe2\xe7\xfc\x21\x5e\x8f\xc2\x21\xfe\xbe\x79\x88\xd7\xb5\
\x27\xe5\x2e\x1e\x62\xb8\xfa\xa1\x43\x3c\xbe\x9f\x3b\xc4\xf3\xf5\
\x96\x43\xdc\xcf\x0f\xc9\xfb\x3f\x93\xe7\xaf\xc8\xf3\x37\x1d\xe6\
\xef\xcd\xc3\x32\x3e\x48\x27\x70\x7c\x87\x79\x1e\xb3\x87\xb9\x9e\
\xd2\x61\x6e\xf7\xbe\xc3\x8c\xc7\x37\x0e\x33\x9f\xf3\xa0\xbc\xff\
\x29\x48\xbf\x1d\xd2\x5f\x93\xf4\x23\x90\x02\xcb\x62\x7c\xf1\x30\
\xf7\x7b\xcf\x11\xa6\x33\x37\x1c\x61\x3c\x79\xe2\x08\xb7\x9b\x85\
\xf4\xb9\x38\x8f\x47\xb8\x9e\xce\x11\x9e\xff\xef\x3f\xc2\xeb\xf5\
\x53\x47\x78\x3e\x5f\x7f\x44\xf0\xe9\x11\x9e\xb7\x4b\x92\xff\x27\
\x47\x78\xbc\x7f\x2d\xe9\xd7\x8e\xf0\xf8\x9e\x72\x94\x9f\xaf\x3f\
\xca\xf5\x1c\x3d\xca\xdf\x9f\x3c\xca\xeb\x50\x90\xf4\x05\x92\x36\
\x8f\x72\x7d\xfd\xa3\xdc\xaf\x97\x1e\xe5\xf9\x79\xe8\x28\xe3\xa5\
\x5f\x3a\xca\xe3\xfe\x35\x29\xff\x4e\x49\x7f\x47\xca\x7f\xf2\x28\
\xb7\xfb\x79\x48\xef\x80\xf4\xdf\xe4\xbb\xe3\xb7\x70\xb9\xec\x2d\
\xfc\xfe\x9e\x5b\xb8\xde\xb5\x5b\xb8\x3f\x2f\x96\xfc\x1f\xbc\x85\
\xc7\xfd\x73\x52\xfe\xd7\x6e\x11\xba\x73\x0b\xaf\xff\x07\x6e\x61\
\x38\x79\xe4\x16\x1e\xff\x27\x25\xfd\xdb\x5b\x18\xbe\x1e\x77\x2b\
\x7f\xf7\x9c\x5b\xb9\xbe\x1b\x6e\xe5\xf7\xb3\xb7\xf2\xfb\x7b\x6e\
\xe5\xf5\xb5\x6f\x95\x71\xde\xca\xf3\xf2\x52\x79\xff\x0a\x48\x81\
\xb4\x19\xaf\xb9\x95\xc7\xf3\xc8\xad\xbc\x6e\xff\x4b\xea\xf9\x2a\
\xa4\x8f\xc3\x79\x3d\xc6\x70\xf0\x8c\x63\x5c\xdf\x77\x1e\xe3\x76\
\xa7\x8f\xf1\x77\xb3\x92\x7f\xf7\x31\xee\xc7\x0b\x8e\x71\xfd\xf7\
\xcb\x77\xdf\x27\xe5\xfe\xfb\x31\x6e\xff\x17\xa4\xdc\x9b\xe4\xbb\
\x4b\xc7\x78\x1e\x3e\x21\xcf\x9f\x97\xf4\xab\xf2\xfd\x13\x6e\xe3\
\xf4\x99\xb7\xf1\x3c\x3e\xef\x36\x7e\x7f\xf8\x36\xfe\x2e\x73\x1b\
\xd7\x7f\xfa\x36\xee\xf7\x9a\x3c\x3f\x78\x1b\x8f\xfb\x15\x52\xfe\
\xd5\xf2\xfc\xf0\x6d\xdc\xbf\x77\xdf\xc6\xfd\xf8\x98\x3c\x7f\x41\
\xd2\xaf\x49\xf9\xa7\xcd\x72\xbb\xcf\x9f\xe5\xf5\xb8\x79\x96\xfb\
\x7f\x60\x96\xd7\xf1\xb8\xbc\xcf\xcf\x72\x7b\x2b\xb3\xfc\xdd\xaa\
\xa4\x1b\xb3\xbc\x5f\xfe\xab\xbc\x7f\x8d\x94\x7f\x2b\xa4\xb7\xe2\
\x3a\xcf\xf2\x7c\xff\xf3\x2c\xef\x83\x67\x02\xb3\x01\x2c\xa6\xb1\
\xff\x38\xaf\xcb\xd2\x71\xde\x3f\xfd\xe3\x0c\x07\x3f\x72\x9c\xe1\
\xeb\xc7\x8f\x73\x7d\x3f\x7f\x9c\xc7\xff\x96\xe3\xcc\x8f\xbc\xff\
\x38\xef\xc3\x27\x00\x93\x6c\x42\xba\xf7\x76\x1e\x5f\xe6\x76\xe6\
\x63\xce\xdd\xce\xf2\xc9\x43\x90\xde\x85\xf3\x0e\x29\x0c\xd5\x78\
\xea\x09\x1e\xf7\xc2\x09\xee\xf7\xf9\x13\xbc\xbe\xad\x13\x5c\xff\
\xd6\x09\xe1\x9b\x25\x7d\x48\xf2\x5f\x7d\x82\xfb\xf5\xab\x27\x78\
\x5e\xde\x79\x82\xd7\xe7\x03\x27\x78\x9e\x3f\x25\xcf\x7f\x23\xe5\
\xfe\x13\x52\x00\x5d\xe3\x49\xb0\x59\xe6\x71\x5f\x42\x0a\xa8\xcf\
\x78\xd9\x1d\xcc\xf7\xbf\xe3\x0e\xa6\x43\x89\x3b\x39\xff\xc8\x9d\
\x3c\x0f\xab\x90\x26\x71\xfc\x77\x72\xff\xdf\x09\x69\x1e\xd2\xbf\
\xbe\x93\xf1\xca\xe1\x93\x8c\x4f\x66\x4f\x32\x7d\x58\x39\xc9\xed\
\x6e\x9e\x94\x7e\x9f\xe4\xf1\x3d\x74\x92\xfb\xf1\x8b\x27\x79\x1d\
\x7e\xed\x24\xc3\xcb\x7b\x4e\xf2\x78\xff\xf0\x24\x8f\xff\xb3\x27\
\xb9\x9f\xff\x78\x92\xdb\xd9\x9f\xe6\xfa\x7a\x90\x02\xeb\x6c\xfc\
\x40\x9a\xf9\xb1\x87\x25\xfd\xfd\x34\xb1\xbe\xc6\x97\xd3\xbc\x2e\
\xdf\x32\xc7\xed\xde\x34\xc7\x70\x32\x33\xc7\xed\x9d\x98\x63\xfc\
\x94\x9f\xe3\x76\x5f\x30\xc7\xf5\x76\xe5\xf9\x65\x73\xfc\xfd\xab\
\x25\x7d\xf3\x9c\xd0\x0f\x79\xfe\xf0\x1c\xe3\xa3\xcf\xcc\xf1\xfc\
\x7f\x7e\x8e\xc7\xff\x2f\x73\x3c\xff\x46\x86\xeb\xf9\xa6\x0c\x3f\
\xef\xcd\x70\xb9\xe9\x0c\xef\xe3\x93\x19\xc6\xcf\x59\x48\x81\x65\
\x37\xea\x90\xee\xc7\xf1\x64\xb8\x9f\x6f\x95\xef\x7e\x2b\xc3\x70\
\xf8\xe1\x0c\xc3\xcf\xdf\x43\x3a\x09\xb2\xef\x13\xb2\x0c\xcf\x33\
\x20\x54\x00\xab\x65\x2c\xe6\xf8\xf9\x42\x8e\xdb\x7d\x08\xd2\xf3\
\x90\xbe\x11\xd2\xe3\xd0\xe0\x93\x60\x91\x5f\x08\x1b\x27\x07\x93\
\xf8\xed\xf0\xfd\x6b\x97\x80\x07\x87\xf4\xbd\x05\x80\x4f\x48\xbf\
\x79\x19\xe8\x0e\xa4\x47\xef\x01\x1e\x04\xd2\x63\x20\x9c\xfc\x16\
\xa4\x8f\x94\x19\x0f\xfe\xc8\x0a\xaf\xdb\x8f\xad\xf0\xba\xbc\x61\
\x85\xe7\xeb\x37\x20\x3d\x07\xe5\x3e\x0c\xe9\x51\x48\xf7\x9d\x81\
\xfa\x81\x80\x7d\xd7\x59\xde\x4f\x5b\xf7\x32\x3c\xbc\x12\xd2\xdb\
\x20\xff\x61\x48\x6f\x86\xf4\xaf\xa0\x73\x9f\x80\x7e\x7d\x73\x15\
\x60\x05\xbe\xfb\xab\x1a\xc8\x8a\x50\xee\xfa\x06\xf4\x11\xde\x3f\
\xcb\x06\x5e\x06\xf2\xcf\xad\xc1\x3c\xc3\xf3\x2f\x36\x01\x76\x20\
\xfd\xd5\xfb\x60\x4d\x20\xff\x8e\x36\xe0\x5e\xf8\xfe\xd3\x20\x54\
\xfe\x02\xe4\x7f\xa8\x0b\xdf\x41\x7e\xbb\x0f\xef\x20\xfd\xb5\x0d\
\x80\x7d\xa8\xef\x1f\x36\x61\xef\xc2\xfb\x77\x5c\x00\xb8\x86\xf4\
\x89\x2f\x12\x3e\xe9\x01\xde\xcf\x55\x48\x17\x70\xde\x1e\x60\x78\
\x7c\xdf\x03\x0c\xff\x8f\x3c\xc0\xeb\xfc\xac\x07\x81\xb7\x82\xf4\
\x86\x07\xf9\xb9\xf1\xa0\xf0\x6d\x0f\xb2\x3c\xfc\xbd\x0f\x0a\x9d\
\x7f\x90\xe1\xe1\x43\x90\xbe\x14\xd2\x8f\x43\xfa\x67\x90\x9e\xf9\
\x6e\xd8\xbb\x38\x9f\x2f\x01\x1e\x1e\xda\x7f\xdd\xf7\x18\x46\x05\
\x9e\xbf\x05\x0a\xad\xc1\xf3\x7d\xdf\x07\xb2\x04\x3c\x7f\xfc\x65\
\x3c\xde\xe5\x1f\x00\x5e\x14\xd2\x9f\xfb\x41\x4e\xf7\xfe\x30\xe4\
\xe1\x7a\xbd\x9c\xcb\x7d\xe5\x47\x0c\xe3\x7f\x43\xbd\xfe\x7f\x83\
\xfe\xc3\xb3\xfd\xdf\x61\x7f\xc3\x3c\x3c\xf8\xa3\xb0\x4f\xe1\xf9\
\xe5\x0f\xc1\xde\x81\x7a\xdf\xf3\x2a\x6e\xf7\x55\x3f\x01\xbc\x23\
\x94\x7f\xdc\x4f\x81\xcc\x08\xf9\xff\x1b\xd2\x57\x40\xf9\x37\xbc\
\x1a\xc6\x89\xfd\xfa\x05\x78\x0f\xe9\x4b\x5e\x03\xe3\x82\xd4\x7d\
\x1d\xf0\xdc\x50\xee\x45\xaf\x07\x9e\x10\xd7\xf3\x17\x61\x0d\xe1\
\xf9\xef\x7e\x89\xe1\xd5\x79\x13\x8f\xff\xfb\xdf\x24\x72\xfb\x9b\
\x78\xde\x5e\xf7\x26\x5e\xef\x37\x43\xba\x08\xe9\xef\x42\x0a\x20\
\x66\x3c\xfb\x61\xe8\x23\xce\xdb\xc3\x0c\x9f\x1f\x7a\x98\xf9\xd9\
\x2f\x3c\x2c\x7c\xf3\x9b\x19\x8e\x9e\xf1\x66\x86\xfb\x9b\xde\xcc\
\xfb\xe4\x08\xa4\x2f\x83\xf6\x4f\xbd\x99\xc7\xfb\x91\x5f\xe1\xf4\
\x7d\xbf\x0a\x3c\x2b\xae\xef\x5b\x80\x07\x87\x67\xf7\xad\x86\x71\
\x3b\xce\xdb\xdb\x78\x5f\xbc\xfc\xed\x80\xeb\x21\x7d\xfb\xaf\x03\
\x2f\x06\xe9\xf4\x3b\x0c\xe3\xff\x81\xf4\x1d\xbf\x09\x7b\x06\xd2\
\x13\xef\x82\x75\x81\x34\xfb\x6e\x90\x3d\x20\xbd\xf1\x3d\x86\xf1\
\x97\xb0\x2f\x5e\xf2\x5e\x86\xff\xd5\xf7\x73\x39\xe7\x03\x3c\x5f\
\x9d\x0f\x02\x0f\x84\xf3\xf0\x21\x80\x15\x98\xb7\x4b\x8f\x00\x2e\
\x82\xe7\xeb\x3f\x62\x18\xff\x2f\xa4\xcf\xf9\x18\xc8\x86\x90\xbe\
\xf9\xe3\xbc\x0f\x9e\xfe\x07\x40\xb3\xa1\x5f\xf7\x7d\x12\x64\x22\
\x48\x4f\xfd\x21\xe0\x46\x48\xbf\xf5\x7f\x1a\xc6\xef\x41\x3a\xf1\
\x47\x00\x1f\x50\xef\x47\x20\x3d\x09\x69\xe5\x53\xb0\xef\xe1\xbb\
\x87\x3e\xcd\xf8\xe3\xbd\x9f\x61\x3d\xc1\x07\x3f\x23\x7c\xd4\x9f\
\x02\xef\x80\xfb\x02\xd2\x2a\xc2\xdd\x9f\x32\x9c\x7d\xf2\x4f\x79\
\x1e\x3f\x0d\xe9\x1f\x42\xbf\xbe\x06\xe9\xdd\x50\xdf\xc7\x3f\x0b\
\x7d\x81\xf4\x79\x9f\x87\xf9\x87\x7a\x7f\xff\xaf\xb8\xff\xdf\xf1\
\x37\x80\xcb\x21\xfd\x8d\x2f\x42\xdb\x90\xfe\xe6\xdf\xc2\xfa\x41\
\xfa\x83\x5f\x06\x1c\x0b\xe9\x4f\xc2\xe6\xbb\x05\xd2\x07\xff\x37\
\xef\x97\xb7\xfd\x03\xe3\x95\xc7\x7d\x85\xf7\xff\xcc\x57\x18\xfe\
\x8e\x42\xfa\x2f\x88\xaf\xbf\x0a\x73\x02\xcf\x6f\xfa\x3f\xd0\x4f\
\x48\x3f\xf9\xcf\xd0\x36\xe4\x7f\x11\x5e\x7e\x15\xbe\xff\x1f\xff\
\xca\xf3\xf7\xb6\x7f\x87\xbd\x0b\xf9\x2d\x23\x61\xac\xc1\x3c\x3f\
\x1b\x3a\xf1\x46\x78\x7e\xf0\xf1\x09\xe3\x13\xf0\xdd\xcd\x30\xd9\
\xef\x84\xe7\xff\x7c\x62\xc2\x98\x87\xe7\x77\x7e\x63\xc2\xf8\x39\
\x48\x27\xf6\x24\x8c\xbb\x21\x7d\xcd\x37\x25\x0c\xf8\x69\xfc\x1d\
\x00\xe7\xe7\xa0\xdc\xbf\x3e\x25\x61\x4c\xc1\xf3\x9f\x3e\x35\x61\
\x40\xd5\xc6\x93\x9e\xce\xe9\x13\x9f\x91\x30\x0e\x40\xfd\x8f\x7f\
\x66\xc2\x80\x21\x1a\xb7\x3c\x3b\x61\x7c\x1b\xee\x9f\xe7\x24\x8c\
\x02\xa4\xb7\xc3\x66\x41\xf8\xfc\x21\xc8\x6c\xc2\xf3\xeb\x20\x45\
\xf8\x78\x2a\x20\xc3\x24\x8e\xff\x3b\x12\xc6\x93\x20\xfd\xe0\x77\
\x26\x08\x1f\x7d\xec\x79\x09\xe3\x59\x09\xd4\xb3\x25\x8c\x5f\x82\
\xd4\xbc\x2e\x61\x7c\x1f\xe2\xc3\xbd\x09\xe3\x22\xa4\xf7\xdc\x90\
\x30\x60\xc8\xc6\xef\xdd\x98\x30\x66\xe0\xf9\xfd\x37\x25\x8c\x4b\
\x30\xde\xaf\xc0\xa4\xe0\x3a\xbc\x03\x16\x75\x19\xd2\xc7\x4f\x27\
\x8c\x1f\x86\xf7\xa7\xa1\xd0\xe7\x21\xfd\xec\x81\x84\x71\x18\xf1\
\xd5\xa1\x04\xe1\xab\xff\x38\x92\x30\x16\x26\x90\x3f\x85\xfe\x41\
\xff\x5f\x7e\x2c\x41\xf3\xfa\xff\x01\x50\x7f\x2b\xc2\xc9\x89\x84\
\x71\x14\xf1\xe5\x9d\x09\xe3\x9f\x60\x9d\x9f\x37\x97\x30\xfe\x1e\
\xf1\x23\x4c\x16\xe2\xb9\x6f\xc8\x27\x8c\x47\x20\xcd\xdc\x95\x30\
\x5e\x0c\xf9\x4f\x5b\x4c\xd0\x7a\xfd\x30\x0e\x1a\x9e\x7f\x14\xd2\
\x3f\x84\x9f\xaf\x04\x24\xf2\x79\x84\xcb\x52\xc2\xf8\x28\xf6\x1f\
\x90\xff\x3c\xbc\xdf\xbb\x92\x30\xee\x47\x78\x3f\x93\x30\xea\xf0\
\xfc\xa9\xb3\x09\xda\x2f\x77\xbe\x20\x41\x78\xe3\xd2\xf9\x84\xf1\
\xcb\xf0\xfc\xab\xdf\x05\xed\xc0\xf3\x77\x55\x13\xc6\x26\x3c\x4f\
\x01\xd0\xef\x81\xf2\x3f\x6f\x25\x08\xae\xde\x58\xe7\xf9\x7c\xb8\
\x91\x30\x7e\x02\xd2\xd9\xd5\x84\x71\x2b\xbc\xff\x83\xb5\x84\xf1\
\x33\x30\xae\x27\xdf\x07\xf3\x0a\xcf\xbf\xe4\x26\x8c\xe3\xf0\xfe\
\x2f\x3b\x30\x2e\xa8\xef\xba\x6e\x82\xe8\xf6\x19\x48\x27\x21\xdd\
\x84\x94\xe4\x27\x48\x71\x9f\xbf\x05\xd2\x2e\xe2\xf5\x5e\xc2\xe8\
\xc1\xf8\xff\xac\x9f\x30\xa0\xcb\xc6\xca\x56\xc2\x78\x0e\xd4\xf7\
\xcb\x17\x79\x7e\x2f\xbd\x98\xfb\xb5\xfc\x60\xc2\x58\x84\xfc\xdf\
\xf9\xee\x84\xf1\x6a\x48\xbf\xe5\x7b\x13\xc6\x57\xe0\xbb\xb7\xbe\
\x14\xfa\x03\xef\x7f\xe9\xfb\x13\xc6\xbf\x42\xfa\x17\x3f\x90\x30\
\x32\x90\x7e\x1a\x3a\xfd\x7e\x28\x77\xdd\xcb\x61\xfe\xa1\xdc\x17\
\x5e\x91\x20\xba\x90\x78\x25\xa7\xcf\x85\x14\xf9\x9e\xc3\x90\xfe\
\x24\x94\x7f\xc1\x2b\x79\x9c\x5f\xfd\xb1\x84\xf1\x83\x90\x7e\xef\
\xab\x12\xc6\xff\x80\xf4\x29\x3f\xce\x70\xf6\x7b\x3f\xc1\xf0\xf3\
\xed\xb0\xe9\xae\x83\x7a\x4f\xff\x34\xc0\x07\xd4\x7b\x01\x88\xd6\
\xe3\xe1\xf9\x0d\x3f\x9f\x20\xfa\xfa\xf0\x6b\x60\xbd\x20\x3f\xfd\
\xba\x84\xf1\x6f\xb8\x5f\xde\x00\xeb\x09\xf3\xf4\xce\x5f\xe6\x71\
\xfd\xeb\x9b\x13\xc6\xfb\x20\x7d\xe6\x5b\x12\x46\x1f\xe7\xf1\xad\
\xb0\xee\xd0\x8f\xbb\x7e\x3d\x61\x00\x08\x1a\xc7\x7f\x03\xe6\x05\
\xbe\x7f\xe1\x3b\x12\xc6\xd3\xe1\xfd\xc7\xde\x95\x30\x5e\x00\xe9\
\x5f\x40\x67\x90\xee\xdc\xf1\x3e\x86\x9f\xe7\x03\x11\x3f\x08\xe9\
\xb1\xdf\x4e\x10\x9e\xbe\xef\x03\x00\x7f\xc8\x3f\x7d\x80\xe1\xe4\
\x0d\x1f\x60\x78\x7a\x18\x52\xc4\x3f\x3f\xfb\xbb\x09\xc2\xf3\xaf\
\x87\x14\xf1\xfb\xfb\x21\x45\xfe\xe9\x93\x90\x22\xfe\xfd\x0c\xa4\
\xb0\xb5\x8d\x8f\x7e\x28\x61\x38\xb8\x1f\x1e\xe1\xe7\xa3\x1f\xe6\
\xe7\x03\xbf\x9f\x30\x7c\xdc\x4f\x80\x64\x3a\xb8\xbf\x3e\x06\x70\
\x0b\xef\xbf\xfb\xe3\x09\xc2\xb7\x3d\xd8\xf4\x6d\xe8\xf7\x47\xfe\
\x20\x41\x72\xee\x89\x3f\xe2\x76\x4e\x42\x8a\xfc\xf2\xf2\x1f\xf1\
\xfa\xb7\x20\x45\xfe\xe7\x41\x48\xaf\x47\xbe\x48\xde\xbf\xe9\x8f\
\x18\x5e\x7e\x57\xd2\xbf\x86\x14\xf9\xa7\x27\xfd\x71\x82\xf0\xe1\
\x0c\xa4\x48\x67\x96\x20\x45\x3c\x79\x9f\x3c\x77\x25\x7d\xc5\x1f\
\x33\x1e\x78\x23\xa4\x5f\x86\xfe\x7c\xe0\x8f\xb9\xdf\x6f\xfb\x54\
\xc2\x78\x0f\xa4\xcf\xff\x74\xc2\xf8\x2e\xc4\x2f\x9f\xe1\xf5\x3d\
\xf1\x67\xbc\x6f\x7f\xe7\xcf\x79\x1c\x6f\x06\x64\x09\xa4\xc8\x78\
\xed\xe7\x12\xc6\x6f\x43\xba\xf2\x97\x09\x03\xa6\xc4\x78\x2e\x14\
\x4a\xc3\x80\x3e\xf7\x85\x04\xd1\x9f\x9b\xfe\x86\xf7\xdb\xcf\x7c\
\x91\xf7\xd7\x4b\xff\x36\x61\xbc\x16\xe1\x06\x88\x2d\xa0\x18\xe3\
\xa7\xfe\x2e\x61\x5c\x40\xba\xf4\xf7\x09\xc2\xf3\x87\xfe\x81\xfb\
\xbb\x20\xe9\x32\xa4\x48\x1f\xcf\x4a\xda\x80\x14\xf9\xba\x8e\xa4\
\x2f\x83\x14\xe5\x86\x57\x43\x7a\x33\xd4\xf3\xd7\x90\xce\x21\x5f\
\xf1\x4f\x09\xa2\x83\x67\xbf\x92\x20\xbe\xee\x7b\xbe\x9a\x30\xb2\
\x90\xfe\xc2\xff\x49\x10\x9e\xfe\xc2\x3f\xf3\xf3\xbf\xff\x4b\xc2\
\x78\x3d\xa4\x73\x5f\x63\xfc\xf9\xd7\xff\xc6\xed\x7e\xe1\xdf\x13\
\xc6\x87\x21\xfd\x3b\x48\x91\x1f\x7b\xf7\x7f\x24\x0c\x1b\xf1\xfc\
\x7f\x32\xbe\x7b\x56\x62\x82\x9e\x9f\x3c\x31\x61\x1c\x86\x75\xec\
\x3e\x6e\xc2\x00\xd4\x67\xbc\xfe\x09\x13\x06\xa0\x20\xe3\xc3\xc0\
\xac\xe1\xba\x7f\xeb\x93\x26\xa0\x0c\xac\x1b\x20\x09\xdc\x0f\xaf\
\x82\x87\x8f\x21\x5e\x7d\xca\x84\x91\x82\x7a\x5e\xf3\xb4\x09\xe2\
\x0b\x3f\x0e\x29\xf2\xf1\x5f\x82\x94\xf4\x77\x00\xcc\xb8\xee\x53\
\x90\x12\x1f\x00\x29\xe2\xdb\x53\x90\x3e\x1d\x00\xf6\xb7\x9e\x31\
\x61\xc0\x94\x1a\x9f\x78\xf6\x84\x01\x28\xda\x78\x0f\x00\x39\xa0\
\x52\xe3\x33\xdf\x36\x61\xfc\x18\xb4\xf7\x0c\x60\x3e\x6f\xc0\xfe\
\x7c\xe7\x04\xd1\xe1\x47\x9e\x37\x41\xf4\xe3\x0d\xcf\x87\xfe\x22\
\xdf\x60\x4e\x10\x3d\xfe\x02\x6c\x4e\xa4\x63\x1f\xdb\xcb\xf5\x3c\
\x72\xfd\x04\xcd\xdf\xdf\xdc\x30\x41\x7c\xd1\xf4\x4d\x13\x06\x54\
\x61\xf4\xf7\x41\x79\xc4\x9f\x53\x13\xc6\x7f\x85\xf4\x01\x60\x5e\
\xff\x04\xf1\xee\xf4\x04\xd1\x97\x3f\x4d\x4d\x18\x35\x28\xf7\x2f\
\x33\x13\xc4\xff\x9e\x3f\x34\x41\xf4\xe5\x47\x01\xc9\x23\x9f\xf0\
\xb5\x23\x13\x46\x09\xe9\xd7\x2d\x13\xc6\x83\x38\xdf\xc7\x26\x8c\
\x1b\xa1\xfc\xfb\x80\x19\x4e\xe1\x7a\x1c\x87\x7e\x42\xfa\xec\x13\
\x13\x46\x01\xf2\xff\xf1\x8e\x09\xe3\x55\x58\x0e\x80\x09\xf7\xeb\
\x1f\xcf\xf1\x3c\x7c\x16\x52\xc4\x47\x5f\x9d\xe3\x79\x7a\x5a\x66\
\x82\xf8\xd1\x9b\x32\xfc\xfe\xd6\x0c\xe7\xdf\x95\xe1\x79\xb5\xe4\
\xf9\xc5\x52\xee\x95\x90\x16\x10\x6e\x21\xc5\x7d\xf2\x8f\x90\xe2\
\x7e\x7a\x46\x76\x82\xf0\xee\x34\xa4\x53\x90\x9e\xce\xf2\xfb\x97\
\x40\x8a\xfc\xd8\xab\x25\x7d\x23\xa4\x08\xa7\xbf\x99\xe5\x7a\x3f\
\x0a\x29\xf2\xc9\x5f\x80\x14\xcf\x81\x66\x80\x69\x47\xfd\x59\x2b\
\xc7\xe5\x5e\x27\xcf\xef\xcc\xf1\x7a\xff\x13\xa4\xc8\x0f\x5e\x3f\
\xcf\xe5\xef\x87\x14\xe5\x89\x87\xe7\xb9\xfe\xdf\x82\x14\xf1\xc0\
\x47\x25\xff\xcf\x20\xfd\x0f\xfc\x0e\xd2\x6f\x00\x38\xfb\x47\x60\
\xde\x81\x54\x1a\xff\x7c\xd7\x84\x51\xc5\xf5\x59\xe4\xe7\x97\x03\
\xb3\x82\xf8\xf7\xb7\x60\xf2\xce\x22\xbc\x03\xd1\xfd\x6e\x98\xc7\
\x3f\xb9\x67\x82\xf0\xd6\xbd\x95\x09\x92\xab\xeb\x90\x22\x9f\xff\
\x33\x90\x22\xfe\xfb\x7c\x85\xfb\xff\xdc\x95\x09\x92\x73\x6b\x92\
\x3e\x04\x29\xca\x8f\xbf\x03\xe9\x01\xdc\x07\x90\x22\x9f\x6f\x9e\
\x9e\x30\xca\xb8\x2f\x21\x45\x3c\xf9\x5a\x48\xaf\x83\xf4\x97\x21\
\x45\x3c\xf4\x61\x48\x3f\x05\xed\x7e\x09\x52\xe4\x27\x7e\xf7\xdc\
\x84\xf1\xe7\xb8\xdf\xef\x9d\x30\x3e\x04\xfd\xff\xa3\xf3\x13\x06\
\x2c\xb5\xf1\x9a\xff\x32\x61\x78\x08\x37\x00\x34\x6f\x83\xb4\xd8\
\xe0\xf5\x7a\xfc\xea\x04\x8a\x8c\x86\x09\xe9\xbd\xb8\xdf\x21\x45\
\xbc\xf7\x9e\x55\x6e\xff\xb3\x90\xa2\xdc\xfd\x2c\x10\x1a\x90\x2f\
\x3b\xb9\xc6\xeb\xd5\x5a\xe3\x79\x78\x15\xa4\x48\x7f\x1e\x69\x4e\
\x18\x5f\x82\xf6\x9e\x7b\xdf\x04\xc9\x61\xdf\xe8\x4e\x18\x40\x7a\
\x8d\x1b\x3a\x5c\xee\x15\xf7\x33\xbc\xff\x76\x97\xe7\xf1\xb3\x3e\
\xc0\x2f\xf2\x0f\x40\x64\x90\xcf\x79\xfd\xc6\x84\xf1\x01\xe4\x0f\
\x2e\x4c\x18\x7f\x81\xfb\xf8\xe2\x04\xe1\x85\xaf\xbd\x88\xd7\xfd\
\x71\x2f\x66\xb8\x7c\xee\x8b\x79\xbd\x6e\x78\x31\x8f\xf7\x08\xa4\
\x48\xd7\xad\x07\x26\x88\xfe\xff\xcc\x83\x13\x24\xe7\xde\xfa\x12\
\x86\xb3\xe3\x90\xa2\x1c\x7b\xe6\x25\x3c\xbf\x17\x21\x7d\x21\x00\
\xda\xcf\x43\x8a\xfa\x09\x24\xd6\x28\xff\x3e\x0d\x52\x94\x07\x66\
\x91\x78\x4f\x66\xba\xb6\xd5\xb3\x1b\xe6\xa6\xd3\x6b\x9a\xf7\xf4\
\xcc\x0d\xbb\xeb\x3b\x9e\x6b\xde\x78\x70\x6a\xbb\x97\x49\xb3\xdb\
\x77\x5d\xc7\x5d\xe3\x77\x37\x1e\x9a\x32\xf6\xef\xdf\x6f\x66\x2c\
\xb7\x6e\xb7\xe0\x8b\xda\x96\xd9\xf7\xed\x2e\x65\x66\xbd\x0b\x5b\
\x6b\xb6\x6b\x36\x2d\xdf\x5c\x75\x5c\xc7\x6f\xda\x0d\x23\x6d\xf6\
\x3c\xaf\x05\x7f\xcc\xba\xe7\xae\x3a\x6b\xfd\xae\x6d\x5a\x6e\x03\
\xab\x35\x1b\xf2\x41\xd0\x9c\x09\x7f\xb7\xbc\x7e\xd7\xf4\xe1\x4f\
\xdd\x86\x6a\x5a\xb6\x9f\x32\xd2\x73\x73\xa5\xdc\xe9\x7c\xba\x92\
\xab\xce\x95\xf2\xb9\x79\x23\xbd\x98\x4f\x97\x73\x65\x48\x17\x73\
\x67\x2b\xb9\x52\x21\xbd\x48\x0f\xc5\x33\xd5\x95\x42\x3e\x53\xcc\
\xe6\xaa\x85\xf4\x12\x15\x58\x5e\x48\xcf\xe5\x2a\xf9\x4c\x7a\xb1\
\x9a\x2f\x64\x73\x67\x21\xeb\x4c\xfa\x5c\xb9\x9a\xcd\x55\xd2\xf9\
\xc5\x5c\xb6\x5a\xce\x65\x8c\xf4\x4a\xa5\xb8\x98\x2f\xdc\x5d\xcd\
\x9f\x2a\x14\x4b\xb9\xea\x99\x62\x29\x5b\x0e\x72\xcb\x2b\xcb\xcb\
\xc5\x52\xc5\x48\xd7\xbc\x7e\xcf\x48\x37\x1a\xa6\xd3\xb3\xdb\x46\
\xba\xd5\x32\x73\x6e\xcf\xe9\x39\xb6\x6f\xa4\x37\x2c\xa7\x65\xd5\
\x5a\xb6\xb9\x68\xb9\x6b\x7d\x6b\x0d\xf2\xe6\xf2\x85\x74\xe9\x5c\
\xb5\x52\xcc\x18\xd4\xef\xea\x52\x6e\x69\x2e\x57\x82\xb6\xcb\x90\
\xb3\x92\x5f\xac\xe4\x0b\xd5\x72\x65\x51\x37\x30\xd7\xf5\x36\x7d\
\x1b\x67\xcb\xa2\xb1\x47\x33\xbc\x56\x03\xa6\x3a\x83\x83\x2e\x55\
\x4f\x95\xd2\xcb\x0b\xf4\xa0\x7f\x96\x73\x30\x98\x42\x59\x8d\x3d\
\xb3\xb0\x54\x9d\x87\x21\xd2\x0f\x1a\x7b\x35\x57\x80\xb9\xc9\x17\
\x4e\x19\x99\x3c\xce\x65\x7e\x8e\x0a\x40\xd1\xc5\x74\xe1\x54\x35\
\x9d\xcd\x42\xb9\x4c\x75\x39\x5d\x59\xd0\x79\xe5\x72\xbe\x5c\x81\
\x69\x5a\x4e\x97\xca\xf4\x25\x65\x67\xd3\x95\xf4\x1c\x36\x88\x65\
\x25\xaf\xb8\x5c\xc9\x17\x0b\xf4\x61\xb9\xac\x3a\x55\x5c\x5c\x4c\
\xcf\x15\x4b\x69\x7c\xa5\xf3\x96\x96\xd3\x99\x4a\x75\x11\xd6\xf3\
\xac\x7e\x2a\x55\xe6\x8d\xcc\xf2\x72\x35\xb3\x98\xd7\xd3\x91\x29\
\xe5\x70\xcd\xcb\x2b\x73\xd9\x7c\xa9\x3c\xf0\x58\x5d\xcc\x9d\xce\
\x2d\x1a\x19\x0b\x56\x61\xad\x6b\x75\x9a\x3e\xfd\x66\xa0\xd4\x19\
\xee\x4d\x56\xc7\xf3\x8f\xf7\x10\x22\x1b\x66\xaf\x69\x6b\xa8\xab\
\x7b\xed\x36\x40\x62\xd2\x6c\x5b\xeb\xb6\xe9\x23\x60\x3a\x3d\x2e\
\xed\x9b\x8e\xc0\xe1\x0d\x37\xf0\x00\x09\xde\x31\x71\xbd\x9e\xe9\
\x75\xe0\x73\x5c\x1e\x84\xd8\x55\xaf\x6b\x6e\x76\x01\x06\xdc\xb5\
\x94\x59\xf0\x7a\x4d\xdc\x2c\xbe\xb5\x61\x37\xae\x33\x32\x4d\x00\
\x05\x1b\x5a\x6a\x79\xdd\x54\x2a\xc5\xcf\xf8\x1e\xfb\xd1\x12\x30\
\x31\xbb\xf6\xfd\x7d\xa7\x6b\xfb\xb0\xc4\xf0\xb7\x67\x75\xa1\x85\
\x55\x2a\x62\x75\x3a\x2d\xa7\x6e\xf5\x60\x73\xc0\xc7\x2d\xcb\xf7\
\xf5\xc0\x5a\xb6\xd5\x85\xe2\x75\xdb\xed\x99\x2d\xc7\xef\x49\x0e\
\x55\x0c\x8f\x58\x83\xbc\xa5\x3d\x74\xa7\x91\xf1\x5a\x00\x9e\x5e\
\x97\x6a\x33\x1b\x8e\x05\x35\xb5\xa1\x22\xcf\x6d\xd8\xae\x0f\x3b\
\x35\xa3\xf7\xa7\x9a\xa1\xbe\xaf\xfa\x7a\xc6\xb9\x68\x75\x1b\xb8\
\x71\x67\x60\xb8\xb9\x0b\x1d\x1b\x3a\xd9\xb3\x6a\x49\x7c\xeb\x9a\
\x3e\x20\x87\x7a\x13\xa1\x14\x0b\x97\x60\x6b\xc3\x3b\x7c\x84\x5a\
\x6c\x68\xd1\x96\x89\xaf\xf7\xdb\xd0\x23\xea\x81\x91\xcd\xa7\x11\
\xf6\xaa\xb4\xb2\xf0\xc0\x90\x04\x4f\xb9\x4c\xa5\x08\x9b\x86\x61\
\x05\x9e\xf9\x57\x75\x29\x7d\x16\xf6\xcd\x32\x95\x29\xa7\xe7\xe0\
\x4b\xde\xce\xf0\x54\x29\xe5\xe7\x56\x00\x30\x4e\x95\x8a\x2b\xcb\
\xd5\x2c\xec\x36\xf8\x7f\xae\x58\xbc\xbb\x5a\x5c\xa9\x2c\xaf\x54\
\xf0\xb1\x9c\xab\x54\xe7\x56\x0a\x59\xfc\x2e\xab\x32\xe6\x73\xb9\
\x2c\xee\x95\xf0\xf3\x4a\x69\x51\x3d\x2e\xaf\xcc\x2d\xe6\xcb\x0b\
\xb0\xd9\x82\x4f\x82\x3c\xf9\xb0\x12\x1a\x45\x11\xda\x48\x57\x32\
\x0b\xd5\x72\xfe\x5e\x7a\x07\xd0\x9c\x4b\x17\x56\x96\xf9\x77\x71\
\x69\x09\x36\x41\xba\x52\x29\xd1\x73\x2e\x7b\x2a\x17\x3c\xcd\x17\
\x0b\x15\x9e\x02\x78\x08\x86\x5c\x00\x5c\xc6\x35\xe7\x97\xd2\x50\
\x7e\xbe\x58\x5a\x4a\x57\x28\x03\x5f\x05\xdf\x17\x56\x96\xaa\x95\
\x05\xd8\x21\x59\x2e\xae\xeb\x5a\x59\x5a\x14\x64\xc7\x2f\xce\x40\
\xdd\x54\xb2\xbc\x50\x5c\xc4\x71\x9d\x3d\x47\x43\xd0\xb8\x21\x0b\
\x98\x1d\x96\xcc\x87\xa4\x8e\x54\x81\x70\x5d\xd6\xf6\xeb\x5d\xa7\
\xc3\x4b\x07\x50\xea\xb8\x0a\x90\x00\xcc\x7a\x5e\x77\xcb\xc8\x2a\
\x90\x52\x3f\xc2\x00\x60\x64\x3d\xdc\x50\xe6\xa6\x05\x10\x89\xc4\
\x60\x04\xb4\xb6\xb6\xcc\x96\x67\x35\xa0\x55\x45\x2e\xb8\x19\x01\
\xe2\x81\x5a\xba\xf6\x06\x02\x22\x62\x00\xdf\xee\xe1\x16\xf4\xcd\
\x9a\x55\x5f\x17\x48\x74\xba\xa6\xd7\x75\x60\xc3\x59\x2d\x73\xc3\
\x6a\xf5\x63\x6a\xc0\x8d\x4a\xdd\xa8\xf7\xbb\x5d\xdc\x2d\xba\x1e\
\x24\x52\x7d\x9f\x5e\xb6\x4d\xd7\xbe\x00\xc5\x9d\xb6\x4d\x44\x6e\
\x93\x77\x03\x6d\x55\xaa\x92\xe1\x1a\x3a\x6d\x0b\x35\x00\x3a\xd6\
\x82\x19\x01\x5c\xc1\xfb\x75\x60\x2a\x78\x7b\x9d\x5a\xc9\x87\x7f\
\x9b\xab\x5d\x0f\x2a\x71\x1b\x3a\xb3\x63\xf5\x9a\xb3\xfa\xa9\xef\
\x03\xb2\x30\x72\x80\x1f\x97\x01\xef\x02\x38\x22\x54\xe6\x0a\xb8\
\x15\x88\x88\x31\xf2\xe5\x8c\xea\x72\x29\xb7\x5c\x2a\x66\x72\x65\
\xc2\xd9\x39\x04\x8e\xd3\xe9\xc5\x95\x5c\xb9\xba\x0c\xa0\x0b\x44\
\x2d\x67\xe4\xce\xa6\x97\x96\x17\x05\x83\x87\x1e\x90\x9c\x96\x75\
\x06\x6c\xc7\x15\x40\xfc\xa7\xb1\x7c\x66\x71\x25\xab\xd3\x70\x51\
\xce\x28\x9f\x5b\x9a\x2b\x2e\x46\x9e\x91\x7a\x62\xc6\x72\xba\x90\
\x05\x52\x02\x70\x38\x0f\x4d\x67\x55\x4e\xb1\xb0\x78\x0e\xbb\x0a\
\xd9\x06\xd2\xf1\x42\x19\xa9\xc4\x52\x7a\x79\x99\x7a\x2d\x94\x9d\
\xf7\x75\x39\x78\x5e\x86\x8d\x10\x7a\x2c\xe7\xd2\xa5\xcc\xc2\xe0\
\x33\xcd\x8e\xca\xaa\x14\x8b\x8b\x6a\xa0\x95\x12\x92\x1b\xa0\x9b\
\xc1\xef\x02\xb4\x5a\x28\x03\x19\xe2\x6a\x29\x73\xb1\x88\x2c\x03\
\xd1\xb2\xa1\xdc\xa5\x5c\x65\xa1\x98\x0d\x72\xe1\xcb\xbb\xa1\x4f\
\xc1\x73\x29\x7f\x1a\x28\x55\xe4\xb9\x7a\x3a\x5f\xaa\xac\xa4\x83\
\x56\xcb\x15\x20\x8a\x19\x7e\x54\x35\x48\x95\x6a\x08\x32\x13\x94\
\x5b\xa5\xb9\x04\xa4\x57\x3d\x03\x88\xaf\x78\xc6\xc8\x75\xbb\x5e\
\x97\xff\x02\xa4\x74\x09\x57\x3b\x00\x40\x5d\x04\x77\xde\x3d\xa9\
\x0b\xed\x96\x69\x21\x81\x70\x89\x56\x01\x21\xea\xb7\x81\xcf\x3a\
\x94\x3a\xef\xde\x78\x58\xbe\x85\x2d\x00\x9f\xf2\xc3\xac\x59\x0f\
\x91\x38\xdc\x17\x31\x64\xee\xba\xf3\x6e\xc9\xb6\x7c\xd8\x95\x6b\
\xce\x86\xed\xce\x42\x7d\x46\xee\x82\xd5\xee\x40\x49\xe0\x8f\x3a\
\xfd\xde\xac\xda\x39\xa6\xdf\x72\x80\x67\xc1\xfd\x40\x8f\xb0\x1b\
\x9b\xb4\xef\xac\xc6\x7d\x7d\xd8\xf7\xb4\xf3\x90\x3a\x1a\x4c\x53\
\x20\x91\x01\xe4\x81\x2c\x5d\xc0\x21\xe1\x3e\x2c\x03\xb2\xa8\x23\
\x61\x35\x08\x53\x69\xc8\xa3\xa7\xd3\xb9\x12\x81\x0d\x3c\x40\xae\
\xc1\x49\xa4\x0c\x3e\x97\x8b\x2b\xa5\x4c\x4e\xd8\x9d\x68\x5e\x50\
\xb4\x88\x8f\xbc\xc4\xc0\x07\x21\x10\x53\xe6\xd2\xca\x62\x9a\xf0\
\x33\xa1\x75\x95\xb1\x94\xce\x94\x8a\xc4\x5f\x41\x0e\x2c\x5a\x81\
\x10\x7c\xae\x00\xf0\x34\x4f\x1d\x59\x59\x64\x98\x13\x76\x8c\x9e\
\xcb\xf9\x6c\x6e\x2e\x0d\x2f\x81\x59\x04\x7c\x01\x33\x81\xe8\xce\
\xec\x75\x2d\xd7\x6f\x05\xa8\xce\x98\xc7\x3f\xa7\x72\x85\x5c\x09\
\x39\x1e\x64\x44\xe1\x01\xb7\x4f\x90\x39\xb7\x72\x0a\x28\x51\x25\
\xc8\xc8\x2c\xe4\x83\x07\x20\x95\xb0\x75\xe1\x57\x36\x5a\x48\x28\
\x63\x24\x03\xe8\x5a\xf0\x2c\x08\x66\x21\xb7\xb8\x1c\x64\x2e\x54\
\x96\x16\xa3\x4f\xd1\xf7\xcc\xca\x05\x8f\x39\xf8\x99\x0d\x9e\x97\
\xd2\x85\xe0\x01\x10\xd0\xe2\x52\x31\xf4\xf6\x9e\x85\x50\x4d\xa5\
\xdc\x3d\x2b\xc0\x03\xe0\x3c\x96\x43\xb9\x95\xd0\xc0\xcb\xf7\x2c\
\x02\xf7\x7a\x38\xc8\xa8\xa4\x4f\xd1\x3a\x04\x19\x39\x60\xaa\x23\
\xc3\xae\x14\xb3\xc5\x81\x9c\x52\x0e\x44\x8a\xdc\x99\x20\xe7\x2c\
\x8e\x11\x09\x2f\x09\x0b\x0b\x79\xc8\x85\x4d\x78\xce\x60\xb6\xa2\
\x90\x23\x36\x18\xd9\xd5\x22\xf0\x11\xd0\x39\xa6\x14\x9a\x5b\x02\
\xf4\xdd\x9e\x35\x16\xd2\xa7\x71\x4e\x2b\xc6\xc2\x42\x86\x40\x09\
\xd1\xb2\xb1\x00\xcb\xae\x3f\x85\x31\xce\xe7\x4a\x40\x6e\x73\x9c\
\x3f\x0f\xa2\x41\x21\x5c\x33\xe5\xc2\x46\x9f\x2b\x66\xcf\xd1\xfa\
\x70\x4e\x39\x53\x5c\x56\xbc\x3d\x65\x40\x61\xa0\x02\x0a\x45\x85\
\xb2\x58\xcc\x88\x64\xd1\x67\x8c\xe1\x42\xb9\xa5\xdc\x62\x9a\xe9\
\x06\xae\x69\x95\x04\xa7\x79\xe0\x0a\x10\xfd\x4a\xce\x62\xb1\x54\
\xae\x9c\x83\xd9\x1d\x78\xae\x9e\x4a\x2f\x2d\xa5\x87\x72\x17\x56\
\x86\x4b\x96\x81\x61\x91\xbc\xe5\x73\xc8\xe0\x2f\xcf\x15\xd3\xa5\
\x2c\xe7\x65\xcf\x41\xd7\xf2\xd8\xe7\xc2\x4a\x39\x9a\xa5\x89\x1a\
\xe5\x32\x66\xe4\x0d\x1c\xca\xa0\x26\x80\x21\xcb\x49\x1b\xcc\xcb\
\x28\x62\x22\x79\xc5\x22\xee\x48\xf9\xad\xf6\x33\x31\x52\x94\xb7\
\x00\x5c\x93\x7a\xcf\x82\x12\x12\x4c\x00\x41\x58\x19\x69\x4c\x38\
\x49\xfa\x0d\x94\xf5\x2e\xe8\x1a\x0c\xa7\x78\x77\x5e\x86\x1b\xee\
\x86\xdd\xea\x18\xf9\x2c\x95\x03\x60\xaf\x9c\xd3\xf2\x8c\x48\x97\
\xb0\x33\xe7\xf3\x67\x0d\x66\xe8\x88\x2a\xe5\x81\xd6\xe6\x41\x26\
\x43\x3e\x92\x57\x5c\xf0\x4f\xb6\x3a\xa7\x58\x61\xc9\xa9\x46\x51\
\xa0\xca\x8d\x96\xe1\x4a\x0b\xc0\xa6\x62\x9d\x5c\x1f\x12\x7d\x26\
\xa5\x08\xc6\x02\x34\x92\x9d\x2f\xcc\x17\x83\xdf\xf4\x19\x14\x42\
\x30\x52\xb9\xe5\x3c\xb1\x03\xc0\x6b\xaf\x64\x2a\xfa\x3b\xc6\xa0\
\xf8\x88\x93\x43\x7f\x03\x3e\x92\x1f\xa3\xbc\xa5\xce\xc3\xf5\xc8\
\x17\xe0\x2f\x90\x42\xe0\x2e\xaa\xe5\xd3\xa7\xf8\x19\xc9\x35\xf7\
\xd8\xad\xb7\xfa\x0d\xa0\x0f\x5d\xcf\xf7\xa7\xbb\xf6\xaa\x0d\x0c\
\x5a\x1d\x90\xa6\xe8\x06\xea\x1e\xbc\x74\x98\xae\x30\xd9\xd1\x9f\
\x34\x6c\x20\x5f\x20\xd6\xd4\xb5\x20\x28\x6f\x48\x36\x1c\xf5\x16\
\x37\x33\x90\xb9\x76\x1f\x04\x2d\xe3\xae\xf4\xe9\x34\xee\x10\x44\
\xbd\xac\x73\x50\x39\x73\xe9\x02\x20\x0c\x83\x50\x1e\xb3\xfb\x80\
\xcd\x72\xea\x19\x44\x6a\xde\x2e\xfc\x9c\x59\xca\xb2\xa0\xc0\x8f\
\xb9\xa5\xe2\x5d\xf9\xaa\x16\x72\x54\x6e\x08\xb2\xc3\x39\x21\x98\
\xe2\x6c\x81\x63\x7e\x10\xa0\x95\x07\x46\x19\xd9\x7c\x46\xd7\xb1\
\x94\xbe\x3b\xc7\xc0\x0c\x9d\x90\x3c\x81\xe2\xc5\xf4\xb9\xa2\x2c\
\x8d\xb1\x08\x40\x0c\xe8\x2d\x93\xce\x2c\xe4\x58\x6e\x51\xfa\x0b\
\xb3\x4e\xe2\x2b\x52\x29\xa0\xf1\x07\x83\x7c\x64\x10\x2c\xa5\xee\
\x30\x16\x1d\x77\x9d\xe4\x44\xcf\xb4\x15\xf5\x8e\x8a\x7a\x44\x29\
\xab\xc4\xf3\xd1\x9e\x8c\xf4\x8c\xa7\x07\x28\x44\x68\xd3\xe2\x13\
\xb3\x8e\xf8\x4b\x3a\x8d\x3f\x59\xf4\x87\x9f\xa5\xbb\x81\x05\x2a\
\x00\x8f\x27\xb3\xad\x73\x50\x18\xcc\x54\x42\xcf\xb2\xf5\x60\xaf\
\x2f\xdc\x05\xf2\x14\xa2\x38\x1a\xb7\xca\xd0\xad\x96\x75\x96\xa0\
\x06\xf5\x08\x48\x92\xf6\x93\x7a\x16\x86\xc3\x20\x89\x54\x0b\x6b\
\x2c\x9b\x62\x5e\xbe\x90\xaf\xe4\xd3\x8b\x30\x95\xcc\x69\x43\xc5\
\x39\xa8\x30\x9f\x0d\x24\x45\xc9\x80\xde\x14\xe6\xf3\xa7\x78\x21\
\x54\xde\x5d\xe5\x2a\xca\xa0\xea\x91\x9b\x96\x07\xa0\x1a\xb0\xe6\
\x55\x02\xb8\xa5\x72\x26\x54\x61\x39\x83\x0c\x02\xf2\xb9\x06\xa0\
\xb7\x4a\x9e\xb6\x27\xea\x53\xf2\x65\xd1\x99\x2d\x59\x28\x51\xa0\
\x5a\x6a\xc9\x71\x9d\x76\xbf\xcd\x32\xd1\x2c\x69\xf9\xda\xd6\x85\
\x48\xd6\xa1\x24\x6c\x93\x55\xab\xdf\xea\xe9\xac\xc3\x29\x63\x09\
\xb6\x9c\x81\xa8\x11\x65\x0b\x2d\x6d\x16\x60\xd9\x8d\x82\x67\x2e\
\x77\xbd\xfb\x40\x16\x04\x8e\x66\xcd\xd3\xd2\x63\x0a\xdf\x68\x6d\
\x43\xc1\xeb\xd9\xb3\x46\x71\x6e\x7e\xa5\x9c\x21\x66\x63\x89\xc4\
\x52\xd4\x1c\x2d\xc1\x7c\xe1\xcc\x57\x85\x9b\x0a\x32\x79\xfd\xab\
\x99\xa1\x9c\x51\x25\xb1\x96\xe1\xd2\xb8\x7f\x87\x32\xcb\x80\x76\
\x73\x43\xb9\xa7\x17\xb2\x8b\x86\xfc\x0e\x36\xab\x64\xa0\xae\x6b\
\x05\xb9\xfd\xe2\xba\x51\x74\x89\xb5\x6e\x5b\x6e\xdf\x6a\x19\xc5\
\x0e\xa9\x95\x06\xe5\x56\xce\x67\xf9\x96\x7e\xa3\x2a\xa8\x08\xa2\
\x74\xdb\xb9\x68\x13\x63\x9d\x01\x39\xd5\x5c\x5e\x58\x56\x78\x2c\
\xfa\xf2\xe6\x9b\x47\xe5\xcf\x00\x2d\x8d\x7d\x37\xef\x75\x91\xa5\
\x8c\x7d\x77\x17\x6c\x5d\x6c\x2f\x73\x7d\xec\x6b\x9a\x91\xd8\x37\
\x38\x2b\xfa\x45\x38\xc1\x15\x67\x95\x97\xca\xe8\x74\xbd\x46\xbf\
\x2e\xe8\x96\xf9\x23\xa3\x08\xb2\x3a\x4a\xea\xac\xc7\x6a\x3a\xf0\
\x04\x4c\xfd\x96\x81\xd2\x1c\x4e\x3c\x41\x2c\xa0\x88\xdc\x22\x64\
\xa1\x94\x5a\x39\xb7\x9c\x33\x96\xb3\xf3\xd5\x85\x73\xc8\x33\x12\
\x3e\x10\xe6\x51\x18\x4e\xf5\x84\x08\xe5\x74\xba\xa4\x08\xab\xca\
\x86\xc7\x4a\xe5\x9c\xb1\x0c\x2b\x56\x59\x59\x5a\x0c\x76\x8b\xca\
\xa9\x66\xe6\x65\xf3\xe9\x9c\x08\x05\xd5\xb9\x77\xa5\x4b\x92\x43\
\xc2\x2a\xc9\xb0\x8a\x0b\xe0\xdd\xa5\x9e\xf2\xb0\xa5\xf5\xc3\x62\
\xf1\x54\x51\x3f\x10\x9e\xd3\x0f\x2b\xc8\xa1\x19\xcb\xe7\x40\x90\
\x2c\x10\xbd\x03\xbc\x05\xf4\x71\x19\x68\x9d\x83\x4a\x64\xd6\x57\
\x98\x56\x17\xf6\xcb\x72\xd7\xde\x70\xbc\xbe\x6f\xc8\x0e\x33\xc2\
\x3b\x4d\x3f\xb8\x56\xdb\xd6\x0f\xfe\x96\xeb\x75\x7c\x47\x7f\xa2\
\x75\xec\xb0\x8e\x4e\x03\x73\x37\x40\x30\x03\x52\xda\x46\x1a\x8a\
\x54\x8f\xe1\xd5\x42\x0d\x37\x91\xd4\x8e\x7c\x88\xda\x12\xab\x1b\
\x68\xef\x50\x0a\xbb\x07\x64\x53\x9a\xb6\x7b\x16\x4e\x05\x4c\x2e\
\xf0\xf1\xd5\xcc\x4a\x59\x91\x77\x52\x4d\x95\x87\x72\x69\x1a\x30\
\x53\x73\xa4\xf4\x84\xbc\xde\xf0\x87\x22\x33\x13\x4f\x0a\xd3\x75\
\x4f\x25\x44\x8f\x41\x4e\x00\xc2\x78\x4f\xdf\xe9\x19\x81\x92\x42\
\xb3\xd6\xc4\x38\x29\xf6\x36\xc8\x2e\x57\x59\xa1\x4f\x7c\x4b\x38\
\x3b\x54\x74\x39\x97\x56\xab\x0a\xd2\x48\x15\xa5\xf5\x5c\x7a\x0e\
\x30\x2a\x70\x72\xc4\x28\x95\x72\xe5\xe2\xe2\x69\xe4\xa1\x71\x0c\
\xa4\x1a\x4f\x2f\x95\x0d\x10\x52\x42\xd4\x84\x27\x48\xf2\x34\x79\
\xc7\xe7\x10\x38\xe3\xa3\x90\x37\xfc\x19\x10\x7c\xf9\xda\xf6\xed\
\x90\x4a\x4a\x6b\xb5\x22\xa8\xd9\xbf\x53\xca\xc1\x6b\x79\x11\x64\
\xac\x5a\xa4\x9c\x53\x2f\x7c\xa3\xe4\xd4\x9b\x66\x05\xd5\x59\xf3\
\xb4\xe8\xe6\x24\x34\x3c\x65\x94\xfa\x2e\xfe\xaf\x37\x2b\x2b\x20\
\x50\xcb\xcf\x3d\xe1\xe7\x5c\xe1\x14\x6a\x8e\xc2\x0f\x44\xab\x94\
\xc6\x45\xc9\xcc\xe5\x1c\x4e\x09\x0a\x7e\x7c\xde\xc1\x0a\x9b\x72\
\xae\x04\xa4\xb3\x8a\xc7\x06\x59\xa5\xb4\x29\x2f\x00\x0e\x17\x99\
\x06\x7e\x9f\xa9\x86\x54\x55\x9c\xc1\xf3\x46\x3f\x15\xf3\x8a\xb5\
\x62\x63\x9c\xcb\x7c\x10\xf7\x12\x9f\xc3\x7c\xb2\x7c\x18\x12\x7e\
\xe8\x79\x05\x7b\x20\xef\xf3\xcb\x9a\x47\x28\x03\xd7\xbb\x94\x5e\
\xe6\x21\xdd\x0d\x2f\xe6\x57\x0a\x24\x81\xb0\xac\x0f\x85\xb1\xb3\
\x7c\x92\x43\x2c\x2a\x3f\x9f\x0b\x49\x66\x9c\x25\x12\x23\x8f\x0a\
\x33\x44\x20\xab\x22\x21\x29\x57\x0f\x82\x1c\x1a\xca\x56\x75\x91\
\x32\x62\xae\x54\x3c\x03\x13\xa5\x1e\x91\xa0\x57\x40\x1e\x37\x44\
\xe8\x55\xd0\xa2\x1e\x01\xf2\xf9\x50\x24\x3b\x67\x30\xeb\x83\xb4\
\xb9\x52\x84\x1e\x03\x63\x8a\x18\x05\x73\x97\x59\xb2\x13\xfd\x44\
\x59\xf2\xe6\x4b\xc5\x25\x7d\xde\x13\xce\xe3\xe7\x95\x39\x1a\x06\
\xd5\x01\xb8\x9d\xfe\x98\x96\x8f\xc4\x8b\x7e\x22\xd2\x27\xf2\xa6\
\x9e\xe8\x4d\xdd\x22\x52\xd7\x07\x6c\xb3\x61\xb7\xb6\x8c\x32\xf1\
\x01\xfa\x4c\x4c\x3d\xa3\x56\x87\xb6\xae\x3c\x37\x62\x55\xca\xea\
\xe5\x60\x06\x37\xcb\xbf\x01\x4f\x21\x6f\xd1\x46\x16\x54\x1f\xa9\
\x00\xe4\x7b\x8a\x74\x91\xde\xc9\xf6\x11\xfa\x91\x8c\x85\xbe\x23\
\xfc\xe6\x00\xc1\x9e\x71\xda\xa1\xbe\x89\x7c\x31\xd4\x2a\x9d\x61\
\xd8\x3e\x64\x37\x90\xd3\xed\xc2\xd6\xc2\xee\xb6\x91\x29\x0a\x15\
\x61\x0a\x69\x32\x4e\x9d\xf4\xa7\x22\xba\x5f\x29\xb7\xe9\x75\x89\
\x67\x1e\x6c\x83\xa6\x50\xb6\xbb\x51\x6e\x7a\x9b\x26\x0a\x97\x8a\
\xe8\x52\x46\x84\xbf\xe0\x2c\x54\x36\x0f\xf0\x1d\x1a\x67\x34\x9c\
\x55\x12\x9c\x7a\xa4\x9f\xd0\x98\xc3\xd7\x8d\x78\xdd\xee\x56\x52\
\xa9\xfd\xe8\x90\x0c\x67\x77\x12\xcf\x85\xe5\x9d\xeb\xc1\x64\x01\
\x05\xb2\x37\x03\xae\xdf\x94\x02\x81\x24\x16\x1a\x4a\xc7\xae\x3b\
\xab\x5b\xa6\xd5\x68\x38\xd8\x19\x52\x47\xd2\x59\x1b\x2b\x22\x3d\
\x3a\x45\xa0\xc5\xd0\xa7\xcb\x1a\xef\xc8\xb7\x34\xd7\xaa\x46\x52\
\xd4\x23\x60\xe1\x17\x21\xe9\x6f\x44\xe9\xcd\xa6\x1d\x3a\xc4\xf2\
\x9b\x5e\xbf\xd5\x30\x3b\x42\xd6\xd4\x4a\x34\x06\x64\x94\x70\x55\
\x43\xab\xc3\x73\xb7\xd9\x44\xdc\xa9\xea\xdd\x74\x80\x97\x81\xee\
\x1b\x65\xa8\xa1\xef\xcf\x92\x54\x24\xc3\xd1\x79\xc1\xb3\xd7\x09\
\xc6\xc8\xa7\x65\x0a\x58\x71\xcd\x2b\xe9\x39\x96\xbd\x44\x95\x55\
\x36\x00\x13\x2d\x2f\xb2\x42\x4c\xa9\x68\x80\x47\xcd\x95\x2b\xe9\
\xa5\x65\xa3\x02\xdc\x37\xab\xd0\xe9\xa7\xc2\x78\x88\x09\x49\x5d\
\xac\x74\x5b\xd5\x33\xf9\x2c\x6c\x65\x64\xa4\x80\x6b\x21\x21\xb1\
\x2c\x22\xbc\x41\x34\x80\x8e\x29\x2a\x04\xd7\x0c\x17\xc1\x90\x1d\
\xe8\xfe\x4d\xad\xde\x71\x9c\xe8\x9b\xd6\x7a\xc7\x6f\x3c\x88\x4f\
\x33\xea\x31\x15\xf9\x8c\xb4\xc4\x93\x64\x22\x60\xd5\x7c\xaf\xd5\
\xef\xd9\x74\x7a\x31\x75\x19\xd5\xec\xea\x0b\xda\xb8\x57\xa1\x65\
\xae\x67\x57\x9f\x10\xf1\xdd\xe9\x93\x11\x5f\xf8\x5b\x7e\xcf\x6e\
\x6b\x4d\x44\x8f\x6b\xa6\xe1\xa3\xf5\x04\xc0\x7b\x0d\x98\x33\x02\
\x49\x47\xd9\x65\xac\xf6\x01\xe0\x70\x68\x5c\x98\x7b\x3c\x5e\x69\
\x07\x0a\x59\x6b\xc1\x41\x73\xaf\x69\xf1\x6e\xc0\xdc\x1b\x0f\x42\
\x97\x4c\xe1\x17\xc2\x43\x39\x97\x2b\x0f\x0e\xdf\xeb\x38\x75\xdf\
\xa8\x0c\x68\xab\x09\xf4\x57\xbd\xbe\xdb\x30\x2a\x7d\xd7\x0e\xb4\
\xfa\xea\x1c\x3b\x8c\xc4\x90\x9d\x5e\x04\x69\x8b\x4f\x2c\xe7\xf3\
\xb9\x45\x10\x21\x29\x13\xd5\xd2\xf8\x03\x65\x68\x3a\x1b\x5d\x4c\
\xcf\xe5\x40\x3a\x04\x6a\x5d\x5d\x80\x8d\xc1\xbf\x44\x0a\xe7\xdf\
\x2c\x52\xa7\xcb\x90\x9b\x2f\x20\x97\x41\xd9\x20\x33\xb0\x7c\xb0\
\xe2\x92\x54\x22\x8a\x0c\x7f\xf0\x99\xf7\x70\x0d\x89\x97\xdf\xbb\
\xce\x1c\x3c\xa2\xf4\x90\xd9\xed\xdb\x77\xee\xee\xb3\xe0\x44\x71\
\x48\x10\x84\x9a\x3a\x0d\x6b\xe8\x68\x75\xc5\xb7\xcd\x5a\xdf\x69\
\xf5\xa6\x1d\x10\x1f\x49\x3a\x12\x81\x59\x61\x2b\xa0\x5a\x58\x68\
\xe0\x8c\x12\x4f\x76\xe8\x0c\xb2\xdf\xb9\x33\xee\xbd\x1f\x2a\x40\
\xef\x1b\x5e\x8f\xad\x71\x08\x9d\x61\x1f\x4f\xa1\xfe\xeb\xb4\x73\
\x11\x20\xa5\xbe\x8e\x24\x10\x18\xb4\x39\x40\x37\x4b\xc2\x55\x95\
\x8d\x33\xe9\x52\x81\x70\x0a\xfe\xc0\x99\xce\x95\x4a\xc5\x12\x3f\
\x89\x9e\x84\x7e\xe7\x89\x25\x0a\xbf\x85\x1c\x40\x4c\x45\x54\x1b\
\xf2\x31\x83\xce\x26\xdd\xf3\x0a\xb2\x22\x20\x46\x45\x32\x35\xfb\
\xc7\xd9\x61\x3d\x15\x67\x20\xc7\x19\x6e\x16\x24\xac\xe0\x6d\xa1\
\xc8\xac\x38\xb5\x65\x75\x09\xf3\x9e\xb1\x5b\x75\x14\x72\x60\x65\
\xe4\x20\xd5\x60\x63\x06\xe3\x4c\xd7\xe9\xf5\x00\x91\xd7\xb6\x8c\
\xb3\x00\x75\xc0\xb1\x13\x5f\x49\x10\x45\x0c\x1d\x65\x0b\xbf\x75\
\x96\xd5\xbe\xa7\xa0\x76\x3c\x46\x40\xa6\x08\xe8\x99\x61\xf9\x7c\
\xe4\xd6\xb6\x61\xc5\x7a\xb6\x10\x7d\xa2\x53\x00\x84\xdb\xbe\x06\
\xd8\x29\xd3\x89\xfa\x76\xa5\x9a\x5b\x1d\xbb\x0b\x44\x73\x1d\x60\
\x05\x2b\x44\x12\x52\x6d\xf6\xda\xad\x6a\xdd\xf7\x8d\x4e\xcb\x02\
\x88\xa1\xb3\x19\x20\xd0\x1d\x94\xd2\xf0\x23\x18\x2f\x3c\xfa\x3e\
\x7c\x43\x1b\x6f\x32\x55\x6f\xb6\xa7\x0c\x42\x0b\xae\xb5\xe1\xac\
\x31\x44\x76\x2c\xd7\x6e\x29\xf9\x70\x3a\xdf\x98\x3e\xcd\x22\xe2\
\xac\x79\x30\x75\x60\x4f\xc9\xee\x78\xdd\xde\xf4\x92\xbf\xe6\x34\
\xa6\xe7\xfa\x6b\xfe\x74\xc5\x9b\x85\x6f\xfa\x2d\xfb\xf0\xa1\xd4\
\x7d\xeb\x27\xed\x36\xb0\x02\x29\x68\x6b\xcf\x72\xb1\x32\x4d\x16\
\x64\xf0\xf1\x74\x16\x46\x30\x6b\x1e\x3a\x70\xe8\x96\xe9\x03\x47\
\xa6\x0f\x1e\x34\x0f\xde\x36\x7b\xe8\xf0\xbd\x50\x68\xba\x04\x3c\
\x84\xbf\x5d\x99\x45\xcb\xef\x4d\x2b\xe4\x82\x87\x91\xd2\xdc\x1e\
\xc5\x3d\x4e\x57\x6c\xab\x3d\x9c\x3d\x6b\x02\xd8\xcc\x66\x73\x2b\
\x7b\x96\x80\x44\x46\xc7\x91\xa1\x33\x75\xa8\x16\x66\x72\xd6\xec\
\x01\xd1\x9b\xa1\x69\x3b\x8e\xbb\xb9\x0b\x3b\xe5\xc4\x4a\x65\x7e\
\xfa\x58\x50\x0e\x9b\x07\x8e\x69\x3a\xe7\x02\xde\x03\x08\x9a\x35\
\x8f\xd5\x9c\xde\x1e\x63\x32\xd7\x05\x9c\xdd\x02\x34\xde\x76\x7a\
\x68\x24\x77\x3a\x6c\x41\x37\xfa\x65\xd2\x6c\x5d\x7a\x6d\x7f\x95\
\xdf\x28\xfb\xb9\xd3\xb0\xff\xe6\x6c\xb7\xdf\xbb\x68\x77\x81\x6e\
\xad\xd9\xb5\xae\x57\x6f\x02\x6c\x86\xed\xe8\xd0\x30\x02\x7a\xd2\
\x73\xd6\x8c\x1c\xac\xf3\x19\xbb\xbb\x7e\xd1\xee\xaf\x99\x17\xfb\
\x6d\xf3\x6e\x41\x2e\x0e\xf2\x76\x26\x60\x5e\x33\xdd\xf7\x57\x2f\
\xbd\xab\x89\x8f\x1b\xd0\xb0\xaa\x24\xe8\x88\x09\xaf\xbb\x66\x1e\
\x4a\x00\xe7\x0d\x7d\x45\x4c\xe4\xd8\x6e\xca\xb8\xbd\x73\xc7\xed\
\x3e\x40\x03\xe0\x8a\xad\x96\x7d\x62\x2f\xa1\xee\xd9\x2d\x28\xe2\
\x6d\x1e\xdf\x7b\xc7\xed\xb5\x3b\xf6\x0c\x1a\xe0\xed\xb9\x7d\xa6\
\x76\xc7\xed\x33\xf8\x15\x24\x9d\x3b\xf6\x40\x1d\x7b\xb2\x0e\x48\
\x9d\xbe\x59\x01\x9a\xe2\xe0\x61\x30\x69\x0b\xd0\x3e\xc3\x06\xae\
\xcf\x35\xef\xef\x5b\xbe\x33\x8d\x90\xde\x6a\x39\x6b\x68\x2f\xe1\
\x9a\xe9\xda\x3a\x74\x0a\x27\x81\x3a\x77\x77\xbf\x7b\xb1\x66\xfb\
\x75\xe8\xa3\x53\xeb\x03\xae\x75\x93\x7b\x1a\xf0\x72\xc3\xee\x6e\
\x22\xa1\x04\xc6\xd9\xe9\x36\x92\x66\x1f\x49\xa7\xcb\x62\xac\xc3\
\xf6\x83\xf5\x26\x90\x3e\x1b\xdb\x59\x84\x79\xb3\x5d\x58\x45\xe0\
\xd6\xb0\x8d\x8b\x7d\xb3\xe6\xb4\xe0\x5d\x6a\x0f\x75\xf5\x2e\x1b\
\xab\x2c\xf7\xba\x7c\x60\x0e\xb8\x16\xba\xdd\xe5\xcf\xa8\x7e\xf3\
\x2f\x5e\xf2\x4a\x60\x33\x61\xea\x5d\x13\x97\xa7\x6d\xa6\xdd\x55\
\x0b\xf9\x41\x7b\xb8\x8b\x80\xa2\x57\xfb\x48\xc3\xf7\xe8\x4f\xad\
\x3e\x20\x70\xa0\xee\xd4\x3d\x18\x27\x56\xd4\x4b\xdd\x5e\xeb\xc2\
\x14\xc1\x5e\xcf\x75\x61\xb9\x5d\x20\xb9\xae\x05\x5c\xe0\x69\x54\
\x83\xd5\x6c\xa7\xd7\x97\x06\x80\xc0\x58\xed\x9e\x1a\x07\x77\x08\
\x06\x53\x6f\xb6\x1c\xfb\xd2\xcf\xc2\x2c\x98\x56\xcb\x37\xb9\x0b\
\xce\x2a\xda\x8b\xd8\xdd\x3d\xd4\x94\x9e\xa5\x14\x74\x18\x72\xa1\
\xd3\xad\x96\xcf\x35\xc0\x20\x87\xbb\xde\x77\xe1\x93\x4b\xaf\xc5\
\xb2\xe1\xaf\x69\x31\xcf\xd8\x2e\x4c\x0d\x74\x77\xde\x06\xee\xb9\
\x65\x43\xcf\x80\xed\x77\x6a\xbd\xa4\xb9\x69\x77\x71\xf6\x57\xbd\
\xd6\x1a\x7e\x80\x80\x09\x1d\x0d\xd6\x68\xf2\x06\x54\x45\x49\xbb\
\x16\x8c\x6d\x8f\xd5\xef\x79\xa8\x60\xf2\x91\x7f\x06\xf6\xbd\x49\
\xcb\x57\x80\x52\x2e\x8d\x99\x8c\x28\x2f\xbd\x16\x66\x0b\x77\xe4\
\xc5\xde\xd4\x2c\x2f\xd5\xde\x2c\x76\x1b\x29\xa2\x6d\x52\xa5\x7b\
\x93\xe6\x5e\x9c\xc3\x33\x4e\x63\x0d\x5a\x0a\xf2\xa0\x1c\x62\x15\
\x27\xc8\x82\xd9\xc3\x44\xb6\x65\x0d\xf6\x89\x03\x19\x7b\xf6\x02\
\x9f\x74\x11\xf8\xa4\x8b\x08\x99\x58\x00\x16\xa8\x79\xe9\xb5\x2d\
\xfa\x0d\x48\x14\xe6\xc3\x17\xb8\xa5\xb7\x8e\x2b\x89\xbd\x97\xb6\
\xd9\x5e\xe8\xef\x0c\xcc\xe6\x0c\xcc\xcd\xde\xf1\xf6\x0e\xdb\xaa\
\xee\xb4\x65\xd6\x41\x02\x0b\x03\x3a\x4d\x32\x81\x3a\x36\x0e\x2b\
\x7a\xd1\x6a\xb6\x68\x6b\xa7\x5b\x8e\xe5\xe3\x02\x80\xcc\x7c\x11\
\x30\x21\x6e\x13\x5a\x60\x87\x67\x33\xeb\xad\x07\x82\x0d\x41\xcb\
\x9c\xbd\x6a\x37\x81\x4f\x03\x48\x5d\x23\x8c\x91\x32\x11\xa3\x50\
\x45\x08\x4a\x0e\xcc\x39\xd5\x80\x3a\x21\x99\xfb\xdb\x91\xed\xbb\
\xc3\x24\xb5\xe2\x09\xe2\x5c\x6f\x27\x4e\xf0\x8e\x3d\xf7\xf6\x11\
\x79\x39\x7e\xc7\xb1\x5b\xb0\x62\x2d\xab\x5f\xeb\x11\xa8\x2c\x38\
\xee\xc5\x3e\x6c\xe4\x35\xc6\x41\x34\x42\x55\xcd\x5e\xdf\x69\xd8\
\x36\xc8\xa2\xf5\xde\x89\x93\x40\xaa\xcc\x32\xea\x1f\x73\x94\xe1\
\xcf\xbe\xf0\x85\x7b\x55\xed\xd4\x38\xf6\xe5\x34\xcf\x05\xef\x0b\
\x35\x06\xdf\x3c\x1f\x54\x64\x4e\x7a\x38\xde\x93\x41\xce\x54\xec\
\x1c\xa4\x68\x9e\xa1\xab\x88\x3e\x15\x3a\xaa\x09\xfa\x05\xe6\xdc\
\x71\x71\xb9\x09\x1d\xf9\x56\xef\x22\x61\x6a\xac\xe4\xd2\x4f\xd7\
\x08\xb3\xe0\x3e\x33\xf7\x46\x3a\xbc\x97\x77\xc9\x9c\x6d\x21\x92\
\x81\xc1\xd8\x49\x9c\x02\x9f\x36\x03\xc0\x61\x8b\x5a\xf1\x65\x8a\
\xd7\x69\x09\xcf\x8f\x58\xdf\x7b\xa1\x38\x74\xa6\x5d\xeb\x5e\x7a\
\x17\x10\x01\xfc\x52\x4d\xe3\x9e\x49\xa7\xad\xfa\x8d\xfd\xeb\xfb\
\x6b\xb0\xa1\x90\x8a\x4d\xa5\xf6\xa0\x90\xd9\x6b\x20\xa1\x77\x09\
\x7a\x80\x5c\x34\xfa\xe6\x0b\x5f\xa8\x5b\x09\xc0\xc7\x0d\x35\xd2\
\x87\xed\x17\x6a\x22\x49\x10\xe2\xd5\x4c\xc4\x97\xf8\xc2\xb4\x71\
\x48\xdd\x81\x2f\x64\x5e\x8b\x62\x4f\x47\xc4\x03\xe6\x10\x15\x06\
\x28\x0c\x03\xf6\x6e\xd8\x82\x60\x35\xfa\x28\x23\x4c\xb6\xe3\xa7\
\x04\x1b\x6a\x01\xfb\xdb\xb5\x5a\x90\xf7\xa2\xa4\xf9\x80\x49\x8b\
\x99\xc4\x85\xb9\xf4\xf6\x9e\x43\x5d\x6b\x5f\x7a\x17\x0d\x0f\x6b\
\x22\x3c\x8d\xbd\x42\x42\x49\x6b\x84\xf5\x01\x28\x02\xeb\x0a\x0c\
\x83\xdf\x34\xdb\x96\xbf\xce\xe0\xcd\x0b\x4e\x5b\xea\x3e\x1b\x04\
\xfd\x26\x52\x01\xa4\x99\x2d\x67\xbd\x27\x5f\x63\xbf\x65\x63\xb8\
\xe6\xf9\x17\xd1\xee\x3e\xff\x80\x29\x44\x34\x65\xe6\x85\x34\xb4\
\xcd\x79\x3c\xb6\x20\x74\x66\xb7\x3b\xab\x1e\x7e\x90\x44\xc6\x5a\
\xcf\xfe\x49\xfe\xfa\xe4\x03\xd8\x8c\x9e\x7d\x1e\x10\x2d\x7d\xc3\
\xeb\x74\xec\x16\x00\x4a\xce\xaf\x5b\x1d\x7b\xba\x0c\x92\x98\xed\
\x5e\x34\x27\xcf\xab\x86\xcf\x3f\x30\xc5\xab\x82\x08\x50\xd1\xaa\
\xf1\xd0\x4b\x60\x02\x3f\x84\x63\xf6\xe4\x59\x00\x0b\x17\x22\xa1\
\x2f\x90\xf8\x40\xca\x4b\x92\x05\xa5\x3e\xbc\x25\x11\xc4\x66\x0b\
\x48\xdc\xfd\x50\x5d\x3d\x2c\xf5\x20\x5d\x6a\xa8\x93\x77\x96\x57\
\x22\x45\x4d\x84\x89\x0b\x30\x81\xab\xaa\x8d\x42\x31\xc9\x4a\x2a\
\xfc\xc2\x71\x9b\x36\xb0\xde\xac\x44\x8b\xb6\x18\x6d\x22\x65\xee\
\xd9\x13\x2f\x3e\x17\x8a\xa9\x3d\x63\xce\xcd\xa0\x47\xc0\x76\x53\
\x34\x58\x36\x6e\xa6\xb2\x61\xf5\x8f\x85\x6d\x81\xf4\xeb\x4e\xa7\
\xcb\x99\x7c\x9e\x58\x4a\x0b\x04\xbb\x2e\x09\xe5\x16\xac\x39\x20\
\x3a\x99\x28\x9a\x1e\x14\x88\x03\x0d\x14\x7b\x37\x0c\xcc\x53\x6c\
\x6d\x6a\x62\x6c\x02\x1f\xe0\x80\x90\xcf\xb7\xc5\xe6\xae\x7a\x21\
\x77\xb8\x7a\xe1\xd8\x41\xf8\xff\x88\x2e\xd9\x47\xf6\x1f\x4b\xad\
\xb8\x0e\xe9\xe7\x56\x6e\x3e\x7c\xe0\xc8\x91\xab\x31\xa7\x83\x1e\
\x15\xdb\x4c\xe9\x60\xd1\x58\xd8\x43\x1a\xd5\x69\x22\x5e\x73\xea\
\x00\x0c\x04\x3d\x38\x51\x08\x94\x28\xcb\xa0\x62\x21\x98\x02\x3d\
\x7d\x40\xc3\x5c\x52\x45\xf6\x50\xbf\xe1\xac\x46\x4e\xad\x50\x78\
\x07\x2e\x1f\x6d\xea\x5b\x1e\xd9\x17\x0b\x8c\xe1\xc6\x05\x84\xd6\
\x83\x1f\x7d\x97\xd4\x90\x78\x22\x86\xe2\xd7\x2a\x42\xf9\xe8\xf9\
\x81\xbe\x8e\x3b\x41\x43\xfe\x25\xdb\xcc\xd0\x50\x59\xda\x4b\xe1\
\x43\x28\x9c\x33\x3a\x08\x34\x6b\x1e\x48\x70\xc1\xd4\xb1\xed\x7d\
\x04\x20\xb5\xbd\xbd\x05\x23\xe8\xb1\x8d\xa1\x6f\xb3\x9e\xda\xde\
\x40\x99\x82\xda\x45\x57\x07\xb6\x51\x86\x82\x35\x10\x22\x56\x91\
\xc4\x2a\xfb\xee\xab\x00\x23\x71\xee\x34\xc3\x93\xa0\x15\x53\x4a\
\x77\x45\xcb\x25\xf6\xe0\x9b\x5e\xb7\xc1\x9a\xaa\x24\x6a\x74\x01\
\x67\x5b\x3d\xb2\x01\x65\xbb\x52\xe5\x26\x61\x51\x41\xb5\xc9\x22\
\x3a\xdd\x24\xcf\x89\xdf\xef\x90\x38\x6c\x22\x17\x8a\x1a\xe8\x75\
\x5f\xcd\x13\x15\x82\x29\x01\x6a\x00\x3d\xb1\x09\x9c\x1a\xe6\x86\
\x63\x99\x83\xae\x3f\x29\x93\x3a\x4b\x9d\x6b\x78\xd0\x51\xb2\x81\
\x61\x2e\x84\xab\xb4\x2f\xa0\xaf\x86\x83\x16\xec\x75\x71\xa7\x62\
\xff\x89\xeb\x11\xc2\xb0\x73\xe7\xb1\x20\x3e\x9c\xef\xc2\x84\x8b\
\x4a\x5c\x20\x6e\x5b\x0d\xdd\x60\x67\xa2\x3b\x68\x97\x4b\x22\x75\
\x0c\xaf\xc6\x19\x9c\x64\x35\x07\x0a\xaa\x40\x4a\xb2\x09\x99\x51\
\xdf\x83\x35\x81\xee\x77\xa1\x9f\x1d\xcf\x25\x23\xd6\x46\x60\x02\
\xaf\xf7\x19\x0c\x34\x44\x3d\xf4\xd9\x65\xf0\x21\xeb\xfd\x43\x0b\
\x96\x32\xcb\xc8\x6a\x58\xdc\x18\x2a\xfc\x6b\x36\x1d\x3d\x70\xcd\
\xb0\xc6\x80\x1b\x9c\x0d\xa7\xd1\x47\x9a\x61\x21\xc5\xa8\x6d\xa1\
\x66\x9f\xb5\x61\xe6\x8d\xc0\xc3\xac\x61\x21\x36\xa5\x57\xda\x47\
\x02\x10\xe8\xcd\x5a\xcb\xab\x01\x4e\xd9\xc2\x8f\x94\x0a\x6d\x68\
\x6a\x09\x0b\xa7\xcc\x33\x34\xd2\x28\xa9\x8b\x85\x6a\x5a\x20\xdc\
\x9c\xf6\x05\xb1\x30\x23\xe5\x9a\x92\x78\xea\x34\x16\xf2\x0d\xda\
\x1e\xb1\x10\xaf\x69\xe4\x58\x6a\x36\x9b\x01\x7f\x86\x5e\x66\xb6\
\x96\x90\xe0\x19\xf8\x62\x7c\x53\xc3\x46\xcb\x1d\xa0\x10\xa8\x37\
\x18\x03\x02\x02\x67\xb4\xb8\x9d\x68\x9b\xc1\x7b\x73\xb5\x05\x83\
\x42\x14\xda\xf5\x50\x80\x6c\xda\x88\x33\x10\x55\x00\xeb\x87\xc7\
\x31\x84\x76\x11\xa7\xb2\xd2\xc4\x47\x80\x0c\xc8\xda\x24\x8c\x68\
\x0a\x27\xdc\x82\x5d\xd2\x6d\xc3\x5a\x0d\x7f\x30\x59\x28\x4e\xa9\
\x79\x45\xf5\x14\xd1\xc2\x94\x39\xdf\xef\x62\x53\x6d\x8f\x9c\xb1\
\x04\x1a\x7d\x2a\xa5\x8c\x20\x08\x3f\xa2\xc9\x91\x59\x83\x85\x07\
\x04\xbe\x3d\xba\xda\x69\x6f\x0d\x19\x35\x0f\x6c\xae\xb1\x66\x76\
\xd0\xb7\x6f\x24\xbe\x1f\x2a\xb9\x23\x8b\xe1\x88\x49\x23\x63\xe9\
\xb6\xdd\x06\x30\x09\x23\x6b\x98\x8f\x55\xe4\xd6\xb1\x76\x7e\x2b\
\x03\x44\xf0\x88\xc2\x2f\xa9\xea\x71\xf6\x44\xc7\x1c\xde\x7a\xe6\
\xa4\xef\xb4\x9d\x16\xfa\xe4\x78\x64\x21\x04\x6f\xa7\x60\x3f\x2a\
\xbe\x84\x36\xb9\xe3\x6b\x7a\x7b\x15\xe8\x64\x8c\xff\x63\xec\xbc\
\xa1\x72\x1d\xdd\x09\xa0\x9c\x66\x14\x27\x9d\x14\x40\x8b\xdf\x6b\
\xcc\xce\xfa\xa4\xc8\x49\xf2\xc3\x06\x1d\x5e\x25\x4d\xbb\x57\x4f\
\x4d\x21\x80\xc0\x28\x09\x55\x2b\xed\xbc\x9a\xce\x49\x8b\x66\x9e\
\xa6\x04\xb8\xa4\x29\x9a\x20\x6c\x81\x8f\x17\x61\x56\x51\x29\x0b\
\xa8\x45\x3c\xdc\xb0\x13\x72\x92\x48\x4b\xa5\x80\x4a\x28\xb1\x83\
\x86\x35\xc8\xed\x23\xa6\x84\xf7\x6a\x09\x89\x66\xa1\xd8\x5d\xe7\
\xb5\x6a\xd8\x30\x02\x26\x3c\x0c\xc8\x2c\x7d\xf2\xf3\x66\xd3\x83\
\x61\x5a\xdd\x35\x5a\x16\x5f\xf1\x30\xd1\x81\xdb\x29\x40\x25\x58\
\xe1\x64\x68\xf4\x53\xc7\x49\x07\x06\x9b\x63\xe8\x8d\xf9\xa2\x07\
\xa6\x84\x78\x81\x9c\xe7\x91\xb3\xa3\x1f\xe6\xc3\xd1\xb3\x91\xa1\
\x22\xd6\x41\x90\x81\xc9\x71\x37\xbc\xd6\x46\x74\x0d\x68\x93\x22\
\x7f\x46\xde\x62\x58\x83\x55\xaf\xe3\x71\x87\xbd\x03\x03\x71\x6f\
\x9f\x84\xa2\xae\x68\x6c\x48\x25\x4d\x62\x9b\x7a\xd3\x06\x31\xb3\
\x81\x05\x42\xaf\xc6\x00\xa8\xb0\x63\xec\xc8\x1d\x18\x2e\x34\xbc\
\xf9\xb6\x67\xa9\xea\xe8\x5e\xda\x1d\xb2\x1f\x66\x66\x1c\x16\x60\
\x4b\x48\x8c\x5e\x70\x44\x82\xbc\xd9\xda\x80\x42\x3d\x94\x68\xd0\
\x02\x92\xe7\x94\x90\x1b\xf3\x33\xc8\x8c\xd1\x6e\x16\x8e\x05\xa8\
\x18\xb0\x43\x40\x00\x91\x9b\x00\x90\x05\x7e\x42\xfc\x69\xc8\x07\
\x8d\xd8\x9e\x6e\x1f\xe9\x25\x42\x34\xac\x04\x70\x25\x4c\x0f\x9d\
\x9e\x66\x94\x81\x9f\xee\x31\x44\x32\x1a\x55\xdd\x17\x8f\x34\x3a\
\x4b\x57\xe7\x50\x01\x84\x12\x53\x18\x38\x7e\x9e\xe7\x8f\x78\x9c\
\xc2\xb2\xa4\xcc\x2c\x61\x02\x26\xba\xe1\x5a\x15\xcd\x06\x40\x40\
\xb8\x20\x0f\x70\xa4\xb6\x6d\xdb\x72\x7d\x45\x8e\x95\x2d\xc0\xf9\
\xa6\x03\xdb\x21\x54\xfd\x95\x21\x72\xe5\x78\x71\x39\xcc\x51\xe0\
\x45\xbd\x2d\xdc\x5c\x3e\xd4\xfc\x5f\x0d\x33\x97\x01\x31\x3b\xc0\
\xcb\x95\x40\xcb\x63\x0f\x2b\x51\x37\xfb\x18\x46\x1a\x0f\xda\xb8\
\xef\xdd\x2e\x19\x14\x09\xb3\x09\x43\x92\x25\x1b\xac\x24\x0a\x3c\
\xb2\x0a\x38\x35\x44\x6f\x3d\xa1\x23\x54\xa7\xd5\xb1\x6a\x4e\x4b\
\xbc\x4c\x79\x8e\xf0\xfc\xa1\xdb\xda\x22\xff\x05\x54\x29\x90\x71\
\x01\x29\xb0\xea\x0a\x06\x82\x7c\x1c\x33\x65\xfb\xb6\xeb\x43\x35\
\x80\xd5\x99\x9a\x02\x18\xa0\xa8\xe4\x75\xd1\x4e\x0a\x8b\x2b\xbe\
\xc1\x47\x6d\x7e\xd8\xbc\x06\xc9\x94\xa8\x33\x70\xed\xd9\xc4\x08\
\x4b\x43\xbd\x48\x73\x92\x6c\x07\xc5\x43\x6d\xa3\x9f\x1f\xda\x27\
\x84\xb6\x0b\x1a\x14\x79\x78\xb2\x89\x86\x89\x56\x8b\x2d\x16\x7c\
\xe4\xfd\x75\xc3\xaa\xe7\x5b\x03\x6a\x14\x22\xca\x29\x54\x54\x87\
\xc6\x14\x62\x79\x90\xd8\x0f\x0c\x2f\xd4\x19\x21\xe1\x41\x77\x98\
\xb3\x89\xe9\x8d\xb2\xe2\xa2\xfe\x6c\xca\x51\x31\xed\x80\xad\x76\
\x0d\xb9\x62\x6a\x31\x76\xfc\x49\x1e\x8a\xc5\x3b\xa6\xb7\xe9\x85\
\x64\x22\x97\x67\xae\x61\x92\x03\x0e\x51\x4d\xea\x1e\x31\xd8\xf2\
\x06\x0b\x27\xf9\x95\xc7\x44\x5b\xd6\xc5\xd4\x4e\x30\x24\x4f\x49\
\xdf\xa0\xb7\x68\xb3\xdb\x24\x37\x4e\xb2\x40\x08\x99\x32\xd9\x17\
\x2c\x00\x40\x2d\x3a\x73\x07\x53\x66\xd1\x35\xcf\x80\x2c\xe5\x6d\
\x22\x2b\xa5\x9d\x5f\x32\x5b\x6b\x9b\x8e\x3b\x45\x4d\xb7\xad\x7a\
\x11\x78\x51\x0c\xee\xe1\xab\x69\xeb\x6d\x75\x50\x43\xd3\xda\x0a\
\x78\x20\x99\x57\xd1\x5d\x91\xe5\x95\x45\xde\x9e\x8b\x8e\xdb\xbf\
\x80\xb8\x8c\x87\xb6\xe2\x3a\x17\x50\xac\xd8\xf0\xba\x84\x70\x86\
\x6a\x8c\x40\x08\xee\xee\x38\x4b\x68\xb3\x7c\xae\x5c\xc9\x2d\x25\
\x71\xd9\xb0\x93\xb4\x69\x47\xe0\x01\x2e\x3a\xe6\x9e\x96\x48\x19\
\xf1\x82\x91\x7a\x4b\xa8\x43\x70\x16\xa9\xd7\x06\xe6\x9a\x4d\x61\
\x2c\x46\xb6\x81\xd5\x21\xce\x6c\x48\xc4\x39\x07\x9c\x24\x56\x62\
\x35\x80\x61\x22\x0b\x9d\x21\x81\x95\xcd\xa0\xc2\x75\xa8\xf9\x42\
\xe8\x86\xd6\x15\x3c\x4a\xc0\x05\x34\x08\x50\x00\xab\xf7\xe9\x18\
\x7a\x85\xab\x21\xfb\x0c\xc7\x16\x19\x3d\x89\xd1\x72\xd8\x98\x9a\
\x46\xdb\x25\x1d\xe5\x02\x0c\x04\xbd\xe7\x44\x07\x38\xd9\x6c\xae\
\x03\x32\x11\xa1\x11\x1f\xeb\x0c\x9c\x4a\xcb\x47\x13\x25\xaf\xaf\
\xd5\x78\x23\x81\x53\x46\x8c\x35\x52\x66\x3b\xb0\x41\x7c\x00\x7b\
\x84\x58\xe9\x9a\x53\x93\x2d\x2d\x8c\xbf\xa2\xa8\x7a\xd7\x87\xa5\
\x05\xe1\xe9\x15\x76\x0d\xf4\x66\x29\x5d\x0f\x16\xb1\xf9\x19\x35\
\xed\x2e\xd9\x01\x38\x7e\xa0\x9b\xa0\x8d\x87\xe8\xd5\x45\xbd\x05\
\x00\x9c\xd7\x46\xb8\x6a\x48\xdd\xa1\x49\xa4\xde\xf5\x60\x49\x54\
\x30\x9f\x1a\x62\x62\xbf\x47\xf1\x56\x50\x4c\xb4\x19\x51\x35\x7b\
\xbd\x8e\x3f\x3b\x33\x63\xbb\xa9\x4d\x67\xdd\xe9\xa0\x45\x4b\xca\
\xeb\xae\xcd\xe0\xd3\xcc\x9c\x53\xab\xd8\x67\x09\x2b\xb2\x84\xef\
\xae\x7a\x8c\xca\x17\x2d\x7c\xc1\x8a\xbd\xad\x96\xde\x40\xd0\x68\
\xcb\xf1\x88\xe2\x6f\xa9\x29\x14\xb5\x44\x4b\xeb\xd7\x06\x1c\xef\
\x80\x35\xa8\x78\xe2\x7f\x0e\x83\x58\xb5\xad\x1e\xc6\x34\x41\x01\
\xce\xb5\x91\xc1\xe0\x81\x10\x18\x01\xce\x0f\x99\xb4\x2a\x72\x47\
\xce\xe6\x6c\x3b\x17\x8c\xec\x7c\xdd\x61\xd3\x1c\xea\xb5\x89\x66\
\xb7\x68\x23\x46\x9a\xbe\x10\x5e\x06\x28\x1c\x0b\x8a\x86\xe3\xed\
\x8c\xe6\x3c\x63\xe3\xf0\xc4\x70\xa1\x8a\x98\xc4\x54\x3e\x16\xcf\
\x8a\x18\x29\x6a\x49\x0b\xcb\x80\x07\x9c\x4c\x74\x15\xb6\x51\x22\
\x34\x4f\xd0\xb6\x6a\x80\x9d\x36\xe4\x88\xa1\x5d\xc6\xae\x8c\xad\
\xe8\xca\xa7\x74\x78\x92\x54\x60\x83\x3a\x9a\xef\x52\xdc\x05\x34\
\x5e\x51\x10\xad\x24\x60\x1d\x90\xc1\x52\x31\x0e\x54\x90\x13\x76\
\x8b\x02\xc8\x23\x2b\x2f\x00\x19\xd9\x6c\x4a\xdb\x69\x75\x61\x63\
\xf6\x5b\x16\x72\x23\x4d\x40\x85\xab\x7d\x61\x48\x80\xcd\xe9\xb4\
\x08\xd8\xf0\x9c\x16\x9d\xc2\x08\x65\x52\x5c\x06\x32\x4c\x96\x6e\
\xee\xf3\x03\x63\x42\xe9\x5e\x0b\x4f\x48\xf9\x10\xca\x06\x18\xf5\
\x49\x87\xb7\xd5\x89\x78\xfe\x88\x98\x31\x4b\x38\x43\xf6\x04\xb2\
\x99\x5b\xbc\x17\x03\x52\xcf\x92\x0c\xd1\x78\xa5\x18\x44\x4d\xaf\
\x17\x28\x3d\x36\xad\xb0\x36\x70\x53\x71\xc3\xd3\x59\x98\xbb\x6a\
\xcb\xa9\xd1\xd4\x9d\x28\x16\x54\x8d\xe4\xcc\xb6\x64\xad\xef\xa4\
\x37\x18\x1b\x0e\x22\xc1\xa9\x62\x81\x80\x57\x0f\xf8\x2c\x56\x90\
\xe9\xf0\x19\xc1\x21\xc0\x96\x90\xe9\x8e\x78\x4a\x0d\xad\xb9\x1e\
\x17\x91\x70\xd9\x1b\xc1\xd6\x09\xe1\x70\x4b\xe8\x14\x07\xa7\x42\
\x59\x07\x1e\xab\x5a\xff\x7f\x9f\x8f\xb3\x4f\x40\x20\xf6\xcf\x4a\
\xf0\x81\x72\xa2\x8c\xb1\x7a\x56\x0d\x99\xda\x01\xca\xa0\x2c\xe9\
\x89\xac\xd0\x21\x09\x21\xb0\x50\xec\x34\xb4\x33\x10\xeb\x52\x69\
\x03\xc7\x08\x7b\x11\xe6\xd6\x16\x83\x55\xa6\x45\xaa\xce\xe9\x4e\
\x88\xa9\xb3\x64\xcc\x88\xf6\x03\xb6\x96\xf2\xa6\xeb\x4d\xbb\xbe\
\x4e\x34\xc6\x0f\x7a\x42\x7b\x84\x76\x0d\x01\xb3\x2f\xf4\x8e\xe7\
\x09\xe7\x0d\x6d\x93\xb6\x74\xf1\x01\xa3\xe5\x48\x1c\x31\x2d\x94\
\x02\x5e\x82\x02\x16\x8e\xa5\xd5\xfa\x3a\x81\xd3\xf1\x81\x51\x46\
\x73\x35\xc1\x90\x21\x48\x40\x30\xd6\xb5\x82\xb0\x2c\x59\x25\x0b\
\xdb\x88\x6a\x78\x12\xd3\x6d\x86\x13\x54\xe8\xad\xab\x25\x57\x15\
\x52\xfc\x32\x3b\x40\xd1\x61\x4c\xef\xab\x13\x6f\xa0\x78\x0d\xcd\
\xae\x83\xb4\xae\x66\x73\x55\x4e\xb9\x18\xec\x48\xb7\x29\x9b\x01\
\x25\xd5\x81\x85\xa6\x30\x00\x54\x28\xec\x6f\x69\x8e\xc1\xc3\x8d\
\x45\x32\xc6\x5d\x1e\x15\xa6\x6e\x3b\x42\xa1\xca\xc4\x50\x07\x18\
\x31\xbf\x82\x1f\xa2\xcd\xde\x5e\x15\x14\x52\xfd\x58\xe4\x4a\x12\
\x3d\x35\x43\x2e\x7f\x53\x2d\x0a\xcf\x1e\xcd\x11\x9e\x7a\xd1\x43\
\x58\x65\xdb\xb5\x19\x39\xf8\x51\x41\x7f\xcc\x1e\x63\xb5\x61\x2d\
\x88\x82\x37\xd9\x65\xa2\xf5\x46\x83\xf1\x88\x41\x01\x9e\x02\x74\
\xad\x4d\xf6\xa4\xc1\xc1\xec\xa6\xf1\xc1\x36\xe5\x3c\x81\xce\xe6\
\x9c\x9d\xe6\x5b\xe6\x57\x3a\x46\xcc\xa1\xa2\x72\xda\x48\x3e\xd2\
\x57\xb2\xab\xd8\xbe\x4e\xe0\x1b\x2b\xbb\x9b\x6b\xdd\x02\xae\x94\
\x8b\xb3\x85\xb6\x58\xbe\x39\xc3\x87\xc0\x29\x0c\x8d\x47\xa7\xc0\
\x81\xa6\xce\x72\x23\x55\x31\x08\xa0\x8e\xaf\xe9\x79\xcc\x22\x84\
\x7c\xb4\xd0\x00\xd1\xf6\xf5\xa1\x0c\x42\x4a\xfc\xf7\xa8\xcd\x93\
\x3d\x55\x67\xe0\x49\xee\x4e\x9d\x16\xaa\x53\x69\xd4\x42\x5a\xba\
\xb8\x36\x77\xad\xad\x8b\x69\x62\x84\x58\x8f\xba\x03\x3a\xfa\xc2\
\x15\x49\x86\x40\x54\x56\x7d\xa4\x90\x3f\xfe\x66\x1f\x8e\x43\x39\
\x7a\xd3\x0f\x97\xdd\xad\xce\xf7\x8a\x37\xba\xb2\x9f\xb6\x42\xb4\
\x0c\x04\x0c\x87\xce\xbe\x82\x79\x4d\x2a\x8e\x00\xcb\x26\x43\x87\
\x7b\x21\x4d\xd1\x86\xd5\x75\xe8\x18\x75\x4a\xaf\x12\x15\x61\x35\
\x17\x11\xc6\xe1\xe3\xfb\x58\x48\x1e\x38\x22\xa2\x41\x8a\x71\x46\
\xdc\x9c\x05\xf3\x85\xeb\xbb\x2b\xf0\x89\x34\x14\x03\x9f\x71\x3d\
\xb9\x0c\x75\x72\x5c\x2b\x57\x24\xd0\x5c\x91\x62\x39\x1c\x16\x75\
\x1b\xe0\x0c\x95\xda\xee\xf4\x58\x41\x63\xe8\xa0\xce\x22\x47\x5c\
\x94\xb4\xd5\x82\x6b\x35\x82\xb5\x25\x78\x13\xe5\x0d\x52\x73\x22\
\xc3\xa0\x14\x2d\xbe\xa8\x04\x59\x24\xd1\x5e\x4e\x14\x3d\xa0\xd7\
\xb5\x59\x63\xcb\x0d\xb6\xae\xd2\x71\x3c\x8f\xef\x32\x24\xc1\x20\
\x9c\xec\x8e\x73\x08\x65\x2e\x63\x06\xf1\xab\xaf\xff\xf9\xc3\x5e\
\x5e\x0e\x10\x46\x23\xf0\x6e\x7b\x20\xbf\xe4\x60\x68\x26\x6f\xb5\
\x07\x22\xa7\x0a\x46\xa2\x9c\x5a\x93\xb1\x27\xe6\x81\x60\x21\xc7\
\x00\x72\xca\xa4\x18\x5f\xd1\x73\x5f\x05\x39\x30\x12\x29\x78\x34\
\x20\x44\x8a\x8d\x85\xe4\x45\xe3\xd3\xa7\x55\x3c\x72\xe0\xb6\x5b\
\xa0\xd3\xb5\xe9\x30\xab\x0b\xf8\xd9\x3c\x64\xb6\xec\x0d\xbb\x05\
\x28\x97\xce\x66\x58\x58\x1b\x50\xd0\x6a\xed\x4a\xc4\x61\x9c\x20\
\x85\x5a\x02\xf6\xa8\xd7\x75\x6a\x7d\x89\x9e\x3b\x60\x36\x6a\x7a\
\x1b\x5c\xaf\x6f\x87\x19\x6d\x31\x8a\x1c\x3c\x22\x0c\xd4\x8f\xa4\
\x4f\x68\x92\xf7\x80\x4d\x4a\x7f\x35\x3a\xcb\x6c\xf6\xd7\x00\x7b\
\xb6\xbd\x3e\x6b\xa2\xc3\x62\xa4\xa8\xf6\x03\x5b\xab\x10\xb9\x6b\
\x6c\x7f\x5a\x44\x10\x40\x64\x66\xd3\x41\x09\xd6\x42\xd0\x09\xe9\
\x3f\x70\x8f\x00\x0c\xb4\xfd\x88\x04\x61\xaa\x43\xac\x74\xc3\xea\
\xf4\xcc\xb8\xc8\xcf\xca\x47\xb3\xeb\xb5\x58\xb7\xd1\x27\xdb\x18\
\xec\x79\x74\x45\xb6\x05\xa7\xdd\x43\x13\xb7\x3e\x0c\x53\x19\x65\
\x2f\xb5\x6d\x67\x78\xbb\x2a\x36\x52\x59\x0a\x32\x0d\xdd\x01\x1a\
\x53\xe6\x22\x02\x95\x79\x20\x60\x13\x7d\xf3\xe0\x2d\xe1\xe5\x67\
\x16\x80\xcf\x95\x09\x02\xf9\x24\x98\x6c\xca\x1a\x5e\x5f\x1b\x53\
\x05\xdd\x8b\x7c\x1c\x1c\x58\xc0\x62\x12\x70\x87\x7b\x8e\x81\x44\
\xa9\xce\x63\xa2\x71\x12\x4d\x85\x9a\x57\x8b\x7d\x93\x58\xda\x8f\
\x04\x94\x62\x4d\xf4\xe0\x4c\xe0\x71\x9d\xd7\x5d\xb3\x5c\xe7\x22\
\x1b\x29\xa9\x5d\x93\x14\x30\xe8\xfa\xaa\x45\xab\xb5\x69\x6d\xf9\
\xe4\xed\x8c\xda\x94\x0b\x50\x3e\x18\x42\x74\x0a\x70\xb5\x07\x02\
\x5c\x1d\x18\x8a\x6f\x75\x6c\x28\xbc\xd5\xb1\x31\xb4\x95\xd1\xf5\
\x19\xa0\x4d\xe9\xfe\x6a\xb7\xbf\x2a\x66\x33\x6d\x1b\x9f\xd7\x6c\
\xc8\xb1\xdd\xe9\x0d\xf4\x79\xd4\x2f\x64\xc3\x4d\xb3\xef\x81\xe9\
\xa2\x9b\x9a\xf6\x22\x43\x3b\x26\x00\x3d\x71\x79\x40\x97\x0c\xbb\
\x2b\x9e\x25\x78\xc4\xd8\x96\x80\xe4\xe8\x1b\x68\xa4\x6b\x35\x18\
\x35\x5a\xff\xb1\x21\xcd\x8d\x07\xd9\xe3\x81\x6b\x44\x2f\xc1\x32\
\xfb\x7a\x11\x2d\xbb\xf4\xf6\xd5\x55\x57\x3b\x9e\x80\xa8\x8f\xa5\
\x50\x01\x02\x62\x04\x35\xd3\xbb\xce\x98\x47\x57\x34\x93\x3d\xc2\
\x28\x4a\x15\xfa\x5a\x5d\x7a\x29\x3d\x92\xfb\x87\xd8\x1b\x9a\xb4\
\x7d\x1b\x81\x6f\x5f\xc1\xee\xb3\x45\x2e\x16\x4a\xbb\xe2\xb7\x93\
\x32\xd8\x77\xcb\x0d\x66\x85\x9d\xda\xd0\x9d\x0c\xba\xcd\x0f\xf8\
\x09\xba\x31\xa1\x0f\x92\xf6\x8f\x41\xb4\xcb\xfe\x89\x66\xeb\xd2\
\xdb\x7d\x1c\xe5\x9d\xc6\xdd\x61\x7e\xcd\x0f\x2a\xbd\x1b\x29\xf3\
\x7a\x4f\x47\x4a\xbe\xf4\x2e\x36\x92\x73\xcd\x34\xab\x56\xc8\xd7\
\xb0\x8f\xc1\xcb\xc9\xdb\x8c\x42\xcd\xda\xd3\x15\xab\x66\xae\x87\
\xfd\x28\x71\xa2\x5d\x97\x66\x2e\xf0\xa6\xa4\x62\x9b\x30\xcf\xbe\
\xdd\x72\xc9\xf3\x10\x7d\xcd\x22\x2e\x56\x17\xfb\xe8\xb8\xc6\xeb\
\x36\x0e\x3e\x09\x87\x3e\x8f\x3f\x41\x0a\x97\x18\xf7\xfc\x68\x08\
\xc9\x28\xfb\x31\x98\x28\x41\xd1\xfa\x94\xdc\x51\xe1\x10\xe3\xec\
\xa6\xcd\x49\xdf\x66\x9a\x73\x1e\x3e\x95\x33\x36\x62\x9b\xa7\xc6\
\xd4\x7c\xa9\x70\xee\xc3\x83\x53\xa7\x9f\x4a\xb5\xa4\xcd\xcc\xda\
\x56\xc3\x66\x91\x04\xbb\xeb\x04\x54\x77\xc0\x42\x38\x42\x8c\x89\
\x3c\xd3\x4d\x12\xf0\x0d\x9f\xe3\xa3\x7e\x5d\xc4\x2a\x76\xa1\x67\
\xb9\xca\x47\x58\x75\x7a\xb1\xe3\x65\xec\xa4\xfa\xcc\x06\xbd\x38\
\x18\x9f\x78\x98\x81\x43\xde\xc1\x30\x23\xd2\x94\x32\x8d\x05\xa4\
\x01\x82\x05\x3b\x75\xb4\xec\xd5\x1e\x7a\x0c\xf5\xb6\x78\x4c\x68\
\x54\xe8\xf7\xdb\xbc\x82\x35\x9b\x23\x26\xe8\x1e\xe9\xc0\x2c\xa1\
\xd3\xa7\x31\x27\x3b\x12\x32\x7f\x24\xb3\x33\x50\x6e\x2c\x6e\xc7\
\xa7\x73\xae\xa6\x1d\x95\x40\xad\xd0\x2c\x34\xf9\xb8\x5f\xe4\xc8\
\x10\x08\x3a\xae\x92\x83\xc9\xab\x03\xf0\x37\xcf\x73\xc8\x12\x2a\
\x50\xab\x50\x80\x31\x1b\x7d\xe0\x01\x9d\x90\xd4\x86\x8d\x5e\xaf\
\xa0\x24\x28\x58\xb3\x7b\x9b\x76\x28\x34\xb5\x66\x3b\xa2\x3c\x50\
\x8c\xec\x1a\x74\x39\x2c\xb7\x0e\x4e\xca\x15\xc8\xac\xba\x81\x38\
\x79\x75\xa0\xf5\xdd\xcb\xaa\x43\xb5\x3f\x66\x72\x6a\xcc\x95\x0c\
\xa3\x90\xd8\x50\xc1\x38\x5c\xd6\x72\xd0\x1b\x2f\xcc\x33\x04\xa4\
\x9d\xf9\x01\xb2\x1c\x6f\x3a\xad\xa8\x4a\x39\xe0\x3f\x9d\x50\xcc\
\xa8\xe1\xe8\xae\x1c\x83\xb0\x17\xc3\x17\x0c\xc7\xbd\x3c\x74\x74\
\x88\x31\x38\xb8\xf3\x6c\x8e\x06\xa2\x5d\x4c\x6a\xe8\x4e\x8b\x91\
\x52\x17\x59\x31\x53\x64\x17\xc5\xf8\x2a\x29\x00\x04\xaf\x2d\xb4\
\x02\x12\xd0\x09\xe6\x86\x22\x40\x50\xd8\x4f\x44\x7f\x6d\x8a\xbf\
\x5e\x8b\x1c\x04\x86\x0d\xbb\xc5\x77\x8f\x6f\xe8\xb1\x3b\x2d\xf2\
\xe6\xeb\x31\x5e\xa6\xfb\x50\xbc\x4d\x8d\x2e\x43\x1d\x8e\x5b\xd6\
\x5e\x1f\x78\x06\xcf\x9d\xf1\x56\x15\x34\xcb\x45\x23\xca\xb8\xa3\
\x67\xd5\x40\x3e\xc2\x69\xf4\x3a\x5a\x16\xd2\xdd\x05\xce\x5f\x80\
\x1a\x5e\x15\x8a\x11\x57\x80\xa0\x8f\xf8\xc4\xa5\x10\x7f\xc9\x38\
\x70\xa4\x29\xe0\x9f\x5c\xa1\x04\xd8\x50\x60\x3e\x86\x9f\x2a\xca\
\xa8\xe5\x95\x48\x08\x44\x61\x91\x83\x48\x19\x28\xa2\x27\xf5\x51\
\xcc\x08\x69\xd6\xe1\x25\x62\x7b\x2d\x28\x32\x14\x68\x3c\x64\xdb\
\x74\x15\xe4\x7b\x9a\xa8\xdd\xab\x47\xe2\x6e\x4b\x89\x05\x37\xf1\
\x34\x58\xeb\x7a\xfd\x8e\x9c\x49\xf5\xfd\x51\x0c\x83\x5a\x8a\xb8\
\xda\xc7\xa2\x33\x5d\x5b\x9d\xab\x47\x2b\xd6\x06\x51\x28\x0a\x48\
\x97\xa4\x07\xd4\x33\x10\xb6\x57\xa1\xf5\xad\x29\x2d\x3c\x32\x21\
\x52\x9e\x10\x6a\x3b\x60\xd9\x94\x39\xb7\x15\xc8\x2a\xd0\x68\xa8\
\x90\x25\xd5\x29\x73\x9a\x90\x42\x34\xf0\xeb\xba\x72\xb5\x44\xf4\
\x5a\x9a\x11\x58\x33\x52\x46\xcd\xde\x20\xe3\x17\x30\x1f\x59\xaf\
\x5e\xf3\xbc\x75\xd9\xe3\x4a\xb0\x24\x23\xc9\x3c\xd9\xfc\x12\xed\
\xdc\x90\x73\x6a\x3a\xea\x01\x3a\x6b\x87\xf7\x0e\x4c\xc0\x60\xb0\
\xdb\x70\x45\x11\xfb\x34\x67\x48\x3b\x13\x0d\x19\xd6\xe0\xee\xec\
\x02\x92\x65\xc0\x97\x85\x35\x07\xee\xf5\x19\xd3\xc5\x90\x5d\x23\
\xb8\x3b\xa2\xa2\xea\xbb\xce\xfd\x7d\x1b\x2d\xa7\x31\x1c\x97\x66\
\xf6\x22\xc0\x48\x07\x9e\xc0\xb2\xb5\x94\xcd\x46\x60\x4d\x6a\xf1\
\x55\x34\x14\x63\xa9\x0d\x98\x65\x9a\xcc\x00\xd9\x96\x49\x39\xa8\
\x90\xe7\x06\xd0\xf4\x54\x7b\x8b\x54\x89\xee\x56\x6a\x69\x0b\x56\
\xaf\x8c\x01\x3b\xa2\x86\x38\x64\x92\x65\xa6\xa0\x79\x99\x11\x46\
\x48\xed\x6d\x2c\x24\x40\x90\x4e\x49\x80\xb9\x94\xc4\xf4\xd9\xdd\
\x1a\xc0\x44\x5e\x0e\x3e\x89\x5e\xa4\xb4\xcd\x02\x68\xf6\xce\xd7\
\xa3\x51\xdb\x53\xc6\x89\x1a\x29\x44\xfb\xd1\x59\xc7\x5c\x75\xfc\
\x8d\x7a\x54\x13\x23\x12\x40\x17\x2c\x51\xad\xb1\x2a\xa2\x8d\x7a\
\x0b\x74\x86\x1e\x5a\x32\x5f\x1c\xf2\x4c\xd4\x30\xb6\x6c\x55\x55\
\x17\xa4\x1c\x31\x67\xb0\x4c\x59\x0f\x14\xa5\x58\x84\x40\x53\x68\
\xa7\x67\x4f\x29\xa2\x46\xd8\x61\x3b\x8f\xf4\x41\x9d\x31\x85\x17\
\xf4\xaf\xf1\x0a\xac\x94\x62\xd4\x52\xa3\x16\x00\x0a\xff\x5f\x3a\
\xff\xd7\x66\x42\xc3\x97\x7f\x8d\xc4\xd4\x83\x05\xaf\x16\xaa\xe9\
\xf4\x6b\x24\x14\x74\xaf\x3a\xa6\x19\x90\x7c\xc7\x42\x27\xba\x33\
\x8f\xc5\xec\x8f\x42\x2b\x31\xf3\x8f\x45\x99\x60\xf2\xcc\x3a\x02\
\xea\x23\xe7\x76\xd4\xe8\xaf\xf1\x88\x2b\x3b\x69\x83\x42\x25\xae\
\x5c\x1b\xe4\xf5\x2e\x5b\x1b\xe4\xf5\x06\xb5\x41\x8f\xaa\xa0\x19\
\xb9\x4e\x6f\xe4\xd4\x84\xca\x84\xb6\xde\x80\x96\x3b\xb8\x89\x2d\
\x88\xae\xc6\x5a\x1e\x9e\x42\x31\x81\x62\xad\x85\x60\x2a\xb4\x91\
\xaa\x6b\x3e\x94\x44\x48\xf2\x91\x97\x71\x1c\x1c\x74\xd4\xdd\xf0\
\xd6\x39\xc6\xa2\x3e\xf7\x67\x59\xdd\xc7\xd0\x7c\x40\x13\x5a\x5b\
\x49\xc1\x96\xb8\x7e\x7c\x10\x12\x72\xdb\x42\xd4\x87\x42\x19\x1f\
\x0a\x50\xab\xb0\xd1\x9b\xb6\x05\x3c\x28\x8d\x8b\x2c\xb8\x10\xa9\
\x8a\xcf\x0b\x49\x65\x6d\xc4\x9b\x99\xe5\x15\x74\x36\x22\x93\x6f\
\x6f\x8d\x8d\xdd\xe8\xed\xc0\xc5\x80\x2c\xb7\x28\x77\xa4\x01\x28\
\xe2\x80\xc9\x9a\x0d\xd7\xfd\xa1\x83\xb9\x8e\x2d\xe1\x44\xac\x90\
\x89\xaa\x3e\xa4\x89\x2a\xe5\x58\xa8\xc4\xbb\xc1\x78\x16\x7a\x4d\
\xb4\x19\x43\xf7\x71\xab\x65\xd1\x0d\x2e\x35\x72\x67\xe2\x20\x0f\
\xeb\xda\x50\xa7\xe7\xf5\xac\x56\x68\xd1\x82\xab\xf3\xd4\xcc\xd8\
\x17\xea\xd0\x0f\x7f\x68\x58\xfb\x07\xe1\x80\x24\x8c\x50\xfc\x61\
\x6a\x30\xc4\x1e\xab\x73\x17\x1c\x11\x47\xc5\x54\x6d\x8c\xa5\x26\
\x38\x78\xe0\xc0\x81\x21\x45\xc1\xd1\x03\x8f\xb2\xde\x25\xb8\x4e\
\x72\xb4\x8e\x2f\x28\xb3\xa3\x67\x79\xd7\x6e\x7b\x1b\x4a\xe8\x0f\
\x87\x9f\x8c\x22\x07\x05\x1e\x91\xab\x3c\xd1\xa6\x04\x7d\xf1\x79\
\x89\x42\x36\x99\x21\xf0\x72\x38\x48\x86\xb8\x07\x86\x26\x9b\x1b\
\x40\xe7\x6c\x12\x96\xc9\x78\xda\xaf\x93\x81\xb3\xd7\x45\x95\x84\
\x78\x2f\x5c\xb1\xd1\xcf\xc0\xa5\x9b\xc3\xb3\x36\x50\x80\x5c\xe3\
\x00\xb7\xa1\x44\xdb\x93\xb3\x57\x3e\x96\x74\xbd\x06\x9e\x8f\xd9\
\x8d\x35\xb1\x6d\x6c\x59\x35\x51\x4c\xf9\xfd\x9a\x9a\x85\x33\xca\
\x53\x9c\xf4\x34\x21\xbb\x2e\xba\xd5\x92\xed\x2d\x57\x51\x8e\xd2\
\x78\x36\x82\x8a\x87\xed\x0e\xb4\xca\x41\x10\x3c\x7e\x8c\xf4\x3e\
\x49\xbf\x38\xc4\x2e\xf6\x06\x9f\x7c\x8c\x75\x1e\x74\x9b\xfd\x2a\
\x38\x08\x8c\x6f\x02\x67\xc6\x3e\x71\xb6\x59\x80\xa1\x24\xcd\x5c\
\x63\x8d\x7d\xb6\x29\x02\xac\x99\x0e\x86\xab\xac\xca\x18\x05\x9d\
\x53\x6e\x13\x3d\x2f\x74\x4f\x2e\x76\x1c\xf1\xa7\x78\x27\xea\xab\
\x75\xb1\x1f\x61\x1c\x47\x92\x34\x10\xa5\x50\x94\x0e\xd6\xc1\x23\
\x63\x04\xad\xe3\x2d\x9a\x2d\x8d\x63\xbb\xe1\xc0\x1c\x02\xcd\xea\
\x56\x54\x90\x5a\x37\x1c\x90\x41\xe9\x24\x53\x59\x34\x0d\x7c\x12\
\xbe\x45\x75\x5b\x83\x6c\xd5\x55\x40\x5c\x02\x5c\xb4\x82\x1b\xce\
\xc5\x60\x26\x61\x78\x07\xb7\x89\x96\xa4\x56\xe2\xc4\x82\xdd\xda\
\xa0\xc0\x45\x49\xf5\xe9\x89\x83\xd7\x00\x11\xe8\xbb\x63\xe3\x81\
\x5a\xbf\x66\x90\x76\x61\x8a\x6d\x37\x30\x73\x1e\x84\x7b\x06\x16\
\xbb\x65\xaf\x21\xe0\x32\x33\xb9\x15\xf2\x53\xdb\x67\x75\xbb\xde\
\x26\x92\xa2\x13\x78\x31\x64\xd2\xa4\x67\x04\xad\xf0\x33\x0d\xfe\
\x40\xea\xe8\xbe\x94\x99\x51\x61\x01\x06\xf4\x44\x74\xbb\x08\x17\
\x06\x9e\xd6\xea\x6c\xb7\xcd\x69\x8b\xc5\xcc\xb3\xce\xbf\x66\x93\
\xad\x80\x6a\xf4\x71\x16\xeb\x04\x45\xc7\xa2\xe2\xcf\xf7\xe8\x15\
\x87\xd4\xc7\x5d\x3f\x18\xa1\x5b\x86\x46\x87\x5d\x03\x0b\x82\x3b\
\x93\x34\x59\x3e\xd5\x13\xde\xd6\x8f\xfa\x68\x07\xee\x1e\x1e\xcd\
\x77\x0d\x14\x8c\xe5\x4c\xed\x51\x9a\x7d\xc2\xa8\x51\x63\x08\xb6\
\xa9\xd5\xea\x3d\xb6\x2e\x5e\x1d\xe0\xe4\xf8\xbb\xe0\x70\x09\x3e\
\xc4\xf8\xce\x3e\x80\x4b\x77\x8d\x74\xe1\x96\xcb\x6c\x0e\x41\x52\
\x72\x90\x37\xe9\xd3\x5e\x08\x9a\x48\x06\xb6\x0c\x1b\x8e\xdf\xb7\
\x5a\x64\x8c\x50\xdb\x0a\x6c\x2c\xf8\x00\x07\xdb\x65\x61\x15\x75\
\x67\x35\xef\x42\xd8\x58\xde\x19\xec\xa5\x98\x71\xd2\xa1\x05\x46\
\xe4\x55\x0e\xa1\x1e\x2c\xa6\x2b\xf7\xd6\xa9\x01\x10\x23\xca\x56\
\xf5\xe1\x31\xc4\xce\xb0\xb2\x7d\xe6\x2f\x69\x48\xe2\x12\x2a\x06\
\xc9\xa4\xd9\x04\x21\x1e\x09\xab\x1b\x31\xe6\x27\xac\x26\xaa\xce\
\xd0\x09\xd4\x2a\x47\xdc\xa1\x9b\xc7\xbb\x0e\xb9\xf6\xc3\xe0\x63\
\xae\x36\x33\xc7\x32\xac\x40\xce\xe8\xb1\x61\x8d\xc2\xd7\x63\x8f\
\x86\xd9\x70\xa9\xed\x00\x96\xa3\xeb\x8b\x49\x96\xac\x1e\xe5\x85\
\xcf\x9d\xd4\xc1\xd2\x3c\x9b\x69\xa3\xa6\xd8\x72\x23\x8a\xeb\x70\
\x35\xbe\xa9\x04\x29\x15\x91\x2d\x62\xf8\xe5\xc7\x4b\x5f\x5a\x45\
\x23\xa1\xdb\x27\x4f\x09\xa9\x9a\x0a\x02\x43\x84\x5a\xd8\x58\x9b\
\xad\x5b\x40\x28\x09\x83\xe8\x27\xc9\x93\x4b\x3e\xd4\x70\xd1\x61\
\xdd\x6b\xd7\xd4\xb5\x2b\xe2\x98\x11\xb9\x92\xd1\x9c\xc4\xda\x07\
\x33\xf5\x86\x55\x27\xa5\x53\x23\x2d\xbb\x3b\xa8\x8f\xb8\xaf\x03\
\x7f\xd6\x9c\xd5\x24\xf6\x28\x89\x79\xb3\x6b\x0d\x95\xea\x9f\xd4\
\xc7\xd0\xcf\xe8\x8b\xb8\xd7\x4e\xa7\xd5\xf7\x55\x3d\xc3\x0f\x41\
\xa6\x9e\x88\xe4\xe0\x9c\x70\x06\x75\x4b\x7e\xcc\xa2\x20\x45\xdd\
\x55\x25\xf4\x4f\xea\x51\xf8\x49\xaa\xc7\xac\xb8\x87\xc1\x4c\x95\
\xd2\x4f\x98\x14\xd5\x80\xfe\x19\x7d\x11\x7c\x8e\x59\xea\x55\xe8\
\x73\x79\x4f\x6b\x1d\x7a\x56\xe9\x48\xab\x79\x98\xa3\x47\x7f\x3f\
\xea\xdb\xe9\xe3\x39\x14\xfd\x7a\x37\x1c\x0a\xdd\x41\xa3\x02\x1e\
\x00\x0e\x26\x28\x23\x2b\x0a\x26\x0b\xd8\xcf\x7d\xc4\x57\x9c\xa0\
\x20\xef\xfb\x90\x43\x0c\x67\xa0\xb7\xc6\x3e\xb3\x4c\x9c\xc7\x00\
\xa7\x3b\x6a\xb2\xf8\x6b\x68\x2c\xd9\xb4\xf1\xf4\x14\x38\x9c\x43\
\xc9\x4d\xa7\xd1\x6b\xc2\xaf\x23\xd7\x60\x1e\x03\x39\x77\x34\x5a\
\x0b\x0b\xc3\xdb\xe9\x40\x02\x95\xc6\x28\x45\x08\x5a\xd3\xb0\xe7\
\x28\xba\x2b\xb6\xa2\x2a\x8f\x03\x03\x71\x4a\x2c\xe5\x65\x2d\xd7\
\x7b\x07\x8d\x89\x34\x8d\xd1\x1e\x86\x1d\xac\x45\x6b\x10\x66\x9e\
\xd0\x56\x23\x08\xa0\x48\x9e\x87\xbc\x04\x61\x92\x78\x80\xe5\xd0\
\xde\xf0\xe9\xb7\x68\x16\xb4\x79\x08\x2a\x44\xe8\x62\x6d\x89\x16\
\x10\xd1\x63\x8c\x45\xc8\x8e\x1e\x1c\xbe\x02\xf3\x1a\x50\xb1\x78\
\x36\x53\x2d\xb3\xb6\x4f\xda\x26\x0a\x45\x88\x05\x8d\x10\x0e\x45\
\xef\x71\xbb\x04\xe6\x49\x35\x98\xb7\xf5\xa4\x04\xc0\xd4\xe6\x49\
\xa3\xbe\x53\x2b\x18\xb8\x7e\x3f\xaa\x93\x81\x97\xc1\x70\x68\xd4\
\xd1\x26\xdc\x03\xe5\x06\xb4\x1e\x68\xc4\x33\x6c\xd0\x14\x12\xee\
\xc9\x2e\x9f\xe2\x2c\x05\x91\x54\xd0\x35\x9a\xdf\x04\xb1\xd8\x64\
\xe0\xd0\x92\xd6\x79\x8c\xd5\x81\x98\x98\xc1\x8d\x06\x3b\x5f\x47\
\x1b\x20\xdd\x5a\x7c\xbf\x2e\xb7\xed\x42\xb1\x90\x1b\x68\x1c\xc9\
\xbf\x56\xe4\x00\x8e\x68\xc9\xb0\x75\xc4\x29\x39\x61\x0f\xac\x21\
\x62\x1a\x47\x68\x8c\x5c\x53\x23\x7a\x35\x54\x71\x98\xa1\x30\x82\
\xbd\x10\x3e\x1d\x28\x8f\xca\x1f\x8e\xde\x80\x15\x43\xaf\x02\x7f\
\x37\xe2\x93\x95\xbd\x57\xd3\xe9\xf8\x3b\x79\x8d\x71\x40\x48\x18\
\xeb\x48\x7a\x37\x8e\x61\x85\xba\x81\xe8\x72\x61\xf5\x0c\x70\xca\
\x84\x82\xcb\x0b\xc5\xc5\x91\x07\x46\x83\xe5\x76\x27\x33\x45\xc3\
\x4b\x37\x1c\x1f\x68\x1a\x69\x84\xb5\xca\x1a\x9d\x80\x35\x74\x40\
\x51\x0c\x94\x4a\x8e\xc1\x2d\xdb\x5d\x83\x65\x56\x0a\x54\x8e\x5f\
\xd8\x84\x59\x68\x7a\xe8\xa0\x11\x0d\x1e\x16\x88\x64\x9b\x5d\x3c\
\x8b\xc6\xc8\x7e\x78\x09\x77\x70\xca\x87\x75\xfa\x18\x4a\x0c\xc4\
\xd7\xa6\xdd\xef\x3a\x3e\x88\xe6\x6c\xc6\x07\x1f\xb4\x1c\x1e\x89\
\xb5\xe1\x39\x0d\xb3\xbf\x86\xea\x2f\xec\x44\x0d\xa4\x9c\xf5\xf1\
\x0c\xb4\x63\x35\xac\x07\x6f\x7d\xb4\x11\xf0\xd9\x73\x91\xeb\xca\
\x63\x58\x17\xbe\x2c\x04\x2f\x6c\x68\xd9\x6b\x7c\xed\x81\xba\x29\
\x06\x00\x91\x4c\xb5\xf9\x2e\x13\x24\x9f\x3a\x5a\xbd\x44\xcf\xbf\
\x3b\x7c\x25\x94\x3f\xcd\x66\xdb\x17\xfb\xe6\xa9\x2e\x9e\xa5\xc2\
\x24\x41\x95\xa9\x3d\x59\xba\x9e\x84\xd5\x63\x9b\x64\xb7\xea\xf7\
\xcc\x91\x7d\xa7\xae\xd3\x1d\x36\xa1\xce\x72\x25\x18\x78\x1f\xe3\
\xd6\xaf\xf7\x24\xb8\x3f\x5a\xd1\xd0\xad\x23\x78\x3d\xc9\x69\xaf\
\xbb\xee\xb5\xe9\x0a\x0e\x7d\x0b\x05\x06\x87\x01\xbe\x11\x71\xc6\
\x29\x7d\x47\x42\x8f\x07\x84\x23\xa3\xdb\x71\x64\xb4\x2d\xa7\x86\
\x77\x27\x6e\xc8\x2d\x0c\x68\x16\x6d\x43\xbe\x5d\xb3\xd0\x65\x85\
\x5e\xf1\xb5\x14\xea\x3a\x05\x74\xa9\xc7\xfa\xd7\x6c\x18\xe8\xaa\
\xf4\xad\x31\x95\xda\x33\x8f\xd5\xb7\xed\x66\xd7\xcc\x07\x98\x27\
\xb0\xe3\x76\xe8\x72\x11\x15\xf3\xd6\xd5\xf3\xed\x27\xe5\x0e\x12\
\xbe\x1e\x80\xae\x4c\x71\xd7\x67\xf7\xc4\x4c\x55\xcb\x69\xdb\xb0\
\xc8\x2a\x3c\xcd\xe6\xe6\x66\x6a\xcd\xed\x53\x64\x1a\x74\x60\xda\
\x84\x7a\x67\xd4\x78\x64\x0a\xf9\x7e\x8e\x5d\x2d\x05\xb4\xb0\x92\
\xe7\x95\x90\x2a\x10\x66\x0c\xbc\xb5\xc1\xde\xbc\xf4\xda\x66\x0b\
\x31\xbb\x0a\xf1\xab\xcc\xda\x8d\xb9\xd0\x95\x2c\xc6\xbd\x0e\xea\
\xb9\xba\x17\x11\x6e\x5c\xc7\x37\x02\xb7\x81\x7b\xfb\x8c\xb9\xc9\
\x52\x1d\x80\x25\x78\xb3\x74\xe9\xed\x7c\xd3\x8d\xdc\x92\x60\x0e\
\xdb\xd5\xc3\x94\x5b\x7c\x3b\x4e\x14\x04\x1b\x43\x36\xf6\x91\xca\
\x08\x86\x73\x18\xe8\x07\xc6\x47\xf7\xf1\xc0\xfa\xad\x9a\x0e\xde\
\x21\xd4\xef\xfa\x9d\xee\xa5\x77\x01\xda\x61\x10\xe7\x5b\x60\x2e\
\xf6\xf1\x12\x8b\x75\xbe\xc4\xe0\xce\xe1\xae\x59\xeb\xbd\x3e\xfb\
\x37\x44\xab\x55\x4e\x08\x7c\x97\x51\xcd\x76\x00\xef\x5d\x7a\x6d\
\xbd\xe9\xd3\xc7\xe4\x5a\xa0\x6e\x35\xda\xa4\xeb\xbb\x82\x6b\x16\
\xee\x34\x0a\x7d\x3c\x58\x60\x8b\x7c\xba\xc9\x23\x1c\x2e\x79\x68\
\xde\xbc\xde\xb0\x33\x86\x79\x6a\x25\x1f\xfe\x3d\x3d\xdf\xa5\xa8\
\x52\x0d\xed\xad\xb1\xbc\x6a\x35\x66\xf5\x53\x70\x37\xc9\x38\x78\
\x25\x97\x59\xcc\x2f\x97\xe9\x88\x38\xd6\x98\x20\x2d\x36\x01\xc1\
\xb9\x75\x57\x93\xc2\x5c\xbd\x05\x34\xd0\x66\xc7\x41\x90\xea\xd6\
\x1c\x57\x78\x72\x89\xbf\xa4\x14\xda\xfc\x6e\x40\xe9\x4d\xfa\xc5\
\x01\xcd\x37\x59\x0e\x22\xcd\x3c\x0b\x29\x1f\x3f\x88\x79\x01\x87\
\x70\xe2\xfb\xeb\xf0\xf4\x86\x0c\x8e\x72\x61\x07\xe6\xc0\x10\x4a\
\x3e\xa1\xd2\x0e\xf0\x2f\xa4\xba\xd3\xdd\x7f\xb4\xec\x94\x64\x26\
\x2f\x33\x76\x57\xae\x80\x26\xab\x14\x65\x7f\x44\x4c\x0e\xec\xf3\
\x60\xa9\x38\x1a\xad\xa2\x63\x62\x14\x73\x39\x62\x1c\x9c\x22\x8e\
\x8e\x89\x84\xad\xbb\xce\xba\xa2\xf3\xce\x2a\xe0\x0e\x7e\x51\x25\
\x2d\xf6\x1d\x66\x2a\x95\x32\xcf\xa3\x83\xcc\xaa\x29\x8e\xcf\xf0\
\x77\x54\x21\x7a\x59\x6b\x79\xf5\xf5\x71\xe3\x4c\xf1\x58\xf0\x22\
\xf4\xe5\x52\x31\x93\x2b\x6f\x1b\x15\x29\xae\xf0\x8e\xec\xac\x8d\
\x4b\x4b\x4e\xef\x78\xb5\xfb\x34\xde\x43\xa7\x44\x3f\x81\x43\x67\
\x83\x0e\xd1\x42\xe2\x83\x8e\xb1\x4c\x59\x6c\xe2\x7f\xb5\xce\xfc\
\x42\xf7\x47\x57\xf1\x12\x79\xbc\x31\x70\xd4\x3a\x0f\x97\xdc\x8e\
\x1f\x0b\xf8\x30\xbc\x15\x47\x71\xa2\x91\x93\x3b\x0e\x03\x40\x96\
\xa4\xa8\xba\x73\x99\x51\xd2\x2a\xed\xa8\x51\xf6\xa0\x25\x4e\xa0\
\x4e\xb6\x02\xbb\xcc\x03\xe2\x75\x2a\xe7\x29\x18\x7a\x51\x5d\x67\
\x80\x55\x86\x7b\xc2\x66\x56\x14\x2c\x53\x3c\xf8\xc8\x1e\x16\xf0\
\x24\xa9\x4d\x04\xa6\xc6\xe2\xbe\x0e\x0d\xf3\x5e\x63\x68\x3a\xae\
\xd4\x36\x39\x77\x36\x8d\x97\x45\x6e\x23\x03\x87\x4b\x8c\x6b\x08\
\x23\xde\xb2\xdd\xd1\x16\x31\xea\x1e\x15\x8e\xa7\xd5\xb5\xd6\x58\
\x22\x1b\x36\x8f\x09\x2c\x61\x14\xd4\xee\xd2\x2f\x2a\xd4\x7f\xbc\
\x8c\x67\xb4\x54\xab\xd7\xbf\x17\x3b\x6a\x75\xb9\x49\xc4\x79\x53\
\x1d\xd8\x29\x4b\xea\xc1\xc6\x54\xbc\xf2\xb8\x49\x02\x20\x6b\xd4\
\x91\xaa\x82\x64\x8f\x77\xf2\x98\x93\x2d\x67\xdd\x36\xf7\xa7\xea\
\x9d\x0e\x6d\xd3\xfd\xa9\xe6\x94\xc4\x1c\xc5\xd0\xb4\x9e\xdc\xa6\
\xcc\x3b\x79\x7a\xb4\x27\x4e\x44\xcf\x40\x38\x42\xe2\x03\x85\xe6\
\x75\x97\x93\x57\xca\x65\x56\x4a\xe5\xfc\xe9\x98\x6d\x9d\x8f\x4e\
\x98\x2e\x39\xca\x06\xdd\xef\xd7\xc2\x50\x11\xe8\xb5\xd1\x07\x4b\
\x2c\x16\x38\xf6\x9d\x1c\xd3\x7b\x1a\xda\x74\xb8\x28\x0d\x0b\x78\
\xb1\x47\x83\xee\x8c\x8d\xc0\x06\xcc\x0b\x5d\x78\xc1\x98\x50\xad\
\x69\x64\x81\x23\xfd\xbc\x72\x2b\xf3\xdc\x59\x0a\xa9\x34\x6a\x0b\
\xd1\xcb\xed\x76\x8f\x8e\xe0\x34\x13\xb7\x6b\x02\x53\xc4\xe8\x8d\
\x17\x7c\x50\x80\x26\xeb\x61\xc7\x71\xb1\x5f\xdc\x04\x39\x55\xc1\
\xa7\x6d\xf9\x0e\xe0\x31\xf9\x1a\x65\xd7\x60\x15\xb6\x94\xb1\x68\
\xe8\xee\xef\xae\x6d\x4b\xcc\x61\x3a\x3e\x73\x86\x82\x49\x05\x2d\
\xf3\xf4\x05\x88\x34\x62\xfb\xce\x40\xa7\xb3\x86\x0c\x04\x42\x77\
\x7c\x87\x54\xa3\x14\x32\x7b\x37\xd3\xbe\xcb\xcd\xad\x3b\x3e\xf6\
\xae\x8e\xb6\xb2\x9b\x5d\x4d\x00\xac\xe6\xbd\x0e\x8c\x32\x62\x3f\
\x5e\x6d\x59\x42\x6f\x30\x9a\xc0\x9e\x68\x44\x30\x55\x23\xcf\x25\
\x85\x15\x46\xed\xc0\x1a\xf6\x9b\x4b\x90\x81\xe0\xf0\x75\xdc\x49\
\x13\xfd\xc2\x83\xd6\x11\x13\x80\x34\xd4\x8b\xc0\x57\xf8\x52\x2b\
\x35\x5e\x85\x90\xf6\xcf\x60\xf1\x99\xfd\xbb\x5b\x8b\xf2\xb9\xa5\
\xb9\x62\x9c\xf6\x30\xb4\x15\x54\xa1\x71\x09\x0a\x07\x80\x96\x00\
\xd8\x93\xc1\x15\x37\xc9\x20\xcc\xb3\x0e\x8e\xae\x6e\xa2\xd8\x71\
\xe7\xf0\x51\xa0\xf8\xc9\x07\x0d\x68\x3f\x41\xf2\xfa\xda\xc2\x3b\
\x54\x5b\x0c\xf9\x6c\x06\xc4\xb7\x1f\x25\x43\x11\xb4\xf4\x9a\xef\
\x57\x6e\x23\x49\xde\x62\x6c\x1c\x8c\xbe\x91\x34\xc1\x80\x4f\xd2\
\x05\xd5\xf7\xa4\x99\x96\xa8\xd3\x41\xde\xec\x6c\x5c\xde\xfe\x0a\
\x2e\xda\x6e\xd7\x00\x6f\xcd\xd9\x79\x11\xa8\x54\x3c\x07\x86\x41\
\xe7\x07\xc3\xf8\x8d\x26\xec\x96\x5e\x25\xb9\x7f\xc7\xc7\xfb\x3e\
\x38\x04\x75\x10\x5b\x42\x85\x86\x9d\x8a\xb9\xbe\x87\x8d\xe2\x68\
\x45\xae\x1c\x1b\x2f\xa7\x0b\x59\xbc\x39\x3b\x9b\x9b\x07\x16\x33\
\x46\xfe\x13\xbc\xb0\x94\xce\x94\x8a\x55\x2a\x5f\x06\xc1\x83\xe8\
\xae\x7c\x5d\x2c\x2c\x9e\x43\xc6\x3c\x1b\xbe\x0e\x6c\x90\x9a\xe9\
\x4b\x49\x46\x00\x71\x10\x23\xb8\x8d\xfa\x3c\x81\xe0\x21\xd0\x84\
\x7e\x35\x38\x06\xb0\x2d\x05\x83\xb0\xc3\x62\xee\x30\x82\x9f\x8f\
\x86\x5f\x5b\x91\x1d\xcc\xdd\xc6\x91\x33\x19\x5e\x8d\x5c\x97\x8e\
\xfb\x3c\x1c\x01\x2d\xbe\x45\xe4\x62\xbb\x7d\xe5\xff\x17\x7a\x1b\
\xd3\x0f\xe2\xe3\xc6\x38\x9d\x88\x15\x77\x2e\x43\x6b\x38\xbc\x44\
\xdb\x30\x26\x43\xab\x89\x8b\x3c\xb8\xf0\xbd\x6d\x2f\x7c\xeb\xe9\
\x75\xa1\xb5\x52\x51\x9d\xc9\x8d\x36\x88\xb6\x49\x25\x62\x49\x65\
\x68\x3d\x42\x10\x16\xc0\x27\x35\x7f\x65\x5e\x8a\x57\x6f\x6a\x2b\
\x39\x9a\x92\xea\x52\x7a\x79\x39\x5e\x21\x2b\xa4\x9a\x71\x84\x2f\
\x34\x83\x22\xb4\x0a\x74\xb1\x43\x30\xdd\xbf\xc0\x93\x17\x04\xc3\
\x0e\xc5\x5b\x27\xf7\x58\xfa\x10\x0d\x39\x79\xae\x64\x8c\xda\x12\
\xce\xa7\xeb\xc5\x98\x45\x88\xb6\xc1\x96\xd1\x68\xf2\xec\x06\xd5\
\x07\x76\xd1\x1c\xb7\x44\x07\x2c\x6c\x83\x94\x46\x8e\x1a\x78\x0c\
\xa2\x6a\x27\x10\x77\x98\x8f\xa4\x2a\x1a\xd8\x23\x75\xaf\x06\x77\
\x85\x37\xa5\x58\xa5\xa0\x2b\xdf\x85\xde\x89\x20\xe2\x12\x1f\xfa\
\xd1\x9d\xd8\xbe\x0a\x3a\xab\x3b\x93\x14\xb3\x55\x2e\x6c\xd2\x99\
\xad\x66\x42\x78\x30\xbe\x8a\xbf\xc4\xea\x0a\xe9\xfc\xac\x99\xcf\
\x2e\x26\xe9\x4e\x28\xfe\xcb\xb7\xd6\x27\xcd\x8c\xdf\xb4\xba\x1d\
\x73\x32\x73\xfd\x14\x3c\x24\x31\x04\x54\xd2\x5c\xb4\x2f\x24\xcd\
\x6c\xd2\x5c\x5e\x58\x06\xa9\x12\x44\xa6\x25\xab\xbb\xde\xf0\x36\
\x5d\x28\x53\xac\xdd\xc7\x4c\xf0\x34\x94\x5e\xde\x02\x6e\x03\x7a\
\x55\x06\x1c\x0d\x7d\x3f\xbd\x80\x8d\xcc\x43\xe3\x5d\x98\x8b\x49\
\x0e\xf1\x22\x03\x95\xdc\x59\xf5\x63\x1e\x5f\x02\x91\x45\xc6\x90\
\x8b\x60\x8f\x87\x4a\x91\xd3\x6e\xdf\x5d\x77\x51\x35\x35\xba\x1c\
\x45\xb0\xc4\x49\xc0\xe0\xca\xdd\x20\x96\xa5\x5a\x60\x75\x01\xde\
\x5a\x1f\x85\x6e\x45\x83\xb0\x04\xc9\x8b\x88\x0b\xa9\xb3\x78\x21\
\x45\xb4\x47\x75\xb2\xb4\xed\x49\xd0\xdd\xf0\x69\x18\x82\x8b\x1a\
\x2b\x9d\x05\x12\x04\x4e\xb1\x91\x03\xe9\xf5\xc8\x77\x59\x4c\x6e\
\x83\xbb\xf8\x80\x60\x99\x29\x90\x2f\x14\x8b\xee\xeb\x5a\x38\x63\
\x52\x35\x00\xed\xc1\x0a\x4c\xf1\xa2\xa7\x56\x83\xf2\x99\x48\x19\
\xf9\x7a\x8a\xee\x79\x98\x45\x81\xec\x84\xae\xf0\x44\x46\x9b\x75\
\xeb\xcb\x36\xf4\x11\x69\xb0\x85\xc2\xfc\xa9\xeb\x55\x83\x17\x04\
\xf2\xe4\x41\x8e\x47\x4c\xa4\x12\x0c\x78\x49\x9c\x80\x7a\xdf\xef\
\x01\xa9\xd5\x5f\xf8\x81\xff\xb4\xb2\x38\x46\x7c\x41\x07\x32\x9a\
\xdb\x0d\x02\x49\x05\x1b\x57\x5d\xfb\x41\x5e\x06\x01\xe0\x2a\xd3\
\x85\x20\xbc\x71\xa4\x7f\xa1\xf8\x64\x78\x24\xbb\x5f\x21\xce\x68\
\x7b\xaa\xd7\xbe\x8a\x03\x4f\x90\x22\x64\x54\x2f\x67\x64\xa7\xa9\
\xed\xed\x9b\x63\x0b\x0e\x7c\x33\x2f\xfb\x4c\x8f\x96\x1b\x06\xca\
\xc5\xa9\xe6\x22\xf7\xf8\x92\x22\x6a\xd4\xbd\xbd\x3d\xaf\x03\xcc\
\xd1\xf6\x37\xf5\xd6\xfb\x5d\xa2\xc9\x12\xc5\x6e\x9f\x1f\x5f\xe5\
\xd5\xd0\xda\xa9\xa1\x2d\xa7\x4f\x6d\x73\x47\x6f\xb4\xd8\x8e\x13\
\x10\x75\x89\x8e\x8e\x9f\xe4\x40\x8a\xb9\x4c\xa1\x11\x76\x39\x0f\
\x71\x35\x5f\xcd\x69\x28\xe7\xd2\xa5\x4c\x8c\x12\x8c\x20\x7a\xa0\
\x94\x9a\x86\xc1\xab\x3b\xe5\xc0\xdf\x6c\x79\x2e\x5a\xd0\x44\xfc\
\x37\x00\x39\x98\x7c\x85\xa0\xdc\xea\x84\x0a\x0f\x12\x0f\xf2\x78\
\x2a\x63\x35\xc4\x4e\x91\x62\xd1\x70\x54\x30\xde\x67\xa1\x9b\x47\
\x60\x24\xea\x04\x41\x68\xa2\xcb\x67\xcb\x1e\x5f\xdb\x49\x5a\x60\
\x26\x25\x96\x1b\x2c\x0a\x4d\x35\xa2\x83\x38\xef\xa9\x70\x41\x69\
\xdd\x76\xd7\x50\x87\xda\xf1\x1c\x57\xd8\x1b\x89\x0e\xc3\xa3\xcf\
\x15\x4e\x01\xd3\x52\x25\x6f\x56\x1d\x8f\xc1\xab\x05\xe1\x1d\x22\
\x63\x80\x35\xd2\x0c\x03\xda\x16\x88\xa4\x1a\xe8\x00\xa5\x77\x80\
\x25\xa1\x98\x3c\xf0\x9d\x23\xd1\xee\xd0\x7b\xce\x4a\xd5\xd7\x9c\
\x29\x99\x01\x62\xda\x2c\x1c\xb5\xf0\x1a\x68\x1e\xaf\xf8\xd2\x68\
\x0d\x2d\xa7\x46\xce\x2e\x67\xad\x8e\x83\x54\x68\x4f\x79\xc0\x3a\
\x74\x6f\x4e\xcd\x44\x1e\xfb\xc1\x07\xcc\x0d\xb3\xac\xd6\x6a\x2f\
\x3b\xd4\xb0\x87\xc7\x95\xf1\x6b\xe1\xa9\xbc\x2c\xc5\x6d\x04\x20\
\x63\xcf\xb8\x08\x72\xcb\xb9\xd2\xe9\x5c\xa9\x8a\xb1\xf9\xb3\x0a\
\x7a\x99\x07\x8d\x42\xb4\xe6\x7d\x15\x4c\x47\x36\xbf\x6e\x65\x48\
\xd8\xb1\xc8\x41\x39\xe6\x14\x4d\x76\x6e\x10\x02\x5f\x22\x21\xc6\
\x99\xc0\x42\x3b\xa5\xb4\x6a\x44\xf8\xce\x32\x53\x23\x5a\xbf\x5e\
\x13\x90\xe0\x5a\xc8\xe5\x39\x12\xe4\xb3\x2b\x91\x7a\x04\xc9\xf0\
\xce\xa9\x59\xf5\x75\x45\x5f\xba\x14\x82\x45\x77\xe8\x9a\xad\x4d\
\xa5\x58\x5c\xdc\x56\xb5\x3e\x58\x2e\xf6\xdc\x8b\x19\xd3\xd0\xc6\
\x22\x73\xb3\xc9\x91\x2e\x3a\x53\xa4\xf7\xa1\xab\xeb\x14\x34\xa3\
\x55\x99\xaf\xef\x12\x40\x2c\xcc\xb1\x5c\xd6\xfc\x01\x1b\x35\xe1\
\x3e\xb2\xa3\xc3\xc8\xc7\x74\x9a\x4c\x50\x1a\xe2\xcc\x1a\xb9\x55\
\x89\x7a\xaa\x2c\xed\x83\x8a\x04\x9b\xd0\xc7\xaa\xd7\x49\x31\xce\
\x0a\x55\x45\x9b\x99\xae\xf8\xd4\x9f\x46\xdd\xde\x04\xfb\x38\x7e\
\xf4\x0e\x8f\x50\x48\x58\xba\x52\x8b\x2e\xea\xc4\x82\x07\x8f\x98\
\x93\x65\xcf\xf5\xda\x16\xe3\x97\x26\xc0\x05\xc6\xfa\xdb\x94\x98\
\x66\x6e\x38\x38\x27\x29\x25\x82\xc3\xef\x24\x7a\x3d\x90\xff\xa8\
\x23\x62\x3f\xb1\xad\xe8\x0a\x8a\x17\x76\x4d\x93\x80\x6c\x37\xf6\
\xd4\x9b\xc0\xef\x33\xfb\xaa\xc7\x48\x9a\xf7\x35\xd7\xeb\xb2\xb3\
\xbf\xdc\xc0\xa5\x11\x20\xf1\x2f\xd8\x4f\xc7\x57\x1c\xd8\x9e\xb8\
\x79\x3e\x61\xce\x2c\x32\x06\x9b\xa9\xd8\x67\x67\x60\x11\x61\x17\
\x99\x33\x7d\xbf\x3b\x83\x1e\x5d\xad\x19\x7c\xdc\xd3\x8b\x78\xa3\
\x12\xd8\x28\xbf\x2f\xd6\x0a\x12\x17\x87\x01\x8d\xc2\xe0\xd4\xf7\
\x95\x71\xbd\x50\x08\x9c\x92\x96\xd5\x77\xf9\x12\xb3\x01\x48\x0a\
\x5f\x39\x81\xae\x20\xd0\x5f\xec\xe1\x89\x98\xfe\xcd\x46\xfb\xc7\
\x8f\xf4\x43\x3f\xf9\xf4\xcb\xa7\xde\x8f\xb9\xbf\xd0\x34\xbe\x9a\
\x5e\x8c\x89\xbd\x10\xb0\x2d\xaa\xcc\xce\xe6\x81\x64\x83\xc9\x7c\
\x0c\x1a\x31\x48\x28\xb5\x01\x3f\xaa\x6e\x38\x44\x4d\x52\x5f\xed\
\xee\x7a\x03\x05\xf1\x8a\x0b\x6d\x7f\x9b\x32\x97\xbb\xce\x06\xb2\
\x00\x61\x6b\x3f\x46\x5b\x7e\x8f\x2e\xab\x26\x62\xae\xf2\x15\x7b\
\xd3\x74\x1a\x0d\x8a\x9f\xd8\x52\xc7\x8e\x6a\x40\xcb\xa5\xfc\xe9\
\x74\x25\x67\x06\xe7\x1b\x00\xf1\xea\x65\xb9\x92\xae\xe4\x33\x71\
\xea\xaa\xe8\xc6\x91\x7b\x25\xfc\x68\x1c\xaa\x4d\xab\xeb\x12\x13\
\xcd\x3e\x63\x80\x10\x82\x90\x3c\x43\xf7\x1c\xeb\xfb\x2d\x24\x00\
\xa0\x04\x54\x3d\x93\x2e\x15\x08\x79\x0f\x84\x51\xbd\x72\x95\x9e\
\xac\x67\xa1\x58\xa8\x16\xca\xcb\xe9\xcc\x48\x9e\x15\xc5\xc3\xd6\
\xf0\x92\x93\x86\x26\x14\x7e\xc8\xf5\xdc\xad\x36\x3a\xd4\x86\x6e\
\x4c\x57\xd3\x0f\xe0\x4e\x56\x7f\x6c\xcc\x1c\xbd\x0d\x71\x00\x2c\
\x50\xe4\xd2\x35\xa8\x0b\x67\xf6\xe9\xda\xab\xfa\xdd\x8b\x70\xa1\
\x1f\xd8\xa7\x74\x06\xa2\xb4\xe7\xf6\x24\xee\x57\x48\x63\x44\x76\
\xde\xe1\x80\x2d\x54\x3e\x7c\x86\xca\x60\x11\x33\x8c\x68\xd0\xa5\
\xe1\xf7\xb4\x7c\x0c\x60\x57\x6f\x5d\x16\x8b\x19\xc0\x55\x74\xef\
\xc3\xf6\xc2\xc4\x70\xe9\xb8\xfd\xa9\xef\x5e\xe6\x8d\xd2\xed\x03\
\xad\x9f\x32\x05\xc7\x92\xff\x6a\x8b\xae\x5c\x1d\xb8\x78\x47\xa6\
\x73\xdb\xe0\x0a\xb1\x22\x87\x6a\x4f\xb5\x00\x1f\xa2\xeb\xa5\xdd\
\x8d\x3d\x3b\xcd\x7a\x36\x3b\x5a\x93\x29\x0e\x92\x00\x7b\x75\x95\
\x2e\xc7\x03\x92\x83\xfa\x1a\xa5\x9e\xbd\x3a\xf2\x49\x68\xca\x96\
\x72\x95\x85\x62\xbc\x57\x42\x08\xec\x95\xff\xb7\xa2\x82\x21\x2d\
\x90\x68\x6a\x83\x29\xa0\xe9\xa6\x09\x55\xc6\xcf\xc9\x10\x63\x1d\
\x9a\x0f\xd2\xcf\x47\xef\x48\x50\x6c\x33\xea\xd4\x5c\x4f\xfb\x58\
\x93\x6b\xfb\xaa\x82\xb4\xdd\x2f\xc6\x80\x11\x76\x7c\x75\x57\x0f\
\x74\x01\x97\xdc\x0d\xb2\xed\x8e\x40\x2b\xe5\x46\x89\xc0\x01\x0a\
\xef\x21\x4d\xad\xaf\xa3\xce\x8f\x74\x4b\x4a\xb8\xaa\x83\x64\x32\
\x2e\x8c\x5e\xb5\xc1\x31\xb9\xd8\x79\x70\x42\x56\x46\x0c\xae\x23\
\x54\x2c\x12\xbf\x4d\xdd\x69\x71\xcd\x07\x54\x3d\x9d\x2f\x55\x56\
\xd2\x3b\x53\xff\x70\xe1\xb8\xa1\x85\x08\x9c\x1a\x21\xf0\xd3\x64\
\xc2\xad\x80\xf0\xb1\x1b\x29\x13\xf3\x1d\xc7\x18\xd0\xfc\xb8\x85\
\x13\x26\x23\xb2\x6e\x11\xd2\x73\x2d\x06\xa3\xb6\xce\xc8\xf3\xc8\
\x70\x99\x71\xcf\x84\xf9\x56\x0d\xb5\xd1\x62\x0f\xd6\x06\xc7\xc6\
\x9f\x84\xcf\x7d\xd5\xe7\xd2\x5e\x20\xa2\xdc\x47\x51\x09\xb7\xc8\
\xce\x92\xc9\x70\x88\xa1\xd6\x97\x4c\x6f\xc1\x3c\x5d\xa0\xe8\x95\
\x31\x56\x2a\xdc\xda\xf9\x3e\xc6\xa2\x91\x56\xd4\xe5\xdc\x15\xf6\
\xa9\x22\x79\xd3\x69\xd3\x31\xbc\xdb\x13\xd3\x17\xd1\x44\x0f\xc6\
\xa1\x98\x05\x1e\xdb\x1c\x98\xaa\x13\xfc\x31\x7c\x36\xf4\xe6\x45\
\xf4\xea\x01\x73\x4f\xc5\xd3\xe7\xfa\x4a\x5c\x72\x7b\x74\x70\xe5\
\x07\x5d\xb5\xda\x7e\xdb\x0a\xa1\xad\x81\xc6\xb9\xed\xc1\x26\x5e\
\xa0\x2b\xfa\xae\x17\x49\x05\xd0\x5e\xd4\xfa\xc8\xf5\x98\x97\x52\
\x35\x0f\x6f\xa2\xdd\xc4\x17\xbb\xdc\x0b\x4a\x62\xd5\x0b\xdb\xc1\
\xe2\x90\x26\x62\xa4\x39\xaa\x56\xe3\x69\x1d\x85\x12\x2d\xb4\x8a\
\xc2\x93\xd3\x0b\x4b\x24\x5a\x37\x20\xab\x24\x08\xb3\x33\x66\x60\
\x21\x4e\xfb\x93\x0f\xaa\x34\xb7\x6d\xb1\x17\x53\x70\xd6\x48\x21\
\x54\x07\xf5\x76\xa2\x52\x25\xf3\x61\x75\x5f\xaf\x56\x10\x32\xaf\
\x12\x98\x3d\xd3\x24\x6e\x38\x56\x9c\x92\x47\x8c\x22\xb8\x56\xd1\
\xad\xb3\xbc\x07\x0f\xcc\x78\x42\x05\xc8\x99\x7a\xe1\x70\x97\x3a\
\xae\x48\xd8\x17\x2e\xcc\x2d\x47\x95\x0d\x91\x83\xb5\x59\x96\x79\
\x63\x26\xff\x04\x4e\x3f\xee\xc1\x83\x27\xa0\x81\x83\xea\xe9\x10\
\x3e\x1d\x22\x43\xdd\x3d\xd7\x40\xa3\x53\x25\x53\x89\x6a\xbe\x50\
\x3d\x93\x2f\x64\x8b\x67\xb6\xc3\xcb\x83\x65\x43\x8a\x8a\x91\x42\
\x28\x69\x2d\xd9\x70\x42\x94\x3e\xbc\xb2\x72\xf5\xb9\xd3\x96\x53\
\x42\x5c\x31\x1c\x91\xb6\xff\xb3\x74\xb0\x2b\xa8\x08\xef\x17\x7f\
\x14\xa3\xdd\xce\xdb\xcd\x96\xdd\x95\x84\x5d\x06\x96\xf1\xcc\x8e\
\x5d\x6d\x98\xd3\xb1\x5d\x01\xe7\xd4\x85\x36\x69\xfb\xee\xb5\x91\
\xde\xdc\x78\x30\x69\x96\x3b\x56\x0b\xba\x79\xe3\xa1\xd4\x9e\x1b\
\x0f\x47\x6a\x29\x2b\x5f\x04\xc9\x9d\x35\x77\x7f\xbf\xc2\x75\x7b\
\xd2\xee\x9a\xbd\x66\xd7\x50\xeb\xce\xfe\x3d\xb3\xd0\x96\x31\x67\
\x3b\x7e\xc7\x01\x18\xed\xfb\x6b\x56\x0d\x44\x60\xed\xc6\xa0\x5d\
\x24\xa0\x52\x07\xbe\xeb\xda\x6b\xd8\x23\xf4\xb7\x68\x50\x7c\x06\
\x71\xa4\xb0\x9d\x1e\x9e\x6b\xf2\x3d\x04\x7c\x61\x83\xe5\x5e\xec\
\xd3\x5d\x9b\xae\x21\x77\x1b\x18\xac\x3b\xb6\x51\x75\xec\x5c\x74\
\x6c\x68\x7f\x8d\x3c\x2b\xca\x7d\x18\xd9\x38\x50\x16\x39\x06\x7b\
\x74\x4c\xd9\xa2\x27\x6d\xbb\xb2\x63\xbb\x4a\xe6\xa9\x3b\x9e\x48\
\x8a\xa9\x11\x7f\x23\xc6\xd7\x0c\xfa\x3b\x1d\x5b\x0e\x99\x2e\x68\
\x5d\x74\xc8\xfc\x60\x17\x87\x99\x41\xac\x87\xc1\xd3\x47\xba\x87\
\x55\x6e\xe1\x09\x66\x88\x23\x7d\xb3\x5d\x4d\x60\xd3\x34\xf6\xc9\
\xe5\x00\xe9\xa4\xfe\x79\x08\x1e\x0e\xdd\x80\x2b\x8d\x60\x67\xd1\
\x2c\xcf\x06\xe0\xde\x03\xab\x91\xc4\x25\xe1\xbf\x17\x2e\x48\xd2\
\x4e\xf2\x3a\x49\xc2\x8f\x75\x4e\xd0\x62\x80\x12\x7a\xbc\x8f\x4c\
\x0c\xf6\xa7\x1c\x87\xfe\x72\x0d\x0e\x7f\xe9\x70\x51\xc7\x6d\x51\
\xd2\xa0\xa4\xc1\x89\xc7\x49\x93\xfe\xf0\x5f\xfe\xb6\xc9\xdf\x36\
\xf9\x5b\x2a\x54\xf7\xe9\x43\xfc\xd3\x69\x76\x24\x39\x22\xe9\x51\
\x4e\x7b\x6d\x6e\xc4\xa5\x91\x50\xd7\xda\x62\xc5\x40\xbf\xe9\xeb\
\x36\xe5\x37\x3c\x0c\x64\xae\x0e\xbc\x30\xae\x29\x1d\x42\x28\x64\
\x9a\x21\x2e\x0b\x28\xce\x14\xd5\xbc\xc5\x7f\x37\x31\x59\xbd\xed\
\x00\x27\xd4\xe8\xea\x81\xc3\x9c\x1c\xa3\xe4\x20\x27\xf4\xc7\xeb\
\x62\xb2\xd1\x6c\x48\x42\x7d\xeb\xd7\xe9\xe5\xfd\xfe\xaa\x80\xbf\
\x53\xb7\xc7\x22\x1e\xb4\xe7\x4e\xe7\x4a\x04\x99\xf0\x00\x7b\x2f\
\x9e\xf7\x88\x29\xb8\xbd\x6d\x19\x8c\x9f\xee\xdb\xc0\xe3\x44\x3e\
\x59\x8c\xb8\x46\x08\x23\x2c\xe7\x7c\xbd\x80\xe7\x54\x87\xab\x4a\
\x2f\xae\x83\x27\x12\x6c\x4e\x8a\x7e\xba\xb5\x15\x00\xb1\x2a\xa9\
\xa2\x00\xb0\x39\xdf\x54\xfc\x89\xa2\x9c\xfe\x50\xd7\x6a\x68\x75\
\x6c\xd7\xfb\x14\xd2\x67\x12\x89\x57\x07\x29\xdd\xe4\xd4\x94\x70\
\xd2\x7c\xdf\x82\x4a\xc9\x00\x70\x9a\x19\x20\x66\x22\xf4\x1b\x7f\
\x18\xfb\x8d\x98\xb0\xa4\x19\xad\x4a\x7d\xab\xd4\x69\x74\x17\x8a\
\xb2\x30\x0f\x80\x28\x6a\xc6\x00\xe4\x47\x45\x3a\x50\x63\xc1\x83\
\x58\xd6\xec\x6b\x8d\xba\x84\x93\x51\xd1\xc2\x25\x8e\x3d\xd5\x2b\
\x53\x06\xd4\x58\xc7\xaa\x61\x75\xbf\xf2\x68\x18\x94\xb4\xc6\x84\
\x25\x18\xe4\x36\x44\x42\xe0\x28\x5c\x68\x07\xbb\x73\xf2\x6d\x26\
\x87\xe6\x8e\xa8\xbb\xb4\x01\x70\xcd\xf2\x1d\x7f\x60\x8d\x29\xba\
\x6d\x37\x40\x9f\x3c\xab\x24\x49\x10\x08\xa9\x6f\x45\x71\x2a\xc7\
\xf9\x42\x24\xd8\x60\xb6\x6b\xb3\xb5\x14\xd9\x32\x0b\x1b\x28\xfd\
\x20\x5e\x57\xa3\xcc\x9e\x30\x88\xb3\xaa\xd6\x13\x52\x4f\x88\x16\
\x9d\x68\x6f\x55\x21\xa9\xf2\x1b\x80\x48\x3c\xd3\x25\xb2\xa8\x20\
\x02\xa1\x5b\x85\x5c\x0a\xbb\xd9\xc3\x7f\x18\x99\x20\xdc\x74\xe4\
\x12\xdb\xb8\x69\xc4\x33\x7f\xba\x5d\x86\xad\x7f\xdd\x88\x41\x97\
\x22\x03\x14\x69\x33\x32\x3f\xc9\x68\x8f\x70\xf4\xec\xb2\x3d\x86\
\x85\xce\x63\x47\x0f\x01\xee\x01\x24\x58\xc5\x1f\x18\x16\x68\xea\
\xb8\x0b\x78\x2d\x17\x57\x4a\x99\x1c\x0e\x7f\x1b\xe5\x70\x4c\xd9\
\x38\xad\x06\xab\x04\x65\xfb\x12\x30\x38\xac\x42\x64\xbb\xbd\xc8\
\x44\x4f\x85\x4e\x3a\x42\xd0\x2f\x1f\x46\x6a\x1a\x8a\xbf\xb9\xaa\
\x23\x63\x2b\x2f\xce\x88\xae\x19\x29\x10\xc6\xd4\x03\x7c\xe9\xa4\
\xec\x14\x9f\x7e\x48\xdf\xe7\x4a\xc5\x33\x65\x5e\xe7\xa0\xe7\x53\
\x57\xae\x4c\x89\xce\xd0\x58\x48\x60\xa0\xec\x76\xb8\x20\x18\x1e\
\xed\x87\x41\x6c\x80\x27\x97\x6a\x73\xb3\xc4\xa2\xac\x27\xf9\x68\
\x9a\x03\x42\x92\x99\x5d\x64\xe3\x04\xf7\x45\x58\x6c\x5f\x49\xc1\
\x6f\x60\x41\x3a\x2a\xc0\x44\x2f\x38\x86\x8a\xf4\x41\xd5\x17\xba\
\x76\x59\x75\x80\xd7\x7a\x7f\x0a\xad\x31\xcd\x49\xa8\x4c\x59\xc9\
\xc1\x6e\xe3\xe0\x71\x1a\x1f\xec\x28\xf1\xc4\xc1\xdd\xee\x45\xc4\
\xf9\x22\x7e\xcd\x5a\x7a\xb9\x60\x7d\x1b\x50\x8f\x29\x3c\xd6\xa5\
\x1d\x84\x19\x23\xfe\x9b\x72\x81\x17\x5d\x34\x68\xde\xdf\xf7\x7a\
\xf6\x88\xa8\x66\x20\x21\x6a\x3d\x04\x7d\xc3\xb6\xa4\xb5\xae\x05\
\xac\x6c\x6f\x07\x6b\x96\x31\x67\x60\x69\x65\x31\x4d\xa1\x1b\xe3\
\xa3\x47\xaf\xa8\xd8\x45\x22\x78\xf0\x59\xb9\xa0\x79\x8c\xd6\x28\
\xf1\xf2\x58\x73\x86\x98\xba\xdf\xb2\xfc\x40\x8d\x87\xbf\xdb\x62\
\x3c\x46\x5f\xc5\x39\x75\xea\x88\xb0\xb1\xb5\x5b\xab\xb8\xf3\xd1\
\x3b\xa3\x8e\x28\x0d\x4f\x48\xd4\x04\x63\x18\xa6\xad\x48\xec\x55\
\xb7\x4f\x5c\x90\x44\xed\xc5\x73\x1e\xec\x53\x15\x18\x4a\x74\xf6\
\xe4\x9e\x68\x16\x89\xfa\x32\x74\xe1\x68\x8f\x82\xed\xf2\xad\x38\
\x6d\x51\x13\x82\x98\xa9\xdc\x52\x63\x5c\x43\x8f\x0d\xc7\x45\x8a\
\x09\xcb\x31\x46\x5c\xa4\x2b\xf5\x0d\x55\xeb\x49\xa6\xf2\xb8\x2d\
\x46\x20\x9a\xc1\x62\x1c\x6a\x5b\x1c\x3d\x45\x09\xea\xda\x9b\x8a\
\x91\x23\x9f\x6b\x60\x3f\x83\x1c\xed\xb5\x87\x20\xc1\x77\xbd\xc2\
\x5b\xf9\x34\xfc\x32\x14\x45\x4f\x03\x87\xe5\x93\x91\x37\x19\x9b\
\x2b\x3f\xed\x21\xb3\xae\x3c\x41\x90\xe0\x13\xfa\x6e\xc0\x92\x6b\
\xcc\xf9\xa8\x94\xd2\x05\x8a\x91\x96\x2b\x54\xaa\xe9\xf9\xd1\x9c\
\xbc\x58\xf4\x6a\x3e\x31\x1c\x20\x4c\x28\x7d\xd8\xde\x3a\x64\x24\
\xcd\x26\xce\xa8\xef\x0b\x85\x9e\x21\x20\x03\x7c\xc9\x0e\x18\xb7\
\x1e\x62\x29\x90\x26\x04\x26\x1a\xaf\xbf\xeb\xf2\xf6\x10\xd9\x07\
\x71\xb5\x44\x55\x0e\x48\x3d\x5b\x97\x50\xdc\x31\x65\xa0\x48\x31\
\x65\xa0\x96\x55\x4f\x38\x3a\xab\x0f\xdc\x07\x9d\x18\x48\x4d\x26\
\xdd\x31\xe9\x2b\x85\x20\x23\xf9\xd8\x99\x08\x91\x5a\x32\xa1\x46\
\xdb\x7e\x8d\xe1\x71\xd0\x91\x36\x85\x06\x85\x38\x8b\x71\x3a\x31\
\xb4\x59\x6e\x1d\x33\x1a\xe6\xad\x87\xc6\xc4\x61\x2b\x8b\x6c\x6c\
\x43\x17\x1b\x6c\x83\xc0\xa3\xe5\x76\x34\x31\x41\x1f\x7d\x65\xc5\
\x45\xb6\x37\x64\x74\x23\x63\x66\x3c\xae\xe2\xd2\x6a\xc6\x91\x70\
\xbd\x15\xb8\xda\x84\x0f\xa4\xa3\xe7\xa6\x0c\xec\x4d\xe4\x0a\xfd\
\x1e\x57\x4d\x33\x8e\xeb\x10\x92\x48\xa8\x05\xd1\xff\x86\xfd\x86\
\xae\xfc\x90\x9a\xa6\xa3\x9c\xcf\xe6\xe6\xd2\x31\x3b\x82\x30\xf2\
\xf0\xdd\x5c\x31\x7c\x5d\xb8\x1e\xa5\x34\x0d\xdd\xa1\x22\xfe\x76\
\x08\xef\x20\x9b\x74\x07\x5c\x70\xb4\xed\x30\xba\xaf\x92\xff\x3d\
\xec\x12\x0b\x84\x4e\x1a\x4f\xa1\x38\x25\x4c\xbb\xa3\x8f\x88\x94\
\x69\x9d\x17\xac\x0b\x07\x1c\x54\x3c\x3d\x2b\x54\x55\x15\xcc\xc4\
\x95\x75\xb4\x6c\xde\x50\x48\xa8\xd7\x28\xe0\x82\xa5\x6e\x84\x0b\
\x05\xe4\xa2\x7b\x41\x54\x0c\x1c\xba\x9f\x06\xb5\x4c\x50\x37\xfd\
\x76\x3c\xb9\x51\x00\xc1\xa0\xeb\xc1\x26\x27\x19\x80\xe2\xa0\xf4\
\x7c\x3e\x03\x20\x0b\x20\xfd\xae\x17\x58\x56\xc2\x86\x5a\xf3\x60\
\xde\x9c\x9e\xb2\x9e\x6b\xd8\xac\x06\x50\x07\xeb\xdb\xcd\x39\x9e\
\xb6\x87\xaf\x54\x43\x7f\x19\x3c\xad\x21\x43\x86\x47\x51\x85\xbc\
\x88\x41\x71\x48\xbd\x7a\xe9\xa7\xf1\x48\xd2\xee\x5d\xec\xbb\x6b\
\x1c\x15\xc7\xc4\xdb\x79\xd7\x30\x36\x4f\x0b\x68\xab\xdc\xb1\x3b\
\x0e\xfc\xe9\x16\xd3\x2b\x95\x22\x3c\x54\xb7\xf3\x08\x8b\x2b\xbc\
\xe3\x06\xd6\xa6\xdc\xd0\x8f\x34\xe0\x27\x0c\xd5\x94\xd5\x3e\x71\
\x3e\xc7\x29\x50\xeb\x8c\x08\x0c\x45\x24\xe6\x66\x61\xd9\xd6\xec\
\x94\x6b\xf7\x66\xa6\xc2\x56\x3c\x56\x07\x3d\x21\x7d\xb1\xd0\x43\
\x0b\x17\x0c\xf3\xae\xef\xa1\x6c\xa8\x23\x32\x75\xf7\xf7\x00\x9b\
\x13\x76\x12\x46\xd3\x0f\x76\xac\xa4\x31\xf4\x28\x48\x08\x6a\xa5\
\x1d\xfa\xa0\xa5\xa2\x7e\xa8\x08\xe1\xb2\x56\x6d\x8f\x69\xc5\x95\
\x32\x7e\x7a\x42\xe7\x56\x4e\x2d\xe6\xcb\x23\x42\x01\x0f\x96\xda\
\xe6\x50\x6d\x12\x77\x1a\xbb\x99\xb2\x58\x30\x89\xbb\x97\xcc\xa2\
\xfa\x6b\x84\x17\xc5\xaa\x98\xd9\x61\x5f\xdf\x2d\x11\x0a\x7a\x7f\
\x1e\x8b\x06\xf1\x00\x76\x75\xb8\x3d\x36\xde\xd3\x63\xca\x2c\xe4\
\x77\x18\x35\x94\x60\xfb\x9c\xba\xba\xb3\x1c\xc5\xa2\xe0\xec\x26\
\x55\x6f\x3a\x72\x55\xa2\xd2\x59\x05\xc1\x4b\xf4\x84\xb0\x2f\xe8\
\x76\x67\xdc\x78\x41\x11\x56\xd6\x16\x65\x9e\x44\x0a\xbe\x4a\xbb\
\xf9\x32\xa3\x00\x05\x37\xf6\xe4\x96\x4b\xb9\x0c\xfc\xca\x8e\x01\
\x28\xd1\xc2\x97\x05\x2f\x0d\x8c\x28\x5e\xa7\x39\x1c\x13\x6c\x42\
\x5f\x5c\x33\xe8\x91\xeb\xf8\x76\xc6\x58\xea\xde\xbe\xb1\xb1\x95\
\xba\xa9\x30\xa4\xe0\x18\x98\x42\x5d\x74\x39\x3b\x7f\x15\x51\x01\
\x5f\xcd\x34\xd6\x88\xf0\x0a\xa7\x38\xeb\x95\xe0\x2a\x99\x60\x5b\
\x04\xf6\x03\xc1\xe6\x18\x1a\x15\x89\x8c\x12\xe5\xdb\x4c\x77\x00\
\xe7\xed\xf3\xcd\xb3\x84\x52\x0f\xd3\x21\xe5\x9a\x5c\x17\x87\x37\
\xdd\x7a\x1d\xe2\x30\x43\x86\xf4\x49\x2c\xa3\x8d\x5a\x91\x3c\x17\
\xcb\x67\x51\xe2\x3a\x6a\x4e\x2e\xda\x1e\xec\x57\x0c\x3e\x53\xd1\
\xb2\x8a\x35\x1c\xaa\x6b\x24\xf1\x30\x97\x80\x25\x5b\x75\x82\xc0\
\xbc\xb1\x52\x63\xca\x2c\x89\x31\x3a\x71\xd2\xc2\x41\x86\xee\xd9\
\xe6\xcb\xe3\x1c\xf1\xd4\x0e\xa4\x4d\xf2\x86\x08\x7f\x2a\x01\xcb\
\x94\x7a\x9e\x1f\xa2\x55\x3c\xa8\x8d\xb6\xb3\x3c\x1f\x76\x77\xa6\
\x0c\xa2\x87\xdd\x98\xc9\x86\xc7\x35\xc3\xb7\x99\xf9\xda\xbb\x80\
\x67\x94\x6a\xa6\x0b\x17\x1c\xbc\x34\x81\x59\x75\xbc\xf9\xb3\x1c\
\x22\x88\x0d\x55\x73\x0a\xf5\x9e\x76\x0a\x76\xd6\x8c\x38\xe3\xcc\
\x90\xfd\xc4\x86\x3d\x23\x14\xac\x41\x96\xfc\xb0\xd2\x33\x32\x85\
\xd4\xcc\x4c\x95\x6d\x1b\xf0\xa0\x88\x0d\xfb\xbd\x6e\xe4\x0a\xd9\
\xc7\xf6\x8a\xd7\xb8\x60\x69\x3b\xc3\x7e\x38\xb2\xda\x15\x6c\x00\
\xe0\xe3\x86\x4c\xfe\x69\x1c\x54\x9e\x18\x6b\x56\x5c\x20\xef\x12\
\x1b\xdb\x0e\x60\x39\x80\x0d\xf4\xa6\xe0\xb8\x76\x14\x10\x57\x44\
\xb9\x20\xa2\x34\x5f\x41\xc8\x02\x09\xd4\xa1\x98\x55\x13\x00\xa5\
\x8f\xf0\x24\x2d\x24\x85\x8f\x91\xb7\x2a\xa6\xfe\xa8\xbb\x61\x62\
\x22\xe4\x85\x5d\xdb\xea\x5e\xc7\x21\x1a\x27\xbc\x3a\xf7\xd0\x0f\
\xd5\x87\x31\xc2\xb8\x65\x96\x55\x23\x97\x5d\x06\x17\xc8\xc3\x04\
\xa9\x80\xca\x43\x55\x04\x44\x55\x5b\xd8\xc8\x81\x4e\x34\x9a\x20\
\x03\x17\xc8\xd8\xa4\x4b\x82\xae\x91\xa7\xab\x9a\xd9\x70\xb7\xf1\
\x86\x07\x8b\x9d\xbb\x03\xf1\x96\xa6\x8d\x6d\xca\xaf\xd0\x87\xec\
\xaa\x81\x2d\x7e\xbf\x33\xbc\x52\x2b\x63\x93\x9e\x30\x66\xbb\x7a\
\xa4\x52\x31\x21\xe3\xf5\x36\x7e\x6b\x45\xf5\xaa\xc1\xd5\x4f\x18\
\x9c\xd7\x0e\x6f\x3b\x9e\xd6\x60\xef\xcd\x8a\x85\x55\x13\x8f\xb1\
\xd5\xcf\xba\x3a\x6e\xe4\xc7\x75\x06\x3f\x5d\x90\x8f\xba\x94\xc8\
\x16\xe6\xff\x5d\x86\x10\xb6\x39\x58\x72\x30\x76\x84\xb7\x8a\x9e\
\xae\xd4\xec\x02\x42\xc9\x19\xaf\xbb\x0e\x50\x49\xa1\xed\xce\x90\
\x2c\xea\x6b\xdf\xf9\x9a\x0d\xe0\x4b\xfb\x07\xa0\xfc\xd0\x81\x43\
\x07\x83\x3a\xd0\x4b\x87\x0d\x08\xbc\xae\x03\xa5\xc4\x2f\x37\x29\
\xae\x97\x29\x2f\x25\x34\x60\xd3\xa5\x88\xed\x64\x76\x94\x84\x7a\
\x56\x29\x76\xde\xa4\xde\x90\x04\xaa\x9b\xaa\x13\xe4\xd9\x22\xce\
\x5c\x74\x07\xde\x16\x82\xb0\x49\xd1\x15\x90\xac\xba\x64\xb8\xd8\
\x06\x74\x3d\x15\x44\x9a\xd7\x8d\x8c\xa8\x54\xeb\x4f\x37\xed\x9a\
\x29\xb4\xc0\x47\x42\x92\x67\x8c\xc4\x34\x95\xcf\x90\xd9\xa3\x86\
\x60\x29\x66\x8e\xb4\x05\x8c\xa5\xae\x16\xec\x06\x53\x8d\x51\x66\
\x31\x98\x2c\xe2\xb8\x30\x64\x46\x6e\x16\xd1\x31\xa8\x5c\xb2\x6b\
\x93\x00\xcf\x52\x59\x23\x40\xaa\xe6\x24\x32\xd8\x53\x7c\xe7\x52\
\xf4\x95\x3a\x3d\xdb\x8c\x1c\x08\xcb\xda\x99\xb7\x1d\xe3\xd1\x33\
\xd9\x62\xc0\x91\x8b\xe1\xf8\xe2\x77\x5a\x33\xc0\x41\xea\x83\x50\
\x69\x68\xb4\xd9\xea\x4c\xd1\x51\x2d\x7c\xa1\x4a\xc0\x77\x3d\x2c\
\xa0\xb9\xd4\xd5\x3e\x92\x51\xee\x5b\x97\x75\x6b\xe1\xde\xa1\x7e\
\x4e\x29\x67\xe9\x20\xbc\x81\xe1\x23\xd0\xa6\x8c\x6e\xf7\x5a\x0d\
\x69\x1f\xb0\x77\xc1\x0d\xec\x64\x0b\x88\xa4\x17\xc3\x1f\x8d\xe2\
\x89\xf5\xd2\xe8\xf5\x0d\x37\x88\x4b\x83\x8a\x19\xf1\x12\xad\xc7\
\xf5\xf0\xeb\x04\x23\x92\xa9\xe9\xce\x48\x86\x2d\x52\xc7\xc6\x89\
\x51\x03\xe4\xed\xb0\xe2\xee\x3a\x9b\x83\x9f\xa3\x83\x1c\x0d\x94\
\x8b\x41\x88\xa3\xb8\xd5\x16\x9e\x54\xb0\xc3\x3e\x5f\xb5\x13\x10\
\xec\xb6\x6d\x29\xe4\xc3\x76\x19\x7c\x3b\xa1\xdc\x10\x42\xae\x9c\
\x74\xe5\x58\xe8\xde\xbd\x60\xaf\xc5\xdd\x61\x38\xbc\xa8\xa1\xf8\
\xf0\xee\xbe\x1e\xf3\xd5\x74\xd6\x8a\x15\x86\xf6\xaa\x0a\xbd\x00\
\x75\x92\x5f\xa5\xbe\x46\x2a\x88\x70\xef\xb8\xc0\x1e\x39\x6c\x59\
\xcd\x47\x0e\x80\x59\x6a\x9e\x18\xdc\xea\x18\xf9\x62\xc7\xb1\x83\
\x6c\xf7\x68\xc6\x43\xd7\x6b\xb5\x94\x2e\xec\xbc\xa0\x50\x68\x7c\
\xe0\x03\x94\x2d\x41\x14\x68\xf3\x89\xc7\x13\xdd\x65\xb8\xf3\xc6\
\xdb\x55\xdf\x97\x73\xa5\xc5\xa5\xe2\x18\x00\x29\x05\x77\xa1\x7d\
\x33\x97\xed\x6e\x0b\x69\x4c\xbf\x65\x5f\x45\x6d\xda\x9e\xaf\x47\
\x75\xda\x3d\x0b\x63\xb0\x39\x50\x28\x66\x43\x63\x0f\xc9\x9b\x1f\
\x5e\xf3\x11\x05\x7a\x4c\x52\x36\xe6\x88\x4b\x4c\x75\xbe\xb8\x98\
\xcd\x95\x94\xab\x28\x62\xfc\x78\xa9\x63\xd7\x52\xf7\x3d\xc8\xc7\
\xdc\x8f\xd4\x4b\xbe\xf0\xba\x11\x65\x83\x05\x25\x22\x14\x0a\xe9\
\xdc\x64\xea\xfe\x7a\x73\x4a\x2d\xda\x0e\xa1\x7b\xbf\x1e\x88\x44\
\x29\x77\xcf\x4a\xbe\x94\xc3\x33\xb0\x11\x56\x18\xb1\x45\x2f\x4b\
\x93\x25\x43\xe1\x38\xb9\xb8\x8d\xe5\xa4\x5b\xc2\x35\x88\x32\xbf\
\x23\x81\xa6\xf4\x11\x1a\x1d\x60\x2b\x3d\x17\xd9\xa8\xe0\x49\x9c\
\x6d\xa1\x81\x95\x6b\xeb\x03\x36\x3a\x39\x15\xf6\x10\x4f\x67\x75\
\x5b\xda\xfe\x4e\x04\x96\xc0\x29\x6f\x47\x12\xb6\x3b\x60\x2f\x55\
\xc6\xd0\xd8\x43\xa1\xf1\x71\x05\x16\x0e\xfb\xfa\x04\xcf\xa6\x1c\
\x7b\xb4\xe9\xe2\x41\x84\x57\x60\x22\x1b\xe6\x6d\xb7\x8a\xc8\xbb\
\x45\xe6\x4f\x74\xb7\x0a\x70\xd2\x78\x78\xd7\xeb\xb1\xec\x28\xce\
\x1c\x58\x55\x97\x8e\xe3\xfc\x19\x1b\xf6\x8b\xb7\x93\x24\xb7\xab\
\xa9\x28\xdf\xb3\x98\xaf\xe4\x0e\xef\x3c\x1d\x52\x70\x17\x04\xbd\
\x7c\x7f\xcb\xe9\xd9\x87\xcd\x86\x05\xfc\x1e\xba\x18\xb3\x25\x88\
\x38\x19\x70\x64\xbf\x10\x23\xec\xf7\x30\x66\x01\xad\x39\x42\xd9\
\xd5\x1c\x64\x25\x7d\x2a\xde\xa6\x80\xa0\xda\x0a\x9d\x58\x46\xa2\
\xcf\xb2\xfd\xc6\x60\x2d\x03\x20\xa0\x15\x73\xca\x51\xc2\x54\x31\
\x14\x23\x81\x62\xc2\xb6\x5f\x0e\x9b\x7f\x8b\xf1\x80\x36\x1c\xc0\
\xdb\x2d\x88\xe3\x09\xb9\x64\x44\x30\xd1\xde\x58\x6d\x94\x78\xd0\
\x63\x23\x7d\x9f\xfc\x40\x57\x03\xa7\x8d\x31\x4d\x3d\x83\x31\xe6\
\xca\x95\x31\xb4\xe5\xaa\xd8\x65\x61\x17\x3a\x38\x1e\x53\x43\x4e\
\x65\xaf\x99\x6e\xbc\x52\xcc\x16\xc7\x19\xbd\x14\xbb\xbc\xd1\x7b\
\x0d\x6f\xec\xd1\x63\xd9\x6b\x37\x7a\x39\xb8\xdd\x69\xf4\xea\x7c\
\x57\x30\xc1\xa0\x69\x9f\x0a\xa1\x67\xd1\xd9\xf8\x34\x59\xcf\x32\
\x75\x0f\x78\xa5\x40\xfb\x15\x22\xf2\xc1\x95\x47\x4d\x07\xf2\x50\
\x3c\xaf\x13\x67\x10\x52\xbc\xaa\xab\xe4\xa1\x69\x35\xd4\xa8\x1e\
\x93\x0f\xec\xa1\xeb\x76\x2b\x86\x91\x08\x29\x02\xb7\xeb\xde\x24\
\x79\x64\xd2\x2b\x12\x92\xdd\x60\x53\x07\x75\xe1\x5e\xd4\x9a\x01\
\x89\xed\xa7\xce\xe9\x51\x22\xc5\x88\x90\x64\xb4\x29\x9a\x01\xb1\
\xa5\xf5\x23\x41\x16\xb3\x58\x43\xd2\xcc\x94\x99\x8d\x5a\xed\x92\
\x6b\x29\xc6\xa5\x66\xb2\xd8\x10\x8b\x4f\xd4\x80\xa0\xb2\x03\x0d\
\xa5\xb9\xd2\xa9\x94\x16\xcb\xfb\xbe\xb2\x29\xee\x74\xbd\x1a\x80\
\xdb\x16\x5e\x94\x47\x8e\x32\xab\xab\x3a\xc4\x64\x58\x23\x22\x2c\
\x67\xca\x3c\xed\x58\xca\x0c\x98\xaf\x85\xf6\x9b\x36\xea\xdd\xe9\
\x88\x19\xcb\x57\xc5\x4f\xae\x72\x6e\x31\x57\x5e\xc8\xe5\x2a\xe6\
\x14\x13\x73\x8c\x21\x28\x86\xce\xe8\x5f\x68\xf6\xfa\xae\xf8\xaf\
\x20\x29\x53\xf7\xa3\xd2\xc4\x52\x65\x40\xe8\x57\x55\xc4\x97\x2a\
\x7e\x81\x1f\xc0\x20\xd2\x7e\xc8\x5e\x3d\x29\x07\x69\x0c\xcc\xa1\
\x1e\xc5\xeb\x4e\x9a\x56\xf8\x63\x53\x79\xe4\xa2\x2e\xc3\xdb\xc4\
\x75\x40\x9c\x8b\x8a\x07\xba\xa6\x55\xb8\x32\x8a\x32\x2e\xfd\xa3\
\xe0\xe3\x8e\x84\x44\x93\xbc\xe5\x52\xf1\xae\x5c\xa6\x42\x9c\xac\
\x09\x28\xda\x71\x45\x57\x42\x85\xd1\x4c\x9d\x19\x1d\x6c\x9c\x70\
\xb1\xba\x84\x3d\x8c\x93\xb5\x07\x26\xd0\x32\xa5\xf7\x20\xf5\x06\
\xc1\xbd\xb2\xa3\x0a\xae\x36\xcf\x97\x29\xa2\x6a\xbe\x90\x45\x11\
\x9f\xe9\xea\xa6\x66\xb9\xb4\x09\x88\xd7\x19\x63\xd3\x5f\x33\x96\
\xf4\xec\x38\x8a\xdc\xb3\xbb\xd1\xe3\x86\x63\xce\x5d\x1d\x59\xeb\
\x4a\x59\x08\xbc\x20\x39\x8f\xa6\xb3\x0b\x79\x18\x4f\x29\xb3\x70\
\x6e\xf4\x90\x87\xcb\x8e\x65\x67\x1b\x28\x13\x14\xde\xa3\x13\x06\
\x32\xcb\x13\xc1\x39\x04\xa2\x80\xb7\x80\x3b\xc0\xa8\x01\x9e\x6b\
\x3f\x96\xca\x03\x0c\x52\x59\x2d\x00\x23\x90\xcb\xa2\x71\xde\x72\
\x71\xa5\x10\x17\x2c\x04\x26\x07\xf1\x05\x88\x7a\xa8\x91\xe3\x25\
\x34\x95\x4e\x80\x7d\x7a\xf9\x46\x15\x8b\x4c\xd6\x22\x91\xb6\x42\
\xf2\x06\xf2\x69\xa8\xdd\x43\x44\xe8\x92\x4b\x9a\xd4\x80\xfe\x48\
\x5c\x29\x8a\x22\x43\x6e\xcb\x54\x77\x24\x4a\xcd\x40\x1b\x42\xa0\
\xd9\x56\x14\x7b\xda\x64\x17\x7b\x0c\x1a\xaa\x1a\x02\xd9\x11\xb9\
\x55\x3f\x7c\x87\x29\xba\x17\x9d\x07\xa8\xa3\xbe\xef\x00\x68\xc1\
\x72\x03\xe7\x2f\x77\x75\xe1\x7d\x57\xb3\xe3\x4c\xb4\x5a\xa4\xd8\
\xa9\xa5\x28\xa7\xe2\x69\xa5\x57\x53\x2c\x9e\xe3\xa1\x4d\x02\x50\
\x29\x3d\x19\xdd\x01\xea\x84\x6f\x71\xd5\x4a\x72\xbe\x05\x94\x41\
\x48\x4a\x61\xe8\x33\x04\x42\x75\x49\x75\x52\x5f\x37\xae\x2e\x57\
\x17\xf4\x07\xe5\xd7\x81\xcd\xa5\xba\xd2\x95\x9b\x2a\x34\xbb\x8b\
\xfd\x3a\x4a\x79\x73\x30\x3a\x73\xd1\xaa\x89\xa1\x27\x4b\x39\xbc\
\x20\xbe\x0e\x78\xa6\xb8\x62\xf2\x24\xd7\xb6\x62\x6c\x95\x17\x59\
\xbf\xc0\x30\xf1\x4a\xf7\xfa\xc2\x42\x86\xcc\xe4\xf1\x56\xa8\x78\
\x1e\x28\x5c\x62\x3b\xef\x06\x26\x83\xe2\x9f\x3e\x19\xb9\x28\x21\
\x84\xae\xb4\xd4\xa1\xd5\x10\x01\x81\xd6\x87\x0a\x93\xcd\x66\x3d\
\x65\x5f\x40\x4a\x99\x27\x1f\xa0\x69\xf2\x09\x1a\xba\xf7\x9e\xac\
\xbf\xd1\xaa\x7c\x44\x3d\xde\xe0\x1d\x45\xfa\xd0\x48\xc1\x2e\x75\
\xa7\xa9\xe3\x4b\x0c\x84\xe2\xd3\x86\xa4\xd7\xc6\x88\x67\x21\x9f\
\xcd\x69\xac\x52\x2d\xe5\xe6\x73\xa5\x5c\x21\x33\x3a\xb4\xcc\x88\
\xf2\x43\x37\xa6\xea\xf0\xc8\x53\x71\x5b\xa3\x43\x76\xb3\x21\xad\
\x14\xa2\x5a\xc6\x51\xa8\xec\xd8\xe7\x2b\x03\x48\x15\xdd\x90\x6e\
\x50\x30\x4b\x36\x05\xb7\xaf\x0f\xc6\x3a\x12\x1a\xc5\xc8\x03\x26\
\x4b\x4a\x0d\x04\x5e\xbb\x72\x22\x45\x83\x9f\x2f\xe5\x73\x85\x9d\
\x30\xb1\x9e\xaa\xc1\xd2\x3b\x92\xe8\xa6\x23\x96\xe2\xab\x5d\xc7\
\x26\xf3\x4f\x40\xbf\x72\xcb\xe0\x60\x60\x25\x68\x85\xe2\xb2\x07\
\x25\xae\x55\x04\x18\x1a\x5b\xbe\x50\x9d\x2b\x66\xcf\x91\xb9\xcf\
\xf6\xb3\x10\x2e\x39\xe6\x0c\xb8\x5b\x03\x16\x38\xec\x07\xa0\x2f\
\x2a\xf0\x95\x93\x52\xcd\x6b\x6c\x49\x08\x1c\xb9\x2d\x24\x7e\x9a\
\xe4\x7b\x35\x41\x0c\x83\x76\xc8\x50\x98\x3f\xde\xe7\x0b\x9f\x89\
\xb6\x44\xc3\x1d\xb8\x4a\x53\x57\xce\x14\x97\x73\x3b\x98\xa3\x0f\
\x16\x1c\xde\x63\xc3\x3b\x8b\xae\x65\x8e\x04\xad\x82\x32\x4e\x97\
\xb1\x0a\xd3\x71\x24\x10\x41\xd8\x38\x8a\x5f\x35\x4a\xe4\x1d\x08\
\x28\x46\xb4\x3e\x12\xef\xea\xaa\x6e\x2c\xd8\x1e\xc5\xcc\x8e\xd1\
\xe6\x86\x8b\x8e\xbf\xa5\x22\xc1\x0f\x15\xcb\x37\x1c\xfc\x10\x48\
\xac\x13\xba\x66\x9d\xa7\x4d\xb3\x8c\xf1\xd0\xa5\x6a\x1b\xb5\xff\
\xd4\x51\x9a\xba\x46\x4e\x5d\xe8\x24\xf4\x35\x70\xb3\xa0\xce\x46\
\x3a\x9a\xb9\xf9\x66\x14\x64\xea\x76\xa7\x47\xf6\xa5\xc2\xac\x45\
\x2b\x88\x58\x7a\x63\xa9\x70\xac\xcc\x80\xc3\xbb\xaa\x4b\xb5\x94\
\x5b\x9a\xcb\x95\xc6\x5a\x2a\x29\x7a\x99\x4b\xa5\x00\x5a\x76\x7d\
\xcc\x22\x7a\x23\x5d\x28\xfc\xe1\x38\x9c\x3b\xae\x4d\x52\x82\xdf\
\xc5\xdf\x45\x19\xd1\x4e\x3c\xf6\xab\xa0\x0f\x82\xc6\x5a\x88\xa0\
\xf4\x65\xae\x45\x28\xb0\xe6\x8e\x3b\x27\x40\x33\x3b\xec\x9e\x98\
\x68\x9d\xbb\xdc\x40\x57\x3c\xf3\x63\xcb\x63\xa1\xc9\x2c\xe5\x16\
\xd3\x23\x2e\x40\x1d\xe6\x4f\xb6\x3f\xad\xe6\xc3\xf3\xd0\xc4\x0f\
\x16\x67\x95\xb3\xbe\xd0\x5d\xb9\xcd\xf4\xac\x2e\x06\x80\x40\xf5\
\x60\x78\x95\x3c\xf2\xa3\xc1\x03\x0f\x89\x73\x77\x35\x06\x8e\x5a\
\xaa\x4c\x11\x99\x9a\xe2\x62\xfc\xad\xde\xf9\x80\xbd\x8e\x94\x1c\
\x25\x9e\x47\xce\xab\xd5\x5d\x5f\x8a\xd9\x6f\x6c\xa1\xdf\xaf\xc4\
\xac\xc0\xab\x2f\x58\x74\x54\x17\x2b\x29\xc0\x18\x38\x52\x1c\xba\
\xbb\xe8\x31\x53\xdf\xc8\x2c\x2c\x16\x4b\xa4\xd4\x1b\x21\xe9\x44\
\x0b\x6d\x27\xec\x38\xb1\x47\xa8\x72\xf8\x15\x28\x7a\xe9\x76\xe6\
\xae\x12\x27\x2c\xb3\x61\x75\xd7\x11\x1e\x5a\xe4\x03\x05\x35\xb4\
\x69\x62\x96\x95\x1b\x9f\xdc\x7a\x0a\xfb\x78\xd6\x5c\xcc\x9f\x5a\
\x00\x11\xb2\xb5\x69\x6d\xf9\x21\x1b\x3a\xfe\x14\xd5\xa2\xd2\x1c\
\x60\x8a\x74\xe9\xee\xe1\x82\xd4\x56\xa4\x1c\xba\xe3\x54\xa5\xda\
\xc8\xf1\xa5\x6f\xcb\x25\x43\x54\xdc\xaa\xd7\xbd\x6e\x43\x0e\x65\
\xf8\x84\xc5\x46\x4f\x7d\xc5\xca\xd3\xc5\x2a\x91\x8e\x70\x94\xe6\
\xa0\x84\x5a\xa0\xc9\x90\x62\x73\x4a\xda\xe7\xce\x5e\x79\xf3\xc1\
\xf0\x46\xb5\x8e\x00\x5a\x29\x9e\x3a\x05\x2b\x49\x3e\x99\xa8\x8a\
\xe9\xcb\xfd\x46\x3e\x2c\x48\x1d\xfd\x03\x7b\x9b\x36\x85\x05\xc3\
\xb1\x90\x87\x97\xae\x16\x75\x1d\x78\xbf\x51\xaf\x07\xec\xd7\x28\
\xe0\x0d\xa6\xf4\x9a\xc3\x70\xf5\x54\x7a\x69\x29\x3d\x16\x24\x73\
\x51\x1d\xc5\x8a\x9c\x63\x08\x7c\xad\x76\xdb\x52\xc1\x16\xe9\x54\
\x8d\x83\x66\xa8\x99\x6f\xf5\xdb\x0e\xdb\x1c\x92\x40\xe7\xda\x41\
\xe0\x79\xea\x5f\xd4\x4d\x5c\x1d\x05\x9f\x66\x20\xae\xd9\xe8\x07\
\x7b\xf0\xc0\x01\xc4\xa7\x0d\x76\xf4\x26\x63\x67\x3a\x5d\xe0\x9d\
\x42\xf3\x2e\x01\xe2\xbb\x36\x90\x0d\xb5\x01\x6a\xe8\x0f\x8e\xdf\
\x0e\x7e\x81\xeb\x83\x17\x6d\x54\x9a\x2a\x54\x4d\xc3\xd1\xd1\x65\
\xf0\x03\x09\x45\x63\xd5\x49\x5d\xc8\x23\x94\x61\xd1\x7d\x8d\xc7\
\x0e\x04\xe6\x4b\x08\x11\x5c\x02\x6f\x25\x4e\x1d\x4b\x86\xaa\x3d\
\x74\x68\x54\xc1\x43\xa9\x43\x6c\xba\x87\xcd\x35\x54\xa4\xe2\x90\
\x33\x3c\x95\x8c\xf1\xa5\x3d\x12\x73\x29\xf1\x91\x61\x57\xda\x63\
\xd7\xc0\xf5\x7c\x10\x40\x16\x56\xc6\xc3\x89\x58\x70\x18\x8e\xa8\
\x81\x88\x3e\x47\xc1\x42\x54\xd5\xd0\xa0\x23\xa6\x61\xf0\x09\x9f\
\x79\x90\x61\x8d\x55\x5f\x47\x1d\x23\x0a\x97\x1c\x04\x60\x00\x29\
\xe0\xd1\x21\xd6\x90\x32\x17\xfa\x83\xe7\xd7\x74\x3a\x62\x91\x61\
\x29\x05\xdd\xa1\x82\xd3\x00\x60\x76\x2b\x69\x86\x9d\x08\x41\x58\
\xda\x74\xd6\x9d\x8e\xdd\x70\xac\x94\xd7\x5d\x9b\xc1\xa7\x19\xac\
\x30\xde\xff\x21\x7a\x8f\x95\x06\x94\x08\x98\x74\x11\xca\x6e\x21\
\x28\xe4\xf9\x4e\x9a\x07\x0f\xd1\xe3\x5a\x17\x10\x0d\x3c\x1d\xa3\
\xa7\xfa\x96\x05\x0f\xb0\xfa\x74\x66\x0e\xd5\x24\xcd\xc3\x00\x4d\
\x9d\x7e\xb7\xa3\x7c\x4d\x0f\x73\x35\xe4\x77\x8e\x77\x91\x8e\x75\
\xc9\xf5\xe1\xa3\xb7\x0d\xc1\x13\x40\xf2\xb5\x07\xa8\x72\x7a\xc4\
\x81\x72\x4c\xc1\x61\x80\x82\x79\x70\x7a\x5b\xe6\x24\xea\xb9\xf1\
\xd0\x8e\x56\x60\x6a\x0c\xdc\x43\x91\xa0\xc2\x37\x8d\x87\x50\x07\
\xc1\x20\xc6\xe9\x03\x7c\xb4\x35\xed\x03\xed\xb1\x39\x92\x37\x3a\
\xf3\xeb\x4f\x0e\x1d\x3d\x3a\xec\x0f\xd4\xf6\x7c\x0c\xe5\x09\x88\
\x46\x1a\x1f\xef\xc6\xf1\xa3\x47\x63\xe2\x4a\x5c\xbb\xc5\x58\x3e\
\x57\x45\xb7\x8a\xb9\x62\xba\x34\xda\x54\x30\xa6\xec\x58\x07\x38\
\xa4\xdd\xc0\x63\xc6\x3a\x45\xbc\x95\x63\xfe\x8e\x5c\x05\x03\xbb\
\xd5\xe5\x7b\xe5\x39\xda\x02\x1e\x73\xa0\x5a\x71\xf0\x26\x72\xa6\
\xcb\x9a\xca\x63\x7c\x0a\xaf\xc3\x41\x81\xc5\x4c\x5a\xd1\x22\x74\
\xfe\xa8\x79\x56\xb7\xa1\x3d\x73\x1d\x89\xc3\x4e\x96\xd0\xc8\x05\
\x44\x6e\xfa\x23\x75\x94\x1c\x45\x5b\x12\x18\x00\x2d\xe0\x95\x01\
\x17\xe4\x6f\x48\xb4\x4f\x74\x12\xad\xf7\xbb\xe2\x4c\x73\x41\x19\
\xc1\x06\x67\xc8\x8c\x31\x94\x60\x3b\x8b\xa0\xd1\xf3\x60\xde\xbf\
\x1e\x98\xda\xec\x39\x10\x23\xf3\x28\xd5\x17\x56\xb6\x91\x3a\x87\
\x8a\x8e\x5a\xe4\x18\xb6\x76\xe0\xfa\x0d\x0e\x52\x26\x06\xee\xec\
\x0e\xcb\x47\xde\xc4\xe4\xa2\x13\x00\x9d\xeb\xb9\xd6\x86\xb3\xc6\
\x9f\xa0\xe7\x52\x48\x44\x0d\x0b\x13\xca\x02\x04\xd7\x21\xb0\x11\
\x20\xc9\x54\x1d\x52\x25\x45\x7e\xd5\xd5\xa9\xd6\xb8\x1f\xbe\xe3\
\xb3\xfb\x93\xbe\xbb\xa8\x85\xce\x70\xec\x11\x65\xd5\x42\xed\x72\
\xa8\x6e\x6a\x16\xb5\x10\xea\x16\x1c\x0c\x43\xb7\xc5\x23\x65\xb3\
\xbf\xac\xbe\xb2\x23\x90\x69\x91\x67\x64\xf0\x52\x50\x25\x15\x37\
\xbc\xe0\xa2\x82\xb0\x91\x83\x36\xa4\xb8\xa7\xc7\xa7\x12\xf2\xd9\
\xd7\x13\xcc\x94\x73\x99\xd1\x22\xf3\x10\xd8\xa8\xd2\x57\x07\x72\
\x44\x81\x13\xf5\x99\x95\x5b\x59\xe8\x4e\x8a\x26\x5e\x71\xc9\xd6\
\x68\x7c\x30\xb7\xc6\x27\x35\xe8\xeb\xb2\x93\xda\xe6\x9a\xcc\x22\
\x1b\x89\x8c\x08\xb9\xa6\x49\x5d\xa8\xd4\xb8\x81\xd7\x39\xa0\xb7\
\x70\x3e\xc8\x58\xd1\x61\x61\xf4\x22\x0e\xba\x40\x22\x10\x34\xc5\
\x7d\x4f\x70\xe5\x08\x9f\xd7\xc8\xb5\xe7\xfe\xe0\x9d\x1e\xd1\x2a\
\xc8\x76\x71\x44\x3d\xea\x12\xe4\x1b\xba\x00\xd7\x56\xaf\xf9\x42\
\xb3\x4d\x5c\x79\x98\x22\x57\x17\x72\x69\xb2\x7c\x76\x1b\x33\x62\
\x33\x54\x9d\x2f\x16\x29\x5c\xa0\x0a\xef\xa6\xbc\x96\x54\x57\xb4\
\xe7\x15\x95\x0e\x59\xdf\x70\xb8\xca\x7e\x28\x86\x9e\x78\x1f\x32\
\xf1\xa6\xb0\x7c\x91\x2b\xdd\x63\x47\x66\xf9\xd3\x8e\x7f\x1c\xdf\
\x77\x6d\x51\x95\x05\x76\x66\x74\x95\x15\x0e\x22\x72\xb7\xd0\xb5\
\x04\xa4\x60\xbc\x3b\x42\x53\x68\x6a\xb6\x0b\x5f\x1a\x1c\xe9\x85\
\x2f\xd0\xc2\x6b\xb5\xea\x16\xf1\xd2\x11\xeb\x27\x8d\x26\x83\x68\
\x60\x7a\xf3\x05\x61\x96\xc2\x5f\x84\xac\xf7\x74\x5c\xcf\x15\x7f\
\xc0\x6e\x47\x1b\x4e\xa9\xeb\xae\xcd\x3a\x50\x08\xc2\x00\x54\x97\
\x45\xb7\x2c\xf9\xc1\x2d\x76\x2c\xc8\x23\xdb\x8b\x5f\x08\x15\x1e\
\x84\x08\x9f\x0c\x94\x9c\x5e\x20\x7f\x85\x1d\xbc\xe2\xba\x6b\x06\
\x31\x4e\xbb\xec\x2a\x2a\x31\x61\x6a\x28\x93\x10\x87\x0d\x29\xfb\
\x76\x99\xfd\x0e\x86\x4b\x19\x8e\xcc\xd9\xd9\x1a\x92\x57\x34\x34\
\x87\x85\xd4\x60\xaf\x68\x07\x1c\x75\xd3\x9a\xf0\xb0\xbc\xc7\x87\
\x2b\x72\x88\x6e\x71\x30\x72\x12\x34\x26\x29\xc0\x0d\x49\xe3\x68\
\x53\x1e\xfe\x42\xb6\x1b\x07\xf3\x8c\x5c\x26\xae\x4c\xac\x54\xe4\
\xcc\xae\xbd\xc1\x0a\x5b\x37\x38\x5f\xc2\xcf\xa6\x74\x07\x03\x8b\
\x2f\x6c\x41\xbe\xf5\xeb\xc0\x91\xb7\x6a\x68\x95\x4e\x2e\x7e\x1c\
\xd5\xb6\xc5\xd6\xdb\x00\x71\xaa\x51\x22\xa3\x67\xec\xda\xba\xd3\
\x9b\xc9\x34\xbb\x5e\xdb\xe9\xb7\x93\x91\xca\xf4\xad\xa2\x18\x7e\
\x19\x2d\x77\x95\xe3\xb0\xa0\x6f\xb1\x91\x4b\xd5\x7d\xe2\xe4\x86\
\xb1\x21\x8d\x5b\xe0\x8e\x68\x6d\xcd\xd6\xf7\xe0\x52\x98\xcf\xb2\
\x47\x2c\xa0\xea\xb1\x18\xf8\x29\xdb\x0c\xb4\x79\xb1\x7d\xb2\x2d\
\x74\x7a\xa1\x03\x7f\xb6\x9d\x09\x2c\x5c\xc6\x0f\x26\x7b\x4d\x30\
\x03\xc5\xdf\xd5\x51\x46\xb7\xc1\x0b\xd1\x82\x3b\x99\x69\x0c\x44\
\xc8\xd6\xd1\x89\x07\xa8\x37\x91\xdc\x49\x7a\xcb\x93\x31\x6b\x62\
\x7c\x80\xa4\xc9\x61\xa6\x53\xb0\x75\xb7\x09\x7d\x42\xa1\x04\xae\
\x11\x29\x66\xca\xb2\xdd\xfc\x30\xe9\xd9\x36\xd8\x73\x04\x49\xb2\
\xbf\xa4\xe7\xf5\xc4\x95\x72\xd4\xfc\x44\xac\x73\xd1\xb2\x39\x88\
\x2f\x3e\xca\x45\x40\x63\x27\xae\x9e\x0d\xe2\xc3\x34\x33\xd6\xe0\
\x5d\x82\xe9\x46\x7d\x7c\x82\xbb\xb7\xa9\xa3\xe4\xed\x4a\xf6\xa0\
\x38\x28\xab\x15\x90\xb7\xf0\xa0\x43\xe7\xf5\xe1\x1e\xd0\x89\xa7\
\xb6\xcb\x57\x9d\xa7\xa3\x8e\xbd\xe2\xe2\xb7\x6d\x6f\xc2\xdb\x59\
\xfa\x13\x09\x96\xad\x0f\xa6\xfa\xbe\xf2\x73\xb8\x16\x80\xa1\x42\
\x66\x96\x96\xe2\x34\x12\x61\x3e\x37\x5a\x76\xd8\xda\xca\xdf\x58\
\x1b\x38\x95\x53\x1c\x49\xa7\xb1\x7a\x08\xde\xb2\xc5\x58\x24\x50\
\xd5\x1a\x88\x44\xfd\x1a\x85\xe3\x68\x58\x9b\x80\x97\x7a\x9e\x3b\
\x23\xc5\x39\x5c\x9a\xbb\x0e\xd4\xb8\x63\x47\x3f\x53\xb9\xa8\x96\
\x9a\x8a\xcc\x72\x38\x2c\x63\xf9\xf4\xa9\x20\x5c\xa7\xb6\x95\x5c\
\x2e\x9c\xf2\x75\x24\xb3\x88\x72\xa4\x42\xac\x96\x7c\x11\x82\x4a\
\x5c\x14\x32\x60\x76\x9d\x3a\x42\x11\xc0\x0f\x2a\x47\xd0\x7a\x87\
\x8c\xb8\xd8\xdc\x65\xc4\x31\x05\x46\xea\x8c\xe8\xf9\x99\x7b\x87\
\xd9\x98\xc4\x3a\x7d\xa9\x14\x0f\x71\x43\xeb\x1c\xcc\x59\x78\x0e\
\x70\xfe\xa6\x46\xea\xda\xa1\xa5\x6b\x84\x4e\x78\x1f\x6e\x83\x4e\
\x64\xa3\xee\x12\x9d\x84\xe2\x0b\x3e\x6a\x38\x85\xdb\x48\xd1\xb5\
\x44\x78\x18\x09\xd3\xe7\x48\xd5\xa4\xc9\x08\x75\x81\xad\xfb\x99\
\xd9\xf3\xc9\xc8\x87\x83\xdb\xa9\xcb\x33\x07\x79\x43\xbd\x91\x31\
\xfe\x86\xba\xc3\x8e\x08\x2b\x59\xef\xe0\xd9\x80\x18\x69\x44\x2e\
\xdb\x51\x46\x8e\x34\x43\x01\x37\xa3\x58\x94\x61\x17\x0b\xb4\xfa\
\xa3\x53\x54\xbc\x3d\x96\xa2\xc3\xb2\x13\x9d\x18\x08\x51\xc0\x0f\
\x7d\xa0\x26\x50\x22\xe3\x62\x66\x71\x8f\xbe\x64\x75\x7a\xd3\xa4\
\x80\x36\xae\xbd\x59\x95\x99\xd1\xcf\x82\xfb\xf4\x73\xc0\x61\x10\
\x17\x72\x0e\xc4\xad\x0c\x0d\x64\x1e\x27\x6b\x8f\xe8\x90\x5c\x3c\
\x1c\x8a\xd0\xd1\x81\xba\xaf\x3e\x32\x95\xb1\x6d\x8b\x4c\x03\x2e\
\x53\x4a\x23\xe4\xf7\xe9\x56\x42\x52\xaa\xf1\xe1\x04\xf4\x09\x6d\
\x67\x83\xeb\x07\x88\x93\x42\x1b\x4a\x7b\xbb\x96\xc9\x26\xbf\xdf\
\xc1\x63\x1c\xd1\xc0\x5b\x38\x6a\x78\xa3\x6e\x2d\x00\xb4\xa3\x25\
\x00\x66\xa0\xc2\xa1\x12\x35\x1b\xaa\xf0\x87\x96\xb4\x50\xd7\x4f\
\x8e\x91\x7c\xbb\xd8\x63\xca\x6b\x91\x1b\x42\xb5\xb0\xb2\x54\xcd\
\x15\x2a\xa5\x7c\x9c\x50\x7f\x06\x81\x2e\xbe\xb0\x16\x73\xd4\x05\
\x0e\xc2\x77\x8b\x28\xe3\xf6\xd1\xec\x85\x62\xe8\xc0\x6b\xba\xf5\
\x99\xf4\x1b\x03\x06\x15\xe4\x6d\xa1\x2d\xfe\xc9\x5e\xd5\xa9\x13\
\x7a\x07\x49\x0e\x57\xec\x78\xa0\x2b\xad\x13\x93\xda\x51\x11\x7f\
\xc9\x84\x01\xc3\xe3\xa8\x06\xc2\x5a\x36\xbc\x90\x1a\xcd\x61\x07\
\x04\x1a\xf9\x9c\xa6\x11\x5b\x26\x25\x17\x1a\x79\xb2\x0a\x4d\x44\
\xc2\x1e\xab\xbf\x69\xd3\xea\x63\x96\xe1\x01\xa1\xe8\xa8\x6c\x4e\
\x26\xe5\x5e\x5d\x8b\x8c\xdd\xb6\x74\xe7\x1a\xdc\x8e\x8a\x71\x62\
\x5f\xa8\x73\x2c\x1f\x5c\x5e\xab\xed\xf5\x5d\x94\x48\xca\x9e\x46\
\x0e\xa4\xf8\x1b\x6a\xe9\x60\x54\x41\x6f\x89\x45\x5d\xb4\x8d\x9a\
\x36\x7e\x4f\x99\x07\x38\x46\x8c\xe2\x8a\x98\xa4\xe8\x53\x1b\xbe\
\x84\x1e\x77\x24\x4e\x73\x5c\x83\xa1\x28\x22\x78\xf7\x39\x5f\x0a\
\x45\x8d\x6a\x03\x88\xa1\x36\xc7\x38\x1f\xb8\x0d\xfe\x3d\x86\x07\
\x04\xc5\x95\xca\xf2\xca\x76\xca\x06\x2e\xb0\x8d\xcb\x9b\xc4\x5b\
\x52\xaa\xbe\x40\xe3\x42\xec\x46\x7e\x35\x7c\x75\x19\xdb\x81\xa3\
\xf1\x4f\x8f\x2c\x22\x82\x03\x34\x98\x68\x6e\xa9\x9a\xcd\x97\x72\
\x99\x4a\xb1\x74\x2e\x5c\x91\x19\xbe\xf3\xdc\x19\x72\x89\x0e\xa2\
\x4b\x21\x8f\x70\x0d\x65\x0e\xe5\x32\x95\x29\x16\xef\xce\xc7\x9c\
\x9e\x46\x5c\x7c\x39\x66\x4e\xbf\xc3\x11\x60\x04\xbc\xe9\x0a\x00\
\x54\x5f\xb3\x50\x2d\xb8\x40\x1d\x5a\xd0\x5d\x2e\x44\x2e\xeb\xc0\
\x47\x01\x18\x4e\x0d\x78\x74\x20\x33\xa7\x6b\x92\x9b\x40\xbc\x20\
\xfe\x0e\x47\xa2\x88\x75\x21\xb3\x30\x8c\x91\x2f\xf7\x8e\xf2\x25\
\x7a\x41\x64\x99\x81\x81\xc5\x32\x39\x3d\x15\x6a\x4b\xb7\xcf\x41\
\xcb\x82\x38\x4c\xfa\x42\x81\x75\x7b\x4b\x4c\xc7\xf5\x12\x0c\x18\
\x74\x04\x60\x23\xde\xd0\x2a\x64\x27\x89\xe3\xd7\x64\x2d\xc7\xd2\
\xbd\x8d\xa9\x75\x1b\x43\xd9\x66\x2a\xc7\x4a\x75\x29\x3c\x71\x82\
\x61\xfe\x6f\x28\x8a\x24\xd6\x36\x1d\xeb\x6e\x18\x61\xf1\xa3\x37\
\x5c\x8d\xe2\x16\x63\x7c\x0d\xaf\x1e\xdb\x32\x34\xce\xed\x79\x16\
\x66\xf5\x06\x78\xbc\xbe\x3f\x4a\xdf\x19\xf1\x5b\x64\xc0\x48\x52\
\x64\x0c\xaa\x26\xa2\xd2\x53\xae\x55\xb8\x58\x93\x03\x2b\x38\xa5\
\x02\x36\x32\x1f\xc7\x5a\xbf\x1a\x76\x02\x36\x28\xba\xae\xd8\xbd\
\x2b\x56\xff\x2e\x38\xad\xd5\xb1\xae\xa5\xcb\x67\x69\xd3\x2d\xe7\
\x4a\x95\x73\xd5\xf2\xca\xf2\x72\xb1\x14\x03\x87\xc8\x56\x85\x83\
\x98\xc1\x57\x21\x5d\x36\x5e\x25\xb3\x26\x5a\x4e\xfc\x4d\x4e\xa0\
\x3d\x20\x5f\x20\x78\xb1\x7e\x92\x78\x09\x5c\xa4\x35\x76\x93\x25\
\x26\x9f\x7f\xaa\xab\x78\xf9\x2e\x10\xbe\x95\xa6\xb7\x35\x10\x89\
\x3b\x38\x08\x23\x3f\x4d\x9c\x3e\x32\xce\x51\xcb\x4b\x6c\x64\xa0\
\x83\x55\x9d\xc1\x19\x51\xf5\xd7\xb6\x42\xd5\x8f\x0c\x70\xe5\x08\
\x42\xd0\x87\xbb\xca\xda\x4e\x55\xc3\x4a\xea\x06\xde\x22\xb1\xa6\
\x14\x9d\x81\x5b\x29\x7a\x43\xb3\x67\xec\x56\x47\x89\x52\xac\x59\
\x46\xad\x25\xc9\x27\x16\x46\x4f\x84\x4f\x90\x19\xde\xb4\xf8\x8c\
\x99\xce\xb3\x23\xad\xb8\x5b\x9b\xd6\x16\x7b\xb0\xca\x41\x0b\x3b\
\x9d\x45\xe6\xa2\x50\xbc\x0a\xd6\x9c\xf9\x53\x85\x62\x29\x07\x30\
\x90\x9b\xcf\xc7\xc4\xc4\xc2\xda\x23\x45\x76\xba\xb4\x0c\x70\xcf\
\x05\x32\x9e\x08\x6e\x7a\xe2\x4c\x20\x22\xe6\xe0\x15\xbe\x6b\x2e\
\x21\x5d\x10\xe7\x5a\xfa\xfc\x4e\xf1\x5e\x7c\xd2\xca\x62\x80\x90\
\x88\xe1\x8e\xf0\xf9\x7b\x28\xe4\x51\x52\xdb\x8f\x72\xb8\x0f\x32\
\xf9\x66\x16\x9f\xeb\x40\xa6\x8b\xe2\x7d\x08\x91\x47\xa0\xd1\x36\
\xa4\x56\xab\xd3\xb4\x6a\x36\x1f\x22\x53\xf7\x83\x80\x98\xab\x4e\
\x17\x7d\xd4\x95\x9f\x37\x6b\xd2\xb9\x32\x3a\x10\xa2\xb1\x75\xed\
\x36\x87\x42\xa3\xe3\x0b\xba\x5b\x44\x8d\x87\x67\x61\x8c\x8d\x9d\
\x5e\x5c\x5e\x48\xcf\xe5\x2a\x79\xbe\x40\x26\x7b\x59\xb7\xe2\xe6\
\x97\xd2\xa7\xe8\x66\xa0\x85\x11\x6b\xaa\xdf\x8f\x7b\x32\xc8\x67\
\x04\x14\x61\x41\x5f\xf8\x28\x07\xa8\x72\xac\x2a\xda\x1d\x7d\x98\
\xc3\x6a\xee\x6d\x3d\x90\x58\xf5\x84\xd9\xe7\xd9\x67\x5c\xb4\x86\
\x53\x63\xc6\xd1\xc8\x2f\x2d\x2f\xe6\x33\x79\x62\xdf\xb6\xf7\x3f\
\x1a\x2a\x19\x1b\x95\xd5\xdd\x32\x4b\xb9\x74\x76\x29\x97\x6a\x37\
\x94\xb2\x84\xfd\x8c\x50\xa4\x9d\x0e\x0f\x5d\x9f\x6f\x10\xd3\xb1\
\x8f\xc2\xf8\xa3\xf9\x46\xf4\xb6\xb8\xe8\x68\x57\x3d\x1d\x9b\x20\
\xa8\x0c\xf6\x39\x0a\x23\x9d\x1e\x0b\xbb\xf8\xd5\xff\xdf\xde\xb7\
\x35\xb7\x71\x64\x69\xf2\x99\xbf\xa2\x9a\xee\x1e\x93\x6b\x00\xbc\
\x88\x52\xab\x29\xdb\xd3\x10\x09\x4a\xb0\x79\x33\x00\x4a\xb6\xd7\
\x3b\x8c\x02\x50\x04\xcb\x04\xaa\xd0\x55\x05\x52\x94\xc2\x6f\xf3\
\x0f\x36\x62\x63\x1f\x36\x62\x5e\xfa\x37\xf4\x53\xbf\xe9\x0f\xed\
\x4f\xd8\x73\xcb\x5b\x5d\x40\xf0\x62\xd9\x1b\x33\xe6\x4c\x8b\x04\
\xb2\xb2\x32\x4f\x9e\x3c\x79\xf2\x5c\xbe\x63\xc6\xc0\xc5\x31\x34\
\x78\x0f\x3c\xe3\xd5\xbc\x9f\xa6\x52\x7e\xfe\x27\xe4\xb6\xa9\x53\
\x7d\xba\x10\x56\x9f\x9f\x90\x86\x30\xb5\x8d\x19\x91\xf6\x43\xf0\
\x3b\x4c\xc9\x3e\x71\x1d\x65\xa6\x40\x8b\x6f\xc3\xaa\xde\x09\x1c\
\x43\xaa\x21\xed\x9d\xbd\xfc\xe1\x8c\x92\xb7\xcd\xea\xe4\xbf\xa9\
\x79\xad\x23\xca\xd0\x87\xcd\x0e\xe7\xd3\x6e\xab\xdb\xc5\xf8\x71\
\x1c\x93\xaa\x64\x6c\x95\x56\x4a\x15\xca\xd5\x9c\xa4\x6f\xa3\x82\
\x70\x02\xad\xb6\x82\x59\xe1\xf2\x44\x20\x94\xc6\x6a\xd3\xf2\x44\
\x15\x06\x28\xff\xa1\x2a\x34\x29\xdb\xd3\xc0\xe2\x06\xc1\xd3\xd2\
\x58\x42\xb9\xbe\x41\x06\xb5\x14\x9d\x35\xd0\x00\xdd\xff\x64\x8f\
\xc0\x29\x45\xa3\xab\x31\x2f\x14\xc8\xe2\xe4\x7d\xd5\xd4\xb6\xc5\
\x08\x45\x38\x76\x42\x50\x7c\xa8\x0b\x84\xef\x4b\x4d\xc4\x1a\x2f\
\xe5\x4f\xea\x25\xfd\x1b\x26\x80\x0a\x36\xa9\x1a\xc3\xdd\x7a\xc7\
\x64\x85\xe2\x1b\x7e\x8d\x6c\xf9\x85\xe4\x02\x13\xee\xec\x96\xaa\
\xbb\x3f\xe4\x2a\xe8\x96\x3e\xa6\xd2\xbb\xef\x56\x49\xf7\x42\xd5\
\xd1\x9d\x4e\xcb\x2a\xe9\xf2\xb9\x56\x5d\x49\xd7\xd5\xa6\x79\x23\
\xeb\x77\xe4\x52\x85\xdd\xd1\xda\xc5\x5f\x16\x38\x6d\x4a\xb7\xd9\
\x3d\xe0\x09\x14\xe9\x78\x5f\x57\x4a\x61\xbb\xd5\x7f\xca\x3d\x5e\
\xb6\xbf\xcd\xde\x7e\xf8\xf6\x9e\xb7\xb7\x1f\xb8\xaf\x7f\xcd\x4d\
\x7d\x27\x1e\x9b\xa3\xd6\x58\x2d\x16\x55\x6c\xaa\xf5\x19\xa7\x14\
\x9f\x95\xe5\x96\x39\xe8\x62\x7d\x27\xed\xc6\x29\xa7\x29\x7a\x9f\
\x7c\x86\x31\xe3\x4e\x1c\x94\x3b\xdc\x50\x05\x93\x0c\x66\x49\x1a\
\x5e\x05\x35\x06\xe3\x77\x22\x2a\x3a\xad\xdd\xd3\x4e\xb7\xfd\xa6\
\x95\x4b\x74\xc3\xbb\xd8\x02\x9b\x3d\xbf\xad\xee\xb5\x06\xaf\x5b\
\x1d\x54\xa3\xe6\x2a\x5b\x56\xa3\xaa\x90\x3d\x14\xbb\xc5\xe4\x4e\
\x95\xef\x56\xaa\x3d\x21\xb8\x85\x9d\x10\x6e\x9e\x52\xa5\x53\x92\
\xa0\x4e\x17\x30\x8a\xf3\x7d\x8c\xdb\xd1\xd1\x41\xfb\x08\xf7\xe7\
\xf1\xe9\x09\xc2\xae\x54\x25\x25\xbf\x55\x9a\x5b\xf9\x03\x65\xba\
\xa6\xbe\xb0\xb0\xcd\x9d\x2d\xbd\xb3\x88\xfc\x55\x3e\x43\x76\x91\
\x91\x5e\x3b\xcc\x19\xf9\x04\xf8\x92\xbd\x5f\x19\x22\xff\x3b\x31\
\x53\xec\xe0\x62\x3f\x94\x46\x4a\x59\xb3\xcd\x16\x94\x94\xa0\xab\
\xd2\x98\x18\x0b\x0d\xd0\x7f\xa8\x60\x64\xd7\xf8\x5a\xcb\x37\x29\
\x6a\xc3\xf0\xc6\xd8\xa8\xd3\xdb\x57\xc1\x3b\x8a\xbd\x42\x83\xaa\
\xaa\xa3\xa2\xf8\xfa\x8c\x5e\x89\x49\x3f\x8c\x54\x18\x26\x88\xcd\
\x6e\xeb\xa4\xc9\x08\xb7\x94\x0d\x0c\xdc\xff\x0a\x48\x34\x37\xaa\
\xf2\x0e\x6b\xd5\x3e\xda\x3f\x9e\xc3\x98\xba\x4d\x25\x5f\xd2\x17\
\xff\x3d\x8c\x10\x2e\xfd\x7f\x90\x50\x8e\xd2\x20\xc9\xaa\x6e\x30\
\x6c\x9a\x22\x6c\x75\x49\x30\x7e\x3c\xbe\x93\x7d\x04\x8c\x84\xa4\
\xba\x7d\x56\x76\xeb\x5b\xf3\x7a\x39\x8a\x9e\x2c\x51\xb4\xe5\xac\
\x04\x6b\x82\x51\xe0\x7c\xf7\xd2\x39\xd3\x21\x81\x92\x92\x91\x04\
\x24\x0b\x35\xb6\x73\xac\xd1\x38\x44\x69\x33\x3e\xd6\x83\xa0\x76\
\x9a\x3c\xbb\xc0\xe3\xc4\xf4\x71\x92\xa2\x13\x42\xff\xc1\xd8\xd2\
\x69\x1a\x8e\xa8\x58\x8b\x87\xd6\x1a\x9f\xbe\x90\x63\x89\x42\x43\
\x9d\x1c\x7b\x09\x07\xa3\xdd\xb2\x68\x3e\x35\x11\xfc\xab\x15\xa6\
\xf8\xca\x0b\x9b\xe2\x5d\xbc\x27\xc2\x3f\xbd\xce\xe9\x6e\x19\xee\
\x6b\x7e\xa3\xbb\xed\xcb\x68\x2e\xdb\xdb\xda\xf0\xd6\x46\x67\x35\
\x02\x8d\x4d\xd3\x19\x9c\xd6\x03\xc2\xee\x84\x73\x25\x18\x73\x5c\
\xa8\x65\x4e\x82\x49\xa9\x2f\xb4\xcd\x5a\x44\x04\x31\x5f\xf5\x42\
\x29\xb4\x86\xa2\xe8\x50\x96\x62\xc6\xbc\xe3\x50\x57\x9d\x83\x4d\
\x66\x2a\x16\x22\x4e\xa7\x6b\x35\x53\x56\x9d\xa1\x83\xb8\xf7\xd4\
\x92\xcb\xf9\x7b\xe8\x5c\x22\x18\x69\xf7\xa8\xf2\xe9\x81\xa9\xf5\
\x6a\x81\xa9\x72\x70\x09\x27\x74\x2d\x3f\xa1\xdb\xd6\xc6\x83\x12\
\x53\x2f\x2b\x12\xc4\xc1\x02\x53\xa2\xd3\x9c\x6b\x9c\x3c\x50\x67\
\x09\x42\xee\x91\x1a\x28\x8e\xb3\x49\xca\xd9\xba\x54\x13\x98\x5c\
\xb0\x04\x68\x8b\xee\x5a\x82\x6b\x35\x45\xc3\x75\xe1\x94\x47\x06\
\x77\xa1\x6a\xdb\x55\x7a\xd6\x1c\xef\x9c\x52\x92\x53\x15\x81\x5d\
\xa9\x61\x59\x07\xb9\x1d\x62\xce\x05\x26\x10\xaa\x97\x3c\x76\x26\
\xea\x3a\xe5\xd4\x86\xc9\x0d\x7e\x82\x05\xe2\xf3\xf6\x28\xfa\x7a\
\x7d\x96\x26\xeb\x69\x32\x58\x9f\xdc\x88\x75\x06\xcd\xc9\xc2\x54\
\x66\x70\xb9\x47\x19\x2c\x97\xc0\x07\x2c\x87\x84\x7b\xb7\x42\xee\
\x2a\x16\x5e\x57\xde\x04\xe3\x16\x20\x67\x23\x95\x92\x27\x5d\x9a\
\x63\x57\x1d\x77\xa1\xd4\x5c\xa0\x2b\xda\xc2\x6b\x71\xd6\x3a\xda\
\x3d\x2e\xcf\xb8\xd7\x8a\xdf\x9c\xd0\x4b\x5d\x73\x16\xc8\x3a\x88\
\x87\x56\x90\xae\x5b\xfc\xdc\x76\x9c\x00\xd5\x52\x8e\x8e\x67\x80\
\xdc\xb1\xf1\xe4\xcd\x52\x09\xa7\x3a\xed\xed\xd7\x9f\xeb\x3e\x1b\
\x6e\x83\x71\xd8\xc7\x34\xad\x2b\xb2\x09\x93\x5d\x97\xfe\xc2\xb2\
\xbe\x19\x73\x2e\xb4\x18\xac\xe9\xa8\x31\x2c\x93\x9b\xaa\x9e\x54\
\xad\x5f\xdd\x49\x99\x39\x2d\x30\x86\x66\x15\xe4\xa1\xc6\x82\x47\
\xb1\x5a\xca\x1d\x53\x3d\xbe\xa5\x09\x59\xb9\x47\x68\x4e\x0b\xaa\
\x1d\x85\x5e\x3f\xfd\xf2\xe8\x3d\x99\x9b\xde\x9c\x57\x96\xbd\x0e\
\xc5\x6f\xbe\x34\x3c\x21\x70\x16\xc3\xd1\x27\x53\x3f\xc9\xe7\x44\
\xd0\x16\xa2\xfb\xb6\x7a\x56\xc0\xc5\xa5\x76\xab\x7e\x51\x0e\x01\
\x54\x91\xdf\x65\x72\x71\xbd\x30\x50\x3f\x26\x7b\x65\x83\x0b\x9e\
\x69\x71\xe8\x7c\x88\x18\x97\x03\x8d\x2b\x4e\x26\x3b\x6a\x24\x5f\
\xe9\x77\x2b\x03\xcd\xf4\x62\xfa\x55\xbb\x7b\x5c\x7f\xfe\xfc\xe9\
\x5f\xea\x9b\x6b\x25\x9c\xa2\x07\x42\x15\x9d\x05\x7b\x35\xe7\x85\
\x34\x79\x7f\x36\xcf\xdd\x89\x6f\x2a\xa3\x87\xed\x16\xb7\xb9\x5d\
\x62\xac\x71\xe1\xf2\x86\xdc\x49\xc3\xe8\x2a\xbe\x0c\x2c\x13\x94\
\x36\x8a\x98\x4b\x6c\x6e\x75\xd5\x23\xbc\xb8\x19\x79\xcc\xf9\x05\
\xe8\x2f\xa6\x6a\x3d\x44\x49\x8c\x12\x98\xc2\xd9\x1f\xad\xae\xad\
\xd9\x56\x83\x1d\x6f\xf9\x4b\x7e\xf0\x6b\xef\x4b\x7a\x0b\x19\xba\
\xbe\xf6\x96\x39\x70\x43\x7f\x29\x09\xf3\x3a\x16\x23\x2b\x99\x35\
\xab\x0a\x4e\x37\xf2\x98\xaa\x02\x46\x06\x8e\x8a\xa9\x90\x4a\xaf\
\xcc\x7b\x92\x22\x61\xa7\xea\xd8\x93\xbb\x46\x25\x58\x99\xc6\x39\
\xa4\xd1\xf2\x6d\xf3\x88\xcc\x59\x60\x67\x7e\xd7\x8c\xe4\xd7\xb8\
\x35\xec\xdb\xca\xdd\x93\xf4\x3b\x27\xe8\x26\x26\x5c\x96\x21\xa1\
\xb4\x48\x19\x7a\xaa\x9f\xfd\x42\x3c\xca\x0a\x11\xc1\x2a\x2f\xc6\
\x00\xac\xa8\x72\xf9\x51\x84\xef\x65\x80\x22\xcb\x75\x20\x73\x54\
\x0d\x2d\x80\x22\xb4\x28\x52\xa5\x65\xda\x2a\x94\x7c\xa0\x5f\x2c\
\x89\x8e\x7e\x34\xb8\x88\x13\x57\xb3\x16\x0f\x99\x20\x35\x8c\x6f\
\x9c\x19\x95\x86\x24\x93\x0e\x6b\xec\x20\x14\xc1\x04\xa4\xcd\xd8\
\x51\x9b\xa3\xad\xb3\xb9\xe4\x21\x60\xae\x1a\x6f\x7d\x9a\x38\x0c\
\xe4\x02\xf9\x2d\x18\xa3\xef\x94\xb6\xef\x30\xc0\x0a\xb0\x98\x54\
\x29\x45\x13\xe2\x84\xb7\x85\x8e\x3a\x5f\x4d\x63\xba\x7c\xe2\x85\
\x81\xae\x33\x0a\xbc\xb9\x8f\x72\x84\x85\x96\xe0\x96\xe0\xb8\xff\
\x1a\xc0\xcc\xbd\xe3\xfd\x7d\xd0\x6e\x8d\x31\xa7\x7a\xd8\x0e\x15\
\xc8\xff\xc8\xa0\xce\x3a\xb3\x81\x86\x84\x24\xd4\x6a\x9a\x25\x2a\
\x4c\x23\xf4\xf0\x92\xa2\x81\x6e\x19\x7a\x0f\x28\xcd\x45\x15\x43\
\x9d\x74\x26\x71\x82\x6c\x8f\xd7\x61\x6a\x6b\x34\xca\x3a\xc5\x6e\
\x6e\xbc\x54\xd8\xc6\x28\x15\x25\xb9\xa0\x74\x02\x2e\x6f\xee\xf6\
\xda\x6f\x40\xad\x7d\x53\x0e\xf1\xb3\x77\xdc\x3b\x63\x3f\xa2\x84\
\xad\x3b\xf1\xea\xa4\xa0\x5f\x8d\x76\xdc\x5f\x77\x80\x8f\x02\xc1\
\x97\xb5\xdd\xd9\x22\xda\xec\xcb\xb8\xc6\x76\x57\x8e\x61\xbe\xcf\
\x50\x4d\x20\x90\xfe\x18\xd8\x65\x45\xa1\x9b\x9c\x6e\xef\x7d\x1c\
\x4f\xd8\xf0\x89\x76\x79\x2a\xa3\x56\x34\x57\x68\x03\x99\x9f\xc3\
\xf9\x16\xab\x2e\x01\x4a\xb3\xd6\x83\x2b\xf2\x6e\x0a\x24\x22\xf0\
\x0f\x86\xa8\x25\xa6\x8e\x13\xaa\x1f\x80\x64\xdf\x0f\x91\x59\xdf\
\xd5\x3c\xca\x41\x82\x19\x76\xfd\x73\xd0\xd4\x59\x78\x1d\xe3\x35\
\x56\x0d\xa1\x00\xf7\x86\xa6\x58\x07\x93\x46\x23\xe4\xd2\xa6\x9e\
\x4f\xe5\x9d\x81\x1f\x26\xb1\x22\x30\xfd\xc1\xff\xfb\xb0\x24\xd5\
\x87\x59\x69\x51\x40\x36\x0f\x2a\x4c\x84\x7c\xb2\x59\x4d\xe8\x85\
\x6e\x21\x78\x57\xcd\x53\x11\x4b\x74\x0b\x16\xd7\x3a\x61\x01\x4b\
\xcd\x06\xed\xac\x4c\xb5\x2d\x2c\x1f\xc6\x9e\xc3\x4a\x2c\x5e\x94\
\xd5\x4a\x04\xef\x54\x07\xdd\x80\x2c\x8a\x86\x1b\xed\x5b\x9c\x7e\
\xf7\x5d\xae\x5c\xdf\xcd\x30\xef\x3f\xb9\x0e\x60\xd7\xa2\x53\xc1\
\x83\x0f\xc6\x63\xc1\xd4\x86\x55\x0f\xbc\xe6\x2c\x1d\xf9\x38\x8a\
\x30\xea\x07\xef\xc3\x00\xc6\xba\xd4\xe6\xd7\xd6\x9b\xfd\x8b\x8f\
\x7f\x8f\x46\xe1\xe8\x32\x08\xb3\x54\xaa\x5a\x4d\x82\xa5\x96\x6a\
\x3b\x03\x56\xbc\x82\xa9\x54\x35\xdc\x07\xbd\x25\x18\x47\xd4\x39\
\x06\x57\x44\x8b\x2c\xe6\x37\xcd\x37\x4d\x84\x38\x43\xb0\xa1\x97\
\x9d\xf6\x9c\xca\xeb\x85\x96\x0b\x41\x39\x10\x21\xb1\x06\x8b\x67\
\xc5\x58\x50\x9d\xc2\x59\x94\x85\x63\xeb\xd3\x21\x7a\xd7\xff\x36\
\x83\xed\x47\x69\xfd\x82\x66\x85\xeb\xe5\x8b\x3a\x86\x9f\xad\xb1\
\xb0\xc7\x6c\x78\x58\x9a\x3a\x07\x84\xa9\x42\x38\xe2\x93\xef\xc3\
\x7d\xef\xdc\x0e\x12\x2f\xf3\x9a\xbb\x3d\x08\x7b\x50\xcc\xba\xa9\
\x55\x90\x04\xa3\xd9\xd8\xc7\x82\x48\xee\x8b\x52\xcc\x4a\x99\x29\
\x19\x23\x3e\x18\xed\x60\xff\x2b\xbf\x5f\x71\x2d\x07\x3e\x15\xc7\
\xb4\xf6\x50\x7b\xa8\x5a\x90\x97\xcd\xa3\xa3\x32\x15\x33\xb7\x6e\
\xdc\xec\x8e\x8b\xe6\xf3\x62\x29\x78\xde\x65\x6f\xfd\xbf\xb9\xff\
\x2d\xfb\x88\xc6\xa4\xec\x24\x4e\x59\xcb\xaa\x55\x5a\xe9\xa3\x6e\
\x93\xac\x3c\x74\x55\xf4\x62\xf8\x5c\xbf\xd8\x56\x6a\xf4\x0c\x72\
\x29\xc4\x0f\x24\x39\x55\x0c\x04\x4a\xf6\x76\x5f\x1f\x1e\xef\x55\
\xc0\x1a\xe5\x1a\x11\xc5\xd1\xe2\xe9\x0b\x00\x0d\x4d\x28\x64\x50\
\x23\x36\x6a\xd9\x7a\x0c\x30\x52\x92\xc4\x49\x65\x4e\x14\x88\x38\
\x55\xdc\xb6\xd5\xe9\x1c\x77\xce\xba\xbd\xe3\x93\x1a\x2d\xa4\xfa\
\x9c\x5e\x5d\xe3\x7f\x30\xed\x9d\x35\x22\x02\x1e\x53\xaa\x16\xe5\
\x42\x87\x0c\x21\x28\xf8\x2a\x24\x9e\xfd\x71\x8d\xdf\x2f\x56\x3b\
\x4a\x79\xe5\x98\x10\x10\xdb\x5f\x02\x41\x67\x49\xf4\x35\x27\xd0\
\x50\xf8\x3e\x03\x5c\xd0\x23\x2f\xbc\x49\x48\xba\x9d\x7d\x91\xc5\
\xe9\x71\xa0\x3b\x49\x58\x54\x08\x49\x29\xa5\x8d\xce\x1e\x9f\xcb\
\xe0\x86\xc0\x57\xe4\xeb\xd5\x9f\xa8\xac\x2a\xdd\x55\x71\x35\xf1\
\xfe\x21\x5f\xa5\x19\x7c\x35\x59\x03\x62\x29\x55\xf4\xe7\xb8\x4f\
\x81\xc9\x7d\x50\xbc\x6a\x40\x9b\x23\x22\x07\x4e\x3a\x42\x1b\x74\
\x3c\xe5\x69\xb3\x1b\xd8\x07\x95\x1d\xa4\xcb\xc0\x9b\x80\xce\x84\
\xb6\x47\x0d\x52\xed\x27\x45\x32\xf4\xd9\x93\xcf\xd7\x53\x04\x81\
\xa3\xd5\x08\xc7\x18\x10\x16\x9f\x73\xa0\xb1\xd6\x55\xe0\x69\xc3\
\xa0\xa1\x4d\x72\xd0\x14\x76\x3b\xc7\x07\x07\x38\x26\x26\xa7\x7c\
\x8c\x94\x61\x3b\x7d\x46\x35\x62\x09\xfd\x30\xc9\xd3\xd0\x22\x1a\
\x2c\x40\x8e\x54\x38\xb0\x00\x15\x40\x5f\xca\x87\x1b\x8e\xc0\xd7\
\xf1\x42\x2a\x22\xe4\xdf\x88\x8b\x87\xb7\x44\x6a\x85\x71\xae\xa4\
\xeb\x9c\xb3\xa2\x2d\x53\xbb\xc2\x00\xb8\x39\x10\x75\x77\xc2\xc3\
\xe0\x72\x9b\x77\x8f\xf5\x90\xfd\xd4\x7e\x79\x36\x07\x5f\x31\xd7\
\xe8\x36\x5b\x0c\xcb\x17\x89\x06\x56\xca\x77\x1f\x36\x5b\x18\x93\
\x17\x1c\x63\xb6\xd0\xd9\x46\x55\x33\x23\xac\xf6\x8a\x0b\x10\x04\
\x41\x96\xb8\xc5\xd1\xcb\x81\xbe\x5e\x86\x7d\x65\xac\xfe\x69\x10\
\x66\x39\xd4\xaf\x6a\x31\xa4\x5e\xf7\xc9\xa8\xba\x7b\xb8\x47\x50\
\xb1\xf3\x88\xaa\xda\xdc\x46\x53\x96\x65\xea\xd8\xe3\x98\x49\x89\
\x10\x44\x73\x83\x7b\x55\x26\xd5\x17\xb7\xb7\x0e\xa1\x38\xed\xb6\
\xce\x4e\xf6\xf6\xa5\x28\xab\x45\x1e\xcc\x52\x84\x7b\xe0\xbb\x5c\
\xfd\x96\x79\xed\xa7\xc3\x73\x7e\x84\xb3\x96\x03\x9d\x0c\xc5\xc9\
\x4a\x24\x6c\xb9\x01\xe2\xa5\xa1\x63\x4b\x6e\x2b\x21\x03\xcf\xaa\
\x7b\x21\xd6\x8e\x92\xae\x18\xff\x4b\xa7\x1e\x28\x90\x41\x3f\x1a\
\xcd\xe4\x7e\x62\x46\x80\x44\xb2\x80\x04\x02\xbc\x24\x9e\x53\x46\
\x02\xdc\x13\xc5\x96\xc0\x91\x27\xa9\x2e\x67\xa6\xbc\xda\x8e\x5f\
\x27\xf7\x96\xbb\x44\x8d\x3f\x8c\x2f\x5a\x87\xc7\xdf\xb4\x4d\xce\
\xcc\x3c\xf6\xc8\x35\x9d\xe7\x34\x58\xd5\x19\x3b\xa8\x13\x49\x15\
\x87\x35\x4e\xdf\xa1\xa3\x40\xbb\xaf\xbc\x60\x12\xff\x1c\x3a\xf9\
\xc4\x52\x6f\xfb\x96\xdc\x9f\x9a\xd6\x04\xfa\x81\x69\x24\xfe\x13\
\x1e\xb0\xa4\x1e\x59\x40\x1a\x6e\x66\x43\x75\xcb\xbb\xc6\x5e\x3d\
\xd6\x62\xdc\x06\x06\x54\x68\xf6\xc9\xd0\x80\x1c\x3a\xdd\x82\x0a\
\xf4\x1b\x20\xe7\x3c\x06\xdd\x6f\xcb\xdf\x29\x6f\x7b\x1f\xf0\x1c\
\x16\xa0\xbf\x2b\xe0\x9c\xff\x04\x18\x35\x9f\x88\x99\xe6\xc1\x88\
\xd8\x2d\xee\x90\xff\xc5\xfc\x62\x01\x89\xe0\x90\x4d\x52\x1e\x7f\
\xad\x0c\x18\xec\x59\x91\xc6\xb2\x9d\x95\x9b\x96\x94\x78\xbe\x18\
\x18\xf6\x22\x72\x0f\x2e\xfc\x29\xa1\x78\xb4\xcf\xc5\x68\x7d\x5f\
\x10\x12\x9e\xe3\x7f\x26\x14\x12\xe6\xfc\xe3\x88\x3f\xc8\x2f\x9e\
\x74\x10\x72\xc9\xa9\xcb\x08\xde\x45\x13\x23\x83\x31\x85\x59\xc1\
\x72\xfc\xe1\x93\xb1\xe7\x3c\x58\x0a\x67\xe9\xee\xca\x9e\x0a\x15\
\x62\x21\xf6\x94\xc6\xd5\xec\x99\x37\x1a\x3d\x8c\x3f\x15\xa0\xc5\
\x23\x42\x42\xb0\x56\x69\xe1\x36\xa8\x3f\x85\x11\xd5\x9f\x16\x22\
\x04\xfc\xba\x18\x04\x04\x69\xa1\xbf\x1d\x02\x44\x15\x27\x2b\x54\
\x88\xdb\x38\xf9\x77\x84\x23\xc1\xa2\x10\x37\x01\x36\xd6\x32\x84\
\x5e\x65\x72\xf9\x31\x60\x5a\xbc\xd9\x4a\x9c\xc8\xdb\x56\xd9\xb0\
\x87\x2b\xba\xb6\xf3\x9b\xa2\x52\x3c\x70\xd7\x73\xd1\xa6\xbd\xf6\
\xbc\xaa\x22\xc5\xa6\x0b\x19\x11\x39\x8c\xda\x36\xa9\x63\xbe\x9f\
\x6c\x58\xf4\xdf\x89\x4d\x91\x20\x50\xda\x5c\xd1\x73\x57\xd5\xf6\
\x92\xbf\x83\x6c\xd0\x58\x53\x07\xb6\x76\xcc\xfd\xf6\xc6\x88\xc3\
\xe6\xb7\x2d\x86\xe9\x80\xcb\xf1\x3c\xa1\xe9\x34\xbc\x35\x40\x24\
\x77\x75\xd6\xfc\xce\xa4\xd3\x41\x70\x84\x65\x49\x77\x58\xdb\x3e\
\x85\xc0\xe6\x29\x1c\xda\x17\xde\xea\x97\xeb\xe8\x74\xf8\x7a\x0d\
\xc9\xab\xe5\xa4\x44\x54\x58\xd7\x23\xd7\x2b\xe5\x0f\xad\x24\x3e\
\x75\x97\xa7\xe2\x1a\x6a\xe3\x9a\xd8\x27\x39\x65\x73\x12\x5d\x39\
\x7c\x71\x41\x57\x51\x5a\xb9\x41\x17\x0e\x2d\xd8\xa2\xa0\x4e\x05\
\x2a\x83\x28\xfd\x1d\xfa\x97\x01\x75\xb1\x4e\x39\xc0\x8d\xbe\x3f\
\x67\xcd\xb1\x05\x17\xde\xfb\x54\x4b\x3f\x0f\xd9\xc2\xb9\x0d\xdd\
\x0a\x6d\xa1\x0f\xc0\xdf\x01\xb6\x05\x9b\x38\x3e\x05\x0d\x7f\x38\
\x96\x20\xa6\x2a\x12\xea\x06\xf3\x55\x8d\xb1\x7f\x13\x2b\x66\xe3\
\x3b\xaa\x9e\x3b\xc6\x4c\xb9\x17\xa0\x1e\xe9\xb3\xe6\x01\xb7\x52\
\xc5\x38\xee\xfb\xe3\x62\x31\xdc\x52\xc6\xa6\xeb\x03\x5e\x9c\x74\
\x70\xc3\x84\x90\xae\x0c\x50\xd5\xb5\x0f\xd7\x9e\x5e\xac\xea\xd8\
\x67\xb9\x57\x4b\x1a\xb1\x46\xf5\x97\x31\x52\x39\x3a\x5a\x99\xb4\
\x46\x65\x27\x8d\x2c\xe5\xe2\x6e\x5e\x7d\xac\xab\x15\xab\xb4\x36\
\xfe\x9b\xeb\x9c\x68\xc2\x98\x70\x2d\xa3\xcb\x73\xc3\x1a\xc1\x5f\
\x4e\xd0\xb4\x35\x54\xfd\x1f\xd0\xd0\x1a\xef\x26\x63\xc7\xb8\xa1\
\x5c\x69\x2a\x04\x27\x37\x8b\x12\x35\x84\xca\x51\xab\x26\xae\x0a\
\xe2\x18\xfe\x44\x4d\xb0\xa7\xc8\x79\x1f\x16\x47\x3a\x55\xc5\x79\
\xc1\x7c\x72\x43\x14\x06\x9d\x0b\x79\xa7\xa5\x47\x11\xe7\x8a\x36\
\x50\x20\x23\x95\xe8\x9f\x67\x30\xa5\x32\x52\x38\xe7\x82\xa1\x5d\
\x07\xc7\xc7\xdf\x9e\x9e\x9c\xed\x36\x77\x5f\x63\x84\xf8\x8f\x15\
\xbc\x9c\x86\xef\x35\xf1\xd2\x9b\x49\x3f\x1e\x13\xb8\xc6\x6c\x0a\
\xd3\x19\x5c\x04\x76\x4c\x04\x6b\x92\x85\x7e\x05\xb2\x80\x9b\x5b\
\xc2\x84\xc0\xf3\xae\x54\xaf\xa9\x37\x0a\xaf\xd8\xeb\x1d\x26\xb2\
\xf4\x88\x8e\x80\x61\xdb\xa6\xde\x76\xa8\xef\x48\xec\xac\xc4\x38\
\x93\x2b\x9d\xcf\xc4\xd5\x7a\xcf\x33\x71\x9e\x93\x2b\x49\xc6\xcc\
\x0e\x92\xd4\x60\xa0\x67\xe1\xc4\x5c\xa3\x07\xe4\x5a\x50\xab\x70\
\x19\x04\x53\xc2\xa3\xa1\x11\x33\x36\x40\x5d\x46\x3b\x54\xc3\xd5\
\xce\x7b\x3d\xaf\x2c\x06\x46\x42\x95\xd3\x5d\x4e\x01\xcd\x48\x81\
\xf2\xa2\xe3\x17\x9e\x1a\x63\x5d\xac\x1a\xa6\x1e\x48\xdc\xed\xb5\
\x9f\x4a\xb9\x36\xd5\x92\x96\x21\x54\x44\xa2\xac\xad\x30\x55\x60\
\x87\x3b\xde\xd6\xbf\xad\x6e\x3e\xfb\xa2\x40\xfa\x35\x5d\x07\x26\
\x1c\x7a\x09\xa9\xa6\xf0\xd4\x46\xa3\xf1\x17\xb7\xa6\x3a\x7e\x58\
\xe3\xe8\xa9\x74\x1a\x47\x46\xfb\xb4\x5e\x8e\xa5\x1f\xfe\x6d\xf3\
\xd9\x57\xcf\x9e\x3e\x7d\xf2\xcc\x50\xa1\xc9\x82\x35\x88\xa4\x0e\
\xb5\xbb\xed\x09\x12\x8a\x40\xe1\xcd\xa4\xb9\x38\x18\x2d\xee\x6c\
\x34\x0a\x04\x39\x0b\x77\xf7\x04\xef\xc2\xe6\x8d\xb2\xa5\x40\x2a\
\x00\xd9\xa7\xa0\x80\xd3\x29\x80\xf5\xd4\x16\x43\x8f\x2a\x40\x47\
\x6d\x34\x96\x97\xba\xd3\x84\xde\x30\x0a\x3e\xfe\x1d\x61\x13\x32\
\xef\xfd\x6c\xc7\xfb\xd3\xa6\xfe\x22\x02\x31\x9c\xa1\xc2\x7d\xfe\
\xf1\x9f\xa3\xbe\x9f\x2c\xbd\x09\x92\xcb\xe8\xe3\x3f\xa7\xe7\x18\
\xbb\x30\xc1\x84\xc9\x77\x14\x70\x93\xc0\x3c\x2f\x8d\xc2\xbb\xc8\
\x9e\x3b\x6c\xee\x76\x8e\xcf\x5a\xdf\x9f\x34\x2b\xf0\x6a\x85\x3b\
\x72\xed\x6e\xcd\x92\x51\x30\x67\x04\x39\x32\x48\x62\x51\xcc\x55\
\xf5\x18\xbb\xca\x98\xeb\xae\x26\x8f\xdd\x00\x57\x5c\x6c\x79\x5c\
\x1a\xd8\x0d\x37\x99\x02\x2d\x30\x2c\x03\x18\xf2\x90\x7a\xa7\xd7\
\xa5\x56\x44\xd4\x30\xe6\xdc\x0e\x5f\x1d\x4a\x14\x18\xe4\xdf\x20\
\xa3\x2a\x33\x16\xcd\x66\xef\xec\xf8\xe8\xe0\x07\xcc\xa5\xdd\xc3\
\xd8\x0b\x3e\x73\x1f\xa4\x0c\x3f\x56\x6a\x70\x51\xb1\x2b\x97\x87\
\x25\x0a\xe0\xa3\x69\xc4\xb7\x28\xa9\xe5\x4a\xa5\xd1\x4d\xcb\xb4\
\xf5\x32\xe5\xf4\x16\x65\xd7\x59\x0c\xfa\xea\x53\x2b\xa9\x87\xcd\
\xa3\xdb\x40\x9d\x9d\x26\xf9\xe0\x2c\xb1\xcd\x4a\x10\xa2\x8a\xcc\
\x72\xca\xc0\x1b\x1a\x4c\x54\xb6\x8e\x73\x23\xc1\x8f\xb1\x3e\x96\
\xd2\x0c\x74\xc2\xa0\x63\x4a\x61\x24\x3c\xa9\xbf\xc1\xa8\x78\x4f\
\x38\x2c\x81\x35\x29\x11\xe1\x58\x52\x7d\x15\xee\x80\x42\x23\x27\
\xc0\x24\x2b\x9d\x8c\x36\x72\xfb\x73\x6a\xa8\x34\x9e\xdc\x61\x2d\
\xe0\x1d\xf7\xdb\x16\x47\x67\x07\xed\xa3\x6f\xab\x6f\xd6\xba\x45\
\xc9\x85\x1a\xd9\x5e\x09\x2a\x53\x78\x6f\xa2\x55\x4f\x89\xb1\x54\
\xd7\x39\xbd\x33\x50\x9c\x58\x0e\x06\x7c\xc0\x05\x85\x15\x4c\x1b\
\x2b\x35\x47\x78\x1b\xf4\xd5\xb1\x5e\xd2\xd5\x74\x4d\x81\xfa\x5a\
\xbd\x49\x62\x0d\x4a\x3e\x91\x8c\x85\x07\x39\x70\x02\x17\x59\xa0\
\x10\x26\x8a\x27\xf4\x6e\xbe\x56\xbe\xa4\x19\xc7\x7f\x32\x04\xd9\
\x50\x76\x3c\x85\x21\x0b\x56\xd9\xa3\x5c\xf5\x1f\xb0\x7c\xf3\x2e\
\x7b\xe6\xfb\xdb\xaf\x7a\x7a\xa3\x7c\x9a\x9b\x5e\xd3\xd2\xa5\xe1\
\xd5\x4f\x8c\xcf\x4d\x9c\x43\x96\x45\xcb\xb4\x34\xa8\x13\x70\xf4\
\x98\xd9\xcd\xbf\x38\x42\xf7\x8b\x93\xb3\x7b\xfa\x12\x26\x50\x4d\
\x4e\xfe\xbe\x4c\x24\xd9\xf7\x10\xeb\x9e\x20\xd3\x41\x6e\x03\x1a\
\x58\x2b\x62\xa7\x42\x5a\xd4\x27\x34\x33\x8a\x77\xe7\x2a\x40\x72\
\xe3\xc2\x45\xa3\x8d\x42\x26\x41\x43\x00\x23\x58\xf4\x2d\x4c\x52\
\xf5\xbc\x86\x0a\xac\xbf\x8b\xb1\xee\xde\x9c\xd8\xf9\x76\xef\xf8\
\xed\xd1\x59\x7b\x6f\x5e\x08\x4c\xa1\xd9\x6d\xa7\xab\x3f\x1e\xc5\
\x09\x4c\x6c\xa2\xbf\x35\xe7\x2b\x5e\x65\x91\x19\x12\x83\xf7\x7d\
\xe8\x27\x97\x43\xcc\xe2\x44\x23\x28\x27\xc2\xf0\xa1\xdb\xa2\x18\
\x30\xf3\x08\xed\x85\x28\xfc\xdb\xac\xba\x00\xe9\xde\xf1\xf7\x3f\
\x00\x59\xc4\x9c\x8c\xe8\x61\x43\xef\x73\xbc\xb4\x65\xf1\xe0\x6c\
\x32\xfc\x1c\x6f\xe3\x1c\x8e\x64\x56\x04\x33\x47\xa1\x4f\xbc\xcd\
\xc8\x81\x41\x07\x0a\xdd\x12\x33\x6f\x83\x24\xe6\xab\x76\xef\xf5\
\xe9\x4b\x9d\xa9\x40\x17\x07\x3e\x98\x2c\x33\x30\xc8\x3f\x85\xf0\
\x81\x68\x03\xc0\x28\x99\x94\x2f\x16\x90\x39\x7a\xdd\xe7\xf5\xcf\
\x39\xc2\x1c\x13\x39\x67\xac\xd6\x69\x33\x5a\xaa\x97\xbf\x4a\x44\
\xc9\x0c\x6f\x97\x53\x7a\xd9\x04\x9d\xef\x41\x1c\xd2\xed\x75\xda\
\xbb\xd5\x58\xf4\xb9\x76\x3a\x95\x91\x8b\x26\xbb\x46\x5c\x8c\xb5\
\xc3\xad\x81\xa5\xd5\x38\xcb\x5f\xa2\x2d\x53\xc3\x09\x7c\xc5\xa7\
\x78\xf9\xb1\xc9\xc7\x48\x45\xf2\x19\xd3\x46\xc4\x12\x0e\xad\xe0\
\x70\xfb\x15\xa3\x09\x42\x79\x8f\xc3\x41\xa6\x0b\xd8\xfb\x24\xc0\
\x54\xe7\xa6\x6a\x0b\x9d\x37\x20\x26\x83\x2b\xc4\xd3\xcb\xbd\x04\
\xcd\x9e\x70\xcf\xbf\xe4\xcd\xcd\x81\x19\x55\x2f\x16\xe7\xb6\x2a\
\xd8\x8a\x77\x6e\xf8\xfb\x6f\x33\x32\x4e\xc4\x74\x11\xf3\xdd\x5a\
\x72\xcc\x62\x81\x2e\xb2\xab\xde\xe6\x69\x7f\x0d\x91\x89\x4c\x0e\
\xd8\xe5\x34\x0c\x06\x24\xa8\xa8\x53\x2e\x4c\x67\x2a\x90\xa2\x8c\
\x52\xa4\x63\xd8\x52\xe7\x5d\xc8\x26\x22\xd1\xb0\x5c\x69\x90\x80\
\x96\x1a\x4e\xf8\x66\x8e\x24\xa0\x78\xa1\x6b\xc6\x30\x00\xe5\x2a\
\x46\xfc\x3b\x8c\x33\xc4\x1d\xa0\x07\x46\x57\xdb\x19\x22\x85\x61\
\xed\xa2\xda\x6d\x8b\xa0\x79\x72\x18\xcf\xfa\x8a\x18\xa9\x04\x6e\
\x05\x04\x9d\x3f\xd4\xc9\x47\x37\x2a\x58\x92\xee\x2b\xfa\x95\xa2\
\xe8\x99\x79\xda\xa0\x88\x98\xf7\x12\x70\x14\xb4\x59\xd9\x07\x21\
\xcc\xdc\xb2\x61\xee\xb6\x5f\xaa\x10\x31\x0b\x1b\x46\xde\x35\x6f\
\xc7\xa0\xad\x43\x65\xe4\x30\x02\xae\xd9\x34\xf9\xc2\xc3\xb9\x2d\
\xa4\x20\xef\x85\x37\xb5\x7f\x1c\x23\x9e\x48\x47\xca\x39\x88\xec\
\x10\xc4\xa1\x8f\xa2\xf2\x1c\x08\xd5\x87\xc7\x1b\x51\x90\xad\x2b\
\xe4\xdd\xf5\x89\xbc\x66\x9d\xba\x84\x43\xd5\x0f\xc7\x92\x4e\x2a\
\x17\x18\x2c\x6e\xa7\xc6\x62\xd2\xb3\x88\x8d\xdc\xa4\x2d\xc7\xa4\
\x5a\x53\x7e\x3a\x3c\x5e\x26\xe1\x3b\xf3\x39\xa6\xf2\x73\x56\xcc\
\xf7\x87\x07\xc6\xb5\x46\xfb\x27\x2f\x37\x38\x9b\x58\x2a\xe2\x11\
\x8b\x5b\x91\xd0\xc8\x5e\xd7\xe8\xa5\xa5\x5c\xd4\x8c\x43\x6f\x43\
\x0a\x11\x49\x67\xc1\x63\x80\x70\x1c\x36\x7b\xaf\xbf\x69\x7e\x4f\
\x15\xcc\xab\x2d\xd2\xf9\x56\xf3\xcd\xd2\x06\x3c\xca\x14\xec\x63\
\xa9\x90\xea\x8a\x95\x1c\x00\x69\x5b\x5b\x31\xd1\x14\x05\x0d\xec\
\x4b\x75\xaf\x01\x65\xf0\x1b\xff\x9d\x58\x1e\x54\x9e\x34\x7e\xfa\
\x33\x7c\x9a\x3a\x31\xa5\xb2\xac\x3b\xde\x72\x5d\x3d\xa6\x4e\xbb\
\xad\x92\xcf\x9e\x94\x7c\xb6\xfd\x68\xb5\x89\x30\x2c\x53\x48\x76\
\xaf\x8d\xc9\xc4\xd6\x9a\x57\x45\xc4\x5b\xb1\xdd\xa2\x21\x6f\x6a\
\xe6\xe6\x92\xcb\x06\x9f\x1c\x74\xa9\xda\xe0\xc3\x19\xe9\x21\xea\
\x29\x2e\xba\x4e\x7c\xbb\x6f\x6a\x17\x89\x74\xcb\x93\xde\x29\xbb\
\x82\x7e\x9e\xc6\x84\xd7\x8f\x02\x85\x83\x68\xfd\x6a\xab\xf1\xe7\
\x75\x74\xbc\x20\xb4\x38\x3a\x92\xcb\xe6\x85\xff\x7d\x85\xb1\xdb\
\xeb\xcd\xc3\x2e\x76\xa0\x7e\x57\xc6\xdf\xe5\xdb\x46\xf2\x64\x81\
\x91\x3c\x69\x6c\xad\x53\x50\x39\x8e\x67\xdd\x24\x30\xae\xcf\x1f\
\x96\x3f\x59\xe0\xfd\xdb\x0b\xbc\x7f\xbb\xb1\x71\x9f\xf7\x83\x9a\
\x09\xd2\x35\x97\xaa\xa9\x76\x89\x79\x3f\x30\x2a\x45\x7e\x9c\x07\
\xd7\x76\x72\x26\x25\xca\x4a\xbd\x00\xd7\x63\xa0\x0a\x41\xf6\x62\
\x95\xad\x87\x87\x3b\x48\x24\xaa\xf0\x1a\x95\xbc\x42\x45\xd4\xe9\
\xba\x3d\xd2\x98\x6e\x2e\xda\xa8\xa1\xf4\x08\xb8\xd9\xcc\x52\xca\
\x0a\xf1\x56\xeb\x9c\x35\x50\x32\xc7\x2f\xbe\xf2\xea\xa8\x22\x30\
\x6a\xc8\xda\xa7\xda\x7c\x55\x05\x8d\x08\x1b\x47\x2d\xae\x75\x08\
\xaa\x73\x20\x95\x2c\x2f\x25\x92\x5d\x1f\x99\x85\x30\x6a\x6e\x14\
\xdc\x97\x5d\x61\xd9\x96\x68\x98\xd7\x21\x78\x8a\x6e\x5f\xc8\x4e\
\x85\xfd\x56\x2b\x61\x7c\xc6\x94\xc9\xb1\x63\xe5\xad\x04\xcf\xae\
\xfa\x6e\xb7\xeb\xad\xea\x02\x34\xec\x7b\x60\xa3\xc6\x85\xca\x2f\
\x43\xc3\xbb\x7d\x2a\xdd\x18\x5d\x55\x5f\x56\xcb\x18\x11\x86\x58\
\xbe\x3f\x33\x0d\x4c\xdd\x17\x84\x8c\xb1\xdc\xd3\x29\x30\x06\xa5\
\x43\xcd\x3b\x22\xfd\xed\x10\x4e\x55\x86\xf3\xc1\x6e\x0e\x0f\x1a\
\x1c\x97\x63\x92\x8f\xed\x37\x6c\x31\x4d\x8b\x2f\xa4\x3e\xdd\x33\
\x48\x30\x1b\x1a\xf0\x26\xfe\x76\x75\xa1\x39\x3d\x29\x9f\xd3\xd6\
\xfc\x39\x29\x4a\x73\x45\xa7\xee\x9b\x57\x95\xf7\x28\xd5\xf2\x76\
\xbd\xf0\x71\x98\xbf\xd3\x3a\x28\x87\x1f\x9c\xc7\xfd\x3a\xb9\xdb\
\xba\x5d\x8f\xe3\x01\x5f\x1a\xf3\x51\xe8\xa5\x95\x4f\xad\x8a\xd0\
\xb9\x91\x68\xaf\xef\x7e\x19\x47\xc9\x86\x4b\x33\x85\xc0\x66\xd9\
\x73\xdc\x28\x3a\x6b\xc3\x35\x7e\x4e\xa5\x1e\x93\x5b\x79\xbe\xa6\
\xd1\xd0\xe5\x35\x0e\xa2\x0d\x4d\x08\xef\x26\x99\x71\x11\x72\x2d\
\x17\xd9\x17\xa5\x13\x13\x3b\x65\x7e\x52\xe6\xa4\x6d\x34\xd6\xd5\
\x61\x50\x36\xc5\x54\x76\xf1\xf6\xdd\x66\x0a\x62\xb3\x6e\xa6\x89\
\x1b\x5a\x22\x65\x82\x90\x94\x5a\x66\x71\x4e\xab\x16\x57\x9f\xcb\
\x7b\xe4\x34\x4b\x8d\xba\xce\xeb\xbe\x2b\x85\xc3\xf7\x82\x71\x48\
\x56\x8f\xa3\x20\x23\x1c\x3c\x4b\x1d\x06\xde\x1c\x5c\xe2\x96\x0c\
\x94\x79\x94\x0a\xbb\x28\x93\x28\x11\x7b\x3c\xb6\xb4\x8a\x86\xf7\
\x1a\x84\xcc\x15\x8a\x19\x8e\x61\x4c\xb3\x24\x86\xab\x69\x21\x16\
\x51\x1e\xc5\xe8\x87\x78\xe0\x4b\x40\x36\x5d\x99\x79\x74\xe4\xf5\
\x53\xc7\xec\xf5\xf5\xb5\x7d\xca\x2a\x94\x89\x61\x30\x1d\xc7\x37\
\x26\xe4\xb2\xb8\xe3\x96\xeb\x96\x16\x5e\xd8\xd7\x3b\xfa\x05\x83\
\x61\x04\x14\x1e\x22\x25\x12\xba\x75\x44\xd3\x89\x5a\xca\xbf\x6e\
\xcd\xef\xe6\xc9\x82\xdd\x3c\x99\xdf\xcd\xf6\x82\xdd\x6c\x3f\xe4\
\xe8\xbc\xd3\x5d\xe2\x4d\xab\x53\xee\x79\xa1\xfa\x4e\xb9\x56\xb2\
\xdc\x3a\x4a\x30\x27\x41\xf2\xb3\x35\x27\x68\x3e\xb3\x42\xa7\x17\
\x99\x5d\x63\x51\x8b\xc2\x1a\x4d\x13\x99\x3f\x5f\x4c\x49\x1f\x49\
\x82\x11\x5c\xb4\x34\xb3\x9b\xa6\xaa\x04\x0b\x5d\xf7\xf2\x83\x65\
\x40\x06\xf8\x82\xb3\x46\xd4\xdb\x74\xd9\x16\x15\xb8\xd9\x0f\x24\
\xb6\x53\x0c\x09\x29\xbc\x53\x8c\x16\xb0\x79\x02\x95\xae\xaf\x5f\
\x9a\x9b\x76\x75\x79\x40\x69\x78\x66\x4e\xfe\x33\xe7\xc4\x3f\xdb\
\xae\x3c\x55\xf4\xa3\xbf\xfe\xb1\xf2\x3d\xe2\x2c\x30\x02\xf0\xd9\
\x5e\xeb\xa4\x0a\xd9\xb6\xa4\x61\xe9\x95\x46\x74\x2c\xe5\xb0\x87\
\xed\x8c\x08\x83\x12\xb1\x84\xa9\x8b\xb9\xba\x3c\xc3\x98\x1d\x02\
\xd4\x4e\xbb\x13\x9e\x08\x1a\x30\x1b\xdd\x22\x2a\xbb\x8b\x95\xfa\
\x12\x74\x11\x91\xba\x4b\xb2\x84\xc4\x57\x8c\x29\xd5\x37\x56\xbc\
\xac\xcf\xae\x0a\x44\x07\x52\x05\xbc\x9e\x78\xc1\xd0\x76\x6f\x08\
\x5c\xe3\x11\x75\x4a\x2f\x19\xfb\x37\xda\xa2\xe0\xf6\x8d\x6f\xd6\
\x0f\x4a\x78\x92\xcd\xe0\x69\x79\xa5\x90\x4d\x94\xde\x5b\x84\x22\
\x37\x42\xab\x19\x89\x4b\x2a\xda\x25\x9e\x63\x38\x86\x04\x5f\x22\
\x9c\x04\xb6\x1d\x8a\x62\x46\xf8\x2a\x8e\x78\x93\x69\x69\x99\x6f\
\x15\xb8\xe1\xbb\xa0\xca\x6a\x0a\x09\x82\x5a\x86\x03\x95\x69\xa3\
\x17\x0e\x97\xf1\xe8\x78\x8f\xf0\x4e\x39\xed\xc6\x37\x6b\xb4\x21\
\x54\x8f\x62\xf9\x4c\xf5\x22\x57\xeb\x5b\xe3\x32\x36\x37\x36\x36\
\xca\x42\x33\x7e\x4d\xb8\x0f\x9c\x51\xfb\xa8\xdd\x6b\x37\x0f\xda\
\x3f\xb6\x3a\xe8\xb0\xac\xca\x43\x2b\x6d\x5a\xe6\xce\x51\xd3\x32\
\xe5\xd0\xc6\xf2\x9d\x0c\x5a\xb9\x59\x34\xc3\xfa\x1a\x18\x91\x93\
\xc2\x30\x96\x62\x5d\xf0\x2d\x4d\xbe\x25\x05\x9e\xd1\xf4\x8c\xa1\
\xb2\xc4\x88\x21\xc6\x3d\x03\xbb\x88\x60\x02\x11\x56\xcb\x22\xb9\
\x49\x57\x10\x3d\x20\xab\x12\xb4\xc7\x4a\x84\x31\xde\x5c\x84\xc3\
\x21\x27\x58\x05\x34\x42\x19\xec\x06\x8e\x00\x81\xb5\xed\x57\xa4\
\xc4\x93\x58\xfc\x67\x7c\xc3\x47\x2f\x8f\x91\xb2\x9c\x64\x03\xeb\
\x1e\x10\xa8\xfc\x2a\x1c\xce\x88\x04\x0a\x10\x92\x0a\x9e\xd0\x55\
\x50\x4f\x5d\xc7\x74\x59\xc1\x23\x02\x10\xcc\x10\xe8\x66\x86\x58\
\x4e\x82\xc1\xbe\xed\x59\xeb\x32\x10\x05\x32\xc9\xa9\x40\xb5\xf6\
\x54\x45\x24\xd9\x8a\x0b\xf3\x6a\x91\x59\x9f\x6c\x2c\xc8\x75\x2d\
\xb8\x83\xb6\xf7\x08\xed\x6e\xaf\xdd\xa9\x62\xb8\x5c\xab\x07\x43\
\x82\x1f\x02\x97\xfa\xe1\x30\x0f\x09\xbe\x68\x8d\x93\x09\x3f\x2e\
\x31\xa6\x77\xaa\x74\x22\x53\x39\xdb\x3d\x3e\xda\x6f\xbf\xaa\x88\
\x90\x7d\xcb\x68\x67\xa4\x3b\xca\x48\x05\xff\x25\xe5\x48\x8a\x92\
\x5e\xe6\xdb\x2b\xbf\xe9\x82\x1a\xe2\x16\x55\xd5\xe1\x02\xd4\xa1\
\xbc\x66\xf7\xa0\xed\x71\x09\xe2\xc9\x64\x38\x58\x93\x0b\xaf\xc4\
\x66\x46\xb6\xea\x3d\xb1\x2b\xc7\xa1\xeb\x82\xb5\x03\xe9\xa7\xb4\
\x7e\xeb\x1d\x49\xf4\x4d\xf7\xec\xb4\x73\x30\x97\x23\xa4\x0d\x63\
\x6f\xc8\xf6\x15\x30\x4b\xfc\x34\x26\x03\x8f\x27\xcb\x85\xf7\x04\
\x49\x3f\xd6\xe4\x1d\x8c\x43\x58\xdf\x3a\xb9\xc9\xb5\xd1\xcf\x5b\
\x55\xdd\x77\x5a\x47\x7b\x20\xe0\x08\xdf\x03\xe8\x00\xd4\x69\x1d\
\xf5\xce\xba\x6d\xf8\x13\x08\x87\x10\x39\xb9\x4b\x85\x7b\x9d\xc0\
\x9b\x30\x9c\x9a\x8a\x28\x57\x9b\x9b\xe4\xdf\x22\x2d\x97\x39\xec\
\xe7\x94\xae\x18\x89\xb7\xbb\x77\x84\x15\x77\xad\xae\xe0\x13\x9a\
\x85\x16\xf5\xa1\x42\xb1\xf2\x07\x14\xca\x49\xd3\xc0\x58\x3f\x75\
\xa3\x34\x0a\x41\x4e\x10\xee\x13\x0a\xc9\x39\x61\xbc\xcc\x10\x7c\
\x0d\xad\xf3\x0e\x69\x82\x74\xd2\x00\xb9\xdd\x98\xfc\x9c\xea\x92\
\x5b\x8c\x85\x17\xe7\x63\x17\x6a\x02\xd2\xe6\x95\x10\xe9\x2b\xe6\
\x1f\x72\x91\x18\x27\xb3\x53\x5f\x1a\x66\xd9\x62\x23\x22\xdd\x41\
\x0e\x98\x44\x48\x9a\x55\x55\xfe\x79\xc7\xfb\x7c\xbe\xba\xcf\x83\
\xfe\xeb\xe6\xe6\xfa\x10\x84\xf9\x7a\xc9\x24\x3e\x87\xae\x4f\x42\
\xc4\xd6\x53\xfa\xe5\xe2\x9d\x36\x9e\x34\x36\xe6\x76\x7c\xa0\x6f\
\x65\xd0\x69\xa3\xbc\xd5\x2a\xa1\x6b\x10\x3c\x20\x17\x34\xe3\x30\
\xb1\xa8\xfc\xf6\x5c\x0d\x12\xf4\x50\x42\xdc\x49\x0c\x57\x54\x64\
\x98\x23\x8e\xf8\x62\x81\xab\xae\x77\x8f\x2b\xa1\x4e\x54\x05\x07\
\x63\x09\x28\x8b\x51\xb0\x72\xef\x4d\x34\x0d\x48\x20\xd8\x8a\x46\
\x32\xad\x09\x68\x25\xa9\x07\x4a\x51\x63\x27\x68\xae\xcc\x0a\x34\
\xae\xa3\xce\x37\xb4\x36\x35\x82\x31\x08\x22\x1b\xef\x08\x6b\x25\
\x6a\x15\x82\x00\x75\x5f\xcb\xc1\x13\x9a\x72\x8b\x6a\xa5\x70\xb3\
\xe8\xc8\x37\xd9\xaa\x34\x72\x7e\x07\x85\x2d\xae\x9f\xec\xed\xeb\
\x17\xd1\xac\x42\x0d\x5c\x37\xac\xd8\x2e\x8d\xca\xb4\xc6\x6b\x3f\
\xa1\xc8\x38\xda\xfe\x0e\xe5\x19\x28\x86\xf4\x5f\xb4\x63\xaa\x37\
\x11\x3c\xa5\x95\x56\x7f\x17\x86\xb0\xf6\xf6\x7c\x41\x6c\x4b\x4a\
\x5a\x6e\x90\x73\xe8\xf3\xc7\x9c\xc4\x02\xd3\xf8\x89\x22\x32\x07\
\xd6\x94\x5e\xfb\x50\xba\xd2\x36\xaa\x58\x1b\x07\x50\x9c\xe6\x7a\
\xee\x10\xdc\x1c\x4a\x6c\x4d\xe6\x78\x74\x87\x2f\x85\x38\x20\xec\
\x6a\x08\x24\x54\xe7\x2a\xb4\x86\xb5\x9d\x0a\xc1\x42\xf7\x35\xe2\
\x2e\x1e\x98\xe6\x52\x3a\x32\x2b\xe4\xde\xaa\x16\xe0\x78\x4d\x6a\
\x88\x80\x95\xad\x5a\xff\x39\x55\xbb\xb6\x0e\xd3\x84\xd3\xe4\xad\
\x2e\x85\x87\x26\x20\xc7\x1e\x9e\xb2\x19\xd5\x3e\x85\x56\x11\x8b\
\xdf\x39\xe1\x72\x22\x86\x6b\xea\x95\xd0\x0f\x19\xac\x84\x6d\x89\
\x73\x74\xd9\xc4\xd4\x50\x99\xfb\x5b\xab\xbc\x6a\xe3\x72\x2d\x28\
\x6c\xba\xbb\xb7\xe9\x7b\x56\x8b\x07\xeb\x7a\x93\x74\x70\x6f\x3d\
\x2f\x1d\xdc\x4b\xc7\xeb\xee\xbe\x6a\x1d\x9d\xf5\x8e\x8f\x4b\xb4\
\x17\x95\xd4\x23\x77\x1a\x85\x51\xa5\x63\x9e\x30\xf6\x48\x0c\x36\
\xa1\x89\x39\xd0\x11\x06\xc6\x7e\x8c\xa3\x73\xea\xc5\x65\x4c\x39\
\xf5\xea\x62\xda\x0b\xc2\xd9\xe9\xa5\x5b\xab\xb9\x51\x0d\x1a\xfa\
\xd5\x67\x50\x6f\xb4\xc7\x59\xc1\x54\xf0\x32\xae\xd0\xa9\x18\x3d\
\x36\x77\x70\x1a\x31\xde\xae\x09\x4c\x11\x15\x05\x86\xbf\x29\x0e\
\x07\x27\xce\xe9\x44\x96\xec\x97\x4c\x16\x49\x1a\xf0\xc7\xf4\x92\
\xbc\xc5\x5a\x1e\xc0\xc9\x23\xce\xaf\xb2\x45\x13\xff\xe5\x42\xfd\
\xd1\xb5\xc7\x57\x62\x1c\xac\x9f\xf2\x03\xf5\x9e\x57\x8f\x3d\x29\
\x1e\x69\xbf\x49\x57\xe6\x64\xd7\x8a\x13\xf1\x2d\xfb\xce\x5b\x99\
\x46\xa3\x95\x9a\xb7\x12\x4c\x53\xfc\x27\xbd\xc2\xbf\x70\x2f\xae\
\x84\xe9\xc4\x9f\xae\x2c\xca\x18\xa7\x07\xbd\x36\x95\x18\xd8\x3d\
\x39\x39\x6b\x77\xcf\x2a\xa0\x18\x69\x0f\x94\xb6\xb5\x77\x83\x0b\
\xb2\xea\x16\x52\xa5\x68\x25\xdf\x2e\x49\xb0\xfb\xc5\x17\x0e\x9a\
\x02\x9a\xe0\x38\x45\x99\xdd\x4c\xbe\xfc\x05\x6b\xbd\xbe\xfe\x07\
\xdc\x56\xeb\xeb\xeb\x9a\xef\xd6\x38\xee\xa9\x04\x72\x91\x2e\x08\
\x6a\x63\xf6\xdd\xa4\x6d\x05\x81\xc7\x54\x8f\x82\x6b\x3b\x9d\x06\
\x75\xe4\xf2\x61\xba\xc3\xa3\x17\xb3\xa7\x10\x35\x5b\xfb\xdd\x5d\
\xad\xa5\x9a\x4a\x0d\x92\x78\xc6\xb5\xa1\xd9\xa7\x48\x6a\x87\x80\
\xf1\x19\x2d\xb4\xc2\xf2\x64\x75\x45\x9c\x6a\x19\xd0\xf8\x36\x03\
\xf4\x4b\xb0\x44\x8a\x09\xfa\x11\xb8\x5e\xb4\xe2\x8f\x22\xaa\xee\
\x80\xf1\x86\x28\x95\xe6\x23\x11\x1e\xfa\x51\xfd\x04\xcf\x88\xa5\
\x43\xcc\x1b\x48\xb3\xeb\x20\xc9\x30\xd3\xa6\xe6\xbd\xfe\xf8\x8f\
\xc1\x85\xfe\x60\xab\xe6\x75\x05\xcc\x40\x3e\x79\x02\x4f\xc3\x0e\
\x4c\x17\xe1\xba\xa3\xd3\x43\xac\x0d\xbc\x7b\xd6\x7b\x8d\x35\x24\
\x2b\x64\x6e\xbe\x55\xee\x3e\x65\x4c\x38\xd9\x05\x7a\xd2\x75\x46\
\x23\xe5\x0d\x48\xf4\xa6\x00\xad\x49\x30\x85\x09\x33\x82\x53\xed\
\x42\x10\xb2\xa0\xc9\x46\x2e\xfb\x8b\xf4\x34\xb6\xfa\x45\xb9\x77\
\x0d\xb8\xee\xb9\x52\x5e\x74\xba\xce\x0d\x2c\xe2\xc4\x24\x48\xa6\
\x8c\xf1\xaa\xa0\x39\xa5\x8a\xb9\x50\x9b\xcc\x80\x02\x04\xbc\xc1\
\xd1\xaf\x19\x1f\x19\x62\x4c\x21\x50\x19\xf6\xf8\xfa\x63\x32\xd3\
\x28\x83\xf5\xee\xc9\x29\xdf\x20\xa5\x24\xb2\x8a\x9a\xa2\x7c\x2b\
\x49\xec\x0a\xb1\x64\x34\x57\xb9\x89\x04\x1f\x9f\x51\xfb\xac\xf6\
\x76\x0e\x10\x0b\x70\x93\x64\xc7\xd4\x74\xf2\xf7\xc8\x35\x44\x98\
\x85\x9c\xc1\x97\x84\x74\x38\x8d\x75\x6d\x26\x7b\x8f\x19\x53\xdf\
\xa6\x8a\x2e\xe3\x62\x62\x24\x86\x95\xca\x9b\x62\x7a\x0b\x26\x57\
\x8e\x9d\x65\x39\xe1\xcb\xa8\x24\xa0\x21\xd7\x72\xd4\x15\x6d\x21\
\x44\xc2\x9f\x45\x04\xbb\xf1\xca\xd4\xf4\xc5\x4c\x0d\x31\x40\x87\
\x91\xe9\x15\xd3\x0e\x8d\x6d\x4a\x6a\xa6\xa1\xbd\x14\xf9\x4a\xb3\
\xd4\x1d\xec\x4a\x4f\x37\xb7\x0a\x56\xa5\x4d\x50\x30\xde\x06\x21\
\x0c\x69\xe9\xdb\x00\xde\x7e\x82\xf1\x6f\x97\x19\x5c\xc8\x46\xb0\
\xde\xb3\x74\x14\x5c\x7f\xfc\xfb\xc5\x38\x6b\xd0\xd7\xf0\x7e\x0d\
\x9a\xfb\x3a\x8c\x10\xaf\x77\x67\x91\xfd\x72\xfc\x72\xff\xb4\xbb\
\x8b\x81\xdc\x2d\x50\x15\x0f\xaa\xf3\x3a\xf2\x0d\x6f\x4d\x42\x8b\
\xfb\xe7\xb3\x94\x0a\x68\x63\x7d\xe1\x31\xa6\x5c\x24\x14\x45\xf8\
\xc0\x50\xc9\x87\x16\xb0\x3f\x3e\xe9\xb5\x0f\xdb\x3f\x12\x34\x35\
\xfe\x7f\xaf\xd3\x2c\x71\x6d\x75\xc5\x27\x51\xd6\xba\x28\x81\x13\
\x55\x52\xd7\xb1\xb9\xc2\xa1\x8e\x31\x02\x92\x56\x92\xbf\xe5\x90\
\x42\x62\x52\x5c\x2c\x98\x7f\x9a\x7e\x38\xa6\x32\xd3\xa8\x92\x4a\
\x3f\x0f\x2f\x8e\xa3\x27\x23\x99\x17\x38\xa7\xdd\x05\xe6\x6e\x37\
\x5f\x74\xf2\xbb\x6a\xda\x24\x2a\xee\x32\x77\x12\x57\x0e\x01\x76\
\x0b\x0a\x52\x6c\x52\x27\xac\x50\x37\x15\x2d\xad\x6d\xd9\xda\x01\
\x27\xe9\xf2\x52\x69\x83\x12\x23\x55\xd1\x2f\xd7\x49\xc3\xf8\x1c\
\x8f\x47\xe9\xff\x62\xb2\xff\x62\xb2\x5f\x9d\xc9\x84\x74\x88\x8a\
\xbd\x38\xa1\xb1\xf5\xa2\x74\x46\xb3\x10\x6a\xc9\x27\x37\xd9\x45\
\x1c\x3d\x22\xd1\xc5\x8d\xaa\xa0\x40\xdd\x05\xd0\x55\xdd\xac\x14\
\x33\x86\x98\xe0\x6c\x02\x09\x47\x4c\x11\x62\xdd\x1f\xb3\x37\x8b\
\x00\x02\xa4\x3d\x02\x13\x98\xd5\xb9\x9d\xe8\xf7\xa1\x79\xf7\xa0\
\xbd\x5b\x62\x2d\xaa\x22\x3a\x35\x5f\x94\xea\x5d\x50\xf0\x82\xdf\
\x0b\xb1\x27\xa0\x81\x8f\x91\xd6\x58\xd1\xc0\x72\x8a\x4b\x8d\x32\
\x89\x81\xa3\x97\x52\xfd\xbd\xf4\x57\x62\xf2\x37\xaf\xf7\x4a\x0c\
\x0d\x55\xf4\xc6\xd6\x8b\x92\x9b\xda\x3e\x54\x8c\x62\x27\x8f\x30\
\xe9\x5c\x66\x64\xf9\x2d\xa6\x90\x3f\x79\x4f\x98\x5a\x5a\x39\x93\
\x5a\x58\xe1\x59\xd1\x4b\x2e\x40\xc2\x0f\x01\xad\xd5\x71\x84\x4e\
\x52\x15\xe2\x5c\xa8\xe4\xa4\x32\x00\xdb\x62\x4d\xba\x1c\x76\xed\
\x1d\x48\x7b\xd0\x3c\x7a\x75\xda\x7c\x55\x61\xe8\xcd\x35\x9a\x47\
\x58\xb5\x9f\x4c\x7a\x26\x0a\x7e\x97\x72\x4e\xf0\x8a\x75\x95\xd4\
\x94\x2c\x29\x49\x84\x57\x23\x0b\xf1\xce\x41\x90\xa4\x2c\x1c\xda\
\xb9\xda\x82\x23\x97\x45\xae\xa2\xe3\x80\x2b\x97\xdb\x9b\xcf\x93\
\xf0\xd2\xf7\xb1\x92\x63\x33\xf1\xfb\xe1\x00\xff\x85\x01\x87\x7e\
\x54\xf3\x5e\x26\xfe\xfb\x70\xcc\xbf\xce\xc6\x23\xf4\xd5\xc3\xaf\
\xbb\x7e\x86\x37\x46\xac\x16\x83\x4e\xfa\x40\xff\x52\xef\x21\x40\
\x1d\x5b\x0b\xe0\xc3\x24\x86\x11\x53\xbb\xf7\xc1\xe0\x02\x2e\x05\
\x7e\x14\xa6\xf8\xef\x2c\xc3\x3f\x5b\xd1\x08\xcb\x77\x7b\xab\xa7\
\x11\x95\x6f\xed\x62\x3d\xa4\x74\x0d\xbe\x48\xb1\xe2\x0c\xb0\x62\
\xcd\xdb\xf7\x93\x34\xf4\x56\x4f\xd0\x22\xe7\x63\xed\xce\x7d\x4c\
\x90\xc7\x4e\xf6\x81\x01\xb0\x97\x57\x68\x03\x86\x77\xbc\x4a\x82\
\xe0\xb2\xe6\xbd\xc6\xd8\x02\xf8\x67\x16\xa9\xd1\xb6\x23\xbc\x80\
\xa6\xfc\x3b\x0c\x9c\x7e\xf9\xc6\x87\x65\xa6\xa1\xab\xdf\xea\x40\
\xf4\x55\xf5\x07\xfb\x77\xd4\x00\xc5\x58\x89\x43\xfb\x16\xb6\x37\
\x3e\xcf\xff\xd2\x33\xfc\x6b\xe5\x13\x07\x7e\x76\x45\xaf\x3c\x80\
\x06\x33\x9f\xe9\x7a\x88\x69\x98\x31\xff\x7e\x14\x27\xd7\xc1\x88\
\x7e\x95\x69\x7a\xab\x34\x6d\x78\xf8\x24\x1e\xd3\x64\x4f\x40\x25\
\x9b\x8d\x66\x34\xe0\x4e\x3c\x91\x5e\x3a\xb3\x94\xa7\xd5\x0d\x92\
\xbe\xfd\x4b\x7d\xf7\x26\x01\xfe\xc1\xb5\xec\x8e\xe3\x2b\xff\x92\
\xff\x05\xae\x81\x5f\xa6\xb2\x0a\xdd\xeb\x60\x48\xbf\xf4\x66\xc9\
\x25\xfd\x72\x7a\x99\x20\x2e\x91\xcf\x85\xef\xde\x84\x41\x46\x47\
\x41\x50\x69\xfc\x96\xe9\x36\x96\x8e\xbf\x5d\x3a\xa6\x3a\xae\xf5\
\xd7\xf0\x68\x7f\x36\xb8\x58\xfa\xd6\x76\x85\xa7\x43\x58\xda\xd0\
\xfb\xf8\x8f\xf3\xf3\x28\x88\x96\x7e\x84\xf3\x23\x7b\x9f\x21\xd4\
\x0a\x7d\x92\x2d\x7d\xfc\x5f\xf4\x4d\xa3\xd1\x58\xda\xff\xf8\x4f\
\x50\xc1\xea\x1e\x96\x35\xf2\x4e\x5e\x9f\xd4\x55\x59\x19\x02\x82\
\x09\xf1\x04\x97\x36\x5f\x7c\x31\xef\xbb\x75\xf4\x86\x55\x7d\x2f\
\x3a\x6e\xe5\xf7\xa8\xe6\xc8\x10\x76\x3f\xab\x6c\x45\x67\x78\xe5\
\xb7\x78\x00\x94\x7d\x29\x1f\xa9\x7f\x61\xa3\x66\xf1\x65\x4c\xde\
\x2e\x60\x7c\x90\x1b\x41\x92\x2d\xbd\x89\x8d\x8d\x3a\x48\xde\x07\
\xb3\x51\xa6\x0b\xec\x2c\xbd\x0a\x52\x7f\x02\x7f\x7f\x4b\xe5\x68\
\xa3\x0b\xe8\x17\xcb\x71\x86\xc1\x22\x62\x0f\xeb\x55\xe3\xa1\x48\
\x46\xd6\x93\xe6\x51\xab\xe4\x10\x25\xbb\x95\xbe\x5e\xf7\x3a\xad\
\xd6\x9b\x76\xeb\x6d\xfe\x92\x8f\x62\xa6\xd8\x9b\x0a\x62\x73\x6b\
\x22\x21\x53\x19\xa4\x85\xc8\xbf\x0a\x47\x2c\xce\x70\xc3\x91\x1d\
\x85\x6b\xe8\xca\xf5\x3e\x09\x47\x17\x98\x92\x80\x3e\x79\xf4\xdf\
\xe8\x4a\xc0\xb0\xcb\x81\xcf\x81\x71\xa7\x63\xff\x46\x6a\xd3\x80\
\xe0\x23\x23\xaa\x34\x1a\x70\x14\xb3\xae\xba\x3c\xf1\x43\x05\xde\
\x90\xc2\x1a\x60\x71\x15\x4c\x87\x45\xe0\x65\x9d\xb4\x83\x81\xde\
\x28\x2f\x1b\xf0\xc6\x24\x0e\x87\x8d\x41\x3c\x59\x27\x5b\x2a\x79\
\x27\xe0\x04\x9a\x47\x0d\xae\xef\x62\xe2\xf7\x9c\xea\xf6\xbf\xb1\
\x91\xe3\xa4\x79\xd2\xea\x9c\xf5\x7e\x38\xa9\x38\xe0\xcc\xf7\xf3\
\x02\x32\xa7\x3e\x1e\x26\xa8\xf0\x69\x65\x47\xb9\x84\xf9\xb0\x09\
\xd9\x62\x56\x71\xc8\xf8\xdb\xde\xea\xd6\xe6\x86\xf7\xce\xdb\xfa\
\xcb\x9f\xbd\xc9\x04\x44\x1b\x48\x00\xc4\x6f\x5b\x7d\xde\x78\x0a\
\x1f\x6f\x6e\xa2\x77\xea\x82\x24\xe6\x38\x18\x01\x8b\xa8\x2f\xb6\
\xd5\x17\x24\x94\xa4\x7c\x23\xe8\x0f\xab\x7f\x6e\x6c\x51\x83\x0d\
\x68\x27\x4d\x2a\x05\x95\xbf\xfd\x09\xc0\x69\x4e\xf6\xf6\xcf\x5e\
\x03\x1d\x3b\xf3\x61\x51\xdc\x66\x65\xc6\x33\x6c\xc5\xf0\x89\x8a\
\xd6\x46\x6d\x10\x0c\x19\x5f\x69\x99\x58\x57\xd6\x04\x50\xa3\x03\
\x78\x95\x4d\xad\xd3\x74\x6b\x3a\x3c\x47\x1d\x4f\xd5\x78\x90\x98\
\x1d\x6c\x23\x79\x9c\xac\x3d\x90\xbb\x10\x36\xd0\x65\xea\xad\x9a\
\x32\x2f\x99\x9b\xf2\xb0\x66\x57\x3d\xa5\xd2\xd6\x7a\x77\xa4\xe2\
\x0d\x41\x57\x0c\x5b\xcd\x45\x13\x49\x67\x21\x07\x2d\xe0\x40\x63\
\xae\xf3\x4d\x65\xea\x08\xeb\x58\xc2\x47\x71\x38\x18\xcd\xc3\xdc\
\xf3\x18\x1b\xe5\xde\xeb\x07\x4b\x72\x78\xbc\xc7\xcf\x57\x2f\x9f\
\xdd\xea\x56\xd3\xa7\x03\xea\x6b\xaa\xd9\x68\xc0\xa6\x84\x6f\x52\
\x70\xf0\x8f\x25\x99\x83\xfd\xe4\x06\xa1\x54\xfc\x4b\x0a\x4a\x46\
\x77\xa8\x7c\xfd\x7b\x6f\xda\xda\x77\xa7\x02\x8f\xa9\x3b\xbe\xa6\
\x3d\x2e\xae\xac\x4c\xfe\x3e\x81\xb6\x8a\x6e\x88\x42\xf5\xa6\xd9\
\x41\x5c\xae\xfd\x76\x09\x99\x7b\xda\xc6\xa2\xc5\xf7\x65\x60\x85\
\x89\x16\xa0\xaa\x10\x9e\x9a\xc8\xd8\xa0\x96\x5c\x1a\x33\xa1\x3b\
\x2b\x23\x6f\x68\x74\x13\x41\xdd\x10\x96\x67\x3f\x78\xf9\xb0\x4c\
\xc6\x1b\x48\xb9\xf3\xd9\x18\x13\x04\x4c\x08\x7f\xc9\x1b\x4d\xed\
\x3e\x25\x12\x29\x81\x48\xaf\x33\x28\x7b\x9f\x67\xba\xf8\x4a\xc0\
\x58\x45\x14\xa6\xf1\x79\x6a\x26\x77\x17\xb4\x95\x47\x58\x0a\x98\
\x6b\xaf\x57\x72\xa3\xcc\x71\x3a\x37\xab\x12\x54\x45\x5e\xd3\x77\
\xb1\x28\x1c\x04\x5c\xf7\x49\x60\x34\x38\xcd\x42\x8e\x18\x03\x64\
\xea\x7b\x17\x33\x04\xa8\x49\x04\xb0\x3c\x47\x7b\x71\x6d\x5e\xe3\
\x1d\x07\x5d\x6d\x18\xc9\x41\x20\xe7\x0c\xc4\x8d\xe2\x31\xe6\xfa\
\xcf\x98\x2d\xc8\x02\x88\x02\x60\x50\x7d\x90\xa4\x2f\x83\x9b\x96\
\x2b\xc9\x66\xa3\x58\xce\x99\xca\x04\xf1\x2c\x08\xc3\x51\x60\xfa\
\xa9\xad\x8b\xca\x49\xb2\x53\x2d\xfd\x63\x09\xb3\x87\x2c\x33\x5c\
\x5a\x7b\xa7\x87\x07\xb7\x44\x9d\x14\x9a\x3d\x38\xf4\xe4\x04\x2e\
\x87\xd9\xe9\x64\x7c\xdf\xf8\x93\x29\x3e\x3f\x9b\x8c\xef\x13\x84\
\xa2\x66\x73\xb6\xbb\xbf\x40\x98\x31\x8f\x14\x21\x1d\x32\x8b\x12\
\xfa\xd9\xf9\xc1\xc5\x15\x71\xc5\xaa\xcf\xbb\x0e\xb8\x7d\xb4\x7b\
\x70\xba\xd7\xba\x3d\x18\xd1\x1d\xb4\x09\xdf\x47\xb3\x8b\x14\xb6\
\x0b\xf0\x3a\x20\x1a\x02\x2f\x82\x03\x7f\x85\xcf\xfd\x41\xa1\x97\
\xeb\x32\xc4\x8c\x7b\xa2\x7a\xe7\x30\x84\xbb\x4e\xe2\x9b\x66\xe7\
\xae\x13\x28\x3c\xbb\x40\xdc\x24\x59\x98\xd8\x62\xf4\x33\x1a\xa4\
\x07\x84\x03\x27\x20\x6b\x8a\x7d\x1a\x3f\xfb\x52\x0b\x3e\x4e\x94\
\xb9\x09\xff\x54\x68\x5b\xfa\x6b\x3b\xf3\x2c\x17\x51\x29\xa5\xac\
\xd3\x14\x18\x75\x68\x68\x23\x11\x74\x8c\x6e\x91\x28\xfc\x5e\x09\
\x00\xf0\x49\x43\xb3\xdc\xe6\x59\x30\x5d\x30\xae\x11\xbd\xf9\xca\
\xfd\x8c\xf1\x1f\x3f\x31\x6e\xc6\xc4\xaa\x12\x2b\xa5\xbc\x28\x67\
\x90\x64\xa0\x42\xa3\xcf\x1b\x25\x55\x8c\xbb\x04\xf6\x2d\xba\x92\
\x04\xc0\x09\x97\xb9\x0a\xe0\x77\xf3\xfd\xa2\x62\xc2\xc6\x1d\xd5\
\xa2\x40\x55\x57\xb0\x8a\x83\x1b\xa2\xc5\x5c\x3c\x41\xb0\x89\x56\
\xad\x4b\x1b\xb6\xab\xef\xe9\x32\x3f\xe7\x7c\x8b\x1b\x0d\x06\xa2\
\xdb\xfa\xc9\x68\xc6\x41\x09\x4e\xfd\x5c\x5f\xbb\x62\x24\xc1\x44\
\xbe\xc6\x93\x69\x47\xd0\xd7\x18\x5a\xf8\x2b\x1a\x58\xc8\x02\x29\
\xc2\x09\xa1\x1d\x7c\x4d\x07\x9a\x59\x5f\x0b\x46\x92\xb7\xf2\xd5\
\x0a\x4d\x49\x7b\x74\x56\xbe\xda\x5c\xb1\xb8\x86\x60\x16\xb0\x46\
\x0f\xd5\x70\x15\x72\x58\xfd\x90\xd6\xc6\x45\x46\xf1\x68\x63\xba\
\x60\x04\xee\x67\xf4\x27\x17\x94\x1c\xcc\x92\x94\x23\x1b\x18\xd1\
\x95\x12\x61\x98\x6e\x3b\x5f\x61\x11\x49\x58\x79\x13\xe6\xa3\xe6\
\x67\xbe\x59\x40\xb3\x78\x2c\xbc\x54\x78\xfa\x9b\xd6\x6e\xaf\x2a\
\xc8\xeb\x10\x78\xfc\x0d\x96\x11\x8e\x86\x08\x9b\x3b\x84\xd3\x03\
\x46\xd2\xf3\x47\xa9\x77\xf9\xf1\x1f\x51\x14\xa0\xe5\x20\xf2\x0e\
\x02\xa9\x32\x4c\xb8\xba\x21\x7e\xac\x70\x2f\xe1\xd7\xe6\xec\x9c\
\xaa\x04\x63\x94\x2b\x9a\x5a\x86\x70\xe1\x96\xa8\x08\x36\xda\xe0\
\x13\x89\xd7\x1e\x06\xc1\x32\x2d\xcb\x18\x01\xc8\x73\xb8\xbc\xb0\
\xfc\x97\x20\x90\x10\xe9\x17\x6e\x1f\x98\xe9\xf4\x65\x3f\xf9\x7a\
\x79\x0f\x47\x94\x78\x3d\x04\xaf\xba\x0e\x93\xa1\xe7\x4f\xbc\x66\
\x74\xee\xc3\x60\x7f\x0e\xb8\x93\x81\xd5\x4b\x5a\xef\x06\xa4\xd1\
\xc1\x02\x06\x7d\xbc\xd4\x66\x8d\x65\x20\xd3\x72\x0b\x75\x18\x8a\
\x9e\x02\x7d\x80\xe7\x19\x79\x2b\xad\x30\x7a\x1f\x80\xd0\x49\x56\
\xea\xf4\x06\x50\x89\x2e\x67\x84\x1b\x0a\x3b\xe5\xe3\x3f\x46\x63\
\xb4\x1b\xbf\x9f\x79\xaf\xfd\x31\xda\x83\x97\x89\x68\x77\x21\x7b\
\x7b\xb7\x32\x3f\x97\xa4\xad\xd5\x8c\x96\x5d\x21\x7b\xe8\x73\x0d\
\xa4\xd0\xc0\x02\x47\xcd\x1f\xda\x70\xa3\x4b\x35\x64\x16\xdf\x10\
\xd5\x39\xae\xad\x38\x55\x95\xb5\xc6\x18\xb0\x92\x55\x16\xd3\xba\
\xcb\x34\x0f\x8e\x5f\x1d\x97\x33\x97\x50\x1a\x38\xca\xbb\xf4\x23\
\x2a\x18\xed\x51\xa4\x4c\x81\x53\x30\x6b\x17\xd7\x2c\x52\xeb\xcf\
\x6b\xef\xb5\x61\xfe\xf5\x97\xe1\x78\x58\xdf\x23\xb3\x25\x71\x41\
\x71\xe5\xbd\x0b\x58\xcb\xd9\x28\x40\x38\x68\x58\xf3\x3d\xe8\xf9\
\x55\xf2\xf1\x1f\x1f\xff\x23\x88\xea\x07\x21\xf2\xed\x38\x0c\x46\
\x18\x0e\x18\x22\x22\x0a\x46\xba\x05\x51\xea\x3d\x7d\xea\x9d\xc0\
\xbd\x64\xec\xbd\x4c\x90\x71\x6a\xb8\xeb\x71\xd0\xcb\x14\x09\x04\
\xec\x2d\x5f\x00\x6b\x8c\x81\x07\x04\x76\x7a\xc4\x3d\x63\x78\x74\
\xea\x6d\x6d\x6c\x48\x1f\x29\xcc\x4e\xd8\x16\x28\xfe\x0a\x31\xca\
\xb1\xf0\x1c\x30\x14\x4e\x94\xa6\x8d\xc5\xb9\xe1\x77\xb1\x1d\xd6\
\xdf\x90\x35\x71\x70\x11\x85\x0b\x26\x49\x28\x8a\x97\x23\x1f\xe7\
\x28\x8e\x1c\x4f\x85\x5f\x2e\x12\x38\x47\x69\xe4\xbc\x79\x4f\xc4\
\xcd\x06\x67\x24\x30\x38\x56\x0b\xb7\x84\x40\x40\x56\xc2\xb7\x88\
\xf0\x91\xd2\xfe\x5d\xe6\x66\x56\x13\x2c\x0d\xfe\xf6\xe3\x3f\x12\
\x8c\x60\xf5\x56\xf1\x79\x98\x17\x6c\xcb\x8f\xff\xbc\x48\xe0\xfb\
\xf4\x3d\x19\x4e\x23\x7b\x1b\x12\x71\x60\x53\xfd\x13\x6d\xa4\x6b\
\x3c\x8e\xe5\x23\x10\xf2\x11\x6e\x30\x5a\x78\x26\x5d\x37\x3e\xc7\
\x5e\x89\xd0\x74\xfd\x0e\x28\xfc\x4e\x73\x07\x4c\xaa\x66\x98\xe0\
\x88\xb0\x42\x0a\xbc\x34\x4b\x49\x6e\xb5\xa3\x0b\x1f\x61\x44\x83\
\x74\x59\xbe\x0a\xea\xbd\x90\x04\xd0\x15\xcf\x46\xc9\x87\x3d\xe8\
\xcb\x0e\x6f\x24\xda\xad\x1c\x5a\x01\x5e\x2b\x77\xdf\xfd\x47\xa7\
\x87\x2f\xcb\x0a\x5d\xe1\xcb\xa0\x9d\xdb\x0c\x5b\x99\x7d\x32\xf4\
\x89\x2a\xd1\x0c\x2d\xf3\xbc\x21\x80\x37\x27\x9e\x35\x20\xaf\x13\
\x5c\x85\x94\xb5\x5e\x3f\x9a\x4d\x26\x48\x34\x78\x06\xe6\xc5\xc4\
\x94\xed\x43\xbd\x21\xd3\x23\xb5\x9a\x68\x97\xbe\x02\x8e\xc4\x45\
\xbc\x08\xc7\xe7\x49\x40\x15\x17\xb1\xd7\x3a\xbc\x2e\x81\x2b\x1f\
\xbc\x3a\x42\x7c\xbd\x00\x9e\x5b\x79\xc3\xd6\xac\xfa\xae\x44\x29\
\x76\x29\xe8\x31\xf0\x56\xdf\xec\x76\xd7\x56\xa0\x5f\x7b\x80\x70\
\x91\x5a\x88\x3a\x3f\xf4\x5e\x1f\x1f\x9d\xed\x1d\xef\x22\x32\xe4\
\xd1\xab\x22\x7d\x5e\x9a\xd4\x16\x89\x6c\x40\x1c\x27\xb2\x17\xb0\
\x4a\x2d\x16\x67\x09\x37\x48\x02\x73\xa9\x25\x94\x43\x0b\xcf\xf8\
\xf3\xb4\xb4\x7c\x9b\x94\xee\x66\x2d\xf3\xa5\x41\x3f\xcf\x8f\x8d\
\x2f\xa7\x1c\x47\x38\xb7\x43\x53\xcc\x42\x83\x0b\xbb\x76\x6f\x3d\
\x83\xdc\x45\x8b\x14\xfb\xd4\x32\xb9\x9b\xa0\xd6\x12\x38\xb4\x6a\
\x0c\xba\x43\x39\xae\x02\xef\x2d\xb0\x2f\x5e\xa5\xa3\xe1\xce\xd2\
\x8f\xb3\xe4\xe3\x3f\x07\x97\x4b\xc2\x32\xea\x5f\x14\xfd\xea\x77\
\x54\xb4\xd4\xef\xef\x67\x29\x46\x2a\xc2\xf9\x0a\xda\x52\x34\x52\
\x1f\xeb\x10\x7c\xe4\xa1\xf6\xde\xd2\x2b\xda\x88\xdd\x90\xce\xd9\
\x70\x84\x25\x95\xb4\x47\x14\xbe\xf8\xf8\x4f\x8c\x9c\x75\x65\x7b\
\x8d\xfe\xc6\x47\x86\x72\xea\xb3\xfb\x65\x01\x7e\xf9\x6e\xf7\x75\
\xc5\xdd\x51\xd4\xc0\xef\x5e\xbf\x82\x13\x68\xb7\xd9\xb3\x31\xf8\
\xd5\x0d\x8b\xaf\x35\xaa\x8f\xdb\x60\x6a\x4d\x41\x13\x59\x36\x06\
\x54\xc1\x65\x6b\xfc\x0d\x76\x0a\x17\x24\xe9\xa9\x4b\x8f\xb9\xc7\
\x51\x32\x55\x35\xf6\xce\x79\x3c\x1e\x06\x8b\xe8\x7d\xda\xd4\xf0\
\xdd\xeb\x93\x7b\x58\x4d\x6d\x52\x94\x5f\x19\x0a\xc4\x9a\x43\x0d\
\x1d\x0e\xb0\xaa\x22\x13\x54\x60\x02\x6a\x21\xaa\x72\x38\xd1\x6b\
\x0d\x09\xf6\x5d\x06\xbb\xe3\x6f\x17\xc1\x78\x2a\xd7\x9f\x98\x2b\
\x69\x60\x5a\x13\x27\x7f\xb8\xd1\x1b\x09\xc5\x48\x63\x29\x0a\xf7\
\x21\x15\x83\x6d\xcc\x8a\x8d\xbf\x5d\x4c\x85\xf8\xbf\x3e\x09\x4f\
\xce\x76\x4f\xbb\x54\xb6\xa5\xd7\xea\x9c\x35\x7b\xbd\x2a\x63\x4d\
\x69\xd3\x92\x3c\x60\x75\xdf\xc1\xdf\x41\x4c\x25\x61\x7f\x96\x19\
\x93\xea\x60\x96\x66\x70\xe9\x80\xd9\x51\x09\x9d\x18\x5d\x73\x16\
\x3e\x99\x1d\x6d\x30\xe5\x50\x69\xb4\xcd\x7c\x97\x79\xaf\x81\x66\
\xfa\x28\x5f\xf7\x76\xb9\x9f\x7d\xea\xe7\x4e\xd6\xcb\xc7\x21\x54\
\xb9\x4a\xa2\xf7\x68\xb1\xb1\x65\x04\xa4\xbb\x7d\x2e\xd8\x5f\x76\
\xa1\xff\xff\x35\x81\x70\x9e\xdd\x93\x66\x59\x2c\x9a\xe2\x20\xdd\
\xa4\x84\x73\x74\xf4\x97\x4a\x6b\xb8\xb6\x22\x9e\x70\x03\xe6\x67\
\x59\x80\xb7\x5b\x98\x3a\x47\xea\x55\xd5\x27\x4d\x9c\x8c\x1a\x52\
\x7f\xb2\x21\x0f\xde\xc1\x78\x7a\x7f\x22\x76\x51\x4b\x5a\x6c\x3b\
\x16\x9a\x2e\xbe\x1d\xc9\x92\x23\x01\x68\x9f\xa7\x8a\xdd\x54\x65\
\x09\x42\x3f\x46\xa7\x40\x91\x72\xcc\x50\x5e\x53\x77\xf5\x69\x58\
\xeb\x4d\xbb\xd3\x3b\x6d\x1e\x9c\xed\x1f\x1f\x54\x96\x53\x2d\xb6\
\xfb\x6d\x99\xec\x4d\x98\x64\x08\x34\xb2\x4f\xe7\xe1\x9c\x94\x03\
\xd0\x7d\x7e\x7d\xd6\xea\x9d\x61\xc2\x68\x85\x69\x44\x09\x2e\xab\
\x51\x49\xe9\x8c\xac\x90\xbe\x48\xbe\x77\xd0\x49\x55\x1d\xf2\x84\
\x7c\xb8\x70\xaf\x5f\xcd\x17\x94\x1d\xc6\x19\x86\xc8\x22\xcc\x1c\
\x31\x58\x72\xe9\x11\xba\xe9\x60\xec\x0b\x2d\xf1\xb3\x35\x16\x82\
\xdf\x65\x75\x86\x14\x57\x89\x69\x0a\x20\xb2\x98\x0d\xe7\xd6\x0e\
\xa2\x49\xa8\x87\xc5\x83\x42\x00\x36\xc6\xbb\x9c\x04\xa3\x19\xda\
\xf4\xf2\xef\x48\x31\x59\x73\xa6\xd2\xc4\x25\xbe\x43\x25\x38\x79\
\x3f\xf1\xab\x95\x2d\x94\xb2\x85\x4b\x86\x53\x0d\x2b\xb0\x60\x68\
\xef\x77\xa7\xed\xaa\x7a\xe8\xf4\x55\x99\x16\x93\xcd\x12\xac\x46\
\xbb\x1e\x9f\x8b\xdb\x52\x42\xc0\x8c\xcd\xd3\xe8\x16\x59\x6c\xaa\
\xf4\x8a\xba\x66\xd7\xf3\x03\x6a\xf2\x6b\xf2\x0b\x8f\xe6\x98\x09\
\xd0\xc2\xe6\x4a\xfd\x1e\xb2\x41\x9e\x9f\xdf\x12\x72\xfa\x32\x20\
\xb3\xda\x22\x54\xe8\xb4\x76\x4f\x3b\xdd\xf6\x9b\x8a\x83\x44\x7f\
\x3d\x4f\xa7\x83\x7d\x4d\xae\x38\x34\xaf\x62\xca\xf9\xac\x6f\x7b\
\x8d\x8c\x91\xdf\xf1\x58\x70\x22\x19\xfb\x2d\x80\xe7\xae\x61\x50\
\x0f\x0f\xa4\xed\xb4\xf6\x5b\x9d\xd6\xd1\x6e\x6b\xef\xec\xe5\x0f\
\x08\xd4\x58\xa1\xb1\xca\x26\x2c\x6f\x5e\xb5\x1d\x75\xf9\x19\xab\
\xee\x8c\x54\xa2\xb1\x63\x40\x71\x7e\x58\x6f\x81\x20\xec\x54\xfc\
\x04\x21\x18\x18\x4f\x23\x1e\x15\xaa\xee\xc6\xa3\xcc\xb7\x4b\x45\
\x78\xce\xba\xc7\xa7\x9d\x32\x9d\x20\x3f\x5f\xa7\x79\x45\xe5\x1e\
\xfe\xf2\xec\x65\xe7\xf8\x6d\x57\xe4\x7b\x09\x51\xb0\xdb\x8b\x9b\
\x69\x90\x70\x6c\x09\xd9\xb9\xcd\xf4\xe1\xfe\x6f\xbd\x53\x13\x18\
\xbb\xaf\xa0\xfd\x98\xc2\xb3\x39\x9e\x3f\xc4\x40\x60\xbe\xf4\x38\
\x45\xcc\x8e\x91\xdb\xae\x43\x36\x8d\xdf\x14\x1b\xdf\xe9\x82\x7b\
\x37\x2a\x2f\xce\x52\xdd\x7b\xf1\x93\x22\x5d\x9e\xa3\x88\xcf\x42\
\xc2\xca\x42\x2f\xd4\xba\x89\xcb\x42\xc0\x68\xf5\xd0\xe3\xb3\xd7\
\x49\xab\x59\x69\xe4\xd7\x33\x36\x8d\x6e\x0d\x95\x11\x14\xe9\xf2\
\x23\x86\x4f\x24\x4e\xa2\x41\x61\xa2\xe7\x65\x39\x90\xca\x92\xa5\
\x55\xe5\x34\x18\x50\x3f\x86\x7b\x24\xd5\x79\x3e\x3d\xda\x3b\xde\
\x3d\x3b\x6c\xa1\x0d\x8c\x19\x9a\x46\x28\x9f\x9c\xed\xb5\xba\xbb\
\xe2\x46\x75\x8e\xb4\xc2\xa0\x4c\xee\x83\xc1\x3e\xa3\x7c\x7a\xca\
\x6e\x9c\x43\xe4\x3b\xb0\xd7\x77\x67\xbd\x0e\x28\xea\xcd\x97\xed\
\x83\x76\xef\x87\xb3\xf6\xd1\x7e\x89\xd9\x9b\xc5\x71\x49\x53\x16\
\xcd\xaa\x1c\x2c\x46\x42\x24\xa0\x74\xf9\x0c\xeb\xec\xe8\x50\xda\
\x1a\x14\xab\x72\x59\x16\x8c\x26\xc5\x7b\xad\xba\x85\x4a\x2c\x34\
\xa9\x9f\xac\xc6\x6e\x16\xbb\x94\xd9\xd2\xc6\xae\xa3\x63\x26\x99\
\x42\x1d\x27\xb5\xaa\x6a\x48\xfe\x38\x8b\x47\x74\x7c\xb8\x9d\x9c\
\x1e\x75\x61\xf3\x74\xf7\xdb\x2d\x2e\x1a\xc8\x5d\xe2\xe8\x2d\x47\
\x9f\x33\x7e\x7d\x04\x4f\xc2\x54\xc2\xce\x52\x78\x47\x4a\xfa\x28\
\x1b\x51\xd0\xe4\x90\x5d\x24\xf1\x6c\x74\x21\xc6\x34\xd2\x31\x76\
\xbc\x9f\x4c\xcb\x35\x4c\x57\x26\x5f\xa4\x64\x3c\x9b\x11\xbd\x69\
\x75\xda\x0f\x1b\xd0\x55\x90\x84\x0b\x8d\x47\x37\x5c\x23\x24\x80\
\x4c\x01\x63\x58\xb9\x2d\x0e\xe0\x85\x35\x1a\xda\x02\x2c\x46\x31\
\x24\x77\x8a\x6a\x95\xa0\xe3\x94\xc7\x6d\xd2\x2e\x45\xfe\x2f\xd0\
\x1c\x77\x4d\x6e\xda\x95\xd1\x97\x77\x8b\x78\x01\x46\x3e\x6d\x77\
\x5a\x87\xad\xa3\x5e\xf7\x3e\xfe\xc7\x4e\xab\x7b\x7c\xf0\x06\x77\
\x39\x5e\x73\x11\xf2\xa6\xd3\x3c\xac\x0a\xc7\x44\x94\xb7\x71\x79\
\x60\x93\xb6\x06\x00\x9b\x47\xf8\xc7\x90\xd2\xbe\x27\x01\xd5\x19\
\x8f\x08\x9d\x01\xf4\xe6\xc4\x4d\x89\xd1\x51\xcf\x3a\xd0\xc2\x2d\
\x9e\x6a\x1c\xbf\x64\x05\x56\xc4\x2a\xbc\x81\x4a\x30\x61\x30\x8d\
\xfa\x66\xc1\x32\xf1\x8b\x93\xa9\xb7\x6f\x81\xf1\x57\x98\x3b\x31\
\x99\x4a\xb9\x5d\xad\x18\xbc\x92\x02\xe9\x4a\x46\xc3\xa9\xde\xdb\
\xd7\xc7\x13\x70\xe8\x0d\x1c\xb6\x84\x28\x6e\xb9\xf1\x8d\x61\xbb\
\x18\x43\x83\x70\xae\x59\x00\xe2\x94\xf2\xc5\x4d\x35\x03\x0d\xc6\
\xd7\xb7\x35\x69\x16\x40\x62\x21\xf0\xea\x20\xb7\xb2\x73\xf3\xd4\
\xfe\x1d\xcd\x77\x38\xf4\xfb\x70\x1c\x93\xb2\xd3\x24\x2a\x56\x98\
\x0a\x72\x8d\x16\x8d\x9e\x80\xb9\x24\xbe\xc2\x54\x42\x3b\x25\xa9\
\xd3\xa2\xf3\xb0\x8a\xcc\xb9\x46\x46\x97\x1e\xa0\x07\x50\xd7\xb3\
\xc4\xf7\x4a\xd9\xb8\xa2\xcb\xd5\xc5\x59\x96\xee\xf4\x99\x46\xdd\
\xf8\x69\x3d\x4c\x5f\xe0\xf7\x49\x20\x98\x1f\xc6\x0d\x41\x60\xa5\
\xc9\x25\x05\xab\x58\x50\x5b\x9f\x82\xe0\x0b\x44\x5a\xbb\xcd\xaa\
\x02\x18\x71\x0c\xc5\x38\x6b\x27\x38\x5a\x6b\xb1\x40\xa2\x60\x3c\
\x94\x12\x43\xf8\xe0\xef\x26\x90\xfa\x6d\x9c\x50\x28\x12\xa7\x2a\
\x13\x93\xd0\x47\xaa\x90\xc3\x38\x90\xf0\x4a\x55\x0b\x46\x60\x7f\
\xb2\x0b\x04\x75\x51\xd3\x12\x6d\x09\x9f\x3c\x81\x11\xae\x52\xb0\
\xea\x9a\xc1\x14\xc3\x42\x5a\x72\x91\xe3\xc7\x69\xb6\x8f\x14\x5c\
\xfc\x00\x66\x98\x57\xc9\xd2\xda\x00\xb7\x56\xb2\x14\xd9\xf5\x89\
\x0a\x59\xce\xab\x3c\x09\x72\xec\xd3\x90\x8e\x6a\x29\x76\x5f\xb7\
\x5a\xbd\x8a\x33\xe0\x00\x91\x60\xa8\x8f\xf4\x22\x08\x32\xeb\x04\
\x53\x77\x3a\x92\xb2\x77\x16\xf4\x35\x4f\x00\x98\xd2\x80\x8c\x01\
\x78\x7a\xa4\x58\x33\x86\x54\x24\x46\xb9\x21\x95\x53\x21\xad\x4f\
\x93\xf8\x8a\xb1\xdc\x08\x5a\x92\x9a\xd5\xb4\x06\x65\x0f\xcb\x52\
\xde\x33\xaa\x1a\xef\x70\xa6\x55\x1a\x59\xdb\x5a\x57\xd4\x55\x84\
\x6a\x90\xaf\x88\x19\xc2\xe8\xa2\x18\xed\x01\x0a\x94\x1d\x80\x6f\
\xe9\x58\x52\x7a\x8f\xe9\x43\x2b\xa4\xba\x8b\xb0\x07\x2c\xb9\x33\
\x4b\xef\x66\xa4\x2d\x5b\xd1\x16\x49\x8e\xf1\x78\x16\x61\xd7\xfe\
\xec\xdc\x89\x1f\x08\xbc\xf7\xec\x7a\x85\x67\xde\x07\xd1\xbf\x2e\
\x35\xad\x06\xee\x77\xf4\xd5\xdb\x20\xb9\x44\x37\xbc\xd5\xa5\xdb\
\xa8\x83\xc7\x0a\x05\x29\xed\x73\x5d\x9a\x55\x18\xd4\x1a\xa6\xad\
\x51\xd4\x05\xb4\x50\xb3\xf4\xcd\x47\x0b\x70\x5d\xb7\xd5\xec\xec\
\xbe\xde\x6b\xf6\x9a\xf3\x02\x74\xbb\xad\x0e\x68\x97\x67\x2f\x9b\
\x5d\xd0\xe1\xf8\x11\x92\x43\xa8\xb3\x74\x8e\x9a\x07\xfa\x33\xac\
\x92\x88\x7a\xad\x55\xb4\x0e\x0b\x27\x61\x45\x6a\x0c\x39\x27\xc3\
\x92\x37\xf4\x33\xdf\xca\xb3\x65\xa0\x24\x1d\xb2\x4b\x8d\x09\xb2\
\xff\xa6\x04\x91\x4d\xc7\x4e\xe5\x06\xce\x1a\xf7\x85\xed\xbd\x0d\
\x5d\x3d\x45\x3b\x6b\x2b\x8b\x67\xf3\xf0\x70\x74\x8d\x77\x93\xf1\
\xed\x3b\x9e\x87\xd0\x3a\x7a\xd5\x3e\x6a\xdd\xc3\xfe\x6c\x3f\x5e\
\x41\x77\x33\x51\x79\x4b\xae\x26\x60\x55\x1c\xab\x10\xba\x1f\xbf\
\xd3\x91\xa7\xd6\xa9\xc7\x27\x26\x85\xee\x8f\x29\x6d\x4f\x9a\x07\
\xd1\x48\xd0\x79\x53\x1b\x71\x94\xc2\x29\x34\xca\xa5\xa8\x36\x54\
\x89\x84\x02\x2f\x11\x65\x6c\x88\xd1\x27\x74\x08\xe2\xfd\xd0\x28\
\x32\xd6\xbd\x94\x3a\x40\x37\xaf\xb7\xea\x64\xd1\xbd\x6e\x1d\x9c\
\x78\x6b\x35\x74\x16\xe4\xbe\x45\xab\xfe\x1a\x21\xfd\xe2\x29\x10\
\xa0\x39\x5a\x7f\x87\x11\x1a\xad\x9e\xb7\x26\xaa\x10\xe1\x7f\x49\
\x71\x2d\x35\x1b\x6d\x95\x48\x63\x4f\x90\xbd\x02\x35\xfa\xec\x66\
\x2a\xd5\xb7\x08\x28\xc4\x46\x64\x65\xc4\x7e\x55\xd5\x90\x48\x67\
\xd1\x82\x81\xc2\x5c\x7a\x29\xfe\x82\x95\x15\x3c\x43\x5a\x1e\x9c\
\x74\xd9\xbe\xc1\x2a\x02\x4a\x7a\xfa\x5e\x9f\x33\xef\xc8\xbd\xce\
\xd6\xfb\x62\x9d\x0e\x7e\x9b\x41\x5d\xbc\x0c\x6e\xfa\x31\xc8\x91\
\x17\xf8\xed\xcf\xb3\xc9\x54\x5b\xdf\xcc\xb2\xa3\x1f\xe7\x4b\x01\
\x69\x86\xf6\x5f\x7b\x5f\x78\x54\x6b\x4a\xd8\xd7\xf9\x2a\xc4\x68\
\xa9\x29\x95\xfc\x14\x83\xc3\x31\x5b\x62\x64\x45\xb9\x24\x15\x47\
\x5f\x1b\xca\x7d\xb9\xdb\xeb\x1c\x7c\x5d\xf3\xbe\x6c\x1e\xf4\xbe\
\x5e\xff\x92\x6f\x26\x5f\xd3\x7a\xa1\x08\xc0\x30\x5d\x53\xfa\x39\
\x37\x32\x1a\x02\x86\xd1\xd2\xe2\x5e\x47\x3c\x0e\x35\x1b\x02\x3e\
\xb0\x9e\xe2\x20\x0c\xd4\x03\xa2\xa1\xd0\x58\x7f\x26\xc4\x97\x1c\
\x56\x7d\x09\xb1\x5f\x00\x7d\xa7\x5f\x37\xbc\x13\x34\x04\x79\x5f\
\xb6\x50\x53\xf8\x9a\xe9\x8a\xf0\xb0\x14\x63\x09\x77\x1c\x1c\xf7\
\x97\x5c\x85\x94\xbe\x1d\x20\xfe\xc6\xd8\x1a\x06\xef\x1a\x71\x0b\
\x0a\x9a\xb8\x81\x41\xc4\xae\xac\xf2\xa5\x9e\xbc\x9b\x62\x36\xcb\
\xa8\xd0\xbf\x21\x1c\x0f\x1a\xec\x97\xdd\x8b\xf0\x3c\xfb\xfa\x0b\
\x9b\x22\x5f\x4b\xa5\x08\x62\xef\x3c\xc9\x68\x46\xf6\x14\xd4\xb0\
\x70\xd1\xd4\x0c\x73\xf3\xf1\x11\x8d\x8d\x22\xd2\x13\x7b\x6e\xce\
\x7c\x7e\xe3\xec\x58\x5b\xd2\x55\xc3\xae\xe7\x5b\xa9\x3d\x4d\xb0\
\xe7\x7c\x96\xb8\xfb\x13\x94\xea\x4c\xe5\x36\x5d\x07\x7d\x54\x71\
\x10\x6c\x8f\x6f\x6a\x24\x39\x93\x80\x1c\x46\x65\x2c\x87\xeb\x99\
\x3f\xe5\x8c\x00\x06\x82\x29\x11\x9c\x5e\x84\xd3\x54\x55\x7a\xd6\
\x35\x0a\xf9\xe4\x4b\xbc\x55\xbc\x15\xcb\x1f\x6b\x82\x6e\x6e\x8f\
\x91\xbe\x17\x3e\x1b\x8c\xc2\x35\x85\x59\x91\x04\x22\x72\x64\x63\
\xc6\xd3\x40\xe1\xfc\xe4\x7a\x18\x87\xfd\x04\xb3\x19\xbf\xf7\xa7\
\xa1\x1f\x99\x3a\x9e\x5a\xa9\x6a\xa9\x83\xb4\xad\x0e\x58\xf2\x1e\
\x50\x27\xf0\xd7\x8a\x5b\xb6\xf5\xd3\x1c\x7e\x2a\xcf\xa6\xfa\xda\
\x98\x6b\x57\x75\x6f\x54\xf9\x33\x2a\xfd\x8f\x3e\xb4\x93\x78\x2c\
\x64\x1c\x71\x6e\xa1\xd1\xcd\xfb\x4c\x3d\x18\xea\x5a\xc6\x0f\xda\
\x02\x8f\x15\xb7\xdf\x6d\xa1\xa5\x0c\xeb\xb8\xb3\x19\x1c\x33\xfb\
\xe7\x11\xa9\xa4\xf5\x42\xde\x6a\x03\x2d\x8d\xc8\xa8\x74\x03\xd6\
\xee\x0e\x36\xf0\x97\xf9\x93\xdd\x10\x46\xdb\x1b\xa0\x6f\x58\x7e\
\xa2\x63\x2c\x70\x4d\xd6\x07\x88\x8e\xb0\x6e\x85\x1a\x58\x39\x6a\
\x69\xc9\x05\xec\xee\x4e\x90\x92\xb3\x76\xae\x56\x55\x3c\x99\x8b\
\x05\x97\x73\x7b\x4c\xcd\x0e\xfd\xbe\x81\x78\x7c\x54\xea\xb4\x25\
\x59\x2c\x9b\x02\x7f\xce\xe0\xd7\xd2\xd4\x68\x13\x74\xa2\x88\x21\
\x27\xbb\x8e\xd1\xf8\x79\x15\x27\x74\xf9\xb2\x7a\xb3\x55\x0e\xbe\
\x5b\xe1\x51\xcd\x39\x96\x34\xc6\xbc\x78\xd2\x08\x97\x34\x59\xa5\
\xdd\x54\xe5\x42\xfb\x08\xeb\xa1\x6a\xd7\xe1\xda\x9b\x37\xa1\x7c\
\xc0\xd3\x11\xe5\x05\x6b\xc9\x36\xcc\x80\xaa\xea\xf7\x76\xbe\x88\
\x94\xed\x69\x89\x1c\xf3\x02\x04\x8a\x4f\x25\xe3\x4b\x54\x22\xea\
\xde\xd1\xf9\xd3\x47\x91\x65\xf7\x35\x88\x3c\x54\xcc\xbd\x3e\xee\
\x70\xb4\xfe\x9c\xdd\x6b\xda\x2c\x9e\xc2\xce\x39\xb0\x17\x18\xa5\
\x0f\xa7\x0b\xea\x67\x54\x3d\x47\x15\xf1\x5e\x33\xa1\x99\xca\x90\
\x65\xec\x9b\x26\x8f\x57\x72\xee\x18\xcb\x96\x6a\x08\x60\x66\xb4\
\xb6\x27\xc5\xb8\x46\x94\x2b\x46\xc6\x33\x44\x41\x39\xee\x12\x60\
\x0e\xa9\x79\xbb\x7b\xf5\xce\xf1\xe1\x23\xec\xdc\xd7\xc7\x6f\xcf\
\x5a\x08\xd2\xfa\xa6\x79\x70\x5a\x46\x29\xb3\x6d\x73\x4d\x6d\x82\
\x0d\x6d\x42\x91\x8b\x85\x78\x46\xc7\xe8\x06\x11\x08\x2d\xb1\x79\
\x88\x5f\xa5\x1f\xa0\x6e\xc6\x5a\xbe\xfd\xf5\x24\x0a\x26\x71\x14\
\x0e\x6e\x61\x9e\x85\x27\x57\x61\x8a\x56\xf0\x68\xa6\x8d\x72\x1c\
\x61\xd0\x79\xec\x78\xe6\x5c\xd3\x3e\x7e\xb2\x1f\x32\xa6\xee\x28\
\x90\x15\x16\x5d\x66\x12\x5f\x05\x56\x03\x90\x3c\xa0\x16\x68\x38\
\x82\xef\xb0\x64\x24\xef\x1b\xda\x34\xfa\x0b\x8e\xc9\xf2\x7a\x09\
\x6c\xb6\x37\x21\x9c\x06\xab\xc0\x23\x9a\x7a\x6b\x8f\xe0\xe5\xa0\
\x69\xbe\xea\x1c\x9f\x9e\x80\xcc\xc5\xa3\x0a\x8f\xf5\x79\xdb\xa2\
\xd8\x7a\xa1\x43\xcd\x1f\x0e\xcd\x29\x46\xa8\x77\x54\x9e\x80\x0e\
\x28\x92\x67\xf9\x5c\xdb\xb2\x78\x04\x38\xe9\x02\x2e\x9d\xc9\xd7\
\x0d\x34\xd7\x8a\x56\xa6\xf2\x54\xb5\xee\x00\x4b\x92\x0c\x39\x36\
\x55\x97\x64\x90\xc3\xf3\x51\xd8\xe7\x75\xab\xb9\xd7\xea\xcc\x0d\
\x82\xcf\xb5\x9b\x17\x06\xe2\x9e\xde\x1c\xb7\x45\xc7\xb3\xb5\x73\
\xac\x89\xda\x42\x5a\xe7\x9f\x59\x33\xa5\x47\x1f\x8b\x3b\x94\xca\
\x56\xb1\x61\xec\xc9\x3a\x4d\x17\x53\x76\x66\x99\xe5\x03\x36\x4e\
\x96\x62\x4e\x3c\xdd\x15\x54\xb5\x9c\x52\x8d\x87\x03\x3a\xb4\x4b\
\xeb\xe1\x33\xd7\x61\xc0\xb7\xc9\x09\xd3\xf0\x2e\xc2\xe2\xc8\xe0\
\x48\xce\x91\x18\x56\xab\xdf\x99\xd8\x38\x45\x3d\x6d\x11\x31\x6a\
\x1a\x56\x93\x47\xb1\x00\x2f\xbf\xf1\x33\xc9\xb9\xdf\x8f\x33\x0c\
\x14\x37\x99\x3b\xee\xd2\x13\xc3\x4b\x8d\xbc\x34\x4b\x66\x03\x29\
\xeb\x92\xbf\x93\xd0\x5b\x88\xc2\x94\xef\x22\xda\x9a\xc5\x72\xd7\
\x41\x62\xfc\x8d\xae\x29\xfb\x91\x23\xa3\xba\xed\x93\xb3\xee\xe9\
\xc9\x09\x28\x1a\x73\xc8\x67\x1a\x2d\x8a\xcd\x99\x86\xd3\x79\x40\
\xa8\x8c\xc6\x01\x7d\x4f\x58\x81\x60\x03\x3c\xd5\x57\xe8\x2b\x3c\
\x0f\x4e\xcc\x66\xf0\x44\x21\x2c\x4a\x96\xe9\xac\x3f\x0e\x07\x8e\
\x7b\x2e\x61\xfb\x45\x18\x81\xd2\x1c\x12\x3c\x2a\x5f\xcf\x11\xdc\
\x4b\x05\xa5\x22\x7e\x9b\x28\x89\x97\xc1\xcd\x35\x3a\xdd\x18\xa4\
\x29\x25\x07\xf8\x83\xa5\x71\xbb\xd7\x3a\x6c\x9e\xcc\x31\x4e\x98\
\x06\xf3\xd0\x29\x41\x03\x1b\x53\x61\x35\xe1\x31\x2e\xcf\x65\x5c\
\x5f\xb7\x61\x7d\x52\x7b\x6d\x14\x50\x17\x05\xee\x9b\x8a\x7e\x09\
\xfa\x01\xbb\x45\x54\x15\xe6\x52\x8e\x66\xb3\x96\x79\x61\x8a\xc6\
\x30\x7f\xea\x85\x2a\x86\x4d\x7d\x82\x36\x71\x2e\x42\xe0\xbc\xdc\
\x2a\x8d\x6d\xa3\x5a\xa0\x09\x48\x79\xfa\xd0\x12\xc8\x18\x09\xb0\
\x54\x36\x85\xec\x44\x2d\xfc\xce\x7a\xb7\x1e\x90\x02\xc4\xb5\x42\
\x91\xfa\xf1\x4c\x15\x4e\xe5\xf6\x84\xda\x37\xc0\x32\x2a\x20\x84\
\xec\xa2\xd4\xd2\x20\xa5\xaa\xd4\xbf\xbe\xfd\xea\x5b\xd8\x41\xfb\
\xa7\x47\xbb\x18\x4d\x78\x76\xd8\xdc\xed\x1c\xcf\x39\xc3\x4a\x1a\
\xdf\x72\x8a\x7d\x9e\xba\xb8\x0c\xb6\xf4\xf6\xe9\x57\xe5\xbb\xc6\
\xa7\x95\xfd\xbb\x4e\x5b\x4f\xb0\x16\xf4\x51\xe7\x8f\x29\xb0\x21\
\xa2\x03\x11\xa1\x28\xc9\xb1\xe7\x73\x40\x23\xe8\xff\x41\xc2\x0b\
\x06\x07\x42\x4d\x0a\x8c\x91\xaf\x39\x88\x04\xc3\x09\xad\x6c\x93\
\x10\xa9\x80\xc6\xa6\x99\x6d\x70\x97\x77\xd1\xb5\x56\x9b\x8b\x69\
\x1b\x9c\x93\x71\x18\x33\xee\xeb\x1c\x53\x82\x81\xa2\x35\x03\x9d\
\x81\x8e\x49\xa5\x57\x90\xf0\x48\x50\xfc\x70\x61\x13\x9c\xe6\xef\
\xc6\x3c\x83\x37\x36\x8e\x53\x44\x4f\x44\xf5\x22\xbb\xed\x16\xd2\
\x52\x52\x8e\x04\x28\x0d\x71\x94\x33\xcb\x82\x85\x26\xda\xb1\xf6\
\xa6\x50\xcd\xfd\xf1\xf4\xc2\xef\x07\x99\xf2\x70\xdc\x28\xdd\x37\
\x22\x28\xa4\xa2\x39\xc7\x81\x43\x37\xd5\x6c\xed\x88\x2a\xd2\x6f\
\xdd\x10\x15\xa5\x3e\x90\xeb\x16\xf6\xe7\x98\x6b\x47\x91\x95\x92\
\xb4\x61\x95\xdf\x26\x52\x5d\x34\x29\x1e\x2b\x9e\x8d\x8f\x20\x8e\
\x89\xbc\x3f\x9c\x75\x77\x8f\x4f\x5a\xf3\x13\xd0\x8a\x4d\xab\x4c\
\x89\x66\x80\xc6\x66\x18\x27\x62\x41\x46\xc1\x7d\x53\x37\xb8\xe6\
\xb4\x0e\x35\x2b\x23\xd2\xe0\x75\x97\x51\xba\xba\x6f\x72\xae\xc3\
\x0b\xb8\x05\x6f\x3b\xe4\x7b\xd3\xb3\x72\x6e\xf2\xb2\xa3\x81\x4d\
\x87\x88\xf4\x2c\xb8\x4b\x41\xc3\x81\x03\xe1\xc6\xba\xeb\x53\xa8\
\xad\x99\x7b\x3e\x96\xaf\xac\x23\x8a\x48\x94\x73\x5d\xdd\x90\xcc\
\xf8\x79\x74\xf2\xb1\xcd\x71\x8f\xb9\xb4\x74\xfb\xbb\xcd\x7a\x92\
\x6b\x78\xb7\x3d\xa6\xd0\x5a\x6f\x90\x5b\xe9\xaa\x28\x06\x0f\xf2\
\x41\x39\xf3\x92\x2d\x60\x2f\x2a\x9f\xd5\xd6\x53\xb9\x1d\x94\xa9\
\x78\x07\x0a\x41\x94\x0e\x1e\x85\x32\x12\x2f\x7d\x86\x71\x2d\xdd\
\xb3\xcd\x6e\x89\x5a\x67\xd3\xa7\xd0\xfc\x6e\x54\x5a\x65\x51\x44\
\xc7\x80\xc4\x75\xaf\x55\xe8\xc5\x5a\x98\x90\xd7\x95\x6d\xbc\xac\
\x24\xa3\x65\x93\x7b\xb0\xfe\x4e\x54\x10\x3c\xe7\x44\x95\x90\xd7\
\x79\xbe\x48\x5f\xf4\xd4\x4c\xb9\xd2\x10\x13\x38\x35\x70\x46\x37\
\x05\xf9\xcb\xf9\x12\x9a\x20\xfc\x61\xc3\x8a\x4b\xcf\x3f\x60\x63\
\xd4\x79\x99\xbb\xcd\xc2\x51\xa4\xf1\xe5\x91\x54\x14\xb3\x40\x84\
\x12\x79\x9b\xd7\xe2\xdd\xb7\xd8\x43\xb8\xeb\x6b\x74\x74\x7d\xc5\
\x9b\x1e\x8f\xc5\x16\x38\xdf\xec\x89\xdc\x8d\xad\xe6\x30\x13\x23\
\x47\x7e\xca\xb3\xed\xe1\x97\x2c\x27\x11\x67\x0e\xcd\x16\xc9\xd7\
\x31\x76\x0a\x37\xbc\x54\x4e\x0d\x4b\x3d\xde\x2b\xc9\x3e\xd1\x61\
\xa3\xa0\x87\xa5\x75\xad\x17\x1a\xf8\xcd\x34\x30\x25\x15\x94\xec\
\xe7\xaa\x64\x49\x38\x54\x65\x52\xac\x64\x9e\x22\xd2\xa7\xae\x25\
\x8b\xa8\x9b\x29\x57\x04\x43\xdd\x12\xb5\x81\x37\xad\xce\xcb\x66\
\xaf\x7d\x28\x06\x29\x97\xbf\x1f\x83\x3d\x89\x82\x58\xd1\xb1\xd7\
\x3e\x29\xe7\xce\x5c\x1b\xdb\x21\xe1\x06\xe4\x13\xb5\x2f\x10\x0c\
\x94\xfd\x38\x26\xbc\x54\x15\x7a\xb3\xa8\x60\xe7\x12\xa0\x6f\x22\
\x83\xfb\x2f\x6b\xc3\x06\x4e\xdb\xbe\xaa\xa4\xa8\x17\x73\xf5\xc7\
\x2c\x46\xc0\xe6\x5a\x49\x36\x0d\x72\x39\x07\xaa\x2a\x3b\xa4\x8b\
\x6b\x96\xdb\xdc\x56\x91\x36\x36\x2e\xf8\x76\x5c\x2b\xed\x1b\x29\
\x37\x47\x1d\xc7\x3e\xfb\x8a\xce\x25\xb2\x45\x32\xf9\xbc\x3e\x66\
\xdc\x63\xc9\xbc\xa4\x46\x88\x9e\xe8\x1e\x00\xa1\xe3\x9a\x4a\xd0\
\x2b\xca\xf5\xde\x1e\xa8\x78\xe7\x98\xfe\x1e\x77\xab\xef\x0e\xe0\
\xe2\xf8\x64\x6e\x70\xa9\xdb\xe6\xf6\x00\xd3\xee\xdf\xc6\x70\x3f\
\x7c\x42\xf1\x68\xe8\x65\xfb\xed\x03\x4d\x53\x1e\xd1\x1d\x42\x2d\
\x64\xce\xf7\xba\xc4\x08\xb9\x60\xd0\x9d\x16\x05\x55\xbd\x9c\x4f\
\x57\xab\x61\x95\xf2\x1c\xbc\x03\xa9\x65\x65\x01\x9c\xa9\x19\x0d\
\xfb\x86\xcc\x26\x4e\x9b\x6a\x90\x0c\xb0\x02\xa7\x92\x4d\x64\xb3\
\x57\xc7\x45\x32\x2b\xa4\x33\x3b\x27\x09\xc2\x35\xb2\x1f\xdf\xed\
\xdb\x0a\x07\x23\xa7\x3e\xed\x04\xd4\x57\x27\xf1\x10\x59\x60\x9e\
\xbb\xf9\x6e\x91\x2e\x0f\x21\x7f\xaf\xd3\xde\xed\x61\xbd\xcb\xde\
\x31\xdc\xff\x7b\xbb\xaf\x4b\xc1\x90\xd4\xa9\x51\xd6\xda\xd2\x12\
\x94\x70\xb3\xb0\x8f\xbc\x73\x74\x7f\xd2\x86\x8e\x55\x05\x12\x02\
\x8d\x87\xe9\x48\xb8\x99\x92\xf4\x56\xa6\x0b\x39\xad\xf5\x55\x5e\
\xe5\xc2\x26\xc1\xcf\x1c\x68\x44\x38\x08\xba\x38\x25\xdd\xd3\x95\
\x6c\xd3\xd8\x47\xda\x3d\x5e\x8c\x0f\xd0\x1d\x23\x02\x23\xa3\x01\
\x4b\xfc\x1e\x5d\x33\x04\xff\x6e\x18\x0e\x25\x52\x89\x83\xce\xe2\
\xfe\x55\x18\xcf\x54\x72\x85\x69\x80\x61\x5a\x17\x31\xc6\xcc\x63\
\x35\xf4\x58\x92\xc9\xe8\xf5\x0a\x5f\x9a\xc6\xcb\xd9\x3d\x24\xd5\
\x28\x2a\xaf\x94\x96\xae\x8e\xc2\xb5\x2f\x07\x83\x60\x5a\x9c\xb5\
\x3b\xe3\xdc\x6c\x43\x91\xfa\x68\x3e\x79\x0c\xf7\x21\x8c\xf5\xe4\
\x6c\xf7\x18\xae\x6f\xbb\xc7\x87\x94\x87\x55\x6a\xc1\xd5\x99\x67\
\x25\x0f\xd8\xd6\x5c\xc1\x28\x60\x95\xda\xd4\xea\x8d\xe1\x26\x84\
\xf1\x88\xd1\x4d\x79\x81\x5e\x89\x2e\xb7\xcc\x84\xd6\xa9\x78\x9e\
\xf8\x23\x89\x13\x3f\x12\x0b\x6f\x8d\x8c\xbc\x48\x1e\x55\x08\x4f\
\x63\x0a\x88\xd1\xe0\xda\xbf\xd1\x69\x55\x88\x63\xd6\x7f\x1c\x57\
\x0a\xcd\x7e\xbf\x73\x7c\x88\xfe\xa1\x0a\xf4\xdb\x9e\x26\x93\xd3\
\xb0\x34\x0b\x08\xb8\x68\x0a\x0c\x80\x46\xd5\xba\xba\x58\xd8\xc1\
\x2d\x74\x2e\x88\x7d\xbf\x0a\x4c\x99\x51\x6c\x50\x8f\x55\xd5\x51\
\xd1\xb5\x98\x16\x1d\x8b\x17\xfc\xc7\x6d\xfe\x45\x5f\xf9\xdc\xdc\
\x5a\x4c\xba\xf6\xab\x0d\x60\x65\x77\x29\xe1\x36\x8a\x53\x58\xb3\
\xb6\x94\x0d\x39\x2c\xed\xc4\x6d\x2b\x66\xd6\x41\x86\x12\xdd\x54\
\x8d\x90\xd1\x8e\xb5\x71\x51\x07\xda\x4f\xd1\xf4\xa3\xb3\x9f\x30\
\xfd\x05\x6d\x7f\x56\x8c\x66\xbd\x4d\x29\x7f\x0d\xef\x8e\x8b\xbb\
\xd0\xc2\x3e\x68\x51\x41\xd1\xc2\x66\x53\x42\x04\x10\xf1\x44\xc5\
\x73\x41\x68\xc5\xa6\xbe\x89\xb1\x5f\x2b\x80\x3a\x41\x8a\x61\x3a\
\xc1\xea\xd4\xa9\x70\x4a\xb1\xfb\x9e\x9c\x25\xf9\xc1\xa1\x76\xe9\
\xa8\x1d\xda\x74\xc6\xba\x5d\x28\xd7\xe4\x5c\x15\x2e\xa3\x48\xd0\
\x4e\x65\x86\xb2\x8a\x5a\x21\xcc\x96\xd2\x86\x04\x3b\x84\x78\x57\
\xd1\xc3\xa9\x46\xad\x14\x42\x8d\x43\x6a\xe3\x7f\xa5\x14\x94\xca\
\x41\xc1\xa4\xee\xbb\xa3\xad\xd9\x91\x95\x76\x91\x31\xed\x32\xb4\
\x0a\x85\x39\x75\xc6\x42\xab\xcc\xd8\xad\x47\xf0\xfe\xe9\xc1\x01\
\xad\x70\xa9\x41\x6b\x21\x76\x3a\x7d\x49\x76\xa3\xd2\x63\x57\x3b\
\xc5\x4c\x23\x5b\x8c\x92\x71\x08\xba\x72\xae\xa7\x52\x61\x4f\xb3\
\x06\x6e\x43\x3a\x26\x56\xcf\xad\x9a\x7e\xc0\x78\x6c\x32\x42\x9f\
\x16\x7b\xb9\x34\x10\xc3\x9a\x0a\x86\x9a\x65\x5c\x73\x3c\x9d\xf5\
\x75\x63\x9e\x3e\xf5\x47\x48\xcb\x14\xc0\x4f\x6f\x3a\xe1\x6e\xf6\
\x35\x9e\x83\x04\x4a\x71\x52\x32\x1e\xa2\xda\x0d\xaa\xb0\x8f\x55\
\xc7\x14\x28\xd6\x1c\x53\x38\x15\x97\x6b\x96\xea\x39\x76\xbd\x68\
\xd4\x1c\x78\xa2\x66\xe7\xfe\x14\xc5\x56\x1f\x2a\x0b\xf1\x36\x11\
\xde\x95\x9a\x4a\x91\xf9\xcd\xe3\xfa\xce\x8d\x06\xc2\x0d\x72\xf1\
\x25\x2e\x50\x95\xea\xb6\xfa\x0b\xf3\x19\xb6\xef\x04\x97\x84\xc4\
\xec\xa5\x08\xe9\x18\x60\x9f\x89\x8f\x10\x88\xfe\x2c\xa5\x22\xcc\
\x5c\xdf\x49\x7e\x25\x68\x57\x85\xb8\xf2\x63\x18\x8c\xaf\x10\x7c\
\x35\x24\xf0\x55\xfb\x89\x37\xe5\x1f\x33\xfa\xac\xf5\x01\x0c\x8a\
\x0a\x3b\x87\xa0\x35\x15\xde\x5b\x13\x50\x52\x04\x3c\x84\xff\x6f\
\x21\x28\x27\x74\x98\x9a\xda\x53\x0a\x35\x93\x90\x65\xb9\x3b\xc4\
\x4a\x4c\x6f\x26\xfd\x78\xbc\x8e\x80\xb7\xf6\xcb\xbe\x9b\x01\xe7\
\x56\x0c\xf8\x55\x70\xfd\xf1\x9f\x51\x3a\xb8\xc0\x5c\x9a\x16\xa6\
\xa8\x5e\x12\x17\x60\xf1\x04\xa7\xe1\x8f\x33\x3e\xc0\x09\x7a\x71\
\xa8\x2b\x58\xf1\x75\xd5\xa5\x5a\xd2\x0f\xc2\x2c\xad\x78\xa1\xa1\
\x29\xae\x82\x93\x08\xb5\x84\x97\x50\x5d\x67\xcb\x47\x78\x65\xfc\
\xd4\xa9\x3f\x66\x3e\x3e\x9a\x25\x5e\x2e\x8f\x4a\xbe\xaa\x11\xd9\
\xae\x62\xc6\x9f\x56\x89\x53\x6e\x82\x94\xdf\xbf\x66\x9c\xd9\xa5\
\x16\xe8\x15\x83\x0b\x38\xa4\xe0\x1d\xd1\x88\x9f\xe5\xf5\x5a\xfd\
\xd3\xe6\x9a\x77\x19\x47\x91\xc1\xee\x0d\xce\x67\x84\x65\x2d\xa0\
\xa5\x85\x87\x69\xe1\xe8\x39\x3c\xe4\x2e\xa9\x88\xf7\x9b\x38\x81\
\x36\x3e\xc1\xab\x22\xc2\x70\xdf\x4f\x1a\xbc\x26\xa8\x00\xd5\x2d\
\x96\x01\x22\xa7\x1f\xff\x9e\xbd\x67\x2c\xce\x6f\x79\x57\xc4\x84\
\x32\x1d\xb1\xb6\x8e\x8a\x39\xbe\x42\xe7\x6b\x11\x46\xae\xcb\x77\
\xef\x67\x13\xaf\xcb\x4c\x0d\xa7\x39\x08\x53\xfd\xae\xd2\xe6\xf2\
\x59\x8d\x2d\x5b\x13\x83\x20\x1a\x06\x7a\xc5\xb3\x20\x07\xb8\x8d\
\xf7\x85\x91\xf0\x5f\xe9\x82\xab\x4e\x19\x4d\xd7\xf4\x4a\x45\xce\
\x29\xc5\x8c\x31\xb9\x97\xb0\x56\xe0\x0c\xb6\x38\x13\x18\xb9\xef\
\x4a\x7f\xc6\x7f\xe9\x20\xf9\x2c\x9e\x4e\xad\x8d\x7a\x1d\x0c\x2e\
\xd2\x60\x4c\x7c\xb4\x80\xc4\xee\x35\x5f\x9e\x75\xdb\x3f\x56\x60\
\x20\xa9\x6f\xe7\x95\xce\x8a\x66\x0c\x5a\x72\x2e\x60\xf2\x8c\x1d\
\x00\x77\x47\x13\xb9\x40\xe9\x4f\x24\x02\x59\x78\x65\xb1\x4a\x72\
\x64\xb8\xed\xfe\x8d\xf5\x6c\x5e\xff\x2d\x14\x95\xdf\x2c\x14\x95\
\xdf\x7c\x56\xa8\x29\xbf\xbd\x98\x72\xdb\x6b\xbe\x9a\x93\xd3\xae\
\xbe\x5d\x34\x99\x1d\x9b\x91\x31\x88\x3d\xec\x74\xf1\x56\x9f\xb1\
\xf2\xa2\xe0\x3f\xe5\x3c\xd3\x51\xb9\xae\x76\x6b\x72\xdd\xfd\xe1\
\x90\x10\xf6\x2f\x02\x29\x33\xc3\x9a\xaf\xee\x14\x2f\xf8\xec\xba\
\x07\xe2\xea\xde\x43\xc2\x95\x3a\x8f\x71\xa2\xc0\x30\xcb\x9e\x67\
\xa6\xf2\x15\x3d\xb8\x49\xff\xbb\xe5\x01\x97\x78\xcb\xcd\x21\xd9\
\xb3\xf4\xe3\x2a\xbf\x4d\x4f\x87\xd2\x99\x70\xa2\xb7\xf5\xfa\x15\
\xf4\xb1\xe9\xad\x70\xdf\x5f\x61\x8f\x5b\x2b\xfc\x0e\x56\x4b\xe8\
\x6b\xb6\xa1\x0d\xb6\x14\x45\xcb\xea\xb5\x8a\x56\x04\x9f\x9c\x76\
\x0e\xca\xc2\x95\x0f\xc2\xe8\x92\xce\xcd\xb8\x82\x88\x1c\xb0\x5c\
\xc0\xd2\x33\x91\x0e\xa8\xf6\xe3\x32\x98\x35\x83\xf3\x17\xde\xdc\
\x72\x56\x6d\x82\x79\xee\xec\xc8\xc7\xac\xcb\xbf\xcd\xe4\x2e\xb0\
\x6a\x6c\x5e\xf4\x37\x06\xfa\x82\x3e\xd0\xd3\xfa\xbb\xd2\x06\xd7\
\xc4\xec\xa5\x7b\x14\x6f\x22\x51\xdb\xba\xde\x18\xa3\x55\x54\xaa\
\x69\xb2\x49\x91\x86\xc3\x99\xbd\xf9\x72\x21\x72\x23\x80\xf7\xd0\
\x6b\x70\x78\x0b\x62\xce\xf7\x5a\x87\x27\x07\x0c\x4d\xc2\xb0\x4d\
\xd5\xde\x89\x62\xd3\x79\x61\x91\x76\x5c\x11\x39\x1e\x80\x77\x60\
\x01\xe4\xcc\x82\xa3\x7e\x7a\x61\x47\x48\xf2\xe5\x8d\xd1\x61\x52\
\x63\x10\x11\xb0\x8c\x54\x19\x43\x42\xa3\xf8\x3d\x30\x12\xfd\x75\
\xf3\x0d\xe6\x3d\xf6\xee\x63\x6b\xea\xb5\x41\x45\xee\x35\x0f\x4f\
\xaa\x69\xa5\x5a\x38\x11\xd5\xba\xca\x16\xe9\xee\xec\x91\x8b\x24\
\xae\x56\x9b\x02\x28\x6b\xc4\x81\x5d\x20\x1e\x11\x0b\x0e\xfd\x4b\
\xc4\x08\x27\x81\xc9\x8f\xe3\x87\x7c\x27\xd0\xc7\x98\x31\xc2\x54\
\x34\x56\xdc\x75\x94\x16\x4a\x0f\x12\x7e\x82\x0e\x6c\x12\x3c\x06\
\x2c\x24\x82\x18\xcd\x53\xaa\xe0\x16\xa5\xb7\xe3\xe7\xec\x01\x4f\
\xe0\x7c\xd9\x58\x06\x7f\x54\x82\xe5\x2c\x6a\xa5\xe9\x1d\xef\x9e\
\xb5\xbe\x3f\x69\x1e\x55\x14\x6a\x31\xdf\x33\xc2\x8d\x4e\x1b\xcc\
\xec\x0b\xc5\x70\xa8\x10\x46\x80\x8d\x52\x12\x09\xac\xfc\x2b\x27\
\x96\xde\x35\x38\x35\xf4\xb8\xe6\x40\xc6\x4d\x8e\xad\x2b\xa2\x89\
\xfc\xf2\x2c\xc6\x69\x62\x89\xbf\x47\xc2\x89\xd0\x29\xbc\x77\xbf\
\x7f\x21\x51\x54\x10\x2f\x3a\x8a\xe0\x8a\x35\x2f\xf4\xbf\xac\x79\
\x6e\x3f\xfb\x04\x35\xfd\x3e\x48\x62\x9e\x4e\x8d\x8c\x9b\x68\x02\
\xa1\x9b\xf9\x4c\x12\x65\xb1\xdc\x3a\xd6\x18\xe5\x40\xa8\x59\x16\
\xa3\xb8\x65\x87\x62\x49\x81\x0d\x97\xd4\x35\xdb\x72\x79\xa3\xa2\
\xa2\x54\xf0\x54\x38\x34\x88\xb2\x6e\x50\x85\xb8\x51\x54\xb1\x6c\
\x78\x55\x3e\xbe\xe2\xd0\x4f\x2e\x29\x17\x56\x8d\xb7\x44\x9b\xd8\
\x28\x68\x13\x7f\xf9\x4b\x41\x9b\x78\x76\xfb\xf2\x1d\x36\x3b\xdf\
\xee\x1d\xbf\x3d\xd2\xf1\x9e\xf7\x91\x29\x52\x7a\xf5\xec\x6d\x7b\
\xaf\xcc\x18\x23\x82\x05\x19\x0e\xf9\xcd\xf1\xc0\x61\x9c\x5e\xb1\
\x86\xeb\x9a\x12\xc6\x32\xf6\x0a\x1d\x8e\xcc\x55\x3e\x16\x7c\x1b\
\xc2\x49\xb2\x8a\xf5\x64\xb1\xfc\x46\xba\xa6\xa3\xba\xd1\x98\x6d\
\x8e\x26\xcd\xf6\xa1\xae\x88\xb2\x00\x61\x37\x9f\x6e\x6c\x14\x48\
\xbb\xf5\x74\xe3\xd7\x4f\x83\xc5\xf2\xaf\x7b\xad\xfd\x33\x8c\xd9\
\xe9\x9e\x75\x7b\x9d\xd3\xdd\x12\x87\x17\xed\x8b\xb2\xa6\xb9\x34\
\xb6\x1a\x1e\xe7\x37\xd3\x80\xaa\x17\xe1\xd9\xce\xa6\x5f\xac\x74\
\x42\x59\x0e\xa8\xfa\x81\x56\xcc\x5a\x93\xf6\x24\x53\xc5\xf7\xd2\
\x76\xba\x80\xa3\x6d\x65\x94\x17\x80\x08\x8f\xf5\xcb\xc4\xc4\xdc\
\x83\x3f\xbb\xde\x87\x5f\xe8\x97\x5e\xad\x2c\x84\x23\x27\xac\x52\
\x3d\x48\x7e\x19\xbd\x88\x9e\xce\xa5\xb4\xd9\xaf\x76\xfa\xa5\x2e\
\x14\x3e\xe1\xb9\x84\xf2\x5b\x41\x73\x34\x1b\xb1\xa1\x36\xc5\x69\
\xa1\xdf\x28\xe5\x12\x09\xe7\x8b\x06\x6f\xe5\x4f\x39\xb8\x01\x12\
\x5d\x85\x62\x7a\x57\x3b\xc9\x29\x6a\x92\x8d\x9d\x43\xa9\x6f\x79\
\x25\xd1\xdf\xc3\x70\x40\x45\xd5\x95\xa3\x9c\x4c\xec\x53\xf2\x4f\
\xe1\x24\x74\xc0\x24\x4e\xe7\x73\x71\xe5\x68\x9b\xae\x9a\x66\x68\
\xb0\x4a\x71\x6d\xa3\xe0\x2a\x30\xfa\x6f\x34\xb7\xd6\x21\x1d\x66\
\x78\xe5\x46\x18\x91\x25\xac\x90\xa3\xee\xd5\xf6\xb5\x0f\x2e\xbd\
\x3b\xde\xbf\x8c\xb3\x17\x38\xa3\x7f\x19\x65\x2f\xfe\xb4\x89\x7f\
\xad\xab\x3f\x1b\x4b\x7b\x70\xab\x54\x4f\xb2\xa5\x66\x15\xeb\xeb\
\x28\x6d\x78\xe2\x9d\x9c\xfb\xc3\xb5\x7b\x75\xb4\xc0\x33\xd6\xb0\
\xfb\x68\x24\xb9\xef\xbb\xf3\xfd\x2c\xf0\x48\x49\x8d\x98\x7b\x3d\
\xc2\xe9\x76\x7e\x9f\xaa\x66\x85\x23\x26\x04\xdb\x2b\x40\x65\x4e\
\xa9\xca\xd6\x15\x5a\x85\x78\x3a\xc5\xd2\x48\x34\x7a\x32\x11\x2d\
\xda\x5e\x17\xf6\xf2\x82\xe4\x9c\x9c\x09\x19\x95\xe4\x48\xa9\x2e\
\x07\x7e\xfe\xa7\x4d\x02\xb1\xb1\xa7\x03\x02\xcb\x99\x0f\xd6\x44\
\xa7\x52\xf1\x68\x82\x5e\x02\x26\x83\x4d\xbb\xf4\xf1\xff\xa0\x6a\
\x02\x1f\x63\xe1\x1f\x5e\x45\xd7\xd0\xb2\xb4\xef\x27\x84\xc5\x97\
\x78\x39\xe3\x10\x79\x07\x16\x42\xa9\xc1\x8a\x84\x07\xed\xc3\x36\
\x15\xcb\x39\xdb\x6f\xb7\x0e\xf6\xaa\xd5\x7e\x6a\x7c\x7c\xfc\x6d\
\x41\x10\xb2\x0d\x1d\xc1\xb5\x68\x6f\x4d\x02\xb8\x8e\x0e\x05\xa0\
\x88\xe0\x36\x2d\xa8\x06\x89\xc3\x24\x1c\xdb\xb6\x72\x53\x12\x48\
\x24\xfa\xc8\xa4\x17\xbc\xb3\xa9\x4e\xb0\x43\xfc\x0a\x1f\x49\x25\
\x30\x10\xae\x0c\x04\xf7\xd1\x0f\x06\x88\x04\x96\xc5\xb1\xd7\x0f\
\x47\x62\xe3\x65\xf1\xc1\xd7\xe5\xb2\xf9\x41\x1f\x70\xb4\x5c\xc4\
\x63\x8c\x0e\x81\x25\x4e\x73\x06\x0c\xa3\x24\xf2\xd5\x9d\xca\x81\
\xc7\x26\x1c\x84\x8a\xa9\x4a\xd1\xbf\x08\xb4\x6d\x86\x83\x63\xbb\
\x36\xeb\xd7\x1b\xf4\x74\x14\x73\xff\x79\x00\x3a\xf3\x7a\x9e\x02\
\x22\x93\x07\x81\x64\x47\x3d\xdd\xf8\x93\x8d\xf6\x4a\x1d\x30\xad\
\xe1\xb3\x01\x29\xf3\x31\xeb\xec\x78\x11\x54\x27\xb7\xe9\x12\xde\
\xbe\x09\xc7\x2b\x6b\x64\x9b\x4f\x15\x41\xf1\x4d\x2c\xc3\x05\x73\
\xe4\xdc\x9e\x34\x0f\x20\x85\xf6\xbc\x96\x59\x9c\x81\x1a\xe0\x4f\
\xb0\x44\x23\xc7\x8c\x51\x27\xb2\x96\x29\x8f\x2a\x90\x97\x2d\x76\
\xe8\x97\x9c\xf9\x9b\x0b\x1c\xf9\x9a\xe5\xee\xa1\x47\xa9\x67\x17\
\xe6\xe7\xdb\x93\x83\xe7\x5f\x65\xa5\x06\xa5\xd8\xbe\x04\x2d\xcb\
\x2d\xeb\x78\x7c\xf8\xea\xf3\xd4\x3b\x8d\xd8\xb3\x75\x08\x2c\x4d\
\x8e\xf3\x03\x90\x2c\x33\xca\x1e\xfb\xad\x2e\xb2\x48\x8b\xc3\xe6\
\xf7\x67\xad\xbd\x57\x58\x5b\xfc\x65\xeb\xe0\x1e\x72\x80\xf8\xc4\
\x03\x8a\x60\x21\x30\xb3\xfb\x7d\xca\x77\x26\x4b\xd7\x10\x2e\xa7\
\xfa\x4a\x7f\x1d\x5b\xd2\x20\x9d\x23\x0e\x16\x95\x01\x70\xc5\xc8\
\x28\x8a\xc8\x6c\xfe\xdc\x9c\x16\xdb\xfb\x0f\xdb\xed\xbf\xd7\xed\
\xd0\x45\xc5\xb9\x59\x76\x15\x54\xeb\xaa\x5a\xcc\xb3\xe6\xb8\xb9\
\x30\x85\x18\x3e\x0d\x16\xa3\xaf\xcd\xc6\x9e\x21\x79\x54\x17\xd0\
\x7b\xba\xba\xb9\x46\x81\x7e\x76\x22\x9a\xda\x73\xfd\x59\x38\xce\
\xea\xa1\xc6\x63\xd1\xf8\x57\x3d\xf5\xb4\x3c\x9a\x6a\xef\xef\xab\
\xa3\x53\xd8\x57\xa3\x71\xdc\xf7\x75\x78\x25\x34\x1c\x11\x08\x17\
\x27\xe1\xaf\xe6\x73\x98\x46\xd1\x0c\xd3\x97\xd6\xd3\xf8\x3c\xbb\
\x06\x96\x5b\xe7\xc7\xe5\x9f\xc6\x45\x36\x19\xaf\x31\x40\x1f\x57\
\x9f\x0d\xb0\x62\xa9\x54\xec\xda\x6e\x3c\x6f\x3c\xc3\x63\xea\x22\
\x1c\x11\x74\xf3\x72\x8f\x43\x08\xb0\x50\xa0\x14\xe1\x25\x13\x29\
\x0c\x60\xc7\x5b\xae\x23\x64\x53\x86\x9a\x29\x09\x75\x54\x56\x33\
\xdd\x17\x06\xc8\xf3\xc0\xa1\x5d\x8b\xf6\x52\x3e\xac\x8f\x70\x88\
\xf5\xea\xa8\x84\x8f\x62\x65\x66\xe8\xe0\xd0\x0a\x1b\x45\xa4\x16\
\x0c\xd8\xa3\x45\xd1\x56\x8e\x24\x8e\xb5\xc7\x5c\x91\x0a\x6f\x71\
\xf0\x70\x67\x16\xe9\x6c\x7f\x3f\x55\x69\x85\xcb\x8e\x30\x0c\xa3\
\xab\xf8\x52\xad\xc3\x2a\x5b\xe3\xfc\x4c\x7d\xc7\x15\x22\xa4\xcd\
\x08\xdb\xac\xd5\x38\x64\x1d\x43\x63\x09\x76\x82\xcd\x97\xa8\xa8\
\x28\x30\x55\xe3\xc1\x56\x45\x2f\xb8\xb0\x07\x41\x27\xaa\x68\x51\
\x06\x0c\x11\x63\x2a\x49\x49\xc6\x12\xda\xc9\xd7\x83\x75\xb9\xc6\
\xe5\x3f\x99\x89\xca\x23\x95\xd8\xd0\x02\x17\x47\xf1\xb5\xcb\xc9\
\xc6\x24\x46\xf3\x7e\x20\xf4\xc5\x43\x63\x36\x91\x15\x0e\x9b\xbd\
\xd7\xdf\x34\xbf\x2f\x6e\x66\xe1\x20\xb5\xa1\xa5\x9d\x8a\x68\x23\
\xa7\x0b\xf9\xb7\x0f\xfc\x5e\xf0\x3d\xf9\x13\x66\x20\x84\xc5\x01\
\x7d\x08\xe4\xfd\xc6\x7f\x57\xdc\x2c\x13\xf8\xe2\x67\xff\x1d\x6e\
\x18\x85\xa1\x44\xfe\x1c\x41\x60\x21\xf5\xce\x82\x73\x53\xce\x03\
\x7e\x17\x85\x7a\x98\x45\xe2\x57\x4d\x93\xa0\xce\x5f\xe3\xd2\x84\
\x19\xa5\x13\x7a\xa7\xa9\x84\xc7\x72\x76\xac\x63\x07\xe2\x11\x87\
\xbc\x93\xb8\x26\xb5\xb4\xba\xf6\x79\xa9\xf4\x6c\xc6\x71\x7c\x89\
\x6f\xc8\xb0\x1c\x9e\x62\x21\x07\xa9\xef\xad\xc6\x93\x83\x9e\xc8\
\xa8\x8e\x2a\x12\xda\xd4\x69\xa3\x53\x94\x10\x6f\x59\x45\x93\x34\
\xc0\x68\x3e\x82\xbf\xe7\xb3\x9f\xb7\x9f\x31\xf2\xd3\x43\x99\xe5\
\xca\x17\xda\xa3\x99\x9c\x42\x66\x6e\x03\x03\xbb\xb3\x81\xf0\xbe\
\xbc\xb3\x87\xfe\x9a\xb3\x66\x17\xb8\x03\x24\x44\xf3\x55\x75\x7a\
\x57\x79\x73\x19\xdf\xb9\x65\x3b\x35\x65\xc5\x26\xca\xde\x26\x0e\
\x2f\x06\x1d\xb6\xe3\x74\xa8\xf4\x09\x96\x26\x4b\x8d\xa5\xb5\x3c\
\x03\x97\xa2\xd8\x18\x98\x9f\xa0\x6e\x94\x54\xae\x04\x5e\x51\x5e\
\x1a\x95\x54\x2d\x8e\x2c\x1d\x23\xf2\x2a\xcc\x5e\xcf\xfa\x9c\x18\
\x29\x4c\x93\x04\x2a\x33\x32\xc4\x12\x02\xc3\x19\x3b\x97\xe8\xad\
\xc4\x10\x8a\x99\x95\x18\xd4\xe8\xe4\x8b\xd2\xfb\x64\x6f\x1f\xdd\
\x25\x25\x9b\xd5\xa2\xb2\x6a\x74\xab\x36\xaa\x46\x2b\xd8\x49\xbe\
\x9d\xeb\x4b\x76\x1d\xea\xe6\x6c\xf7\x70\x4f\xd2\xf1\x72\x39\xf0\
\xf0\x22\x5e\x1a\xf6\x36\x8d\x2d\x30\x02\x91\x09\xec\x08\xd3\x3a\
\x8e\x11\x1d\x1c\x8e\xcc\xf9\x0c\xbe\x9c\x7d\x1e\x25\xed\x65\x37\
\xd4\x6f\x3e\x5f\xa6\x00\x41\x9b\x1b\x1b\xe3\x22\x21\xd6\x9e\xda\
\x33\x3c\xab\xc7\x0a\x23\x66\x8a\xe6\x76\xc9\x29\x5c\xe3\x55\xbc\
\x0b\xd0\xe4\xe3\xbf\xa3\x10\xe2\x28\x8b\xea\xaf\x60\xce\x28\x31\
\xe0\xd0\x86\x25\x0e\xa2\x3f\x78\x87\x1f\xff\xc1\x91\x21\x58\x7c\
\x13\xe6\x91\x9d\xfb\x88\x0d\xfb\xaf\xf7\xee\x03\x83\x0a\x9c\x78\
\x8e\x34\x17\xae\x83\x60\xb7\xe9\x28\xa0\x10\x11\x34\x77\xb5\x38\
\x3c\x16\x43\x01\x70\x09\x52\xae\xfc\xd9\xa2\xda\xc0\xfe\x0c\xbb\
\xfd\x96\x52\x44\x23\xb9\x98\x4c\xea\xaf\x74\x25\x48\x55\xa6\x37\
\x5a\x6a\xc2\xd3\xc0\xb0\x41\x2e\x60\xa4\x1f\x84\x13\x34\xb1\x24\
\x99\x69\xfb\xaf\x77\x69\xbc\xb4\x17\x67\xf5\x1e\xea\x69\x2a\xce\
\xe1\x15\xea\xec\x6f\xc2\xf7\xf5\x13\xd0\x51\xec\x96\x0b\x6c\xa3\
\x7c\xe6\x4b\xe5\x56\x2a\xa4\xc8\xd8\xdb\x09\xbe\x2f\x4f\x9d\xb2\
\x50\xbb\x60\x58\x7d\x20\xff\x84\x0b\x7a\x97\x44\x7b\x6a\xcb\x00\
\x5f\x5e\xf0\x4f\x01\x15\x34\x10\x38\x76\x02\xbe\xec\xa4\x22\x5e\
\x46\x98\x5a\x3b\x64\x07\x5a\xf1\x16\xf9\x89\xfb\x7d\x84\xa0\xdd\
\xb7\xcd\xce\x51\xb9\xf3\x07\x3b\x56\xdf\x2e\x52\xe7\x0b\x13\x02\
\x28\xea\x7b\xc1\x7a\x5f\x41\x92\x00\x59\x56\xd3\x0c\xa8\x96\xac\
\xe5\xeb\x7e\xe9\x37\xe7\xef\x18\x61\x49\xe9\x2f\x79\xb5\x94\xfe\
\x42\xa1\xd2\x0b\xa7\x3b\x5e\x0f\x47\xa8\xbf\x8b\xc9\x27\x81\xa1\
\x10\x70\x3d\xd7\x00\x0d\x8f\x0c\xf6\x81\xc3\xc6\x53\xb0\xd5\xe9\
\x1c\x57\xa7\xa1\x39\xad\x16\xab\x6c\x37\x99\x04\xb0\x45\xb9\xb0\
\x4e\x16\x8b\x4f\xd6\xd7\x44\xa7\x2b\xf6\x20\x9e\x45\x72\xb7\x5d\
\xe0\x45\xfb\xcd\xf6\xc1\xd9\xf1\xd1\x99\x59\xe3\xc2\x5b\xf1\xe4\
\x0d\xa3\x19\xf9\x76\xe9\x35\x3e\x29\x5d\xf3\x7a\x45\x1f\x2f\x05\
\xa7\x66\x22\xaa\xb5\xce\xad\x7a\x16\x0c\x05\xf7\x4d\x82\x02\x2a\
\xe8\x06\xda\x93\x98\x52\x24\xd3\xbd\xa6\x73\x76\xd2\x69\x1f\xf5\
\xdc\x49\x71\xf5\x3d\x41\x54\x2b\xcc\xbf\xcf\x09\x43\x0a\x2c\x83\
\x5e\x76\x70\x4c\x71\x2b\xe4\xa1\x91\x60\x65\x67\xdc\xa8\x78\x52\
\x6d\x80\xf2\x2d\x10\x46\xda\x94\xc1\xa5\x08\xf4\x37\x84\xc1\xa2\
\x1e\x9c\xe4\xc8\xe5\x73\x1c\x87\x1a\x8c\x5f\x39\x96\xd2\x97\x2a\
\x35\x49\x01\xac\xf5\x03\x56\xae\x99\xe1\xe5\x49\xce\xf1\xc4\x63\
\xb7\xaf\x6d\x30\x65\x63\x98\x45\x84\x6d\xa7\xa9\x5f\x32\x08\x60\
\x8a\x3a\x43\xd8\xe7\x6b\xf9\xe1\xe6\x8e\xb9\xd2\x03\x6f\x56\xed\
\xa1\xa1\x95\x08\x2d\x1c\x0d\x54\xe2\xfc\xd4\x78\xb8\x54\x45\xa1\
\xfc\x2a\x55\x46\x18\x20\xe3\x91\xee\x51\x58\x57\xca\x84\x28\xe5\
\x8e\x79\xb1\x07\x0b\xef\xf6\xfd\xe3\x0e\x28\xf1\xd5\xf2\x53\x1a\
\x10\xbb\xea\xa2\x38\xa9\xdc\xff\x55\xa4\x56\xb5\x00\x55\xec\x86\
\xd2\x57\x10\x43\xa5\x0a\x14\x27\xd9\x48\x08\x98\x1d\xfe\xf1\x47\
\x76\xb9\xfd\x91\xc1\x45\x70\xfa\x7f\xa4\xda\xec\x78\x2d\x2d\x46\
\x88\x8b\x36\xdd\xb7\xaa\x70\xeb\xeb\xb5\x58\xbd\xac\xa8\x76\x7b\
\xa0\x71\x12\x82\x22\xc6\xe8\x4d\x91\xcb\x8c\xf8\xbe\x86\x77\x2c\
\x15\x73\xc4\x8f\x26\xd3\xc5\x5b\x94\x1a\xee\x1f\xc5\xc2\x71\xdb\
\xb0\x2c\x43\x88\x1e\x25\x82\x5d\x85\x98\xe4\x2e\x21\x70\x71\x1f\
\xbb\x44\x0b\x4c\xe8\x7b\x74\x1d\x81\x83\x1e\x8b\xfa\x48\x51\x5a\
\x6f\xcd\x3e\x4a\x99\x9b\x11\xc7\x58\xd6\xa7\x8a\x17\x88\x9a\x3b\
\x44\xcc\x1d\x26\xe4\xe2\xbc\xd1\xa6\x54\xf6\x45\x4e\x03\xbb\xe5\
\xe2\xc6\x66\x7d\xb8\xa1\x86\x31\x8d\xf1\x9a\x84\xde\x79\x3a\x5a\
\xd3\x52\x17\x6f\x4d\xe7\xc5\xaa\x8f\x89\x89\xd0\x3c\x6a\x25\xa2\
\x71\x55\xa7\x92\x92\x7b\xd9\x75\x28\x2e\x5c\xfb\x71\xeb\x49\xe2\
\xd9\x61\x8c\x50\x96\x94\x8f\x88\x4d\xf9\xb6\x8b\x77\xbe\xd9\xd4\
\x94\xcc\xb9\x4e\xe2\x68\x84\xb0\x55\x8f\x73\xe8\x02\x01\xdb\x47\
\xbb\xc7\x87\x27\x07\x2d\xc6\xa8\x2f\xa5\x77\x79\xd3\xb9\xc4\xa6\
\x44\x47\x8e\x06\x04\xd5\x4d\xea\xdb\x19\x8a\x98\x52\x58\x39\x5d\
\x62\x4e\xee\xa4\xe4\xb6\x71\xfd\x99\x1c\xe9\xe9\x72\x1a\xc5\x05\
\xf0\x29\x0e\xdf\x94\x05\x7f\x44\xa2\x51\x0d\xc0\x53\xcc\x55\x6b\
\x95\x04\x50\xe5\x58\xd4\x6e\xbc\x90\xde\x52\xce\xa9\xb3\xc8\xe2\
\x2d\x09\xb0\x22\x82\x51\x5d\xa8\xdd\xde\x59\xf3\xe0\xa0\xdc\xb8\
\x1c\x4a\x99\x32\x26\xa3\x13\x3e\xe4\x54\x13\x78\x5c\xf2\x68\xd4\
\xd3\xb9\x3c\xe5\x36\xb5\xf2\x43\x17\x61\x2d\x87\x24\x45\xb4\xd4\
\x45\xd8\x69\x91\x2e\x7e\x75\x02\x2f\x1a\xb5\xc7\xe2\xb7\xf9\xc3\
\xf1\x69\x55\xb9\x1d\x45\x59\xab\xd1\x1d\x69\x1a\xa6\x29\xaa\x07\
\x9c\x86\xcc\xba\x3f\x02\x5b\x29\xdd\x9f\xc1\xda\x44\x89\x19\xfb\
\x37\xb1\xd4\xda\x35\x22\x52\x95\xd4\x41\x3d\x05\xa5\x95\x17\xf0\
\x75\x5a\xe2\x8c\x49\x7d\xb2\x87\xe7\x20\x1f\xbb\x0b\x06\x47\x37\
\x10\x6e\x62\x69\x38\xd6\x1b\x0d\x20\xd1\x63\xd6\xcc\xcc\x9f\x70\
\x25\x24\x16\x7d\x81\xb4\x03\xdb\xfa\x66\xeb\x2d\xca\xde\x1e\xe6\
\x8a\x63\xd0\xed\xce\xf8\x7a\x38\x06\x90\xbc\x60\x72\xad\x1d\x08\
\xb4\x1e\x3c\x35\x0a\xaf\xf0\x5e\xd7\x13\xa7\x19\x74\x15\xf8\x68\
\x8b\xc0\x87\x4c\x11\x0d\xec\x9e\x9e\x58\x05\xc2\x90\xb9\xd8\x78\
\x7c\xd6\xcc\x92\xa1\x26\xc4\xcb\x86\xd9\x98\xb3\x14\xf1\x22\x57\
\x06\xb3\x6c\xc5\x5b\xf7\x56\xa6\x7e\x9a\x05\x2b\xa2\x1c\x35\xbc\
\x16\xd7\x02\xe0\x20\xf4\xc2\x91\xff\x95\xb7\xf2\xf9\x55\xc8\x27\
\xbc\xf7\x05\x1d\xf1\x9f\xaf\x40\xc3\xe5\xbc\x9e\x70\x8b\x8a\xe0\
\x4b\x99\x71\xea\x41\x23\xa8\x50\xb7\x77\x59\x2a\x56\xad\xe7\x68\
\x92\x4a\xf9\x9e\x93\x65\xe0\xeb\x0c\x56\x51\xa8\x44\x21\xc3\x15\
\xe4\x1b\xb7\x56\x2f\x4d\xf2\x80\x14\x03\x2a\x4b\x6d\x14\x4d\x3e\
\x74\x2a\x06\x55\xdc\xe1\x0d\xd6\xa0\xd6\xd1\x8c\xd9\x11\x33\x6a\
\x62\xf2\xe9\x60\x1d\x05\xc1\xd4\xb1\xaf\xe2\x73\x46\x8a\xd7\xfa\
\xca\xd7\x8b\x9d\xde\x97\x8a\x43\x75\x17\xd9\xf0\x9e\x3d\xe7\x2e\
\x30\x0b\x1a\x72\x69\x91\x8e\x8e\xb9\xd2\x66\xa9\x0a\x42\x46\xc9\
\x7c\x33\x25\xd6\x64\x49\x35\x78\x3b\x1b\x51\x9d\x93\xd3\x94\x8d\
\xd6\xd6\x15\x23\xf4\xf9\xe6\x5d\xae\x40\x88\x81\x3a\x4c\x1c\xbc\
\x81\x44\x5d\xbc\xa5\x1e\xd8\x9c\x43\x86\xa2\xe1\x2c\xe1\xca\x02\
\xb1\x42\xfb\xe1\x91\xe0\x7a\x9b\x34\x0a\xbf\x9f\x92\x9c\x80\xed\
\x51\xd4\x94\x1e\xed\x5c\xd2\x72\xb9\x42\xd3\x9b\x7b\x6e\xbd\x85\
\xe9\xcd\xa2\xd1\xd2\x5b\x78\xc9\x25\xe5\xcc\xe3\xe5\x59\xd1\x61\
\xa9\x99\x22\xf8\x2a\x8c\x7b\xe9\x55\x90\x0e\x2e\x92\x90\xe2\xbc\
\xae\xe2\x85\xac\x93\xdf\x1f\x1e\x9c\x1d\x75\x19\x4c\x9b\x2e\x27\
\x84\x08\x57\xa9\x71\x95\x37\xbf\xf5\x66\xa0\x8c\x8b\x06\xac\x4e\
\xc5\xaf\x87\xe2\x6c\x49\x07\xf1\x34\x50\xd5\xe4\x6b\x9c\x31\xad\
\xb6\xa0\xe3\xfd\x7a\x14\x0f\xd4\xf7\x05\x07\xd4\x42\x1b\xe9\x7b\
\x0d\x60\x5a\x2e\x0d\xcd\xf7\xb7\x23\xcd\xe0\x10\xa6\x8e\x61\xe4\
\x37\x83\x98\x59\xa8\xb2\xd9\x63\xd0\xee\xa4\x73\xfc\x0a\x64\xcb\
\x41\xbb\xdb\x9b\x07\x6c\x52\x6c\x7a\x2b\x83\x0d\xe9\xb4\xbe\x20\
\xe8\x11\x74\x18\x50\x4e\x3c\x89\xa7\x55\x03\x97\x98\x72\x09\x44\
\x74\xfe\x8c\xe1\xff\x33\x25\x7c\x5d\x48\x2c\xb6\x4a\xe9\x8c\xab\
\x35\xe5\x26\xfc\xde\x62\x42\x13\x16\xa7\xeb\x7a\x19\xf4\x25\xac\
\x91\x88\x7a\x86\x4f\x31\xfd\xf0\xfa\x24\x50\x87\x0f\x85\xe4\xc4\
\xe7\x85\xfe\x1e\xc7\x65\x54\xb6\x32\xa0\x63\x2e\x81\xe0\xf1\x7e\
\xbc\x0e\x53\x4c\x8c\x15\x63\x07\xa5\x9b\x9e\xec\xed\x57\x7f\x17\
\xa7\x19\x7b\xc4\x2b\x9b\x5c\x31\x28\x16\xfa\x73\xb0\xa7\x1d\x8c\
\xce\xf8\xb0\x5c\xaf\x83\x18\xad\xb3\xd7\x01\xfe\x41\x3a\xef\x78\
\x7f\x79\x36\x7d\xf7\x02\xbe\xea\x8f\x76\x3e\xdb\x3c\xc7\x1f\xfc\
\x0b\x16\x3e\x18\xef\x7c\xb6\xb5\x81\x3f\xf8\x01\x19\x33\x3e\x7b\
\xb2\x8d\x3f\xea\xef\x3a\x06\xb9\x40\x23\x1f\x7f\xf0\x43\xd4\x0a\
\x77\x3e\x0b\xe8\x3f\xfc\x7b\x32\x83\x33\x66\xe7\xb3\xfe\x73\xfc\
\xc1\x0f\x46\x49\x10\x44\xd0\xcd\xb3\xe1\xb3\x3f\xfb\x2f\x7e\x59\
\xfe\x6f\xde\x87\x7e\xfc\xae\x0e\xb4\xa7\x90\x96\x3e\xc5\xba\xd6\
\xe1\xa3\x17\xbf\xf4\xe3\xe1\xcd\x87\x89\x9f\x8c\xc2\x68\x67\xe3\
\x45\xdf\x1f\x5c\x62\x76\x4d\x34\xdc\x49\xfc\x61\xe8\x8f\xa1\x2b\
\xf8\x17\x36\xdf\xea\x20\x4c\x06\x68\x81\x42\xca\x4e\x49\x19\xa9\
\x7d\xb6\xd5\xc7\x1f\x6f\xa3\x26\x53\xf2\x9e\x3c\xdb\x98\xbe\x5b\
\xab\x5d\xf9\xc9\x2a\x4e\x75\xed\x05\x6f\x03\xfe\x1b\x87\xbd\xf6\
\x62\xf9\x1c\xf6\x64\xfd\xdc\x9f\x84\xe3\x9b\x9d\x66\x02\xef\xa8\
\xbd\xc6\xb4\x73\x3c\x34\x6a\xa9\x1f\xa5\x75\xac\xb6\x79\xfe\x82\
\x9a\x21\xb7\xec\x6c\x3e\x05\xd2\xfd\xd2\x40\x51\xf1\x01\xb4\x5c\
\x82\xe5\xd8\x51\x02\xe2\x05\x25\x3c\xec\x6c\x6e\x6c\xfc\xe9\xc5\
\xd4\xa7\x34\xc8\x9d\xcd\xe7\xd3\x77\xde\xd6\x33\xfc\x1f\xf5\x1b\
\x3c\x2f\x96\xaa\x0f\xcb\xba\x0f\x15\x20\xfd\x22\xa1\x35\xa2\x76\
\x30\xb9\x9d\x2d\x98\x44\xc9\xc8\xad\x11\x6d\x63\x8f\x17\x9b\x9a\
\x70\xde\x86\x87\x6f\xda\xb0\xda\x3c\xc1\x36\xf4\xe7\x35\xb3\xc0\
\xf6\xc6\xc6\x8b\x31\x15\xb6\xab\xe3\x01\x80\x03\x5d\xae\x6f\x34\
\x68\x72\x17\x5b\xaa\x2b\x1a\xf1\x86\xb7\xb9\x91\xeb\x8e\x06\x67\
\x77\xf7\x0c\xba\xfb\xa5\xd1\x47\xa8\x94\x41\x32\x9b\xf4\x3f\xc0\
\x51\x0b\x4a\xfa\xcd\xce\xf9\x38\x78\xf7\x62\xe4\x4f\x77\xb0\x8f\
\x17\x3e\xec\xf3\xa8\x4e\xa1\x71\x3b\x03\x12\xa2\x8a\x4c\x75\x46\
\x74\xe7\xc9\x2c\x6b\x9e\xe0\xcf\xe0\xed\x40\x9b\x70\xe8\x31\x01\
\x90\x0d\xdd\xc5\x24\x16\x5b\x9b\x3b\x22\xcf\xff\x50\xf2\x04\xd2\
\xb2\x3e\x0c\x06\x12\x78\xb9\x13\xc5\x51\x00\x2c\x6a\x3f\x87\xf2\
\xb0\xec\xd1\x5f\x54\x87\x9f\x9d\xd3\x7f\x15\x7d\xf9\x3b\x08\x9d\
\x03\x5b\x42\xb5\x0e\x9e\xe1\x0f\xbc\xc4\xdf\x21\x4c\xbb\x45\x86\
\xc5\x85\x20\x43\xee\x8f\xca\xc4\x05\xb9\x97\xff\xd2\x90\x88\xd2\
\xd4\xe9\x8f\x36\xe3\xda\x0b\x59\xce\xcd\x67\xb4\x9c\xf0\x83\x73\
\x44\x25\xb1\xce\xd9\x53\x1f\x2c\xbe\x15\xda\x53\x40\xea\x34\x0d\
\x76\xd4\x2f\xce\x76\x1c\xf5\xfd\xd5\x27\x5b\x35\xfe\xbf\x8d\xc6\
\xf3\xe7\x6b\xf2\x5c\xc5\x62\xb9\xaf\xcb\x12\x14\x01\xb7\x2d\x31\
\x49\x1a\x78\xd4\x7d\x72\x67\x0c\x57\xb7\x3a\x28\x23\xe3\x61\xae\
\x0f\xa6\xb7\xd3\x7a\x08\xfb\x4b\xb6\x21\x4e\x7d\x73\x0b\x98\x0b\
\x48\x4e\x2a\x61\x9d\x98\x71\x67\x12\x0e\x87\xe3\xdc\x73\x0d\x50\
\x77\x85\x24\x5b\xdb\x4f\x4b\xb7\x1f\xad\x10\xf7\x40\xfb\x55\x91\
\x8d\x37\x6f\x39\x11\x96\xe1\xae\x95\x05\xb4\xdf\x02\x18\xed\x75\
\xe2\x4f\x73\xef\x85\xa3\xea\x43\xf1\x5d\xd2\x86\x10\x87\x1b\x28\
\xe2\xd1\x31\x55\xc6\x36\x36\xff\xff\x99\xf8\x9f\xd5\x3a\x3c\x02\
\xd2\x0f\xcb\xcc\x05\x75\x14\x2a\x4f\x58\x0a\x99\xaf\x3f\x58\x5f\
\xe2\xae\x07\x96\x79\x57\x17\xae\x00\xb6\xc8\xb5\xf6\x2e\x9e\x7c\
\xb0\x04\xd0\xf3\x12\xe1\xa2\xa5\x78\xc9\x7c\x96\x55\x57\x48\x97\
\x0f\x72\x28\x01\xcd\x6c\x16\xb3\x09\xa7\xd8\x77\x8b\xd8\x77\x8b\
\xa5\x91\x33\x9e\xa9\x2d\xfc\x36\x59\xfa\x11\x0f\xa9\xce\x1b\x4f\
\x9f\xce\x1d\x09\x3c\x9d\x5a\x53\xda\x68\xfc\x25\x98\x14\xe6\xa4\
\x5f\x49\x08\x91\xf5\x04\x73\x8c\x87\x1f\x94\x04\x43\xd2\x6d\x58\
\x5d\x52\xa3\xb2\xdd\xe8\xbc\x66\x0b\xde\xa3\x7a\xc0\x73\x0c\x38\
\x0e\x89\xad\xa2\x5c\xa6\x1f\x0a\xd3\x58\x84\x65\x6c\x4e\xc3\xf0\
\x38\xe6\xb5\xe5\x47\x5b\xc2\xc2\xa0\xec\x73\x74\x17\x2e\x9e\x31\
\x6c\xd3\xda\xca\x6e\x3c\x43\x60\x0b\xef\x28\xb8\x5e\xa9\x4d\xe2\
\x28\xa6\x11\xb9\x03\xc1\x93\xdf\xe1\x3e\x9c\x7f\x41\x98\x7c\xb6\
\xb5\xf5\x64\xe3\xe9\x86\xde\x66\xa0\x07\xcc\x52\xdc\xd4\x2f\x50\
\x86\x9e\x83\x5e\xbb\x73\x01\x3b\x39\x88\x6c\x1e\xfa\x6c\xe3\x7c\
\xf3\xcf\x5b\xcf\x73\xef\xcb\xc2\x6c\x1c\x7c\xb0\x9b\x6d\x0e\xb7\
\xfc\xed\x6d\x73\x62\x23\x83\x6d\xea\x13\x33\x3f\x2b\xcf\x4c\x24\
\xa7\x16\x88\x48\x1e\x6e\xe0\x4f\xee\xad\x12\x9e\xe6\x5d\x6c\xdb\
\x93\xdd\xe4\xad\x46\x7f\x8b\x18\x7b\xae\x3b\xa2\x45\x2c\x72\x4b\
\x25\x57\xa2\x68\x28\xe1\x85\xe5\xf2\x83\xc9\x7e\x2a\x77\x46\xb9\
\xc2\xc7\x6e\x47\x27\x96\x67\xe4\xd1\x2d\x47\xa0\x75\x6e\x15\x96\
\x3c\x05\x35\x7f\x3c\xae\xdb\x2b\xbf\x21\xaa\x15\x5c\x18\x98\xbd\
\x3f\x54\x1e\x46\xf2\x18\xed\x18\xc3\xbc\x73\xc9\xb4\x6c\xf7\x0c\
\x1b\xd7\x53\x3b\x77\x67\x1b\xd7\x1b\x17\x7d\x9b\x04\x47\xee\x84\
\x80\xa1\x95\xd0\x9c\xfb\xb2\x68\x60\xad\x96\xd5\xb0\x4c\xe4\x2f\
\x37\xd8\x9c\x42\x14\xfe\xb0\xc0\xfa\xaa\xe6\x7c\x56\xdf\x87\x26\
\x5e\x35\x51\x9c\xce\x1f\x4a\x15\xe9\x0c\x23\x2c\x23\x7d\x84\xf2\
\x59\x33\x77\xce\xcb\xc5\xae\x4a\x44\x03\xea\x2f\x66\x97\x6e\xa9\
\x5d\xea\xca\x84\xa7\x0b\x32\x83\xf4\x2f\xe2\x20\x7f\x74\xba\x7b\
\x92\x44\xb2\x7e\x02\x61\x3d\x1c\xf9\xb1\x7d\xfe\xe4\x7c\xe3\xb9\
\x1a\x07\xd1\xff\xa9\x91\x5c\xe7\x9b\x83\xad\x27\x5b\x2f\xcc\x4e\
\xd9\xea\x3b\x03\xc0\xcb\xad\x2b\x8e\xb6\x9e\x9c\x6f\x3d\xad\xea\
\x4e\xee\x51\x4a\xd6\x3c\x3f\x3f\x0f\x9e\x5a\x83\x43\xdb\x9b\x3b\
\x38\x7f\x73\x7b\x73\xbb\x72\x70\xe7\x4f\xe1\xbf\x17\xcb\x7a\x74\
\x43\xe8\xfe\xc5\x2f\xe7\x70\x77\x04\xd5\x34\xaf\x14\xd8\x47\x9d\
\x4d\x7a\xfa\x7b\x8e\x96\xfe\xd9\x5f\xe8\x3f\x5b\x6b\x12\xf5\xdf\
\x92\xa0\x4f\x90\xc8\xcb\xfc\xe6\x4a\xad\xbb\xa8\xe2\xa0\x07\xa0\
\xef\x27\x1f\x68\x66\x1b\x2f\xf8\x14\x16\xcd\xe5\x39\x4a\x14\x75\
\x4c\x6d\x6c\x5c\x5d\xbc\x58\xd6\xc7\x05\x5a\x07\x9d\xc3\x62\xf3\
\x19\xfe\x2c\xa2\xc8\x39\x2c\x98\xdb\x68\x3c\x8d\x06\xfa\x6f\xea\
\x32\x34\xef\x83\xbd\x33\x3d\x1e\x15\x30\x00\xe6\x4a\x08\xfb\xf1\
\x4c\xbd\xb9\x53\x75\x59\x92\x95\x59\x3d\x7d\xe5\x50\x52\xef\xda\
\x91\x5d\x0b\xaf\x51\x2d\xd2\xd9\x04\xbe\xbb\xf9\xc0\x15\xaa\x77\
\x28\x2b\x01\x56\xa0\xec\x70\x07\x0d\x9b\x2c\x47\x75\x7d\x3b\xf5\
\xc4\xd7\x62\x77\x38\x1b\x7f\x30\x4d\xf9\x54\x91\x97\xd3\xbb\xe9\
\x12\x4a\xa3\x54\xf4\xb2\x96\xcb\x1b\x87\x6a\xa4\x4f\x44\x9d\x53\
\xdf\x2c\x76\xaf\x32\xc3\xb8\xdf\x3d\xaa\xc1\x8e\x35\xf7\xa2\x3a\
\x01\xfa\x3a\xec\x62\xdd\x8b\x70\xc1\x60\x8f\xa1\x91\xe4\x83\xcd\
\x5e\xf8\x8c\xfc\x4d\x07\x98\x51\x9c\xb7\xe9\xfb\x39\x0c\xf7\x14\
\x7f\xee\xc4\x70\x28\x8e\x9f\x31\xf7\xc0\xb0\xd1\x21\x91\xc8\x60\
\x48\xff\xe0\x95\x05\x42\xd4\x93\x00\xd9\xd1\x79\x9d\x98\x6c\x6c\
\x41\x60\xe9\x57\x9b\x1b\xf8\x53\x35\x98\xcf\x9e\x3c\xc7\x1f\xfb\
\xbd\x42\xf5\x82\xca\xae\xae\xc7\x0d\xd1\x78\x98\x62\x48\xde\x9d\
\x4d\x8b\x58\xb8\xe2\x99\xd2\xc6\xbc\x45\xb6\xba\xc5\x5b\xdb\xc2\
\x59\xde\xb6\xd9\x49\x88\x60\x51\xd3\xbf\xcd\x61\xce\x0d\x57\xdf\
\x66\xf3\x89\x7e\xf0\x83\xf3\x25\x31\xa6\xee\xb3\xa1\x8e\xda\xa1\
\x66\x1b\xc5\x8c\xb4\x97\xe1\x42\xe0\xf2\x53\x89\xbd\x03\x6d\x21\
\xdb\x53\x87\xd5\xb6\xb6\xb4\xca\xe7\x55\x29\xf1\x9e\x28\x0f\x04\
\x88\xca\x71\xee\xee\xbb\xb3\x78\x34\x42\x41\xe2\x6e\x6e\x18\xfc\
\x35\x50\xe1\x46\x0f\x2b\x8c\x48\x75\x27\xc4\x60\xc5\xdd\xdb\xb9\
\x1b\xae\x5c\x53\xd4\xb3\x8d\x60\x32\x85\x1e\xb8\x05\x02\x05\xc3\
\x88\x10\x20\x05\x5f\x1d\xc2\x22\x7b\xb7\x76\xae\xb6\xd4\xb6\x73\
\xc5\x63\x81\x29\x21\x5e\xf6\xe7\x49\x30\x0d\x7c\x9c\x9e\xfc\x46\
\x06\x99\x38\xbe\xac\xe3\xdb\x76\x76\x38\xa9\xf9\x83\xb0\xd7\xce\
\xca\xff\xfd\x8f\xff\xf9\xbf\x57\x0a\x07\x09\x59\xe8\xca\x9f\xf0\
\xf0\x91\x7f\x2f\x79\x44\x2d\xe2\xc2\x22\xc8\x3c\x70\x2f\x19\x84\
\xe6\xce\x06\xed\x54\x60\xb8\x0f\xc5\xdd\x5b\xb6\xd8\x65\x62\xcb\
\x92\x52\x05\x09\x96\xbf\x1e\xfd\x62\xa4\x18\xed\x49\x8f\x6f\xcc\
\x28\xa9\x6c\xa9\xb6\x6c\x76\xaa\x57\x2e\xd7\xca\xdf\xf2\x6b\x09\
\x39\x33\xd6\xa7\x7a\xa4\x0b\x8b\x3c\xe8\xa8\x28\x8c\xbc\x4d\x6f\
\x93\x5c\x84\x8e\x50\x9a\x33\x2b\x66\x29\xb7\x27\x7e\x8c\x7b\xb1\
\xce\x78\x3a\x77\xa9\x10\x0a\xea\xd5\xa9\xbb\x5a\xf8\x3f\x74\x21\
\xdf\xa1\x1d\x8d\x02\xe1\x99\xbe\x05\x2a\x23\x87\xd8\x30\x9c\x6e\
\x3c\xbf\x66\xff\x45\x2a\x92\x19\x3b\xdd\x9b\x2d\x05\xcb\x73\x0d\
\xac\x24\x37\xff\x5c\x76\xb5\xb6\xd7\xc0\x21\xde\x36\xfe\xe4\xb4\
\x6b\x11\xb8\xb9\x61\x28\xf9\xed\x7d\xf6\x8c\xfe\x03\x5a\xd9\xc3\
\xce\xdb\x2a\xdd\x49\x39\x5b\xc7\xcb\x1d\x22\x88\x99\x60\x5f\x6c\
\xc5\x87\x65\x7d\x51\xbd\xf3\x44\xc7\x16\xdf\x47\x0a\xb7\x97\xcb\
\x1b\xcf\xb2\xb8\x7b\xe7\xe1\xbb\x60\x08\xf7\x63\x50\x19\x81\xd6\
\xcb\x4a\xe2\x2f\x33\x97\xe2\x6f\xca\x61\xc2\xfd\x16\x3c\x29\x70\
\xb9\x7e\x4f\x97\x9d\x77\x08\xf3\x84\x1a\xee\xb2\x45\x41\x38\x54\
\x03\xfc\xc9\xdb\xb3\x3d\xeb\x5c\xdd\xde\xde\xc6\xaf\xdf\xd5\xd3\
\x0b\x7f\x08\x9c\x06\x4b\xff\x44\xdd\xbb\xc8\xca\xba\x51\xa3\x9f\
\xc6\xb3\xa7\xf0\x32\xb5\x96\xfc\x3d\x5d\x87\x96\x2b\x7c\x29\x46\
\xd1\xf5\x64\xe7\x2f\xe7\xb6\x41\x6d\x99\x18\xda\xd3\x36\x52\x52\
\xe3\xb1\xa4\xe4\x60\xb5\x6a\xbe\xde\x17\xf4\xd6\x35\xef\x0f\xe1\
\x04\x0b\x90\xfb\x70\x0c\x2c\x5b\x9a\xd1\xbd\x3a\xa3\x1e\xb8\xfa\
\x41\x76\x43\xed\xf0\xc4\xf4\x94\xc1\x52\x66\xbb\x41\x97\x3d\x5c\
\x94\x7c\x6b\x82\x09\x80\xe6\xb6\xc2\x00\xa4\x18\x0f\xd5\xb5\xc6\
\x53\x9c\x57\x78\x94\x42\x9a\x1c\xcb\x28\xa9\x14\xcb\xae\x12\x40\
\x97\x69\xdd\xd7\x90\xfe\xa3\xbe\x2c\x14\x87\xba\xa4\x46\xd9\xc3\
\xe6\x3d\x6c\xad\xda\x33\xe3\xdc\x28\xe3\x02\x7b\xa3\xd1\xbd\x22\
\xc7\x4d\x2c\x4a\x97\x4b\x36\x79\x7e\x30\x08\x6f\x00\x23\x51\x72\
\xc7\x73\x4e\x66\x47\xb6\xb3\xb4\xd7\x43\x7c\xae\x2e\xd5\xf9\xe1\
\x54\x0d\x1d\x77\xbb\x3b\xcc\xad\xa7\xf8\x53\xa4\xbd\x6d\x4c\xf3\
\xca\xac\x69\x38\x09\xac\x10\xa2\x46\xef\xf6\xba\xf1\x64\x63\x9b\
\x17\x5f\x00\xda\x4a\x9b\x6d\x43\x33\x74\x5e\x1a\x23\x09\xaf\xd9\
\x86\xaf\x9e\xb6\xc9\xe4\x27\x78\x78\x7f\x30\x4b\xcb\x96\xbb\x65\
\xeb\x3e\x47\xca\x99\x5e\xd2\x67\x8a\x03\x97\x02\xb8\xb6\xfb\x84\
\x22\x8f\xe1\x10\x4b\xe4\x81\xbd\x8c\x27\xd3\x84\xa1\xa3\xe5\x73\
\x6f\xb5\x31\xb8\x98\xac\x79\x57\x71\xd2\x0f\x92\x00\xf8\x3a\x5a\
\x42\x1c\x96\x23\xff\x2a\x1c\x71\x6a\x1e\x79\x5d\x97\xfe\x1f\x16\
\x2d\x49\xd1\
"

qt_resource_name = b"\
\x00\x07\
\x03\x59\x82\x23\
\x00\x6c\
\x00\x6f\x00\x63\x00\x61\x00\x6c\x00\x65\x00\x73\
\x00\x02\
\x00\x00\x06\xa5\
\x00\x64\
\x00\x65\
\x00\x05\
\x00\x69\x65\x3f\
\x00\x63\
\x00\x63\x00\x2e\x00\x6d\x00\x6f\
\x00\x07\
\x03\x0a\x35\xdf\
\x00\x6c\
\x00\x69\x00\x73\x00\x70\x00\x2e\x00\x6d\x00\x6f\
\x00\x09\
\x05\x4c\xa6\xbf\
\x00\x72\
\x00\x75\x00\x6e\x00\x6e\x00\x65\x00\x72\x00\x2e\x00\x6d\x00\x6f\
\x00\x08\
\x08\x89\x88\x7f\
\x00\x64\
\x00\x62\x00\x61\x00\x73\x00\x65\x00\x2e\x00\x6d\x00\x6f\
\x00\x09\
\x09\x97\x18\x3f\
\x00\x70\
\x00\x61\x00\x73\x00\x63\x00\x61\x00\x6c\x00\x2e\x00\x6d\x00\x6f\
\x00\x0a\
\x0f\xd9\x78\xdf\
\x00\x64\
\x00\x6f\x00\x78\x00\x79\x00\x67\x00\x65\x00\x6e\x00\x2e\x00\x6d\x00\x6f\
"

qt_resource_struct_v1 = b"\
\x00\x00\x00\x00\x00\x02\x00\x00\x00\x01\x00\x00\x00\x01\
\x00\x00\x00\x00\x00\x02\x00\x00\x00\x01\x00\x00\x00\x02\
\x00\x00\x00\x14\x00\x02\x00\x00\x00\x06\x00\x00\x00\x03\
\x00\x00\x00\x1e\x00\x00\x00\x00\x00\x01\x00\x00\x00\x00\
\x00\x00\x00\x2e\x00\x00\x00\x00\x00\x01\x00\x00\x10\x3f\
\x00\x00\x00\x42\x00\x01\x00\x00\x00\x01\x00\x00\x20\x7e\
\x00\x00\x00\x5a\x00\x00\x00\x00\x00\x01\x00\x00\x32\xec\
\x00\x00\x00\x70\x00\x00\x00\x00\x00\x01\x00\x00\x4c\x25\
\x00\x00\x00\x88\x00\x01\x00\x00\x00\x01\x00\x00\x5c\x64\
"

qt_resource_struct_v2 = b"\
\x00\x00\x00\x00\x00\x02\x00\x00\x00\x01\x00\x00\x00\x01\
\x00\x00\x00\x00\x00\x00\x00\x00\
\x00\x00\x00\x00\x00\x02\x00\x00\x00\x01\x00\x00\x00\x02\
\x00\x00\x00\x00\x00\x00\x00\x00\
\x00\x00\x00\x14\x00\x02\x00\x00\x00\x06\x00\x00\x00\x03\
\x00\x00\x00\x00\x00\x00\x00\x00\
\x00\x00\x00\x1e\x00\x00\x00\x00\x00\x01\x00\x00\x00\x00\
\x00\x00\x01\x9e\x5e\x28\x35\x90\
\x00\x00\x00\x2e\x00\x00\x00\x00\x00\x01\x00\x00\x10\x3f\
\x00\x00\x01\x9e\x5e\x28\x35\x90\
\x00\x00\x00\x42\x00\x01\x00\x00\x00\x01\x00\x00\x20\x7e\
\x00\x00\x01\x9e\x5e\x28\x35\x90\
\x00\x00\x00\x5a\x00\x00\x00\x00\x00\x01\x00\x00\x32\xec\
\x00\x00\x01\x9e\x5e\x28\x35\x90\
\x00\x00\x00\x70\x00\x00\x00\x00\x00\x01\x00\x00\x4c\x25\
\x00\x00\x01\x9e\x5e\x28\x35\x90\
\x00\x00\x00\x88\x00\x01\x00\x00\x00\x01\x00\x00\x5c\x64\
\x00\x00\x01\x9e\x5e\x58\x55\xe0\
"

qt_version = [int(v) for v in QtCore.qVersion().split('.')]
if qt_version < [5, 8, 0]:
    rcc_version = 1
    qt_resource_struct = qt_resource_struct_v1
else:
    rcc_version = 2
    qt_resource_struct = qt_resource_struct_v2

def qInitResources():
    QtCore.qRegisterResourceData(rcc_version, qt_resource_struct, qt_resource_name, qt_resource_data)

def qCleanupResources():
    QtCore.qUnregisterResourceData(rcc_version, qt_resource_struct, qt_resource_name, qt_resource_data)

qInitResources()
