# -*- coding: utf-8 -*-

# Resource object code
#
# Created by: The Resource Compiler for PyQt5 (Qt v5.15.2)
#
# WARNING! All changes made in this file will be lost!

from PyQt5 import QtCore

qt_resource_data = b"\
\x00\x00\x0e\xb8\
\xde\
\x12\x04\x95\x00\x00\x00\x00\x4e\x00\x00\x00\x1c\x00\x00\x00\x8c\
\x02\x00\x00\x00\x00\x00\x00\xfc\x04\x00\x00\x00\x00\x00\x00\xfc\
\x04\x00\x00\x0e\x00\x00\x00\xfd\x04\x00\x00\x10\x00\x00\x00\x0c\
\x05\x00\x00\x06\x00\x00\x00\x1d\x05\x00\x00\x09\x00\x00\x00\x24\
\x05\x00\x00\x0b\x00\x00\x00\x2e\x05\x00\x00\x05\x00\x00\x00\x3a\
\x05\x00\x00\x11\x00\x00\x00\x40\x05\x00\x00\x0f\x00\x00\x00\x52\
\x05\x00\x00\x12\x00\x00\x00\x62\x05\x00\x00\x07\x00\x00\x00\x75\
\x05\x00\x00\x04\x00\x00\x00\x7d\x05\x00\x00\x10\x00\x00\x00\x82\
\x05\x00\x00\x04\x00\x00\x00\x93\x05\x00\x00\x08\x00\x00\x00\x98\
\x05\x00\x00\x06\x00\x00\x00\xa1\x05\x00\x00\x04\x00\x00\x00\xa8\
\x05\x00\x00\x07\x00\x00\x00\xad\x05\x00\x00\x05\x00\x00\x00\xb5\
\x05\x00\x00\x07\x00\x00\x00\xbb\x05\x00\x00\x04\x00\x00\x00\xc3\
\x05\x00\x00\x04\x00\x00\x00\xc8\x05\x00\x00\x0c\x00\x00\x00\xcd\
\x05\x00\x00\x05\x00\x00\x00\xda\x05\x00\x00\x0d\x00\x00\x00\xe0\
\x05\x00\x00\x05\x00\x00\x00\xee\x05\x00\x00\x06\x00\x00\x00\xf4\
\x05\x00\x00\x07\x00\x00\x00\xfb\x05\x00\x00\x21\x00\x00\x00\x03\
\x06\x00\x00\x10\x00\x00\x00\x25\x06\x00\x00\x19\x00\x00\x00\x36\
\x06\x00\x00\x1a\x00\x00\x00\x50\x06\x00\x00\x06\x00\x00\x00\x6b\
\x06\x00\x00\x08\x00\x00\x00\x72\x06\x00\x00\x07\x00\x00\x00\x7b\
\x06\x00\x00\x05\x00\x00\x00\x83\x06\x00\x00\x0b\x00\x00\x00\x89\
\x06\x00\x00\x07\x00\x00\x00\x95\x06\x00\x00\x02\x00\x00\x00\x9d\
\x06\x00\x00\x15\x00\x00\x00\xa0\x06\x00\x00\x04\x00\x00\x00\xb6\
\x06\x00\x00\x0c\x00\x00\x00\xbb\x06\x00\x00\x0c\x00\x00\x00\xc8\
\x06\x00\x00\x11\x00\x00\x00\xd5\x06\x00\x00\x05\x00\x00\x00\xe7\
\x06\x00\x00\x0d\x00\x00\x00\xed\x06\x00\x00\x08\x00\x00\x00\xfb\
\x06\x00\x00\x0a\x00\x00\x00\x04\x07\x00\x00\x07\x00\x00\x00\x0f\
\x07\x00\x00\x0b\x00\x00\x00\x17\x07\x00\x00\x06\x00\x00\x00\x23\
\x07\x00\x00\x06\x00\x00\x00\x2a\x07\x00\x00\x07\x00\x00\x00\x31\
\x07\x00\x00\x08\x00\x00\x00\x39\x07\x00\x00\x0d\x00\x00\x00\x42\
\x07\x00\x00\x0f\x00\x00\x00\x50\x07\x00\x00\x04\x00\x00\x00\x60\
\x07\x00\x00\x09\x00\x00\x00\x65\x07\x00\x00\x0e\x00\x00\x00\x6f\
\x07\x00\x00\x06\x00\x00\x00\x7e\x07\x00\x00\x09\x00\x00\x00\x85\
\x07\x00\x00\x04\x00\x00\x00\x8f\x07\x00\x00\x04\x00\x00\x00\x94\
\x07\x00\x00\x26\x00\x00\x00\x99\x07\x00\x00\x14\x00\x00\x00\xc0\
\x07\x00\x00\x08\x00\x00\x00\xd5\x07\x00\x00\x0e\x00\x00\x00\xde\
\x07\x00\x00\x0f\x00\x00\x00\xed\x07\x00\x00\x18\x00\x00\x00\xfd\
\x07\x00\x00\x13\x00\x00\x00\x16\x08\x00\x00\x14\x00\x00\x00\x2a\
\x08\x00\x00\x10\x00\x00\x00\x3f\x08\x00\x00\x0e\x00\x00\x00\x50\
\x08\x00\x00\x0e\x00\x00\x00\x5f\x08\x00\x00\x10\x00\x00\x00\x6e\
\x08\x00\x00\x13\x00\x00\x00\x7f\x08\x00\x00\x07\x00\x00\x00\x93\
\x08\x00\x00\x1f\x00\x00\x00\x9b\x08\x00\x00\x5a\x01\x00\x00\xbb\
\x08\x00\x00\x10\x00\x00\x00\x16\x0a\x00\x00\x12\x00\x00\x00\x27\
\x0a\x00\x00\x09\x00\x00\x00\x3a\x0a\x00\x00\x07\x00\x00\x00\x44\
\x0a\x00\x00\x0f\x00\x00\x00\x4c\x0a\x00\x00\x0a\x00\x00\x00\x5c\
\x0a\x00\x00\x14\x00\x00\x00\x67\x0a\x00\x00\x12\x00\x00\x00\x7c\
\x0a\x00\x00\x14\x00\x00\x00\x8f\x0a\x00\x00\x0b\x00\x00\x00\xa4\
\x0a\x00\x00\x08\x00\x00\x00\xb0\x0a\x00\x00\x14\x00\x00\x00\xb9\
\x0a\x00\x00\x05\x00\x00\x00\xce\x0a\x00\x00\x09\x00\x00\x00\xd4\
\x0a\x00\x00\x08\x00\x00\x00\xde\x0a\x00\x00\x0a\x00\x00\x00\xe7\
\x0a\x00\x00\x08\x00\x00\x00\xf2\x0a\x00\x00\x05\x00\x00\x00\xfb\
\x0a\x00\x00\x08\x00\x00\x00\x01\x0b\x00\x00\x07\x00\x00\x00\x0a\
\x0b\x00\x00\x05\x00\x00\x00\x12\x0b\x00\x00\x0e\x00\x00\x00\x18\
\x0b\x00\x00\x06\x00\x00\x00\x27\x0b\x00\x00\x11\x00\x00\x00\x2e\
\x0b\x00\x00\x09\x00\x00\x00\x40\x0b\x00\x00\x07\x00\x00\x00\x4a\
\x0b\x00\x00\x09\x00\x00\x00\x52\x0b\x00\x00\x22\x00\x00\x00\x5c\
\x0b\x00\x00\x11\x00\x00\x00\x7f\x0b\x00\x00\x2b\x00\x00\x00\x91\
\x0b\x00\x00\x1e\x00\x00\x00\xbd\x0b\x00\x00\x0a\x00\x00\x00\xdc\
\x0b\x00\x00\x07\x00\x00\x00\xe7\x0b\x00\x00\x07\x00\x00\x00\xef\
\x0b\x00\x00\x06\x00\x00\x00\xf7\x0b\x00\x00\x0d\x00\x00\x00\xfe\
\x0b\x00\x00\x07\x00\x00\x00\x0c\x0c\x00\x00\x02\x00\x00\x00\x14\
\x0c\x00\x00\x13\x00\x00\x00\x17\x0c\x00\x00\x07\x00\x00\x00\x2b\
\x0c\x00\x00\x0d\x00\x00\x00\x33\x0c\x00\x00\x0f\x00\x00\x00\x41\
\x0c\x00\x00\x19\x00\x00\x00\x51\x0c\x00\x00\x07\x00\x00\x00\x6b\
\x0c\x00\x00\x0d\x00\x00\x00\x73\x0c\x00\x00\x09\x00\x00\x00\x81\
\x0c\x00\x00\x0d\x00\x00\x00\x8b\x0c\x00\x00\x08\x00\x00\x00\x99\
\x0c\x00\x00\x0c\x00\x00\x00\xa2\x0c\x00\x00\x09\x00\x00\x00\xaf\
\x0c\x00\x00\x0a\x00\x00\x00\xb9\x0c\x00\x00\x08\x00\x00\x00\xc4\
\x0c\x00\x00\x0f\x00\x00\x00\xcd\x0c\x00\x00\x0e\x00\x00\x00\xdd\
\x0c\x00\x00\x11\x00\x00\x00\xec\x0c\x00\x00\x09\x00\x00\x00\xfe\
\x0c\x00\x00\x08\x00\x00\x00\x08\x0d\x00\x00\x0f\x00\x00\x00\x11\
\x0d\x00\x00\x08\x00\x00\x00\x21\x0d\x00\x00\x09\x00\x00\x00\x2a\
\x0d\x00\x00\x04\x00\x00\x00\x34\x0d\x00\x00\x07\x00\x00\x00\x39\
\x0d\x00\x00\x2b\x00\x00\x00\x41\x0d\x00\x00\x17\x00\x00\x00\x6d\
\x0d\x00\x00\x12\x00\x00\x00\x85\x0d\x00\x00\x0f\x00\x00\x00\x98\
\x0d\x00\x00\x12\x00\x00\x00\xa8\x0d\x00\x00\x13\x00\x00\x00\xbb\
\x0d\x00\x00\x1a\x00\x00\x00\xcf\x0d\x00\x00\x17\x00\x00\x00\xea\
\x0d\x00\x00\x13\x00\x00\x00\x02\x0e\x00\x00\x16\x00\x00\x00\x16\
\x0e\x00\x00\x14\x00\x00\x00\x2d\x0e\x00\x00\x2d\x00\x00\x00\x42\
\x0e\x00\x00\x17\x00\x00\x00\x70\x0e\x00\x00\x09\x00\x00\x00\x88\
\x0e\x00\x00\x25\x00\x00\x00\x92\x0e\x00\x00\x00\x41\x63\x63\x65\
\x73\x73\x20\x45\x72\x72\x6f\x72\x3a\x20\x00\x41\x74\x74\x72\x69\
\x62\x75\x74\x20\x45\x72\x72\x6f\x72\x3a\x20\x00\x43\x61\x6e\x63\
\x65\x6c\x00\x43\x68\x61\x72\x61\x63\x74\x65\x72\x00\x43\x68\x6f\
\x6f\x73\x65\x20\x70\x61\x74\x68\x00\x43\x6c\x6f\x73\x65\x00\x43\
\x6c\x6f\x73\x65\x20\x41\x70\x70\x6c\x69\x63\x61\x74\x69\x6f\x6e\
\x00\x43\x6f\x6d\x6d\x65\x6e\x74\x20\x45\x72\x72\x6f\x72\x3a\x20\
\x00\x43\x6f\x6d\x6d\x6f\x6e\x20\x45\x78\x63\x65\x70\x74\x69\x6f\
\x6e\x3a\x20\x00\x43\x6f\x6d\x70\x69\x6c\x65\x00\x43\x6f\x70\x79\
\x00\x44\x61\x74\x61\x62\x61\x73\x65\x20\x4d\x61\x6e\x61\x67\x65\
\x72\x00\x44\x61\x74\x65\x00\x44\x61\x74\x65\x54\x69\x6d\x65\x00\
\x44\x65\x6c\x65\x74\x65\x00\x45\x64\x69\x74\x00\x45\x6e\x67\x6c\
\x69\x73\x68\x00\x45\x72\x72\x6f\x72\x00\x45\x72\x72\x6f\x72\x3a\
\x20\x00\x45\x78\x69\x74\x00\x46\x69\x6c\x65\x00\x46\x69\x6c\x65\
\x20\x45\x72\x72\x6f\x72\x3a\x20\x00\x46\x6c\x6f\x61\x74\x00\x46\
\x6f\x72\x6d\x2d\x44\x65\x73\x69\x67\x6e\x65\x72\x00\x46\x6f\x72\
\x6d\x73\x00\x47\x65\x72\x6d\x61\x6e\x00\x49\x6e\x74\x65\x67\x65\
\x72\x00\x49\x6e\x74\x65\x72\x6e\x61\x6c\x20\x45\x72\x72\x6f\x72\
\x20\x28\x50\x79\x74\x68\x6f\x6e\x20\x4e\x61\x6d\x65\x45\x72\x72\
\x6f\x72\x29\x00\x49\x6e\x74\x65\x72\x6e\x61\x6c\x20\x45\x72\x72\
\x6f\x72\x3a\x20\x00\x4c\x4f\x47\x20\x66\x69\x6c\x65\x20\x63\x6f\
\x75\x6c\x64\x20\x6e\x6f\x74\x20\x72\x65\x6d\x6f\x76\x65\x00\x4c\
\x4f\x47\x20\x66\x69\x6c\x65\x20\x68\x61\x76\x65\x20\x62\x65\x65\
\x6e\x20\x72\x65\x6d\x6f\x76\x65\x64\x00\x4c\x61\x62\x65\x6c\x73\
\x00\x4c\x61\x6e\x67\x75\x61\x67\x65\x00\x4c\x6f\x67\x69\x63\x61\
\x6c\x00\x4d\x65\x6e\x75\x65\x00\x4e\x65\x77\x20\x50\x72\x6f\x6a\
\x65\x63\x74\x00\x4e\x75\x6d\x65\x72\x69\x63\x00\x4f\x4b\x00\x4f\
\x6e\x65\x2d\x43\x6c\x69\x63\x6b\x20\x41\x70\x70\x6c\x69\x63\x61\
\x74\x69\x6f\x6e\x00\x4f\x70\x65\x6e\x00\x4f\x70\x65\x6e\x20\x46\
\x69\x6c\x65\x2e\x2e\x2e\x00\x4f\x70\x65\x6e\x20\x50\x72\x6f\x6a\
\x65\x63\x74\x00\x50\x6c\x65\x61\x73\x65\x20\x65\x6e\x74\x65\x72\
\x20\x74\x65\x78\x74\x00\x50\x72\x69\x6e\x74\x00\x50\x72\x69\x6e\
\x74\x20\x50\x72\x65\x76\x69\x65\x77\x00\x50\x72\x6f\x67\x72\x61\
\x6d\x73\x00\x50\x72\x6f\x70\x65\x72\x74\x69\x65\x73\x00\x51\x75\
\x65\x72\x69\x65\x73\x00\x52\x65\x67\x69\x65\x63\x65\x6e\x74\x65\
\x72\x00\x52\x65\x6d\x6f\x76\x65\x00\x52\x65\x6e\x61\x6d\x65\x00\
\x52\x65\x70\x6f\x72\x74\x73\x00\x52\x75\x6e\x20\x2d\x20\x46\x32\
\x00\x52\x75\x6e\x74\x69\x6d\x65\x20\x45\x72\x72\x6f\x72\x00\x52\
\x75\x6e\x74\x69\x6d\x65\x20\x45\x72\x72\x6f\x72\x3a\x20\x00\x53\
\x61\x76\x65\x00\x53\x74\x72\x75\x63\x74\x75\x72\x65\x00\x53\x79\
\x6e\x74\x61\x78\x20\x45\x72\x72\x6f\x72\x3a\x20\x00\x54\x61\x62\
\x6c\x65\x73\x00\x54\x68\x65\x20\x61\x6c\x69\x61\x73\x00\x54\x69\
\x6d\x65\x00\x56\x69\x65\x77\x00\x57\x6f\x75\x6c\x64\x20\x79\x6f\
\x75\x20\x72\x65\x61\x6c\x79\x20\x63\x6c\x6f\x73\x65\x20\x74\x68\
\x65\x20\x41\x70\x70\x6c\x69\x63\x61\x74\x69\x6f\x6e\x3f\x00\x61\
\x6c\x69\x61\x73\x20\x61\x6c\x72\x65\x61\x64\x79\x20\x65\x78\x69\
\x73\x74\x73\x00\x61\x6c\x6c\x46\x69\x6c\x65\x73\x00\x61\x6c\x72\
\x65\x61\x64\x79\x20\x65\x78\x69\x73\x74\x73\x00\x61\x6c\x72\x65\
\x61\x64\x79\x20\x65\x78\x69\x73\x74\x73\x2e\x00\x61\x72\x65\x20\
\x79\x6f\x75\x20\x73\x75\x72\x65\x2c\x20\x74\x6f\x20\x64\x65\x6c\
\x65\x74\x65\x3f\x00\x63\x6f\x75\x6c\x64\x20\x6e\x6f\x74\x20\x6f\
\x70\x65\x6e\x20\x66\x69\x6c\x65\x00\x64\x42\x61\x73\x65\x53\x6f\
\x75\x72\x63\x65\x63\x6f\x64\x65\x46\x69\x6c\x65\x73\x00\x64\x65\
\x6c\x65\x74\x65\x20\x4c\x4f\x47\x20\x66\x69\x6c\x65\x3f\x00\x66\
\x69\x6c\x65\x20\x69\x73\x20\x69\x6e\x20\x75\x73\x65\x00\x66\x69\
\x6c\x65\x20\x6e\x6f\x74\x20\x66\x6f\x75\x6e\x64\x00\x72\x65\x6d\
\x6f\x76\x65\x20\x4c\x4f\x47\x20\x66\x69\x6c\x65\x3f\x00\x72\x65\
\x6d\x6f\x76\x65\x20\x66\x69\x6c\x65\x20\x64\x69\x65\x6e\x65\x64\
\x2e\x00\x72\x65\x6d\x76\x6f\x65\x64\x00\x79\x6f\x75\x20\x68\x61\
\x76\x65\x20\x74\x6f\x20\x72\x65\x6d\x6f\x76\x65\x20\x69\x74\x20\
\x79\x6f\x75\x72\x20\x73\x65\x6c\x66\x00\x50\x72\x6f\x6a\x65\x63\
\x74\x2d\x49\x64\x2d\x56\x65\x72\x73\x69\x6f\x6e\x3a\x20\x61\x70\
\x70\x20\x31\x2e\x30\x0a\x52\x65\x70\x6f\x72\x74\x2d\x4d\x73\x67\
\x69\x64\x2d\x42\x75\x67\x73\x2d\x54\x6f\x3a\x20\x70\x61\x75\x6c\
\x65\x33\x32\x2e\x6a\x6b\x40\x67\x6d\x61\x69\x6c\x2e\x63\x6f\x6d\
\x0a\x50\x4f\x54\x2d\x43\x72\x65\x61\x74\x69\x6f\x6e\x2d\x44\x61\
\x74\x65\x3a\x20\x32\x30\x32\x36\x2d\x30\x32\x2d\x32\x34\x20\x30\
\x30\x3a\x30\x30\x2b\x30\x31\x30\x30\x0a\x50\x4f\x2d\x52\x65\x76\
\x69\x73\x69\x6f\x6e\x2d\x44\x61\x74\x65\x3a\x20\x32\x30\x32\x36\
\x2d\x30\x32\x2d\x32\x34\x20\x30\x30\x3a\x30\x30\x2b\x30\x31\x30\
\x30\x0a\x4c\x61\x73\x74\x2d\x54\x72\x61\x6e\x73\x6c\x61\x74\x6f\
\x72\x3a\x20\x70\x61\x75\x6c\x65\x33\x32\x0a\x4c\x61\x6e\x67\x75\
\x61\x67\x65\x2d\x54\x65\x61\x6d\x3a\x20\x70\x61\x75\x6c\x65\x33\
\x32\x0a\x4c\x61\x6e\x67\x75\x61\x67\x65\x3a\x20\x64\x65\x0a\x4d\
\x49\x4d\x45\x2d\x56\x65\x72\x73\x69\x6f\x6e\x3a\x20\x31\x2e\x30\
\x0a\x43\x6f\x6e\x74\x65\x6e\x74\x2d\x54\x79\x70\x65\x3a\x20\x74\
\x65\x78\x74\x2f\x70\x6c\x61\x69\x6e\x3b\x20\x63\x68\x61\x72\x73\
\x65\x74\x3d\x55\x54\x46\x2d\x38\x0a\x43\x6f\x6e\x74\x65\x6e\x74\
\x2d\x54\x72\x61\x6e\x73\x66\x65\x72\x2d\x45\x6e\x63\x6f\x64\x69\
\x6e\x67\x3a\x20\x38\x62\x69\x74\x0a\x50\x6c\x75\x72\x61\x6c\x2d\
\x46\x6f\x72\x6d\x73\x3a\x20\x6e\x70\x6c\x75\x72\x61\x6c\x73\x3d\
\x32\x3b\x20\x70\x6c\x75\x72\x61\x6c\x3d\x28\x6e\x20\x21\x3d\x20\
\x31\x29\x3b\x0a\x00\x5a\x75\x67\x72\x69\x66\x66\x2d\x46\x65\x68\
\x6c\x65\x72\x3a\x20\x00\x41\x74\x74\x72\x69\x62\x75\x74\x65\x2d\
\x46\x65\x68\x6c\x65\x72\x3a\x20\x00\x41\x62\x62\x72\x65\x63\x68\
\x65\x6e\x00\x5a\x65\x69\x63\x68\x65\x6e\x00\x50\x66\x61\x64\x20\
\x61\x75\x73\x77\xc3\xa4\x68\x6c\x65\x6e\x00\x53\x63\x68\x6c\x69\
\x65\xc3\x9f\x65\x6e\x00\x41\x6e\x77\x65\x6e\x64\x75\x6e\x67\x20\
\x73\x63\x68\x6c\x69\x65\xc3\x9f\x65\x6e\x00\x4b\x6f\x6d\x6d\x65\
\x6e\x74\x61\x72\x2d\x46\x65\x68\x6c\x65\x72\x3a\x20\x00\x41\x6c\
\x6c\x67\x65\x6d\x65\x69\x6e\x65\x72\x20\x46\x65\x68\x6c\x65\x72\
\x3a\x20\x00\x43\x6f\x6d\x70\x69\x6c\x69\x65\x72\x65\x6e\x00\x4b\
\x6f\x70\x69\x65\x72\x65\x6e\x00\x44\x61\x74\x65\x6e\x62\x61\x6e\
\x6b\x2d\x56\x65\x72\x77\x61\x6c\x74\x75\x6e\x67\x00\x44\x41\x54\
\x55\x4d\x00\x44\x41\x54\x55\x4d\x5a\x45\x49\x54\x00\x4c\xc3\xb6\
\x73\x63\x68\x65\x6e\x00\x42\x65\x61\x72\x62\x65\x69\x74\x65\x6e\
\x00\x45\x6e\x67\x6c\x69\x73\x63\x68\x00\x45\x72\x72\x6f\x72\x00\
\x46\x65\x68\x6c\x65\x72\x3a\x20\x00\x42\x65\x65\x6e\x64\x65\x6e\
\x00\x44\x61\x74\x65\x69\x00\x44\x61\x74\x65\x69\x2d\x46\x65\x68\
\x6c\x65\x72\x3a\x20\x00\x44\x4f\x55\x42\x4c\x45\x00\x46\x6f\x72\
\x6d\x75\x6c\x61\x72\x2d\x44\x65\x73\x69\x67\x6e\x65\x72\x00\x46\
\x6f\x72\x6d\x75\x6c\x61\x72\x65\x00\x44\x65\x75\x74\x73\x63\x68\
\x00\x4e\x75\x6d\x65\x72\x69\x73\x63\x68\x00\x49\x6e\x74\x65\x72\
\x6e\x65\x72\x20\x46\x65\x68\x6c\x65\x72\x20\x28\x50\x79\x68\x74\
\x6f\x6e\x20\x4e\x61\x6d\x65\x45\x72\x72\x6f\x72\x29\x00\x49\x6e\
\x74\x65\x72\x6e\x65\x72\x2d\x46\x65\x68\x6c\x65\x72\x3a\x20\x00\
\x44\x69\x65\x20\x4c\x4f\x47\x2d\x44\x61\x74\x65\x69\x20\x6b\x6f\
\x6e\x6e\x74\x65\x20\x6e\x69\x63\x68\x74\x20\x67\x65\x6c\xc3\xb6\
\x73\x63\x68\x74\x20\x77\x65\x72\x64\x65\x6e\x00\x44\x69\x65\x20\
\x4c\x4f\x47\x2d\x44\x61\x74\x65\x69\x20\x77\x75\x72\x64\x65\x20\
\x67\x65\x6c\xc3\xb6\x73\x63\x68\x74\x2e\x00\x45\x74\x74\x69\x6b\
\x65\x74\x74\x65\x6e\x00\x53\x70\x72\x61\x63\x68\x65\x00\x4c\x6f\
\x67\x69\x73\x63\x68\x00\x4d\x65\x6e\xc3\xbc\x73\x00\x4e\x65\x75\
\x65\x73\x20\x50\x72\x6f\x6a\x65\x6b\x74\x00\x44\x45\x5a\x49\x4d\
\x41\x4c\x00\x4f\x4b\x00\x45\x69\x6e\x2d\x6b\x6c\x69\x63\x6b\x20\
\x41\x6e\x77\x65\x6e\x64\x75\x6e\x67\x00\xc3\x96\x66\x66\x6e\x65\
\x6e\x00\x44\x61\x74\x65\x69\x20\xc3\xb6\x66\x66\x6e\x65\x6e\x00\
\x50\x72\x6f\x6a\x65\x63\x74\x20\xc3\xb6\x66\x66\x6e\x65\x6e\x00\
\x42\x69\x74\x74\x65\x20\x65\x72\x73\x74\x20\x54\x65\x78\x74\x20\
\x65\x69\x6e\x67\x65\x62\x65\x6e\x2e\x00\x44\x72\x75\x63\x6b\x65\
\x6e\x00\x44\x75\x72\x63\x6b\x76\x6f\x72\x73\x63\x68\x61\x75\x00\
\x50\x72\x6f\x67\x72\x61\x6d\x6d\x65\x00\x45\x69\x67\x65\x6e\x73\
\x63\x68\x61\x66\x74\x65\x6e\x00\x41\x62\x66\x72\x61\x67\x65\x6e\
\x00\x52\x65\x67\x69\x65\x7a\x65\x6e\x74\x72\x75\x6d\x00\x45\x6e\
\x74\x66\x65\x72\x6e\x65\x6e\x00\x55\x6d\x62\x65\x6e\x65\x6e\x6e\
\x65\x6e\x00\x42\x65\x72\x69\x63\x68\x74\x65\x00\x41\x75\x73\x66\
\xc3\xbc\x68\x72\x65\x6e\x20\x2d\x20\x46\x32\x00\x4c\x61\x75\x66\
\x7a\x65\x69\x74\x66\x65\x68\x6c\x65\x72\x00\x4c\x61\x75\x66\x7a\
\x65\x69\x74\x2d\x46\x65\x68\x6c\x65\x72\x3a\x20\x00\x53\x70\x65\
\x69\x63\x68\x65\x72\x6e\x00\x53\x74\x72\x75\x6b\x74\x75\x72\x00\
\x53\x79\x6e\x74\x61\x78\x2d\x46\x65\x68\x6c\x65\x72\x3a\x20\x00\
\x54\x61\x62\x65\x6c\x6c\x65\x6e\x00\x44\x65\x72\x20\x41\x6c\x69\
\x61\x73\x00\x5a\x45\x49\x54\x00\x41\x6e\x73\x69\x63\x68\x74\x00\
\x57\x6f\x6c\x6c\x65\x6e\x20\x53\x69\x65\x20\x64\x69\x65\x20\x41\
\x6e\x77\x65\x6e\x64\x75\x6e\x67\x20\x77\x69\x72\x6b\x6c\x69\x63\
\x68\x20\x62\x65\x65\x6e\x64\x65\x6e\x20\x3f\x00\x41\x6c\x69\x61\
\x73\x20\x65\x78\x69\x73\x74\x69\x65\x72\x74\x20\x62\x65\x72\x65\
\x69\x74\x73\x00\x41\x6c\x6c\x65\x20\x44\x61\x74\x65\x69\x65\x6e\
\x20\x28\x2a\x2e\x2a\x29\x00\x65\x78\x69\x73\x74\x69\x65\x72\x74\
\x20\x73\x63\x68\x6f\x6e\x00\x65\x78\x69\x73\x74\x69\x65\x72\x74\
\x20\x62\x65\x72\x65\x69\x74\x73\x2e\x00\x77\x69\x72\x6b\x6c\x69\
\x63\x68\x20\x65\x6e\x74\x66\x65\x72\x6e\x65\x6e\x3f\x00\x4b\x6f\
\x6e\x6e\x74\x65\x20\x44\x61\x74\x65\x69\x20\x6e\x69\x63\x68\x74\
\x20\xc3\xb6\x66\x66\x6e\x65\x6e\x00\x64\x42\x61\x73\x65\x20\x51\
\x75\x65\x6c\x6c\x63\x6f\x64\x65\x20\x28\x2a\x2e\x70\x72\x67\x29\
\x00\x4c\x4f\x47\x2d\x44\x61\x74\x65\x69\x20\x6c\xc3\xb6\x73\x63\
\x68\x65\x6e\x3f\x00\x44\x61\x74\x65\x69\x20\x69\x73\x74\x20\x69\
\x6e\x20\x62\x65\x6e\x75\x74\x7a\x75\x6e\x67\x00\x44\x61\x74\x65\
\x69\x20\x6e\x69\x63\x68\x74\x20\x67\x65\x66\x75\x6e\x64\x65\x6e\
\x00\x53\x6f\x6c\x6c\x20\x64\x69\x65\x20\x4c\x4f\x47\x2d\x44\x61\
\x74\x65\x69\x20\x77\x69\x72\x6b\x6c\x69\x63\x68\x20\x67\x65\x6c\
\xc3\xb6\x73\x63\x68\x74\x20\x77\x65\x72\x64\x65\x6e\x3f\x00\x4c\
\xc3\xb6\x73\x63\x68\x65\x6e\x20\x66\x65\x68\x6c\x67\x65\x73\x63\
\x68\x6c\x61\x67\x65\x6e\x00\x47\x65\x6c\xc3\xb6\x73\x63\x68\x74\
\x00\x53\x69\x65\x20\x6d\xc3\xbc\x73\x73\x65\x6e\x20\x64\x69\x65\
\x20\x44\x61\x74\x65\x69\x20\x73\x65\x6c\x62\x73\x74\x20\x6c\xc3\
\xb6\x73\x63\x68\x65\x6e\x00\
\x00\x00\x0e\xb8\
\xde\
\x12\x04\x95\x00\x00\x00\x00\x4e\x00\x00\x00\x1c\x00\x00\x00\x8c\
\x02\x00\x00\x00\x00\x00\x00\xfc\x04\x00\x00\x00\x00\x00\x00\xfc\
\x04\x00\x00\x0e\x00\x00\x00\xfd\x04\x00\x00\x10\x00\x00\x00\x0c\
\x05\x00\x00\x06\x00\x00\x00\x1d\x05\x00\x00\x09\x00\x00\x00\x24\
\x05\x00\x00\x0b\x00\x00\x00\x2e\x05\x00\x00\x05\x00\x00\x00\x3a\
\x05\x00\x00\x11\x00\x00\x00\x40\x05\x00\x00\x0f\x00\x00\x00\x52\
\x05\x00\x00\x12\x00\x00\x00\x62\x05\x00\x00\x07\x00\x00\x00\x75\
\x05\x00\x00\x04\x00\x00\x00\x7d\x05\x00\x00\x10\x00\x00\x00\x82\
\x05\x00\x00\x04\x00\x00\x00\x93\x05\x00\x00\x08\x00\x00\x00\x98\
\x05\x00\x00\x06\x00\x00\x00\xa1\x05\x00\x00\x04\x00\x00\x00\xa8\
\x05\x00\x00\x07\x00\x00\x00\xad\x05\x00\x00\x05\x00\x00\x00\xb5\
\x05\x00\x00\x07\x00\x00\x00\xbb\x05\x00\x00\x04\x00\x00\x00\xc3\
\x05\x00\x00\x04\x00\x00\x00\xc8\x05\x00\x00\x0c\x00\x00\x00\xcd\
\x05\x00\x00\x05\x00\x00\x00\xda\x05\x00\x00\x0d\x00\x00\x00\xe0\
\x05\x00\x00\x05\x00\x00\x00\xee\x05\x00\x00\x06\x00\x00\x00\xf4\
\x05\x00\x00\x07\x00\x00\x00\xfb\x05\x00\x00\x21\x00\x00\x00\x03\
\x06\x00\x00\x10\x00\x00\x00\x25\x06\x00\x00\x19\x00\x00\x00\x36\
\x06\x00\x00\x1a\x00\x00\x00\x50\x06\x00\x00\x06\x00\x00\x00\x6b\
\x06\x00\x00\x08\x00\x00\x00\x72\x06\x00\x00\x07\x00\x00\x00\x7b\
\x06\x00\x00\x05\x00\x00\x00\x83\x06\x00\x00\x0b\x00\x00\x00\x89\
\x06\x00\x00\x07\x00\x00\x00\x95\x06\x00\x00\x02\x00\x00\x00\x9d\
\x06\x00\x00\x15\x00\x00\x00\xa0\x06\x00\x00\x04\x00\x00\x00\xb6\
\x06\x00\x00\x0c\x00\x00\x00\xbb\x06\x00\x00\x0c\x00\x00\x00\xc8\
\x06\x00\x00\x11\x00\x00\x00\xd5\x06\x00\x00\x05\x00\x00\x00\xe7\
\x06\x00\x00\x0d\x00\x00\x00\xed\x06\x00\x00\x08\x00\x00\x00\xfb\
\x06\x00\x00\x0a\x00\x00\x00\x04\x07\x00\x00\x07\x00\x00\x00\x0f\
\x07\x00\x00\x0b\x00\x00\x00\x17\x07\x00\x00\x06\x00\x00\x00\x23\
\x07\x00\x00\x06\x00\x00\x00\x2a\x07\x00\x00\x07\x00\x00\x00\x31\
\x07\x00\x00\x08\x00\x00\x00\x39\x07\x00\x00\x0d\x00\x00\x00\x42\
\x07\x00\x00\x0f\x00\x00\x00\x50\x07\x00\x00\x04\x00\x00\x00\x60\
\x07\x00\x00\x09\x00\x00\x00\x65\x07\x00\x00\x0e\x00\x00\x00\x6f\
\x07\x00\x00\x06\x00\x00\x00\x7e\x07\x00\x00\x09\x00\x00\x00\x85\
\x07\x00\x00\x04\x00\x00\x00\x8f\x07\x00\x00\x04\x00\x00\x00\x94\
\x07\x00\x00\x26\x00\x00\x00\x99\x07\x00\x00\x14\x00\x00\x00\xc0\
\x07\x00\x00\x08\x00\x00\x00\xd5\x07\x00\x00\x0e\x00\x00\x00\xde\
\x07\x00\x00\x0f\x00\x00\x00\xed\x07\x00\x00\x18\x00\x00\x00\xfd\
\x07\x00\x00\x13\x00\x00\x00\x16\x08\x00\x00\x14\x00\x00\x00\x2a\
\x08\x00\x00\x10\x00\x00\x00\x3f\x08\x00\x00\x0e\x00\x00\x00\x50\
\x08\x00\x00\x0e\x00\x00\x00\x5f\x08\x00\x00\x10\x00\x00\x00\x6e\
\x08\x00\x00\x13\x00\x00\x00\x7f\x08\x00\x00\x07\x00\x00\x00\x93\
\x08\x00\x00\x1f\x00\x00\x00\x9b\x08\x00\x00\x5a\x01\x00\x00\xbb\
\x08\x00\x00\x10\x00\x00\x00\x16\x0a\x00\x00\x12\x00\x00\x00\x27\
\x0a\x00\x00\x09\x00\x00\x00\x3a\x0a\x00\x00\x07\x00\x00\x00\x44\
\x0a\x00\x00\x0f\x00\x00\x00\x4c\x0a\x00\x00\x0a\x00\x00\x00\x5c\
\x0a\x00\x00\x14\x00\x00\x00\x67\x0a\x00\x00\x12\x00\x00\x00\x7c\
\x0a\x00\x00\x14\x00\x00\x00\x8f\x0a\x00\x00\x0b\x00\x00\x00\xa4\
\x0a\x00\x00\x08\x00\x00\x00\xb0\x0a\x00\x00\x14\x00\x00\x00\xb9\
\x0a\x00\x00\x05\x00\x00\x00\xce\x0a\x00\x00\x09\x00\x00\x00\xd4\
\x0a\x00\x00\x08\x00\x00\x00\xde\x0a\x00\x00\x0a\x00\x00\x00\xe7\
\x0a\x00\x00\x08\x00\x00\x00\xf2\x0a\x00\x00\x05\x00\x00\x00\xfb\
\x0a\x00\x00\x08\x00\x00\x00\x01\x0b\x00\x00\x07\x00\x00\x00\x0a\
\x0b\x00\x00\x05\x00\x00\x00\x12\x0b\x00\x00\x0e\x00\x00\x00\x18\
\x0b\x00\x00\x06\x00\x00\x00\x27\x0b\x00\x00\x11\x00\x00\x00\x2e\
\x0b\x00\x00\x09\x00\x00\x00\x40\x0b\x00\x00\x07\x00\x00\x00\x4a\
\x0b\x00\x00\x09\x00\x00\x00\x52\x0b\x00\x00\x22\x00\x00\x00\x5c\
\x0b\x00\x00\x11\x00\x00\x00\x7f\x0b\x00\x00\x2b\x00\x00\x00\x91\
\x0b\x00\x00\x1e\x00\x00\x00\xbd\x0b\x00\x00\x0a\x00\x00\x00\xdc\
\x0b\x00\x00\x07\x00\x00\x00\xe7\x0b\x00\x00\x07\x00\x00\x00\xef\
\x0b\x00\x00\x06\x00\x00\x00\xf7\x0b\x00\x00\x0d\x00\x00\x00\xfe\
\x0b\x00\x00\x07\x00\x00\x00\x0c\x0c\x00\x00\x02\x00\x00\x00\x14\
\x0c\x00\x00\x13\x00\x00\x00\x17\x0c\x00\x00\x07\x00\x00\x00\x2b\
\x0c\x00\x00\x0d\x00\x00\x00\x33\x0c\x00\x00\x0f\x00\x00\x00\x41\
\x0c\x00\x00\x19\x00\x00\x00\x51\x0c\x00\x00\x07\x00\x00\x00\x6b\
\x0c\x00\x00\x0d\x00\x00\x00\x73\x0c\x00\x00\x09\x00\x00\x00\x81\
\x0c\x00\x00\x0d\x00\x00\x00\x8b\x0c\x00\x00\x08\x00\x00\x00\x99\
\x0c\x00\x00\x0c\x00\x00\x00\xa2\x0c\x00\x00\x09\x00\x00\x00\xaf\
\x0c\x00\x00\x0a\x00\x00\x00\xb9\x0c\x00\x00\x08\x00\x00\x00\xc4\
\x0c\x00\x00\x0f\x00\x00\x00\xcd\x0c\x00\x00\x0e\x00\x00\x00\xdd\
\x0c\x00\x00\x11\x00\x00\x00\xec\x0c\x00\x00\x09\x00\x00\x00\xfe\
\x0c\x00\x00\x08\x00\x00\x00\x08\x0d\x00\x00\x0f\x00\x00\x00\x11\
\x0d\x00\x00\x08\x00\x00\x00\x21\x0d\x00\x00\x09\x00\x00\x00\x2a\
\x0d\x00\x00\x04\x00\x00\x00\x34\x0d\x00\x00\x07\x00\x00\x00\x39\
\x0d\x00\x00\x2b\x00\x00\x00\x41\x0d\x00\x00\x17\x00\x00\x00\x6d\
\x0d\x00\x00\x12\x00\x00\x00\x85\x0d\x00\x00\x0f\x00\x00\x00\x98\
\x0d\x00\x00\x12\x00\x00\x00\xa8\x0d\x00\x00\x13\x00\x00\x00\xbb\
\x0d\x00\x00\x1a\x00\x00\x00\xcf\x0d\x00\x00\x17\x00\x00\x00\xea\
\x0d\x00\x00\x13\x00\x00\x00\x02\x0e\x00\x00\x16\x00\x00\x00\x16\
\x0e\x00\x00\x14\x00\x00\x00\x2d\x0e\x00\x00\x2d\x00\x00\x00\x42\
\x0e\x00\x00\x17\x00\x00\x00\x70\x0e\x00\x00\x09\x00\x00\x00\x88\
\x0e\x00\x00\x25\x00\x00\x00\x92\x0e\x00\x00\x00\x41\x63\x63\x65\
\x73\x73\x20\x45\x72\x72\x6f\x72\x3a\x20\x00\x41\x74\x74\x72\x69\
\x62\x75\x74\x20\x45\x72\x72\x6f\x72\x3a\x20\x00\x43\x61\x6e\x63\
\x65\x6c\x00\x43\x68\x61\x72\x61\x63\x74\x65\x72\x00\x43\x68\x6f\
\x6f\x73\x65\x20\x70\x61\x74\x68\x00\x43\x6c\x6f\x73\x65\x00\x43\
\x6c\x6f\x73\x65\x20\x41\x70\x70\x6c\x69\x63\x61\x74\x69\x6f\x6e\
\x00\x43\x6f\x6d\x6d\x65\x6e\x74\x20\x45\x72\x72\x6f\x72\x3a\x20\
\x00\x43\x6f\x6d\x6d\x6f\x6e\x20\x45\x78\x63\x65\x70\x74\x69\x6f\
\x6e\x3a\x20\x00\x43\x6f\x6d\x70\x69\x6c\x65\x00\x43\x6f\x70\x79\
\x00\x44\x61\x74\x61\x62\x61\x73\x65\x20\x4d\x61\x6e\x61\x67\x65\
\x72\x00\x44\x61\x74\x65\x00\x44\x61\x74\x65\x54\x69\x6d\x65\x00\
\x44\x65\x6c\x65\x74\x65\x00\x45\x64\x69\x74\x00\x45\x6e\x67\x6c\
\x69\x73\x68\x00\x45\x72\x72\x6f\x72\x00\x45\x72\x72\x6f\x72\x3a\
\x20\x00\x45\x78\x69\x74\x00\x46\x69\x6c\x65\x00\x46\x69\x6c\x65\
\x20\x45\x72\x72\x6f\x72\x3a\x20\x00\x46\x6c\x6f\x61\x74\x00\x46\
\x6f\x72\x6d\x2d\x44\x65\x73\x69\x67\x6e\x65\x72\x00\x46\x6f\x72\
\x6d\x73\x00\x47\x65\x72\x6d\x61\x6e\x00\x49\x6e\x74\x65\x67\x65\
\x72\x00\x49\x6e\x74\x65\x72\x6e\x61\x6c\x20\x45\x72\x72\x6f\x72\
\x20\x28\x50\x79\x74\x68\x6f\x6e\x20\x4e\x61\x6d\x65\x45\x72\x72\
\x6f\x72\x29\x00\x49\x6e\x74\x65\x72\x6e\x61\x6c\x20\x45\x72\x72\
\x6f\x72\x3a\x20\x00\x4c\x4f\x47\x20\x66\x69\x6c\x65\x20\x63\x6f\
\x75\x6c\x64\x20\x6e\x6f\x74\x20\x72\x65\x6d\x6f\x76\x65\x00\x4c\
\x4f\x47\x20\x66\x69\x6c\x65\x20\x68\x61\x76\x65\x20\x62\x65\x65\
\x6e\x20\x72\x65\x6d\x6f\x76\x65\x64\x00\x4c\x61\x62\x65\x6c\x73\
\x00\x4c\x61\x6e\x67\x75\x61\x67\x65\x00\x4c\x6f\x67\x69\x63\x61\
\x6c\x00\x4d\x65\x6e\x75\x65\x00\x4e\x65\x77\x20\x50\x72\x6f\x6a\
\x65\x63\x74\x00\x4e\x75\x6d\x65\x72\x69\x63\x00\x4f\x4b\x00\x4f\
\x6e\x65\x2d\x43\x6c\x69\x63\x6b\x20\x41\x70\x70\x6c\x69\x63\x61\
\x74\x69\x6f\x6e\x00\x4f\x70\x65\x6e\x00\x4f\x70\x65\x6e\x20\x46\
\x69\x6c\x65\x2e\x2e\x2e\x00\x4f\x70\x65\x6e\x20\x50\x72\x6f\x6a\
\x65\x63\x74\x00\x50\x6c\x65\x61\x73\x65\x20\x65\x6e\x74\x65\x72\
\x20\x74\x65\x78\x74\x00\x50\x72\x69\x6e\x74\x00\x50\x72\x69\x6e\
\x74\x20\x50\x72\x65\x76\x69\x65\x77\x00\x50\x72\x6f\x67\x72\x61\
\x6d\x73\x00\x50\x72\x6f\x70\x65\x72\x74\x69\x65\x73\x00\x51\x75\
\x65\x72\x69\x65\x73\x00\x52\x65\x67\x69\x65\x63\x65\x6e\x74\x65\
\x72\x00\x52\x65\x6d\x6f\x76\x65\x00\x52\x65\x6e\x61\x6d\x65\x00\
\x52\x65\x70\x6f\x72\x74\x73\x00\x52\x75\x6e\x20\x2d\x20\x46\x32\
\x00\x52\x75\x6e\x74\x69\x6d\x65\x20\x45\x72\x72\x6f\x72\x00\x52\
\x75\x6e\x74\x69\x6d\x65\x20\x45\x72\x72\x6f\x72\x3a\x20\x00\x53\
\x61\x76\x65\x00\x53\x74\x72\x75\x63\x74\x75\x72\x65\x00\x53\x79\
\x6e\x74\x61\x78\x20\x45\x72\x72\x6f\x72\x3a\x20\x00\x54\x61\x62\
\x6c\x65\x73\x00\x54\x68\x65\x20\x61\x6c\x69\x61\x73\x00\x54\x69\
\x6d\x65\x00\x56\x69\x65\x77\x00\x57\x6f\x75\x6c\x64\x20\x79\x6f\
\x75\x20\x72\x65\x61\x6c\x79\x20\x63\x6c\x6f\x73\x65\x20\x74\x68\
\x65\x20\x41\x70\x70\x6c\x69\x63\x61\x74\x69\x6f\x6e\x3f\x00\x61\
\x6c\x69\x61\x73\x20\x61\x6c\x72\x65\x61\x64\x79\x20\x65\x78\x69\
\x73\x74\x73\x00\x61\x6c\x6c\x46\x69\x6c\x65\x73\x00\x61\x6c\x72\
\x65\x61\x64\x79\x20\x65\x78\x69\x73\x74\x73\x00\x61\x6c\x72\x65\
\x61\x64\x79\x20\x65\x78\x69\x73\x74\x73\x2e\x00\x61\x72\x65\x20\
\x79\x6f\x75\x20\x73\x75\x72\x65\x2c\x20\x74\x6f\x20\x64\x65\x6c\
\x65\x74\x65\x3f\x00\x63\x6f\x75\x6c\x64\x20\x6e\x6f\x74\x20\x6f\
\x70\x65\x6e\x20\x66\x69\x6c\x65\x00\x64\x42\x61\x73\x65\x53\x6f\
\x75\x72\x63\x65\x63\x6f\x64\x65\x46\x69\x6c\x65\x73\x00\x64\x65\
\x6c\x65\x74\x65\x20\x4c\x4f\x47\x20\x66\x69\x6c\x65\x3f\x00\x66\
\x69\x6c\x65\x20\x69\x73\x20\x69\x6e\x20\x75\x73\x65\x00\x66\x69\
\x6c\x65\x20\x6e\x6f\x74\x20\x66\x6f\x75\x6e\x64\x00\x72\x65\x6d\
\x6f\x76\x65\x20\x4c\x4f\x47\x20\x66\x69\x6c\x65\x3f\x00\x72\x65\
\x6d\x6f\x76\x65\x20\x66\x69\x6c\x65\x20\x64\x69\x65\x6e\x65\x64\
\x2e\x00\x72\x65\x6d\x76\x6f\x65\x64\x00\x79\x6f\x75\x20\x68\x61\
\x76\x65\x20\x74\x6f\x20\x72\x65\x6d\x6f\x76\x65\x20\x69\x74\x20\
\x79\x6f\x75\x72\x20\x73\x65\x6c\x66\x00\x50\x72\x6f\x6a\x65\x63\
\x74\x2d\x49\x64\x2d\x56\x65\x72\x73\x69\x6f\x6e\x3a\x20\x61\x70\
\x70\x20\x31\x2e\x30\x0a\x52\x65\x70\x6f\x72\x74\x2d\x4d\x73\x67\
\x69\x64\x2d\x42\x75\x67\x73\x2d\x54\x6f\x3a\x20\x70\x61\x75\x6c\
\x65\x33\x32\x2e\x6a\x6b\x40\x67\x6d\x61\x69\x6c\x2e\x63\x6f\x6d\
\x0a\x50\x4f\x54\x2d\x43\x72\x65\x61\x74\x69\x6f\x6e\x2d\x44\x61\
\x74\x65\x3a\x20\x32\x30\x32\x36\x2d\x30\x32\x2d\x32\x34\x20\x30\
\x30\x3a\x30\x30\x2b\x30\x31\x30\x30\x0a\x50\x4f\x2d\x52\x65\x76\
\x69\x73\x69\x6f\x6e\x2d\x44\x61\x74\x65\x3a\x20\x32\x30\x32\x36\
\x2d\x30\x32\x2d\x32\x34\x20\x30\x30\x3a\x30\x30\x2b\x30\x31\x30\
\x30\x0a\x4c\x61\x73\x74\x2d\x54\x72\x61\x6e\x73\x6c\x61\x74\x6f\
\x72\x3a\x20\x70\x61\x75\x6c\x65\x33\x32\x0a\x4c\x61\x6e\x67\x75\
\x61\x67\x65\x2d\x54\x65\x61\x6d\x3a\x20\x70\x61\x75\x6c\x65\x33\
\x32\x0a\x4c\x61\x6e\x67\x75\x61\x67\x65\x3a\x20\x64\x65\x0a\x4d\
\x49\x4d\x45\x2d\x56\x65\x72\x73\x69\x6f\x6e\x3a\x20\x31\x2e\x30\
\x0a\x43\x6f\x6e\x74\x65\x6e\x74\x2d\x54\x79\x70\x65\x3a\x20\x74\
\x65\x78\x74\x2f\x70\x6c\x61\x69\x6e\x3b\x20\x63\x68\x61\x72\x73\
\x65\x74\x3d\x55\x54\x46\x2d\x38\x0a\x43\x6f\x6e\x74\x65\x6e\x74\
\x2d\x54\x72\x61\x6e\x73\x66\x65\x72\x2d\x45\x6e\x63\x6f\x64\x69\
\x6e\x67\x3a\x20\x38\x62\x69\x74\x0a\x50\x6c\x75\x72\x61\x6c\x2d\
\x46\x6f\x72\x6d\x73\x3a\x20\x6e\x70\x6c\x75\x72\x61\x6c\x73\x3d\
\x32\x3b\x20\x70\x6c\x75\x72\x61\x6c\x3d\x28\x6e\x20\x21\x3d\x20\
\x31\x29\x3b\x0a\x00\x5a\x75\x67\x72\x69\x66\x66\x2d\x46\x65\x68\
\x6c\x65\x72\x3a\x20\x00\x41\x74\x74\x72\x69\x62\x75\x74\x65\x2d\
\x46\x65\x68\x6c\x65\x72\x3a\x20\x00\x41\x62\x62\x72\x65\x63\x68\
\x65\x6e\x00\x5a\x65\x69\x63\x68\x65\x6e\x00\x50\x66\x61\x64\x20\
\x61\x75\x73\x77\xc3\xa4\x68\x6c\x65\x6e\x00\x53\x63\x68\x6c\x69\
\x65\xc3\x9f\x65\x6e\x00\x41\x6e\x77\x65\x6e\x64\x75\x6e\x67\x20\
\x73\x63\x68\x6c\x69\x65\xc3\x9f\x65\x6e\x00\x4b\x6f\x6d\x6d\x65\
\x6e\x74\x61\x72\x2d\x46\x65\x68\x6c\x65\x72\x3a\x20\x00\x41\x6c\
\x6c\x67\x65\x6d\x65\x69\x6e\x65\x72\x20\x46\x65\x68\x6c\x65\x72\
\x3a\x20\x00\x43\x6f\x6d\x70\x69\x6c\x69\x65\x72\x65\x6e\x00\x4b\
\x6f\x70\x69\x65\x72\x65\x6e\x00\x44\x61\x74\x65\x6e\x62\x61\x6e\
\x6b\x2d\x56\x65\x72\x77\x61\x6c\x74\x75\x6e\x67\x00\x44\x41\x54\
\x55\x4d\x00\x44\x41\x54\x55\x4d\x5a\x45\x49\x54\x00\x4c\xc3\xb6\
\x73\x63\x68\x65\x6e\x00\x42\x65\x61\x72\x62\x65\x69\x74\x65\x6e\
\x00\x45\x6e\x67\x6c\x69\x73\x63\x68\x00\x45\x72\x72\x6f\x72\x00\
\x46\x65\x68\x6c\x65\x72\x3a\x20\x00\x42\x65\x65\x6e\x64\x65\x6e\
\x00\x44\x61\x74\x65\x69\x00\x44\x61\x74\x65\x69\x2d\x46\x65\x68\
\x6c\x65\x72\x3a\x20\x00\x44\x4f\x55\x42\x4c\x45\x00\x46\x6f\x72\
\x6d\x75\x6c\x61\x72\x2d\x44\x65\x73\x69\x67\x6e\x65\x72\x00\x46\
\x6f\x72\x6d\x75\x6c\x61\x72\x65\x00\x44\x65\x75\x74\x73\x63\x68\
\x00\x4e\x75\x6d\x65\x72\x69\x73\x63\x68\x00\x49\x6e\x74\x65\x72\
\x6e\x65\x72\x20\x46\x65\x68\x6c\x65\x72\x20\x28\x50\x79\x68\x74\
\x6f\x6e\x20\x4e\x61\x6d\x65\x45\x72\x72\x6f\x72\x29\x00\x49\x6e\
\x74\x65\x72\x6e\x65\x72\x2d\x46\x65\x68\x6c\x65\x72\x3a\x20\x00\
\x44\x69\x65\x20\x4c\x4f\x47\x2d\x44\x61\x74\x65\x69\x20\x6b\x6f\
\x6e\x6e\x74\x65\x20\x6e\x69\x63\x68\x74\x20\x67\x65\x6c\xc3\xb6\
\x73\x63\x68\x74\x20\x77\x65\x72\x64\x65\x6e\x00\x44\x69\x65\x20\
\x4c\x4f\x47\x2d\x44\x61\x74\x65\x69\x20\x77\x75\x72\x64\x65\x20\
\x67\x65\x6c\xc3\xb6\x73\x63\x68\x74\x2e\x00\x45\x74\x74\x69\x6b\
\x65\x74\x74\x65\x6e\x00\x53\x70\x72\x61\x63\x68\x65\x00\x4c\x6f\
\x67\x69\x73\x63\x68\x00\x4d\x65\x6e\xc3\xbc\x73\x00\x4e\x65\x75\
\x65\x73\x20\x50\x72\x6f\x6a\x65\x6b\x74\x00\x44\x45\x5a\x49\x4d\
\x41\x4c\x00\x4f\x4b\x00\x45\x69\x6e\x2d\x6b\x6c\x69\x63\x6b\x20\
\x41\x6e\x77\x65\x6e\x64\x75\x6e\x67\x00\xc3\x96\x66\x66\x6e\x65\
\x6e\x00\x44\x61\x74\x65\x69\x20\xc3\xb6\x66\x66\x6e\x65\x6e\x00\
\x50\x72\x6f\x6a\x65\x63\x74\x20\xc3\xb6\x66\x66\x6e\x65\x6e\x00\
\x42\x69\x74\x74\x65\x20\x65\x72\x73\x74\x20\x54\x65\x78\x74\x20\
\x65\x69\x6e\x67\x65\x62\x65\x6e\x2e\x00\x44\x72\x75\x63\x6b\x65\
\x6e\x00\x44\x75\x72\x63\x6b\x76\x6f\x72\x73\x63\x68\x61\x75\x00\
\x50\x72\x6f\x67\x72\x61\x6d\x6d\x65\x00\x45\x69\x67\x65\x6e\x73\
\x63\x68\x61\x66\x74\x65\x6e\x00\x41\x62\x66\x72\x61\x67\x65\x6e\
\x00\x52\x65\x67\x69\x65\x7a\x65\x6e\x74\x72\x75\x6d\x00\x45\x6e\
\x74\x66\x65\x72\x6e\x65\x6e\x00\x55\x6d\x62\x65\x6e\x65\x6e\x6e\
\x65\x6e\x00\x42\x65\x72\x69\x63\x68\x74\x65\x00\x41\x75\x73\x66\
\xc3\xbc\x68\x72\x65\x6e\x20\x2d\x20\x46\x32\x00\x4c\x61\x75\x66\
\x7a\x65\x69\x74\x66\x65\x68\x6c\x65\x72\x00\x4c\x61\x75\x66\x7a\
\x65\x69\x74\x2d\x46\x65\x68\x6c\x65\x72\x3a\x20\x00\x53\x70\x65\
\x69\x63\x68\x65\x72\x6e\x00\x53\x74\x72\x75\x6b\x74\x75\x72\x00\
\x53\x79\x6e\x74\x61\x78\x2d\x46\x65\x68\x6c\x65\x72\x3a\x20\x00\
\x54\x61\x62\x65\x6c\x6c\x65\x6e\x00\x44\x65\x72\x20\x41\x6c\x69\
\x61\x73\x00\x5a\x45\x49\x54\x00\x41\x6e\x73\x69\x63\x68\x74\x00\
\x57\x6f\x6c\x6c\x65\x6e\x20\x53\x69\x65\x20\x64\x69\x65\x20\x41\
\x6e\x77\x65\x6e\x64\x75\x6e\x67\x20\x77\x69\x72\x6b\x6c\x69\x63\
\x68\x20\x62\x65\x65\x6e\x64\x65\x6e\x20\x3f\x00\x41\x6c\x69\x61\
\x73\x20\x65\x78\x69\x73\x74\x69\x65\x72\x74\x20\x62\x65\x72\x65\
\x69\x74\x73\x00\x41\x6c\x6c\x65\x20\x44\x61\x74\x65\x69\x65\x6e\
\x20\x28\x2a\x2e\x2a\x29\x00\x65\x78\x69\x73\x74\x69\x65\x72\x74\
\x20\x73\x63\x68\x6f\x6e\x00\x65\x78\x69\x73\x74\x69\x65\x72\x74\
\x20\x62\x65\x72\x65\x69\x74\x73\x2e\x00\x77\x69\x72\x6b\x6c\x69\
\x63\x68\x20\x65\x6e\x74\x66\x65\x72\x6e\x65\x6e\x3f\x00\x4b\x6f\
\x6e\x6e\x74\x65\x20\x44\x61\x74\x65\x69\x20\x6e\x69\x63\x68\x74\
\x20\xc3\xb6\x66\x66\x6e\x65\x6e\x00\x64\x42\x61\x73\x65\x20\x51\
\x75\x65\x6c\x6c\x63\x6f\x64\x65\x20\x28\x2a\x2e\x70\x72\x67\x29\
\x00\x4c\x4f\x47\x2d\x44\x61\x74\x65\x69\x20\x6c\xc3\xb6\x73\x63\
\x68\x65\x6e\x3f\x00\x44\x61\x74\x65\x69\x20\x69\x73\x74\x20\x69\
\x6e\x20\x62\x65\x6e\x75\x74\x7a\x75\x6e\x67\x00\x44\x61\x74\x65\
\x69\x20\x6e\x69\x63\x68\x74\x20\x67\x65\x66\x75\x6e\x64\x65\x6e\
\x00\x53\x6f\x6c\x6c\x20\x64\x69\x65\x20\x4c\x4f\x47\x2d\x44\x61\
\x74\x65\x69\x20\x77\x69\x72\x6b\x6c\x69\x63\x68\x20\x67\x65\x6c\
\xc3\xb6\x73\x63\x68\x74\x20\x77\x65\x72\x64\x65\x6e\x3f\x00\x4c\
\xc3\xb6\x73\x63\x68\x65\x6e\x20\x66\x65\x68\x6c\x67\x65\x73\x63\
\x68\x6c\x61\x67\x65\x6e\x00\x47\x65\x6c\xc3\xb6\x73\x63\x68\x74\
\x00\x53\x69\x65\x20\x6d\xc3\xbc\x73\x73\x65\x6e\x20\x64\x69\x65\
\x20\x44\x61\x74\x65\x69\x20\x73\x65\x6c\x62\x73\x74\x20\x6c\xc3\
\xb6\x73\x63\x68\x65\x6e\x00\
\x00\x00\x16\x8a\
\xde\
\x12\x04\x95\x00\x00\x00\x00\x87\x00\x00\x00\x1c\x00\x00\x00\x54\
\x04\x00\x00\x00\x00\x00\x00\x8c\x08\x00\x00\x00\x00\x00\x00\x8c\
\x08\x00\x00\x0e\x00\x00\x00\x8d\x08\x00\x00\x08\x00\x00\x00\x9c\
\x08\x00\x00\x05\x00\x00\x00\xa5\x08\x00\x00\x06\x00\x00\x00\xab\
\x08\x00\x00\x08\x00\x00\x00\xb2\x08\x00\x00\x10\x00\x00\x00\xbb\
\x08\x00\x00\x09\x00\x00\x00\xcc\x08\x00\x00\x09\x00\x00\x00\xd6\
\x08\x00\x00\x06\x00\x00\x00\xe0\x08\x00\x00\x07\x00\x00\x00\xe7\
\x08\x00\x00\x09\x00\x00\x00\xef\x08\x00\x00\x07\x00\x00\x00\xf9\
\x08\x00\x00\x13\x00\x00\x00\x01\x09\x00\x00\x0b\x00\x00\x00\x15\
\x09\x00\x00\x05\x00\x00\x00\x21\x09\x00\x00\x11\x00\x00\x00\x27\
\x09\x00\x00\x0f\x00\x00\x00\x39\x09\x00\x00\x12\x00\x00\x00\x49\
\x09\x00\x00\x07\x00\x00\x00\x5c\x09\x00\x00\x04\x00\x00\x00\x64\
\x09\x00\x00\x06\x00\x00\x00\x69\x09\x00\x00\x08\x00\x00\x00\x70\
\x09\x00\x00\x03\x00\x00\x00\x79\x09\x00\x00\x05\x00\x00\x00\x7d\
\x09\x00\x00\x06\x00\x00\x00\x83\x09\x00\x00\x10\x00\x00\x00\x8a\
\x09\x00\x00\x04\x00\x00\x00\x9b\x09\x00\x00\x08\x00\x00\x00\xa0\
\x09\x00\x00\x06\x00\x00\x00\xa9\x09\x00\x00\x0c\x00\x00\x00\xb0\
\x09\x00\x00\x0b\x00\x00\x00\xbd\x09\x00\x00\x05\x00\x00\x00\xc9\
\x09\x00\x00\x04\x00\x00\x00\xcf\x09\x00\x00\x07\x00\x00\x00\xd4\
\x09\x00\x00\x07\x00\x00\x00\xdc\x09\x00\x00\x05\x00\x00\x00\xe4\
\x09\x00\x00\x07\x00\x00\x00\xea\x09\x00\x00\x09\x00\x00\x00\xf2\
\x09\x00\x00\x04\x00\x00\x00\xfc\x09\x00\x00\x06\x00\x00\x00\x01\
\x0a\x00\x00\x04\x00\x00\x00\x08\x0a\x00\x00\x0c\x00\x00\x00\x0d\
\x0a\x00\x00\x07\x00\x00\x00\x1a\x0a\x00\x00\x05\x00\x00\x00\x22\
\x0a\x00\x00\x0d\x00\x00\x00\x28\x0a\x00\x00\x05\x00\x00\x00\x36\
\x0a\x00\x00\x06\x00\x00\x00\x3c\x0a\x00\x00\x06\x00\x00\x00\x43\
\x0a\x00\x00\x05\x00\x00\x00\x4a\x0a\x00\x00\x04\x00\x00\x00\x50\
\x0a\x00\x00\x05\x00\x00\x00\x55\x0a\x00\x00\x09\x00\x00\x00\x5b\
\x0a\x00\x00\x0a\x00\x00\x00\x65\x0a\x00\x00\x06\x00\x00\x00\x70\
\x0a\x00\x00\x07\x00\x00\x00\x77\x0a\x00\x00\x21\x00\x00\x00\x7f\
\x0a\x00\x00\x10\x00\x00\x00\xa1\x0a\x00\x00\x07\x00\x00\x00\xb2\
\x0a\x00\x00\x08\x00\x00\x00\xba\x0a\x00\x00\x0b\x00\x00\x00\xc3\
\x0a\x00\x00\x06\x00\x00\x00\xcf\x0a\x00\x00\x09\x00\x00\x00\xd6\
\x0a\x00\x00\x19\x00\x00\x00\xe0\x0a\x00\x00\x1a\x00\x00\x00\xfa\
\x0a\x00\x00\x06\x00\x00\x00\x15\x0b\x00\x00\x08\x00\x00\x00\x1c\
\x0b\x00\x00\x07\x00\x00\x00\x25\x0b\x00\x00\x0a\x00\x00\x00\x2d\
\x0b\x00\x00\x04\x00\x00\x00\x38\x0b\x00\x00\x07\x00\x00\x00\x3d\
\x0b\x00\x00\x0a\x00\x00\x00\x45\x0b\x00\x00\x05\x00\x00\x00\x50\
\x0b\x00\x00\x0b\x00\x00\x00\x56\x0b\x00\x00\x09\x00\x00\x00\x62\
\x0b\x00\x00\x07\x00\x00\x00\x6c\x0b\x00\x00\x02\x00\x00\x00\x74\
\x0b\x00\x00\x15\x00\x00\x00\x77\x0b\x00\x00\x04\x00\x00\x00\x8d\
\x0b\x00\x00\x0c\x00\x00\x00\x92\x0b\x00\x00\x0c\x00\x00\x00\x9f\
\x0b\x00\x00\x05\x00\x00\x00\xac\x0b\x00\x00\x07\x00\x00\x00\xb2\
\x0b\x00\x00\x11\x00\x00\x00\xba\x0b\x00\x00\x06\x00\x00\x00\xcc\
\x0b\x00\x00\x0a\x00\x00\x00\xd3\x0b\x00\x00\x05\x00\x00\x00\xde\
\x0b\x00\x00\x0d\x00\x00\x00\xe4\x0b\x00\x00\x08\x00\x00\x00\xf2\
\x0b\x00\x00\x0a\x00\x00\x00\xfb\x0b\x00\x00\x07\x00\x00\x00\x06\
\x0c\x00\x00\x0b\x00\x00\x00\x0e\x0c\x00\x00\x06\x00\x00\x00\x1a\
\x0c\x00\x00\x06\x00\x00\x00\x21\x0c\x00\x00\x07\x00\x00\x00\x28\
\x0c\x00\x00\x08\x00\x00\x00\x30\x0c\x00\x00\x08\x00\x00\x00\x39\
\x0c\x00\x00\x0d\x00\x00\x00\x42\x0c\x00\x00\x0f\x00\x00\x00\x50\
\x0c\x00\x00\x07\x00\x00\x00\x60\x0c\x00\x00\x04\x00\x00\x00\x68\
\x0c\x00\x00\x07\x00\x00\x00\x6d\x0c\x00\x00\x10\x00\x00\x00\x75\
\x0c\x00\x00\x08\x00\x00\x00\x86\x0c\x00\x00\x06\x00\x00\x00\x8f\
\x0c\x00\x00\x07\x00\x00\x00\x96\x0c\x00\x00\x06\x00\x00\x00\x9e\
\x0c\x00\x00\x07\x00\x00\x00\xa5\x0c\x00\x00\x09\x00\x00\x00\xad\
\x0c\x00\x00\x07\x00\x00\x00\xb7\x0c\x00\x00\x0e\x00\x00\x00\xbf\
\x0c\x00\x00\x06\x00\x00\x00\xce\x0c\x00\x00\x09\x00\x00\x00\xd5\
\x0c\x00\x00\x04\x00\x00\x00\xdf\x0c\x00\x00\x05\x00\x00\x00\xe4\
\x0c\x00\x00\x07\x00\x00\x00\xea\x0c\x00\x00\x09\x00\x00\x00\xf2\
\x0c\x00\x00\x0a\x00\x00\x00\xfc\x0c\x00\x00\x04\x00\x00\x00\x07\
\x0d\x00\x00\x06\x00\x00\x00\x0c\x0d\x00\x00\x26\x00\x00\x00\x13\
\x0d\x00\x00\x14\x00\x00\x00\x3a\x0d\x00\x00\x08\x00\x00\x00\x4f\
\x0d\x00\x00\x0e\x00\x00\x00\x58\x0d\x00\x00\x0f\x00\x00\x00\x67\
\x0d\x00\x00\x18\x00\x00\x00\x77\x0d\x00\x00\x13\x00\x00\x00\x90\
\x0d\x00\x00\x14\x00\x00\x00\xa4\x0d\x00\x00\x10\x00\x00\x00\xb9\
\x0d\x00\x00\x0e\x00\x00\x00\xca\x0d\x00\x00\x0e\x00\x00\x00\xd9\
\x0d\x00\x00\x10\x00\x00\x00\xe8\x0d\x00\x00\x13\x00\x00\x00\xf9\
\x0d\x00\x00\x07\x00\x00\x00\x0d\x0e\x00\x00\x1f\x00\x00\x00\x15\
\x0e\x00\x00\x34\x01\x00\x00\x35\x0e\x00\x00\x10\x00\x00\x00\x6a\
\x0f\x00\x00\x09\x00\x00\x00\x7b\x0f\x00\x00\x0b\x00\x00\x00\x85\
\x0f\x00\x00\x08\x00\x00\x00\x91\x0f\x00\x00\x09\x00\x00\x00\x9a\
\x0f\x00\x00\x12\x00\x00\x00\xa4\x0f\x00\x00\x0d\x00\x00\x00\xb7\
\x0f\x00\x00\x0a\x00\x00\x00\xc5\x0f\x00\x00\x09\x00\x00\x00\xd0\
\x0f\x00\x00\x0b\x00\x00\x00\xda\x0f\x00\x00\x07\x00\x00\x00\xe6\
\x0f\x00\x00\x0a\x00\x00\x00\xee\x0f\x00\x00\x19\x00\x00\x00\xf9\
\x0f\x00\x00\x0f\x00\x00\x00\x13\x10\x00\x00\x0a\x00\x00\x00\x23\
\x10\x00\x00\x14\x00\x00\x00\x2e\x10\x00\x00\x12\x00\x00\x00\x43\
\x10\x00\x00\x14\x00\x00\x00\x56\x10\x00\x00\x0b\x00\x00\x00\x6b\
\x10\x00\x00\x08\x00\x00\x00\x77\x10\x00\x00\x09\x00\x00\x00\x80\
\x10\x00\x00\x09\x00\x00\x00\x8a\x10\x00\x00\x0c\x00\x00\x00\x94\
\x10\x00\x00\x0b\x00\x00\x00\xa1\x10\x00\x00\x08\x00\x00\x00\xad\
\x10\x00\x00\x14\x00\x00\x00\xb6\x10\x00\x00\x05\x00\x00\x00\xcb\
\x10\x00\x00\x09\x00\x00\x00\xd1\x10\x00\x00\x08\x00\x00\x00\xdb\
\x10\x00\x00\x0d\x00\x00\x00\xe4\x10\x00\x00\x04\x00\x00\x00\xf2\
\x10\x00\x00\x0f\x00\x00\x00\xf7\x10\x00\x00\x0a\x00\x00\x00\x07\
\x11\x00\x00\x08\x00\x00\x00\x12\x11\x00\x00\x09\x00\x00\x00\x1b\
\x11\x00\x00\x05\x00\x00\x00\x25\x11\x00\x00\x08\x00\x00\x00\x2b\
\x11\x00\x00\x09\x00\x00\x00\x34\x11\x00\x00\x07\x00\x00\x00\x3e\
\x11\x00\x00\x05\x00\x00\x00\x46\x11\x00\x00\x05\x00\x00\x00\x4c\
\x11\x00\x00\x0e\x00\x00\x00\x52\x11\x00\x00\x08\x00\x00\x00\x61\
\x11\x00\x00\x06\x00\x00\x00\x6a\x11\x00\x00\x11\x00\x00\x00\x71\
\x11\x00\x00\x09\x00\x00\x00\x83\x11\x00\x00\x0c\x00\x00\x00\x8d\
\x11\x00\x00\x07\x00\x00\x00\x9a\x11\x00\x00\x0a\x00\x00\x00\xa2\
\x11\x00\x00\x05\x00\x00\x00\xad\x11\x00\x00\x05\x00\x00\x00\xb3\
\x11\x00\x00\x09\x00\x00\x00\xb9\x11\x00\x00\x0b\x00\x00\x00\xc3\
\x11\x00\x00\x0b\x00\x00\x00\xcf\x11\x00\x00\x09\x00\x00\x00\xdb\
\x11\x00\x00\x22\x00\x00\x00\xe5\x11\x00\x00\x11\x00\x00\x00\x08\
\x12\x00\x00\x0b\x00\x00\x00\x1a\x12\x00\x00\x09\x00\x00\x00\x26\
\x12\x00\x00\x12\x00\x00\x00\x30\x12\x00\x00\x0a\x00\x00\x00\x43\
\x12\x00\x00\x13\x00\x00\x00\x4e\x12\x00\x00\x2b\x00\x00\x00\x62\
\x12\x00\x00\x1e\x00\x00\x00\x8e\x12\x00\x00\x0a\x00\x00\x00\xad\
\x12\x00\x00\x07\x00\x00\x00\xb8\x12\x00\x00\x08\x00\x00\x00\xc0\
\x12\x00\x00\x09\x00\x00\x00\xc9\x12\x00\x00\x05\x00\x00\x00\xd3\
\x12\x00\x00\x07\x00\x00\x00\xd9\x12\x00\x00\x0b\x00\x00\x00\xe1\
\x12\x00\x00\x06\x00\x00\x00\xed\x12\x00\x00\x0d\x00\x00\x00\xf4\
\x12\x00\x00\x0a\x00\x00\x00\x02\x13\x00\x00\x07\x00\x00\x00\x0d\
\x13\x00\x00\x02\x00\x00\x00\x15\x13\x00\x00\x13\x00\x00\x00\x18\
\x13\x00\x00\x07\x00\x00\x00\x2c\x13\x00\x00\x0d\x00\x00\x00\x34\
\x13\x00\x00\x0f\x00\x00\x00\x42\x13\x00\x00\x09\x00\x00\x00\x52\
\x13\x00\x00\x08\x00\x00\x00\x5c\x13\x00\x00\x19\x00\x00\x00\x65\
\x13\x00\x00\x08\x00\x00\x00\x7f\x13\x00\x00\x0d\x00\x00\x00\x88\
\x13\x00\x00\x07\x00\x00\x00\x96\x13\x00\x00\x0d\x00\x00\x00\x9e\
\x13\x00\x00\x09\x00\x00\x00\xac\x13\x00\x00\x0d\x00\x00\x00\xb6\
\x13\x00\x00\x08\x00\x00\x00\xc4\x13\x00\x00\x0c\x00\x00\x00\xcd\
\x13\x00\x00\x09\x00\x00\x00\xda\x13\x00\x00\x0a\x00\x00\x00\xe4\
\x13\x00\x00\x08\x00\x00\x00\xef\x13\x00\x00\x0a\x00\x00\x00\xf8\
\x13\x00\x00\x0f\x00\x00\x00\x03\x14\x00\x00\x0e\x00\x00\x00\x13\
\x14\x00\x00\x11\x00\x00\x00\x22\x14\x00\x00\x08\x00\x00\x00\x34\
\x14\x00\x00\x09\x00\x00\x00\x3d\x14\x00\x00\x08\x00\x00\x00\x47\
\x14\x00\x00\x13\x00\x00\x00\x50\x14\x00\x00\x0d\x00\x00\x00\x64\
\x14\x00\x00\x0a\x00\x00\x00\x72\x14\x00\x00\x0a\x00\x00\x00\x7d\
\x14\x00\x00\x06\x00\x00\x00\x88\x14\x00\x00\x08\x00\x00\x00\x8f\
\x14\x00\x00\x08\x00\x00\x00\x98\x14\x00\x00\x0a\x00\x00\x00\xa1\
\x14\x00\x00\x0f\x00\x00\x00\xac\x14\x00\x00\x08\x00\x00\x00\xbc\
\x14\x00\x00\x09\x00\x00\x00\xc5\x14\x00\x00\x04\x00\x00\x00\xcf\
\x14\x00\x00\x0b\x00\x00\x00\xd4\x14\x00\x00\x09\x00\x00\x00\xe0\
\x14\x00\x00\x0a\x00\x00\x00\xea\x14\x00\x00\x0d\x00\x00\x00\xf5\
\x14\x00\x00\x07\x00\x00\x00\x03\x15\x00\x00\x07\x00\x00\x00\x0b\
\x15\x00\x00\x2b\x00\x00\x00\x13\x15\x00\x00\x17\x00\x00\x00\x3f\
\x15\x00\x00\x12\x00\x00\x00\x57\x15\x00\x00\x0f\x00\x00\x00\x6a\
\x15\x00\x00\x12\x00\x00\x00\x7a\x15\x00\x00\x13\x00\x00\x00\x8d\
\x15\x00\x00\x1a\x00\x00\x00\xa1\x15\x00\x00\x17\x00\x00\x00\xbc\
\x15\x00\x00\x13\x00\x00\x00\xd4\x15\x00\x00\x16\x00\x00\x00\xe8\
\x15\x00\x00\x14\x00\x00\x00\xff\x15\x00\x00\x2d\x00\x00\x00\x14\
\x16\x00\x00\x17\x00\x00\x00\x42\x16\x00\x00\x09\x00\x00\x00\x5a\
\x16\x00\x00\x25\x00\x00\x00\x64\x16\x00\x00\x00\x41\x63\x63\x65\
\x73\x73\x20\x45\x72\x72\x6f\x72\x3a\x20\x00\x41\x66\x72\x69\x6b\
\x61\x6e\x73\x00\x41\x70\x70\x6c\x79\x00\x41\x72\x61\x62\x69\x63\
\x00\x41\x72\x6d\x65\x6e\x69\x61\x6d\x00\x41\x74\x74\x72\x69\x62\
\x75\x74\x20\x45\x72\x72\x6f\x72\x3a\x20\x00\x42\x72\x61\x7a\x69\
\x6c\x69\x61\x6e\x00\x42\x75\x6c\x67\x61\x72\x69\x61\x6e\x00\x43\
\x61\x6e\x63\x65\x6c\x00\x43\x61\x74\x61\x6c\x61\x6e\x00\x43\x68\
\x61\x72\x61\x63\x74\x65\x72\x00\x43\x68\x69\x6e\x65\x73\x65\x00\
\x43\x68\x69\x6e\x65\x73\x65\x20\x54\x72\x61\x64\x69\x74\x69\x6f\
\x6e\x61\x6c\x00\x43\x68\x6f\x6f\x73\x65\x20\x70\x61\x74\x68\x00\
\x43\x6c\x6f\x73\x65\x00\x43\x6c\x6f\x73\x65\x20\x41\x70\x70\x6c\
\x69\x63\x61\x74\x69\x6f\x6e\x00\x43\x6f\x6d\x6d\x65\x6e\x74\x20\
\x45\x72\x72\x6f\x72\x3a\x20\x00\x43\x6f\x6d\x6d\x6f\x6e\x20\x45\
\x78\x63\x65\x70\x74\x69\x6f\x6e\x3a\x20\x00\x43\x6f\x6d\x70\x69\
\x6c\x65\x00\x43\x6f\x70\x79\x00\x43\x72\x65\x61\x74\x65\x00\x43\
\x72\x6f\x61\x74\x69\x61\x6e\x00\x43\x75\x74\x00\x43\x7a\x65\x63\
\x68\x00\x44\x61\x6e\x69\x73\x68\x00\x44\x61\x74\x61\x62\x61\x73\
\x65\x20\x4d\x61\x6e\x61\x67\x65\x72\x00\x44\x61\x74\x65\x00\x44\
\x61\x74\x65\x54\x69\x6d\x65\x00\x44\x65\x6c\x65\x74\x65\x00\x44\
\x65\x6c\x65\x74\x65\x20\x4d\x53\x47\x49\x44\x00\x44\x65\x73\x74\
\x69\x6e\x61\x74\x69\x6f\x6e\x00\x44\x75\x74\x63\x68\x00\x45\x64\
\x69\x74\x00\x45\x6e\x67\x6c\x69\x73\x68\x00\x45\x6e\x74\x72\x69\
\x65\x73\x00\x45\x72\x72\x6f\x72\x00\x45\x72\x72\x6f\x72\x3a\x20\
\x00\x45\x73\x70\x65\x72\x61\x6e\x74\x6f\x00\x45\x78\x69\x74\x00\
\x46\x61\x72\x73\x69\x6c\x00\x46\x69\x6c\x65\x00\x46\x69\x6c\x65\
\x20\x45\x72\x72\x6f\x72\x3a\x20\x00\x46\x69\x6e\x6e\x69\x73\x68\
\x00\x46\x6c\x6f\x61\x74\x00\x46\x6f\x72\x6d\x2d\x44\x65\x73\x69\
\x67\x6e\x65\x72\x00\x46\x6f\x72\x6d\x73\x00\x46\x72\x65\x6e\x63\
\x68\x00\x47\x65\x72\x6d\x61\x6e\x00\x47\x72\x65\x65\x6b\x00\x48\
\x65\x6c\x70\x00\x48\x69\x6e\x64\x69\x00\x48\x75\x6e\x67\x61\x72\
\x69\x61\x6e\x00\x49\x6e\x64\x6f\x6e\x65\x73\x69\x61\x6e\x00\x49\
\x6e\x73\x65\x72\x74\x00\x49\x6e\x74\x65\x67\x65\x72\x00\x49\x6e\
\x74\x65\x72\x6e\x61\x6c\x20\x45\x72\x72\x6f\x72\x20\x28\x50\x79\
\x74\x68\x6f\x6e\x20\x4e\x61\x6d\x65\x45\x72\x72\x6f\x72\x29\x00\
\x49\x6e\x74\x65\x72\x6e\x61\x6c\x20\x45\x72\x72\x6f\x72\x3a\x20\
\x00\x49\x74\x61\x6c\x69\x61\x6e\x00\x4a\x61\x70\x61\x6e\x65\x73\
\x65\x00\x4a\x61\x70\x61\x6e\x65\x73\x65\x2d\x65\x6e\x00\x4b\x6f\
\x72\x65\x61\x6e\x00\x4b\x6f\x72\x65\x61\x6e\x2d\x65\x6e\x00\x4c\
\x4f\x47\x20\x66\x69\x6c\x65\x20\x63\x6f\x75\x6c\x64\x20\x6e\x6f\
\x74\x20\x72\x65\x6d\x6f\x76\x65\x00\x4c\x4f\x47\x20\x66\x69\x6c\
\x65\x20\x68\x61\x76\x65\x20\x62\x65\x65\x6e\x20\x72\x65\x6d\x6f\
\x76\x65\x64\x00\x4c\x61\x62\x65\x6c\x73\x00\x4c\x61\x6e\x67\x75\
\x61\x67\x65\x00\x4c\x61\x74\x76\x69\x61\x6e\x00\x4c\x69\x74\x68\
\x75\x61\x6e\x69\x61\x6e\x00\x4c\x6f\x61\x64\x00\x4c\x6f\x67\x69\
\x63\x61\x6c\x00\x4d\x61\x63\x65\x64\x6f\x6e\x69\x61\x6e\x00\x4d\
\x65\x6e\x75\x65\x00\x4e\x65\x77\x20\x50\x72\x6f\x6a\x65\x63\x74\
\x00\x4e\x6f\x72\x77\x65\x67\x69\x61\x6e\x00\x4e\x75\x6d\x65\x72\
\x69\x63\x00\x4f\x4b\x00\x4f\x6e\x65\x2d\x43\x6c\x69\x63\x6b\x20\
\x41\x70\x70\x6c\x69\x63\x61\x74\x69\x6f\x6e\x00\x4f\x70\x65\x6e\
\x00\x4f\x70\x65\x6e\x20\x46\x69\x6c\x65\x2e\x2e\x2e\x00\x4f\x70\
\x65\x6e\x20\x50\x72\x6f\x6a\x65\x63\x74\x00\x50\x61\x73\x74\x65\
\x00\x50\x65\x72\x73\x69\x61\x6e\x00\x50\x6c\x65\x61\x73\x65\x20\
\x65\x6e\x74\x65\x72\x20\x74\x65\x78\x74\x00\x50\x6f\x6c\x69\x73\
\x68\x00\x50\x6f\x72\x74\x75\x67\x75\x65\x73\x65\x00\x50\x72\x69\
\x6e\x74\x00\x50\x72\x69\x6e\x74\x20\x50\x72\x65\x76\x69\x65\x77\
\x00\x50\x72\x6f\x67\x72\x61\x6d\x73\x00\x50\x72\x6f\x70\x65\x72\
\x74\x69\x65\x73\x00\x51\x75\x65\x72\x69\x65\x73\x00\x52\x65\x67\
\x69\x65\x63\x65\x6e\x74\x65\x72\x00\x52\x65\x6d\x6f\x76\x65\x00\
\x52\x65\x6e\x61\x6d\x65\x00\x52\x65\x70\x6f\x72\x74\x73\x00\x52\
\x6f\x6d\x61\x6e\x69\x61\x6e\x00\x52\x75\x6e\x20\x2d\x20\x46\x32\
\x00\x52\x75\x6e\x74\x69\x6d\x65\x20\x45\x72\x72\x6f\x72\x00\x52\
\x75\x6e\x74\x69\x6d\x65\x20\x45\x72\x72\x6f\x72\x3a\x20\x00\x52\
\x75\x73\x73\x69\x61\x6e\x00\x53\x61\x76\x65\x00\x53\x65\x72\x62\
\x69\x61\x6e\x00\x53\x65\x72\x62\x69\x61\x6e\x2d\x43\x79\x72\x69\
\x6c\x6c\x69\x63\x00\x53\x65\x74\x74\x69\x6e\x67\x73\x00\x53\x6c\
\x6f\x76\x61\x6b\x00\x53\x6c\x6f\x76\x65\x6e\x65\x00\x53\x6f\x75\
\x72\x63\x65\x00\x53\x70\x61\x6e\x69\x73\x68\x00\x53\x74\x72\x75\
\x63\x74\x75\x72\x65\x00\x53\x77\x65\x64\x69\x73\x68\x00\x53\x79\
\x6e\x74\x61\x78\x20\x45\x72\x72\x6f\x72\x3a\x20\x00\x54\x61\x62\
\x6c\x65\x73\x00\x54\x68\x65\x20\x61\x6c\x69\x61\x73\x00\x54\x69\
\x6d\x65\x00\x54\x6f\x6f\x6c\x73\x00\x54\x75\x72\x6b\x69\x73\x68\
\x00\x55\x6b\x72\x61\x69\x6e\x69\x61\x6e\x00\x56\x69\x65\x74\x6e\
\x61\x6d\x65\x73\x65\x00\x56\x69\x65\x77\x00\x57\x69\x6e\x64\x6f\
\x77\x00\x57\x6f\x75\x6c\x64\x20\x79\x6f\x75\x20\x72\x65\x61\x6c\
\x79\x20\x63\x6c\x6f\x73\x65\x20\x74\x68\x65\x20\x41\x70\x70\x6c\
\x69\x63\x61\x74\x69\x6f\x6e\x3f\x00\x61\x6c\x69\x61\x73\x20\x61\
\x6c\x72\x65\x61\x64\x79\x20\x65\x78\x69\x73\x74\x73\x00\x61\x6c\
\x6c\x46\x69\x6c\x65\x73\x00\x61\x6c\x72\x65\x61\x64\x79\x20\x65\
\x78\x69\x73\x74\x73\x00\x61\x6c\x72\x65\x61\x64\x79\x20\x65\x78\
\x69\x73\x74\x73\x2e\x00\x61\x72\x65\x20\x79\x6f\x75\x20\x73\x75\
\x72\x65\x2c\x20\x74\x6f\x20\x64\x65\x6c\x65\x74\x65\x3f\x00\x63\
\x6f\x75\x6c\x64\x20\x6e\x6f\x74\x20\x6f\x70\x65\x6e\x20\x66\x69\
\x6c\x65\x00\x64\x42\x61\x73\x65\x53\x6f\x75\x72\x63\x65\x63\x6f\
\x64\x65\x46\x69\x6c\x65\x73\x00\x64\x65\x6c\x65\x74\x65\x20\x4c\
\x4f\x47\x20\x66\x69\x6c\x65\x3f\x00\x66\x69\x6c\x65\x20\x69\x73\
\x20\x69\x6e\x20\x75\x73\x65\x00\x66\x69\x6c\x65\x20\x6e\x6f\x74\
\x20\x66\x6f\x75\x6e\x64\x00\x72\x65\x6d\x6f\x76\x65\x20\x4c\x4f\
\x47\x20\x66\x69\x6c\x65\x3f\x00\x72\x65\x6d\x6f\x76\x65\x20\x66\
\x69\x6c\x65\x20\x64\x69\x65\x6e\x65\x64\x2e\x00\x72\x65\x6d\x76\
\x6f\x65\x64\x00\x79\x6f\x75\x20\x68\x61\x76\x65\x20\x74\x6f\x20\
\x72\x65\x6d\x6f\x76\x65\x20\x69\x74\x20\x79\x6f\x75\x72\x20\x73\
\x65\x6c\x66\x00\x50\x72\x6f\x6a\x65\x63\x74\x2d\x49\x64\x2d\x56\
\x65\x72\x73\x69\x6f\x6e\x3a\x20\x61\x70\x70\x20\x31\x2e\x30\x0a\
\x52\x65\x70\x6f\x72\x74\x2d\x4d\x73\x67\x69\x64\x2d\x42\x75\x67\
\x73\x2d\x54\x6f\x3a\x20\x70\x61\x75\x6c\x65\x33\x32\x2e\x6a\x6b\
\x40\x67\x6d\x61\x69\x6c\x2e\x63\x6f\x6d\x0a\x50\x4f\x54\x2d\x43\
\x72\x65\x61\x74\x69\x6f\x6e\x2d\x44\x61\x74\x65\x3a\x20\x32\x30\
\x32\x36\x2d\x30\x32\x2d\x32\x34\x20\x30\x30\x3a\x30\x30\x2b\x30\
\x31\x30\x30\x0a\x50\x4f\x2d\x52\x65\x76\x69\x73\x69\x6f\x6e\x2d\
\x44\x61\x74\x65\x3a\x20\x32\x30\x32\x36\x2d\x30\x32\x2d\x32\x34\
\x20\x30\x30\x3a\x30\x30\x2b\x30\x31\x30\x30\x0a\x4c\x61\x73\x74\
\x2d\x54\x72\x61\x6e\x73\x6c\x61\x74\x6f\x72\x3a\x20\x70\x61\x75\
\x6c\x65\x33\x32\x0a\x4c\x61\x6e\x67\x75\x61\x67\x65\x2d\x54\x65\
\x61\x6d\x3a\x20\x70\x61\x75\x6c\x65\x33\x32\x0a\x4c\x61\x6e\x67\
\x75\x61\x67\x65\x3a\x20\x45\x4e\x55\x3a\x44\x45\x55\x0a\x4d\x49\
\x4d\x45\x2d\x56\x65\x72\x73\x69\x6f\x6e\x3a\x20\x31\x2e\x30\x0a\
\x43\x6f\x6e\x74\x65\x6e\x74\x2d\x54\x79\x70\x65\x3a\x20\x74\x65\
\x78\x74\x2f\x70\x6c\x61\x69\x6e\x3b\x20\x63\x68\x61\x72\x73\x65\
\x74\x3d\x55\x54\x46\x2d\x38\x0a\x43\x6f\x6e\x74\x65\x6e\x74\x2d\
\x54\x72\x61\x6e\x73\x66\x65\x72\x2d\x45\x6e\x63\x6f\x64\x69\x6e\
\x67\x3a\x20\x38\x62\x69\x74\x0a\x00\x5a\x75\x67\x72\x69\x66\x66\
\x2d\x46\x65\x68\x6c\x65\x72\x3a\x20\x00\x41\x66\x72\x69\x6b\x61\
\x61\x6e\x73\x00\xc3\x9c\x62\x65\x72\x6e\x65\x68\x6d\x65\x6e\x00\
\x41\x72\x61\x62\x69\x73\x63\x68\x00\x41\x72\x6d\x65\x6e\x69\x73\
\x63\x68\x00\x41\x74\x74\x72\x69\x62\x75\x74\x65\x2d\x46\x65\x68\
\x6c\x65\x72\x3a\x20\x00\x42\x72\x61\x73\x69\x6c\x69\x61\x6e\x69\
\x73\x63\x68\x00\x42\x75\x6c\x67\x61\x72\x69\x73\x63\x68\x00\x41\
\x62\x62\x72\x65\x63\x68\x65\x6e\x00\x4b\x61\x74\x61\x6c\x61\x6e\
\x69\x73\x63\x68\x00\x5a\x65\x69\x63\x68\x65\x6e\x00\x43\x68\x69\
\x6e\x65\x73\x69\x73\x63\x68\x00\x43\x68\x69\x6e\x65\x73\x69\x73\
\x63\x68\x20\x28\x54\x72\x61\x64\x69\x74\x69\x6f\x6e\x65\x6c\x6c\
\x29\x00\x50\x66\x61\x64\x20\x61\x75\x73\x77\xc3\xa4\x68\x6c\x65\
\x6e\x00\x53\x63\x68\x6c\x69\x65\xc3\x9f\x65\x6e\x00\x41\x6e\x77\
\x65\x6e\x64\x75\x6e\x67\x20\x73\x63\x68\x6c\x69\x65\xc3\x9f\x65\
\x6e\x00\x4b\x6f\x6d\x6d\x65\x6e\x74\x61\x72\x2d\x46\x65\x68\x6c\
\x65\x72\x3a\x20\x00\x41\x6c\x6c\x67\x65\x6d\x65\x69\x6e\x65\x72\
\x20\x46\x65\x68\x6c\x65\x72\x3a\x20\x00\x43\x6f\x6d\x70\x69\x6c\
\x69\x65\x72\x65\x6e\x00\x4b\x6f\x70\x69\x65\x72\x65\x6e\x00\x45\
\x72\x73\x74\x65\x6c\x6c\x65\x6e\x00\x4b\x72\x6f\x61\x74\x69\x73\
\x63\x68\x00\x41\x75\x73\x73\x63\x68\x6e\x65\x69\x64\x65\x6e\x00\
\x54\x73\x63\x68\x65\x63\x68\x69\x73\x63\x68\x00\x44\xc3\xa4\x6e\
\x69\x73\x63\x68\x00\x44\x61\x74\x65\x6e\x62\x61\x6e\x6b\x2d\x56\
\x65\x72\x77\x61\x6c\x74\x75\x6e\x67\x00\x44\x41\x54\x55\x4d\x00\
\x44\x41\x54\x55\x4d\x5a\x45\x49\x54\x00\x4c\xc3\xb6\x73\x63\x68\
\x65\x6e\x00\x4c\xc3\xb6\x73\x63\x68\x65\x20\x4d\x53\x47\x49\x44\
\x00\x5a\x69\x65\x6c\x00\x4e\x69\x65\x64\x65\x72\x6c\xc3\xa4\x6e\
\x64\x69\x73\x63\x68\x00\x42\x65\x61\x72\x62\x65\x69\x74\x65\x6e\
\x00\x45\x6e\x67\x6c\x69\x73\x63\x68\x00\x45\x69\x6e\x74\x72\xc3\
\xa4\x67\x65\x00\x45\x72\x72\x6f\x72\x00\x46\x65\x68\x6c\x65\x72\
\x3a\x20\x00\x45\x73\x70\x65\x72\x61\x6e\x74\x6f\x00\x42\x65\x65\
\x6e\x64\x65\x6e\x00\x46\x61\x72\x73\x69\x00\x44\x61\x74\x65\x69\
\x00\x44\x61\x74\x65\x69\x2d\x46\x65\x68\x6c\x65\x72\x3a\x20\x00\
\x46\x69\x6e\x6e\x69\x73\x63\x68\x00\x44\x4f\x55\x42\x4c\x45\x00\
\x46\x6f\x72\x6d\x75\x6c\x61\x72\x2d\x44\x65\x73\x69\x67\x6e\x65\
\x72\x00\x46\x6f\x72\x6d\x75\x6c\x61\x72\x65\x00\x46\x72\x61\x6e\
\x7a\xc3\xb6\x73\x69\x73\x63\x68\x00\x44\x65\x75\x74\x73\x63\x68\
\x00\x47\x72\x69\x65\x63\x68\x69\x73\x63\x68\x00\x48\x69\x6c\x66\
\x65\x00\x48\x69\x6e\x64\x69\x00\x55\x6e\x67\x61\x72\x69\x73\x63\
\x68\x00\x49\x6e\x64\x6f\x6e\x65\x73\x69\x73\x63\x68\x00\x48\x69\
\x6e\x7a\x75\x66\xc3\xbc\x67\x65\x6e\x00\x4e\x75\x6d\x65\x72\x69\
\x73\x63\x68\x00\x49\x6e\x74\x65\x72\x6e\x65\x72\x20\x46\x65\x68\
\x6c\x65\x72\x20\x28\x50\x79\x68\x74\x6f\x6e\x20\x4e\x61\x6d\x65\
\x45\x72\x72\x6f\x72\x29\x00\x49\x6e\x74\x65\x72\x6e\x65\x72\x2d\
\x46\x65\x68\x6c\x65\x72\x3a\x20\x00\x49\x74\x61\x6c\x69\x65\x6e\
\x69\x73\x63\x68\x00\x4a\x61\x70\x61\x6e\x69\x73\x63\x68\x00\x4a\
\x61\x70\x61\x6e\x69\x73\x63\x68\x2d\x45\x6e\x67\x6c\x69\x73\x63\
\x68\x00\x4b\x6f\x72\x65\x61\x6e\x69\x73\x63\x68\x00\x4b\x6f\x72\
\x65\x61\x6e\x69\x73\x63\x68\x2d\x45\x6e\x67\x6c\x69\x73\x63\x68\
\x00\x44\x69\x65\x20\x4c\x4f\x47\x2d\x44\x61\x74\x65\x69\x20\x6b\
\x6f\x6e\x6e\x74\x65\x20\x6e\x69\x63\x68\x74\x20\x67\x65\x6c\xc3\
\xb6\x73\x63\x68\x74\x20\x77\x65\x72\x64\x65\x6e\x00\x44\x69\x65\
\x20\x4c\x4f\x47\x2d\x44\x61\x74\x65\x69\x20\x77\x75\x72\x64\x65\
\x20\x67\x65\x6c\xc3\xb6\x73\x63\x68\x74\x2e\x00\x45\x74\x74\x69\
\x6b\x65\x74\x74\x65\x6e\x00\x53\x70\x72\x61\x63\x68\x65\x00\x4c\
\x65\x74\x74\x69\x73\x63\x68\x00\x4c\x69\x74\x61\x75\x69\x73\x63\
\x68\x00\x4c\x61\x64\x65\x6e\x00\x4c\x6f\x67\x69\x73\x63\x68\x00\
\x4d\x61\x7a\x65\x64\x6f\x6e\x69\x73\x63\x68\x00\x4d\x65\x6e\xc3\
\xbc\x73\x00\x4e\x65\x75\x65\x73\x20\x50\x72\x6f\x6a\x65\x6b\x74\
\x00\x4e\x6f\x72\x77\x65\x67\x69\x73\x63\x68\x00\x44\x45\x5a\x49\
\x4d\x41\x4c\x00\x4f\x4b\x00\x45\x69\x6e\x2d\x6b\x6c\x69\x63\x6b\
\x20\x41\x6e\x77\x65\x6e\x64\x75\x6e\x67\x00\xc3\x96\x66\x66\x6e\
\x65\x6e\x00\x44\x61\x74\x65\x69\x20\xc3\xb6\x66\x66\x6e\x65\x6e\
\x00\x50\x72\x6f\x6a\x65\x63\x74\x20\xc3\xb6\x66\x66\x6e\x65\x6e\
\x00\x45\x69\x6e\x66\xc3\xbc\x67\x65\x6e\x00\x50\x65\x72\x73\x69\
\x73\x63\x68\x00\x42\x69\x74\x74\x65\x20\x65\x72\x73\x74\x20\x54\
\x65\x78\x74\x20\x65\x69\x6e\x67\x65\x62\x65\x6e\x2e\x00\x50\x6f\
\x6c\x6e\x69\x73\x63\x68\x00\x50\x6f\x72\x74\x75\x67\x69\x65\x73\
\x69\x73\x63\x68\x00\x44\x72\x75\x63\x6b\x65\x6e\x00\x44\x75\x72\
\x63\x6b\x76\x6f\x72\x73\x63\x68\x61\x75\x00\x50\x72\x6f\x67\x72\
\x61\x6d\x6d\x65\x00\x45\x69\x67\x65\x6e\x73\x63\x68\x61\x66\x74\
\x65\x6e\x00\x41\x62\x66\x72\x61\x67\x65\x6e\x00\x52\x65\x67\x69\
\x65\x7a\x65\x6e\x74\x72\x75\x6d\x00\x45\x6e\x74\x66\x65\x72\x6e\
\x65\x6e\x00\x55\x6d\x62\x65\x6e\x65\x6e\x6e\x65\x6e\x00\x42\x65\
\x72\x69\x63\x68\x74\x65\x00\x52\x75\x6d\xc3\xa4\x6e\x69\x73\x63\
\x68\x00\x41\x75\x73\x66\xc3\xbc\x68\x72\x65\x6e\x20\x2d\x20\x46\
\x32\x00\x4c\x61\x75\x66\x7a\x65\x69\x74\x66\x65\x68\x6c\x65\x72\
\x00\x4c\x61\x75\x66\x7a\x65\x69\x74\x2d\x46\x65\x68\x6c\x65\x72\
\x3a\x20\x00\x52\x75\x73\x73\x69\x73\x63\x68\x00\x53\x70\x65\x69\
\x63\x68\x65\x72\x6e\x00\x53\x65\x72\x62\x69\x73\x63\x68\x00\x53\
\x65\x72\x62\x69\x73\x63\x68\x2d\x4b\x79\x72\x69\x6c\x6c\x69\x73\
\x63\x68\x00\x45\x69\x6e\x73\x74\x65\x6c\x6c\x75\x6e\x67\x65\x6e\
\x00\x53\x6c\x6f\x77\x61\x6b\x69\x73\x63\x68\x00\x53\x6c\x6f\x77\
\x65\x6e\x69\x73\x63\x68\x00\x51\x75\x65\x6c\x6c\x65\x00\x53\x70\
\x61\x6e\x69\x73\x63\x68\x00\x53\x74\x72\x75\x6b\x74\x75\x72\x00\
\x53\x63\x68\x77\x65\x64\x69\x73\x63\x68\x00\x53\x79\x6e\x74\x61\
\x78\x2d\x46\x65\x68\x6c\x65\x72\x3a\x20\x00\x54\x61\x62\x65\x6c\
\x6c\x65\x6e\x00\x44\x65\x72\x20\x41\x6c\x69\x61\x73\x00\x5a\x45\
\x49\x54\x00\x48\x69\x6c\x66\x73\x6d\x69\x74\x74\x65\x6c\x00\x54\
\xc3\xbc\x72\x6b\x69\x73\x63\x68\x00\x55\x6b\x72\x61\x69\x6e\x69\
\x73\x63\x68\x00\x56\x69\x65\x74\x6e\x61\x6d\x65\x73\x69\x73\x63\
\x68\x00\x41\x6e\x73\x69\x63\x68\x74\x00\x46\x65\x6e\x73\x74\x65\
\x72\x00\x57\x6f\x6c\x6c\x65\x6e\x20\x53\x69\x65\x20\x64\x69\x65\
\x20\x41\x6e\x77\x65\x6e\x64\x75\x6e\x67\x20\x77\x69\x72\x6b\x6c\
\x69\x63\x68\x20\x62\x65\x65\x6e\x64\x65\x6e\x20\x3f\x00\x41\x6c\
\x69\x61\x73\x20\x65\x78\x69\x73\x74\x69\x65\x72\x74\x20\x62\x65\
\x72\x65\x69\x74\x73\x00\x41\x6c\x6c\x65\x20\x44\x61\x74\x65\x69\
\x65\x6e\x20\x28\x2a\x2e\x2a\x29\x00\x65\x78\x69\x73\x74\x69\x65\
\x72\x74\x20\x73\x63\x68\x6f\x6e\x00\x65\x78\x69\x73\x74\x69\x65\
\x72\x74\x20\x62\x65\x72\x65\x69\x74\x73\x2e\x00\x77\x69\x72\x6b\
\x6c\x69\x63\x68\x20\x65\x6e\x74\x66\x65\x72\x6e\x65\x6e\x3f\x00\
\x4b\x6f\x6e\x6e\x74\x65\x20\x44\x61\x74\x65\x69\x20\x6e\x69\x63\
\x68\x74\x20\xc3\xb6\x66\x66\x6e\x65\x6e\x00\x64\x42\x61\x73\x65\
\x20\x51\x75\x65\x6c\x6c\x63\x6f\x64\x65\x20\x28\x2a\x2e\x70\x72\
\x67\x29\x00\x4c\x4f\x47\x2d\x44\x61\x74\x65\x69\x20\x6c\xc3\xb6\
\x73\x63\x68\x65\x6e\x3f\x00\x44\x61\x74\x65\x69\x20\x69\x73\x74\
\x20\x69\x6e\x20\x62\x65\x6e\x75\x74\x7a\x75\x6e\x67\x00\x44\x61\
\x74\x65\x69\x20\x6e\x69\x63\x68\x74\x20\x67\x65\x66\x75\x6e\x64\
\x65\x6e\x00\x53\x6f\x6c\x6c\x20\x64\x69\x65\x20\x4c\x4f\x47\x2d\
\x44\x61\x74\x65\x69\x20\x77\x69\x72\x6b\x6c\x69\x63\x68\x20\x67\
\x65\x6c\xc3\xb6\x73\x63\x68\x74\x20\x77\x65\x72\x64\x65\x6e\x3f\
\x00\x4c\xc3\xb6\x73\x63\x68\x65\x6e\x20\x66\x65\x68\x6c\x67\x65\
\x73\x63\x68\x6c\x61\x67\x65\x6e\x00\x47\x65\x6c\xc3\xb6\x73\x63\
\x68\x74\x00\x53\x69\x65\x20\x6d\xc3\xbc\x73\x73\x65\x6e\x20\x64\
\x69\x65\x20\x44\x61\x74\x65\x69\x20\x73\x65\x6c\x62\x73\x74\x20\
\x6c\xc3\xb6\x73\x63\x68\x65\x6e\x00\
\x00\x00\x0e\xb8\
\xde\
\x12\x04\x95\x00\x00\x00\x00\x4e\x00\x00\x00\x1c\x00\x00\x00\x8c\
\x02\x00\x00\x00\x00\x00\x00\xfc\x04\x00\x00\x00\x00\x00\x00\xfc\
\x04\x00\x00\x0e\x00\x00\x00\xfd\x04\x00\x00\x10\x00\x00\x00\x0c\
\x05\x00\x00\x06\x00\x00\x00\x1d\x05\x00\x00\x09\x00\x00\x00\x24\
\x05\x00\x00\x0b\x00\x00\x00\x2e\x05\x00\x00\x05\x00\x00\x00\x3a\
\x05\x00\x00\x11\x00\x00\x00\x40\x05\x00\x00\x0f\x00\x00\x00\x52\
\x05\x00\x00\x12\x00\x00\x00\x62\x05\x00\x00\x07\x00\x00\x00\x75\
\x05\x00\x00\x04\x00\x00\x00\x7d\x05\x00\x00\x10\x00\x00\x00\x82\
\x05\x00\x00\x04\x00\x00\x00\x93\x05\x00\x00\x08\x00\x00\x00\x98\
\x05\x00\x00\x06\x00\x00\x00\xa1\x05\x00\x00\x04\x00\x00\x00\xa8\
\x05\x00\x00\x07\x00\x00\x00\xad\x05\x00\x00\x05\x00\x00\x00\xb5\
\x05\x00\x00\x07\x00\x00\x00\xbb\x05\x00\x00\x04\x00\x00\x00\xc3\
\x05\x00\x00\x04\x00\x00\x00\xc8\x05\x00\x00\x0c\x00\x00\x00\xcd\
\x05\x00\x00\x05\x00\x00\x00\xda\x05\x00\x00\x0d\x00\x00\x00\xe0\
\x05\x00\x00\x05\x00\x00\x00\xee\x05\x00\x00\x06\x00\x00\x00\xf4\
\x05\x00\x00\x07\x00\x00\x00\xfb\x05\x00\x00\x21\x00\x00\x00\x03\
\x06\x00\x00\x10\x00\x00\x00\x25\x06\x00\x00\x19\x00\x00\x00\x36\
\x06\x00\x00\x1a\x00\x00\x00\x50\x06\x00\x00\x06\x00\x00\x00\x6b\
\x06\x00\x00\x08\x00\x00\x00\x72\x06\x00\x00\x07\x00\x00\x00\x7b\
\x06\x00\x00\x05\x00\x00\x00\x83\x06\x00\x00\x0b\x00\x00\x00\x89\
\x06\x00\x00\x07\x00\x00\x00\x95\x06\x00\x00\x02\x00\x00\x00\x9d\
\x06\x00\x00\x15\x00\x00\x00\xa0\x06\x00\x00\x04\x00\x00\x00\xb6\
\x06\x00\x00\x0c\x00\x00\x00\xbb\x06\x00\x00\x0c\x00\x00\x00\xc8\
\x06\x00\x00\x11\x00\x00\x00\xd5\x06\x00\x00\x05\x00\x00\x00\xe7\
\x06\x00\x00\x0d\x00\x00\x00\xed\x06\x00\x00\x08\x00\x00\x00\xfb\
\x06\x00\x00\x0a\x00\x00\x00\x04\x07\x00\x00\x07\x00\x00\x00\x0f\
\x07\x00\x00\x0b\x00\x00\x00\x17\x07\x00\x00\x06\x00\x00\x00\x23\
\x07\x00\x00\x06\x00\x00\x00\x2a\x07\x00\x00\x07\x00\x00\x00\x31\
\x07\x00\x00\x08\x00\x00\x00\x39\x07\x00\x00\x0d\x00\x00\x00\x42\
\x07\x00\x00\x0f\x00\x00\x00\x50\x07\x00\x00\x04\x00\x00\x00\x60\
\x07\x00\x00\x09\x00\x00\x00\x65\x07\x00\x00\x0e\x00\x00\x00\x6f\
\x07\x00\x00\x06\x00\x00\x00\x7e\x07\x00\x00\x09\x00\x00\x00\x85\
\x07\x00\x00\x04\x00\x00\x00\x8f\x07\x00\x00\x04\x00\x00\x00\x94\
\x07\x00\x00\x26\x00\x00\x00\x99\x07\x00\x00\x14\x00\x00\x00\xc0\
\x07\x00\x00\x08\x00\x00\x00\xd5\x07\x00\x00\x0e\x00\x00\x00\xde\
\x07\x00\x00\x0f\x00\x00\x00\xed\x07\x00\x00\x18\x00\x00\x00\xfd\
\x07\x00\x00\x13\x00\x00\x00\x16\x08\x00\x00\x14\x00\x00\x00\x2a\
\x08\x00\x00\x10\x00\x00\x00\x3f\x08\x00\x00\x0e\x00\x00\x00\x50\
\x08\x00\x00\x0e\x00\x00\x00\x5f\x08\x00\x00\x10\x00\x00\x00\x6e\
\x08\x00\x00\x13\x00\x00\x00\x7f\x08\x00\x00\x07\x00\x00\x00\x93\
\x08\x00\x00\x1f\x00\x00\x00\x9b\x08\x00\x00\x5a\x01\x00\x00\xbb\
\x08\x00\x00\x10\x00\x00\x00\x16\x0a\x00\x00\x12\x00\x00\x00\x27\
\x0a\x00\x00\x09\x00\x00\x00\x3a\x0a\x00\x00\x07\x00\x00\x00\x44\
\x0a\x00\x00\x0f\x00\x00\x00\x4c\x0a\x00\x00\x0a\x00\x00\x00\x5c\
\x0a\x00\x00\x14\x00\x00\x00\x67\x0a\x00\x00\x12\x00\x00\x00\x7c\
\x0a\x00\x00\x14\x00\x00\x00\x8f\x0a\x00\x00\x0b\x00\x00\x00\xa4\
\x0a\x00\x00\x08\x00\x00\x00\xb0\x0a\x00\x00\x14\x00\x00\x00\xb9\
\x0a\x00\x00\x05\x00\x00\x00\xce\x0a\x00\x00\x09\x00\x00\x00\xd4\
\x0a\x00\x00\x08\x00\x00\x00\xde\x0a\x00\x00\x0a\x00\x00\x00\xe7\
\x0a\x00\x00\x08\x00\x00\x00\xf2\x0a\x00\x00\x05\x00\x00\x00\xfb\
\x0a\x00\x00\x08\x00\x00\x00\x01\x0b\x00\x00\x07\x00\x00\x00\x0a\
\x0b\x00\x00\x05\x00\x00\x00\x12\x0b\x00\x00\x0e\x00\x00\x00\x18\
\x0b\x00\x00\x06\x00\x00\x00\x27\x0b\x00\x00\x11\x00\x00\x00\x2e\
\x0b\x00\x00\x09\x00\x00\x00\x40\x0b\x00\x00\x07\x00\x00\x00\x4a\
\x0b\x00\x00\x09\x00\x00\x00\x52\x0b\x00\x00\x22\x00\x00\x00\x5c\
\x0b\x00\x00\x11\x00\x00\x00\x7f\x0b\x00\x00\x2b\x00\x00\x00\x91\
\x0b\x00\x00\x1e\x00\x00\x00\xbd\x0b\x00\x00\x0a\x00\x00\x00\xdc\
\x0b\x00\x00\x07\x00\x00\x00\xe7\x0b\x00\x00\x07\x00\x00\x00\xef\
\x0b\x00\x00\x06\x00\x00\x00\xf7\x0b\x00\x00\x0d\x00\x00\x00\xfe\
\x0b\x00\x00\x07\x00\x00\x00\x0c\x0c\x00\x00\x02\x00\x00\x00\x14\
\x0c\x00\x00\x13\x00\x00\x00\x17\x0c\x00\x00\x07\x00\x00\x00\x2b\
\x0c\x00\x00\x0d\x00\x00\x00\x33\x0c\x00\x00\x0f\x00\x00\x00\x41\
\x0c\x00\x00\x19\x00\x00\x00\x51\x0c\x00\x00\x07\x00\x00\x00\x6b\
\x0c\x00\x00\x0d\x00\x00\x00\x73\x0c\x00\x00\x09\x00\x00\x00\x81\
\x0c\x00\x00\x0d\x00\x00\x00\x8b\x0c\x00\x00\x08\x00\x00\x00\x99\
\x0c\x00\x00\x0c\x00\x00\x00\xa2\x0c\x00\x00\x09\x00\x00\x00\xaf\
\x0c\x00\x00\x0a\x00\x00\x00\xb9\x0c\x00\x00\x08\x00\x00\x00\xc4\
\x0c\x00\x00\x0f\x00\x00\x00\xcd\x0c\x00\x00\x0e\x00\x00\x00\xdd\
\x0c\x00\x00\x11\x00\x00\x00\xec\x0c\x00\x00\x09\x00\x00\x00\xfe\
\x0c\x00\x00\x08\x00\x00\x00\x08\x0d\x00\x00\x0f\x00\x00\x00\x11\
\x0d\x00\x00\x08\x00\x00\x00\x21\x0d\x00\x00\x09\x00\x00\x00\x2a\
\x0d\x00\x00\x04\x00\x00\x00\x34\x0d\x00\x00\x07\x00\x00\x00\x39\
\x0d\x00\x00\x2b\x00\x00\x00\x41\x0d\x00\x00\x17\x00\x00\x00\x6d\
\x0d\x00\x00\x12\x00\x00\x00\x85\x0d\x00\x00\x0f\x00\x00\x00\x98\
\x0d\x00\x00\x12\x00\x00\x00\xa8\x0d\x00\x00\x13\x00\x00\x00\xbb\
\x0d\x00\x00\x1a\x00\x00\x00\xcf\x0d\x00\x00\x17\x00\x00\x00\xea\
\x0d\x00\x00\x13\x00\x00\x00\x02\x0e\x00\x00\x16\x00\x00\x00\x16\
\x0e\x00\x00\x14\x00\x00\x00\x2d\x0e\x00\x00\x2d\x00\x00\x00\x42\
\x0e\x00\x00\x17\x00\x00\x00\x70\x0e\x00\x00\x09\x00\x00\x00\x88\
\x0e\x00\x00\x25\x00\x00\x00\x92\x0e\x00\x00\x00\x41\x63\x63\x65\
\x73\x73\x20\x45\x72\x72\x6f\x72\x3a\x20\x00\x41\x74\x74\x72\x69\
\x62\x75\x74\x20\x45\x72\x72\x6f\x72\x3a\x20\x00\x43\x61\x6e\x63\
\x65\x6c\x00\x43\x68\x61\x72\x61\x63\x74\x65\x72\x00\x43\x68\x6f\
\x6f\x73\x65\x20\x70\x61\x74\x68\x00\x43\x6c\x6f\x73\x65\x00\x43\
\x6c\x6f\x73\x65\x20\x41\x70\x70\x6c\x69\x63\x61\x74\x69\x6f\x6e\
\x00\x43\x6f\x6d\x6d\x65\x6e\x74\x20\x45\x72\x72\x6f\x72\x3a\x20\
\x00\x43\x6f\x6d\x6d\x6f\x6e\x20\x45\x78\x63\x65\x70\x74\x69\x6f\
\x6e\x3a\x20\x00\x43\x6f\x6d\x70\x69\x6c\x65\x00\x43\x6f\x70\x79\
\x00\x44\x61\x74\x61\x62\x61\x73\x65\x20\x4d\x61\x6e\x61\x67\x65\
\x72\x00\x44\x61\x74\x65\x00\x44\x61\x74\x65\x54\x69\x6d\x65\x00\
\x44\x65\x6c\x65\x74\x65\x00\x45\x64\x69\x74\x00\x45\x6e\x67\x6c\
\x69\x73\x68\x00\x45\x72\x72\x6f\x72\x00\x45\x72\x72\x6f\x72\x3a\
\x20\x00\x45\x78\x69\x74\x00\x46\x69\x6c\x65\x00\x46\x69\x6c\x65\
\x20\x45\x72\x72\x6f\x72\x3a\x20\x00\x46\x6c\x6f\x61\x74\x00\x46\
\x6f\x72\x6d\x2d\x44\x65\x73\x69\x67\x6e\x65\x72\x00\x46\x6f\x72\
\x6d\x73\x00\x47\x65\x72\x6d\x61\x6e\x00\x49\x6e\x74\x65\x67\x65\
\x72\x00\x49\x6e\x74\x65\x72\x6e\x61\x6c\x20\x45\x72\x72\x6f\x72\
\x20\x28\x50\x79\x74\x68\x6f\x6e\x20\x4e\x61\x6d\x65\x45\x72\x72\
\x6f\x72\x29\x00\x49\x6e\x74\x65\x72\x6e\x61\x6c\x20\x45\x72\x72\
\x6f\x72\x3a\x20\x00\x4c\x4f\x47\x20\x66\x69\x6c\x65\x20\x63\x6f\
\x75\x6c\x64\x20\x6e\x6f\x74\x20\x72\x65\x6d\x6f\x76\x65\x00\x4c\
\x4f\x47\x20\x66\x69\x6c\x65\x20\x68\x61\x76\x65\x20\x62\x65\x65\
\x6e\x20\x72\x65\x6d\x6f\x76\x65\x64\x00\x4c\x61\x62\x65\x6c\x73\
\x00\x4c\x61\x6e\x67\x75\x61\x67\x65\x00\x4c\x6f\x67\x69\x63\x61\
\x6c\x00\x4d\x65\x6e\x75\x65\x00\x4e\x65\x77\x20\x50\x72\x6f\x6a\
\x65\x63\x74\x00\x4e\x75\x6d\x65\x72\x69\x63\x00\x4f\x4b\x00\x4f\
\x6e\x65\x2d\x43\x6c\x69\x63\x6b\x20\x41\x70\x70\x6c\x69\x63\x61\
\x74\x69\x6f\x6e\x00\x4f\x70\x65\x6e\x00\x4f\x70\x65\x6e\x20\x46\
\x69\x6c\x65\x2e\x2e\x2e\x00\x4f\x70\x65\x6e\x20\x50\x72\x6f\x6a\
\x65\x63\x74\x00\x50\x6c\x65\x61\x73\x65\x20\x65\x6e\x74\x65\x72\
\x20\x74\x65\x78\x74\x00\x50\x72\x69\x6e\x74\x00\x50\x72\x69\x6e\
\x74\x20\x50\x72\x65\x76\x69\x65\x77\x00\x50\x72\x6f\x67\x72\x61\
\x6d\x73\x00\x50\x72\x6f\x70\x65\x72\x74\x69\x65\x73\x00\x51\x75\
\x65\x72\x69\x65\x73\x00\x52\x65\x67\x69\x65\x63\x65\x6e\x74\x65\
\x72\x00\x52\x65\x6d\x6f\x76\x65\x00\x52\x65\x6e\x61\x6d\x65\x00\
\x52\x65\x70\x6f\x72\x74\x73\x00\x52\x75\x6e\x20\x2d\x20\x46\x32\
\x00\x52\x75\x6e\x74\x69\x6d\x65\x20\x45\x72\x72\x6f\x72\x00\x52\
\x75\x6e\x74\x69\x6d\x65\x20\x45\x72\x72\x6f\x72\x3a\x20\x00\x53\
\x61\x76\x65\x00\x53\x74\x72\x75\x63\x74\x75\x72\x65\x00\x53\x79\
\x6e\x74\x61\x78\x20\x45\x72\x72\x6f\x72\x3a\x20\x00\x54\x61\x62\
\x6c\x65\x73\x00\x54\x68\x65\x20\x61\x6c\x69\x61\x73\x00\x54\x69\
\x6d\x65\x00\x56\x69\x65\x77\x00\x57\x6f\x75\x6c\x64\x20\x79\x6f\
\x75\x20\x72\x65\x61\x6c\x79\x20\x63\x6c\x6f\x73\x65\x20\x74\x68\
\x65\x20\x41\x70\x70\x6c\x69\x63\x61\x74\x69\x6f\x6e\x3f\x00\x61\
\x6c\x69\x61\x73\x20\x61\x6c\x72\x65\x61\x64\x79\x20\x65\x78\x69\
\x73\x74\x73\x00\x61\x6c\x6c\x46\x69\x6c\x65\x73\x00\x61\x6c\x72\
\x65\x61\x64\x79\x20\x65\x78\x69\x73\x74\x73\x00\x61\x6c\x72\x65\
\x61\x64\x79\x20\x65\x78\x69\x73\x74\x73\x2e\x00\x61\x72\x65\x20\
\x79\x6f\x75\x20\x73\x75\x72\x65\x2c\x20\x74\x6f\x20\x64\x65\x6c\
\x65\x74\x65\x3f\x00\x63\x6f\x75\x6c\x64\x20\x6e\x6f\x74\x20\x6f\
\x70\x65\x6e\x20\x66\x69\x6c\x65\x00\x64\x42\x61\x73\x65\x53\x6f\
\x75\x72\x63\x65\x63\x6f\x64\x65\x46\x69\x6c\x65\x73\x00\x64\x65\
\x6c\x65\x74\x65\x20\x4c\x4f\x47\x20\x66\x69\x6c\x65\x3f\x00\x66\
\x69\x6c\x65\x20\x69\x73\x20\x69\x6e\x20\x75\x73\x65\x00\x66\x69\
\x6c\x65\x20\x6e\x6f\x74\x20\x66\x6f\x75\x6e\x64\x00\x72\x65\x6d\
\x6f\x76\x65\x20\x4c\x4f\x47\x20\x66\x69\x6c\x65\x3f\x00\x72\x65\
\x6d\x6f\x76\x65\x20\x66\x69\x6c\x65\x20\x64\x69\x65\x6e\x65\x64\
\x2e\x00\x72\x65\x6d\x76\x6f\x65\x64\x00\x79\x6f\x75\x20\x68\x61\
\x76\x65\x20\x74\x6f\x20\x72\x65\x6d\x6f\x76\x65\x20\x69\x74\x20\
\x79\x6f\x75\x72\x20\x73\x65\x6c\x66\x00\x50\x72\x6f\x6a\x65\x63\
\x74\x2d\x49\x64\x2d\x56\x65\x72\x73\x69\x6f\x6e\x3a\x20\x61\x70\
\x70\x20\x31\x2e\x30\x0a\x52\x65\x70\x6f\x72\x74\x2d\x4d\x73\x67\
\x69\x64\x2d\x42\x75\x67\x73\x2d\x54\x6f\x3a\x20\x70\x61\x75\x6c\
\x65\x33\x32\x2e\x6a\x6b\x40\x67\x6d\x61\x69\x6c\x2e\x63\x6f\x6d\
\x0a\x50\x4f\x54\x2d\x43\x72\x65\x61\x74\x69\x6f\x6e\x2d\x44\x61\
\x74\x65\x3a\x20\x32\x30\x32\x36\x2d\x30\x32\x2d\x32\x34\x20\x30\
\x30\x3a\x30\x30\x2b\x30\x31\x30\x30\x0a\x50\x4f\x2d\x52\x65\x76\
\x69\x73\x69\x6f\x6e\x2d\x44\x61\x74\x65\x3a\x20\x32\x30\x32\x36\
\x2d\x30\x32\x2d\x32\x34\x20\x30\x30\x3a\x30\x30\x2b\x30\x31\x30\
\x30\x0a\x4c\x61\x73\x74\x2d\x54\x72\x61\x6e\x73\x6c\x61\x74\x6f\
\x72\x3a\x20\x70\x61\x75\x6c\x65\x33\x32\x0a\x4c\x61\x6e\x67\x75\
\x61\x67\x65\x2d\x54\x65\x61\x6d\x3a\x20\x70\x61\x75\x6c\x65\x33\
\x32\x0a\x4c\x61\x6e\x67\x75\x61\x67\x65\x3a\x20\x64\x65\x0a\x4d\
\x49\x4d\x45\x2d\x56\x65\x72\x73\x69\x6f\x6e\x3a\x20\x31\x2e\x30\
\x0a\x43\x6f\x6e\x74\x65\x6e\x74\x2d\x54\x79\x70\x65\x3a\x20\x74\
\x65\x78\x74\x2f\x70\x6c\x61\x69\x6e\x3b\x20\x63\x68\x61\x72\x73\
\x65\x74\x3d\x55\x54\x46\x2d\x38\x0a\x43\x6f\x6e\x74\x65\x6e\x74\
\x2d\x54\x72\x61\x6e\x73\x66\x65\x72\x2d\x45\x6e\x63\x6f\x64\x69\
\x6e\x67\x3a\x20\x38\x62\x69\x74\x0a\x50\x6c\x75\x72\x61\x6c\x2d\
\x46\x6f\x72\x6d\x73\x3a\x20\x6e\x70\x6c\x75\x72\x61\x6c\x73\x3d\
\x32\x3b\x20\x70\x6c\x75\x72\x61\x6c\x3d\x28\x6e\x20\x21\x3d\x20\
\x31\x29\x3b\x0a\x00\x5a\x75\x67\x72\x69\x66\x66\x2d\x46\x65\x68\
\x6c\x65\x72\x3a\x20\x00\x41\x74\x74\x72\x69\x62\x75\x74\x65\x2d\
\x46\x65\x68\x6c\x65\x72\x3a\x20\x00\x41\x62\x62\x72\x65\x63\x68\
\x65\x6e\x00\x5a\x65\x69\x63\x68\x65\x6e\x00\x50\x66\x61\x64\x20\
\x61\x75\x73\x77\xc3\xa4\x68\x6c\x65\x6e\x00\x53\x63\x68\x6c\x69\
\x65\xc3\x9f\x65\x6e\x00\x41\x6e\x77\x65\x6e\x64\x75\x6e\x67\x20\
\x73\x63\x68\x6c\x69\x65\xc3\x9f\x65\x6e\x00\x4b\x6f\x6d\x6d\x65\
\x6e\x74\x61\x72\x2d\x46\x65\x68\x6c\x65\x72\x3a\x20\x00\x41\x6c\
\x6c\x67\x65\x6d\x65\x69\x6e\x65\x72\x20\x46\x65\x68\x6c\x65\x72\
\x3a\x20\x00\x43\x6f\x6d\x70\x69\x6c\x69\x65\x72\x65\x6e\x00\x4b\
\x6f\x70\x69\x65\x72\x65\x6e\x00\x44\x61\x74\x65\x6e\x62\x61\x6e\
\x6b\x2d\x56\x65\x72\x77\x61\x6c\x74\x75\x6e\x67\x00\x44\x41\x54\
\x55\x4d\x00\x44\x41\x54\x55\x4d\x5a\x45\x49\x54\x00\x4c\xc3\xb6\
\x73\x63\x68\x65\x6e\x00\x42\x65\x61\x72\x62\x65\x69\x74\x65\x6e\
\x00\x45\x6e\x67\x6c\x69\x73\x63\x68\x00\x45\x72\x72\x6f\x72\x00\
\x46\x65\x68\x6c\x65\x72\x3a\x20\x00\x42\x65\x65\x6e\x64\x65\x6e\
\x00\x44\x61\x74\x65\x69\x00\x44\x61\x74\x65\x69\x2d\x46\x65\x68\
\x6c\x65\x72\x3a\x20\x00\x44\x4f\x55\x42\x4c\x45\x00\x46\x6f\x72\
\x6d\x75\x6c\x61\x72\x2d\x44\x65\x73\x69\x67\x6e\x65\x72\x00\x46\
\x6f\x72\x6d\x75\x6c\x61\x72\x65\x00\x44\x65\x75\x74\x73\x63\x68\
\x00\x4e\x75\x6d\x65\x72\x69\x73\x63\x68\x00\x49\x6e\x74\x65\x72\
\x6e\x65\x72\x20\x46\x65\x68\x6c\x65\x72\x20\x28\x50\x79\x68\x74\
\x6f\x6e\x20\x4e\x61\x6d\x65\x45\x72\x72\x6f\x72\x29\x00\x49\x6e\
\x74\x65\x72\x6e\x65\x72\x2d\x46\x65\x68\x6c\x65\x72\x3a\x20\x00\
\x44\x69\x65\x20\x4c\x4f\x47\x2d\x44\x61\x74\x65\x69\x20\x6b\x6f\
\x6e\x6e\x74\x65\x20\x6e\x69\x63\x68\x74\x20\x67\x65\x6c\xc3\xb6\
\x73\x63\x68\x74\x20\x77\x65\x72\x64\x65\x6e\x00\x44\x69\x65\x20\
\x4c\x4f\x47\x2d\x44\x61\x74\x65\x69\x20\x77\x75\x72\x64\x65\x20\
\x67\x65\x6c\xc3\xb6\x73\x63\x68\x74\x2e\x00\x45\x74\x74\x69\x6b\
\x65\x74\x74\x65\x6e\x00\x53\x70\x72\x61\x63\x68\x65\x00\x4c\x6f\
\x67\x69\x73\x63\x68\x00\x4d\x65\x6e\xc3\xbc\x73\x00\x4e\x65\x75\
\x65\x73\x20\x50\x72\x6f\x6a\x65\x6b\x74\x00\x44\x45\x5a\x49\x4d\
\x41\x4c\x00\x4f\x4b\x00\x45\x69\x6e\x2d\x6b\x6c\x69\x63\x6b\x20\
\x41\x6e\x77\x65\x6e\x64\x75\x6e\x67\x00\xc3\x96\x66\x66\x6e\x65\
\x6e\x00\x44\x61\x74\x65\x69\x20\xc3\xb6\x66\x66\x6e\x65\x6e\x00\
\x50\x72\x6f\x6a\x65\x63\x74\x20\xc3\xb6\x66\x66\x6e\x65\x6e\x00\
\x42\x69\x74\x74\x65\x20\x65\x72\x73\x74\x20\x54\x65\x78\x74\x20\
\x65\x69\x6e\x67\x65\x62\x65\x6e\x2e\x00\x44\x72\x75\x63\x6b\x65\
\x6e\x00\x44\x75\x72\x63\x6b\x76\x6f\x72\x73\x63\x68\x61\x75\x00\
\x50\x72\x6f\x67\x72\x61\x6d\x6d\x65\x00\x45\x69\x67\x65\x6e\x73\
\x63\x68\x61\x66\x74\x65\x6e\x00\x41\x62\x66\x72\x61\x67\x65\x6e\
\x00\x52\x65\x67\x69\x65\x7a\x65\x6e\x74\x72\x75\x6d\x00\x45\x6e\
\x74\x66\x65\x72\x6e\x65\x6e\x00\x55\x6d\x62\x65\x6e\x65\x6e\x6e\
\x65\x6e\x00\x42\x65\x72\x69\x63\x68\x74\x65\x00\x41\x75\x73\x66\
\xc3\xbc\x68\x72\x65\x6e\x20\x2d\x20\x46\x32\x00\x4c\x61\x75\x66\
\x7a\x65\x69\x74\x66\x65\x68\x6c\x65\x72\x00\x4c\x61\x75\x66\x7a\
\x65\x69\x74\x2d\x46\x65\x68\x6c\x65\x72\x3a\x20\x00\x53\x70\x65\
\x69\x63\x68\x65\x72\x6e\x00\x53\x74\x72\x75\x6b\x74\x75\x72\x00\
\x53\x79\x6e\x74\x61\x78\x2d\x46\x65\x68\x6c\x65\x72\x3a\x20\x00\
\x54\x61\x62\x65\x6c\x6c\x65\x6e\x00\x44\x65\x72\x20\x41\x6c\x69\
\x61\x73\x00\x5a\x45\x49\x54\x00\x41\x6e\x73\x69\x63\x68\x74\x00\
\x57\x6f\x6c\x6c\x65\x6e\x20\x53\x69\x65\x20\x64\x69\x65\x20\x41\
\x6e\x77\x65\x6e\x64\x75\x6e\x67\x20\x77\x69\x72\x6b\x6c\x69\x63\
\x68\x20\x62\x65\x65\x6e\x64\x65\x6e\x20\x3f\x00\x41\x6c\x69\x61\
\x73\x20\x65\x78\x69\x73\x74\x69\x65\x72\x74\x20\x62\x65\x72\x65\
\x69\x74\x73\x00\x41\x6c\x6c\x65\x20\x44\x61\x74\x65\x69\x65\x6e\
\x20\x28\x2a\x2e\x2a\x29\x00\x65\x78\x69\x73\x74\x69\x65\x72\x74\
\x20\x73\x63\x68\x6f\x6e\x00\x65\x78\x69\x73\x74\x69\x65\x72\x74\
\x20\x62\x65\x72\x65\x69\x74\x73\x2e\x00\x77\x69\x72\x6b\x6c\x69\
\x63\x68\x20\x65\x6e\x74\x66\x65\x72\x6e\x65\x6e\x3f\x00\x4b\x6f\
\x6e\x6e\x74\x65\x20\x44\x61\x74\x65\x69\x20\x6e\x69\x63\x68\x74\
\x20\xc3\xb6\x66\x66\x6e\x65\x6e\x00\x64\x42\x61\x73\x65\x20\x51\
\x75\x65\x6c\x6c\x63\x6f\x64\x65\x20\x28\x2a\x2e\x70\x72\x67\x29\
\x00\x4c\x4f\x47\x2d\x44\x61\x74\x65\x69\x20\x6c\xc3\xb6\x73\x63\
\x68\x65\x6e\x3f\x00\x44\x61\x74\x65\x69\x20\x69\x73\x74\x20\x69\
\x6e\x20\x62\x65\x6e\x75\x74\x7a\x75\x6e\x67\x00\x44\x61\x74\x65\
\x69\x20\x6e\x69\x63\x68\x74\x20\x67\x65\x66\x75\x6e\x64\x65\x6e\
\x00\x53\x6f\x6c\x6c\x20\x64\x69\x65\x20\x4c\x4f\x47\x2d\x44\x61\
\x74\x65\x69\x20\x77\x69\x72\x6b\x6c\x69\x63\x68\x20\x67\x65\x6c\
\xc3\xb6\x73\x63\x68\x74\x20\x77\x65\x72\x64\x65\x6e\x3f\x00\x4c\
\xc3\xb6\x73\x63\x68\x65\x6e\x20\x66\x65\x68\x6c\x67\x65\x73\x63\
\x68\x6c\x61\x67\x65\x6e\x00\x47\x65\x6c\xc3\xb6\x73\x63\x68\x74\
\x00\x53\x69\x65\x20\x6d\xc3\xbc\x73\x73\x65\x6e\x20\x64\x69\x65\
\x20\x44\x61\x74\x65\x69\x20\x73\x65\x6c\x62\x73\x74\x20\x6c\xc3\
\xb6\x73\x63\x68\x65\x6e\x00\
\x00\x00\x8d\x76\
\x00\
\x01\xe7\xa8\x78\x9c\xe4\xbd\x0b\x78\x24\xd7\x59\x20\xda\x0a\xb0\
\x10\x11\x5e\xe1\x02\x79\x3a\xe5\xb1\xc7\x23\xcd\xb4\x5a\xf3\xb2\
\x3d\x96\x67\x6c\xb7\xa4\xd6\xa8\x6d\x49\x2d\x77\xb7\xe6\xe1\x0c\
\x69\xaa\xbb\x4b\xea\xb2\xba\xab\xda\x55\xd5\xd2\x68\x12\x27\xc0\
\xf2\xb8\x1b\x72\x79\x93\x5d\xde\x90\xeb\xe5\x12\x36\x64\x97\x84\
\x04\x12\x1c\x58\x98\x25\x3c\xb2\xb9\x0b\xc9\x12\x96\x2c\x2c\x90\
\x5d\x02\x2c\x8f\xf0\xca\x85\x65\x03\xdf\xfd\x5f\xe7\xd4\xa9\xea\
\x6a\xa9\xc7\x33\x19\xe7\xde\xf5\x97\xcc\x51\x55\x9f\x3a\x8f\xff\
\xfc\xe7\x3f\xff\xff\x9f\xff\xf1\x5f\x5e\xfc\xd9\xdf\x95\x83\xff\
\xbe\x7e\x22\x97\x7b\x05\x94\x8b\x2f\xca\xd1\x7f\xdd\x97\xc4\x25\
\xbe\xef\x41\x39\x03\xe5\x1b\xa1\xfc\xdf\xa0\xfc\x69\x28\xb1\xca\
\x07\xe1\x9f\x45\x28\x3f\x0e\xe5\x17\x43\x79\xec\xa5\xb9\xdc\xe7\
\x42\x79\x16\xca\x2f\xc5\xf6\xa0\x7c\x31\x94\x97\xe4\x79\x1b\xca\
\x2f\x83\xf2\x0d\x2f\xe5\xfa\xdf\x05\xe5\xe7\x40\xf9\x23\x50\x7e\
\x1e\x94\x6f\x83\x12\x87\xf0\x2e\xa9\xff\x0b\x50\x4e\x42\xf9\x11\
\x28\xbf\x04\xca\xdf\x97\xf7\x7f\x2d\xdf\x7f\xee\xcb\xb8\xfd\x97\
\xbc\x4c\xfa\x7f\x19\xb7\x73\x56\xde\x97\xa0\xfc\x42\xec\xff\x65\
\xfc\xdd\x16\x94\x5f\x0e\xe5\x6b\xe5\xf9\xdb\xa1\xfc\x02\xec\x5f\
\xca\x9f\x84\xf2\x8b\xb0\x5f\xf9\xee\x43\x2f\xe3\xf9\xfe\x3e\x94\
\x9f\x0f\xe5\xff\x23\xfd\xbc\xe0\xe5\xb9\xdc\x79\x28\xbf\x14\xca\
\x7f\x02\xe5\xab\xa1\x9c\x85\xb2\xf9\x72\xfe\xfe\xdb\xa1\x3c\x0b\
\xe5\x5b\x5e\xce\xf3\xf9\xdd\x97\xf3\xf8\xff\x14\xca\x57\x41\xf9\
\x8f\x2f\xe7\x71\xdc\x01\xc0\x7d\x21\x94\xf7\x42\xe9\x41\xf9\xf0\
\x2b\x78\x1c\x6f\x7f\x05\xf7\xfb\xec\x2b\xb8\xbf\x5f\x7f\x05\xb7\
\xfb\xb1\x57\xf0\xb8\xfe\xea\x15\x3c\xfe\x89\x57\x32\x3c\xbf\xec\
\x95\xdc\xfe\xb1\x57\xf2\x77\xe7\x5e\xc9\xe3\xad\xca\xef\xaf\x79\
\x25\xc3\x25\x92\xdf\x9f\x86\xb2\x84\xe3\x84\xb2\x08\xe5\x7f\x82\
\xb2\x0a\xe5\xcb\xee\xe0\x75\xed\xdd\xc1\xe3\xfb\x86\x3b\xb8\x9d\
\xef\xbf\x83\xbf\x7b\xeb\x1d\x3c\xbe\x9f\x95\xf2\xdf\xdf\xc1\xe3\
\xf9\xe8\x1d\x3c\xce\x3f\x96\x7a\x7f\x7f\x07\xcf\xfb\x8b\x5e\xc5\
\xef\x5f\xf1\x2a\x1e\xdf\xcc\xab\x18\x3f\x1e\x96\xf7\xe7\x5f\xc5\
\xf3\xba\x24\xcf\x1d\xa9\xb7\x27\xef\xbf\xe9\x55\xbc\x8e\xdf\x2b\
\xe5\xdb\x5f\xc5\xe3\xf9\xf9\x57\x71\x3f\x1f\x7c\x15\xcf\xef\x63\
\x52\xfe\x9d\x7c\xf7\x85\x16\x97\x77\x58\x5c\xaf\x60\xf1\x38\x17\
\xa4\xac\x5a\x5c\xdf\xb6\x18\x8e\xbb\x16\xe3\xe1\x37\x41\xf9\x20\
\x94\xdf\x66\xf1\xf8\x3f\x08\xe5\x39\x9c\x1f\x94\x8f\x20\x9e\xdd\
\xc9\xeb\x7d\xf9\x4e\x5e\xc7\xaf\xba\x93\xe1\xf0\xd5\x77\x72\x3b\
\xdf\x7c\x27\xf7\xfb\x16\x79\x7e\xc7\x9d\x0c\xc7\xf7\xdf\xc9\xe3\
\xf8\x9d\x3b\x79\x9e\x7f\x75\x27\xcf\xf3\xb3\x0e\xc9\xfa\x1d\xe2\
\xef\x8e\x1d\xe2\x7e\x1f\x3c\xc4\xed\x2f\x43\xf9\xd9\x08\x97\x43\
\xfc\x5d\x4f\x7e\x7f\x3d\x94\x5f\x81\xe3\x95\xef\xfe\xcf\x43\xdc\
\xfe\x3b\x0f\xf1\x78\x7e\xf9\x10\xb7\xff\x91\x43\x3c\xdf\x3f\x92\
\xef\xfe\x56\xfa\xfb\xec\xbb\xf8\xf7\x97\x49\x99\x97\xf2\xa1\xbb\
\x78\xbc\xeb\x77\x71\xbd\xad\xbb\xf8\xbb\xa7\xef\xe2\xfe\xde\x28\
\xef\xdf\x22\xf5\x7f\xfa\x2e\x1e\xd7\xaf\xde\xc5\xeb\xf3\x9f\xa5\
\xfc\x73\xa9\x37\x71\x37\xd7\xfb\x8a\xbb\x79\x9c\xd3\x77\xf3\xfb\
\x07\xee\x66\xf8\x54\xa4\x6c\x49\xb9\x7b\x37\x7f\xff\x4d\x52\xef\
\x07\xee\xe6\xf6\x7f\x52\x9e\x7f\x51\xea\xfd\xe7\xbb\x19\x0f\x3e\
\x21\xcf\xff\x53\x9e\xbf\xe8\x30\x8f\xff\xe5\x87\xf9\xf9\xe4\x61\
\xfe\xfd\xa1\xc3\xdc\x7f\xf5\x30\xc3\xb3\x79\x98\xe1\xb5\x75\x98\
\xe1\xf5\xba\xc3\x4c\x67\xde\x78\x98\xc7\xfb\x5d\x87\x79\xde\xff\
\x97\xb4\xf7\x93\xd2\xde\x07\x0e\xf3\x38\x7e\x53\xca\x3f\x3b\xcc\
\xf0\xfd\xac\x7b\x18\x7f\x5e\x7c\x0f\x3f\xbf\xe4\x1e\xee\xf7\xc8\
\x3d\xb2\x9e\xf7\x70\x3f\xcb\x50\x9e\x84\xf2\x02\x94\x40\xc2\x72\
\xff\x0c\xca\x57\xe2\xfa\xdd\xc3\xf3\xfe\xf9\x7b\xb8\xff\xff\x28\
\xed\x7c\xfc\x1e\x1e\xf7\x27\xa5\xfc\x9c\x23\xfc\xfe\xcb\x8e\x70\
\xff\x77\x1f\xe1\xfa\x73\x47\x78\x9c\x2b\x47\xb8\xbf\x96\x94\xfd\
\x23\xdc\xee\xd3\x47\x78\x3c\xdf\x2a\xef\x9f\x39\xc2\xf3\xf9\x09\
\xf9\xfe\x7d\x47\x78\x7d\xff\x83\xb4\xf3\x87\x50\x02\x8a\xe6\xfe\
\x51\xbe\xb7\xa6\xb8\xde\xa9\x29\x1e\x47\x69\x8a\xd7\x65\x43\xca\
\xcd\x29\xae\xb7\x3b\xc5\xe3\x7b\xa3\xd4\xfb\x6e\x29\xdf\x3a\xc5\
\xe3\x7d\xcf\x14\xb7\xff\x1f\xa6\x98\xee\x7d\x1c\xca\x33\x50\xfe\
\xc5\x14\xaf\xcb\xf4\x34\xb7\x57\x98\xe6\xe7\x87\xa7\x19\x4e\x8b\
\xd3\x3c\xde\xd7\x4c\x33\x9c\x9f\x94\x7a\xfd\x69\x5e\xc7\xaf\x99\
\xe6\xf6\xdf\x2c\xcf\x6f\x93\xe7\x9f\x97\xe7\xdf\x94\xfa\x7f\x3a\
\xcd\xe3\xf9\x07\x28\x5f\x00\xe5\x17\x1c\xe5\x75\xf9\xe2\xa3\x3c\
\xff\x3b\x8e\x72\x3f\xf7\x1d\x65\x3a\x35\x7f\x94\xcf\xbf\x47\xe5\
\xf7\x2d\x28\x81\x74\xe7\xde\x20\xe5\xf7\x42\x09\xa4\x2e\xf7\x53\
\x47\x79\x9c\x1f\x39\xca\xf4\xf3\x2f\x8e\x32\x9d\x78\xe1\x31\xee\
\xf7\x8b\xa1\x84\xa3\x23\x77\xe7\x31\x6e\xe7\xec\x31\x86\x57\xfd\
\x18\xe3\xdd\xd6\x31\x86\x5b\x70\x8c\xc7\xf3\x35\xc7\x78\x9d\xbe\
\x45\xca\xef\x93\xf2\xad\x52\xef\xdd\xd2\xee\x2f\x1e\xe3\xf9\x7d\
\xe4\x18\xd3\xf7\x3f\x39\xc6\xe3\xfe\x1b\xa9\xff\x29\x29\x5f\x98\
\xe7\xfa\x5f\x9e\x67\xb8\x1c\x81\xf2\x21\x28\xcf\xe5\xf9\xbb\xd7\
\xe5\xb9\xde\xd7\xcb\xef\xdf\x9e\xe7\x76\x7f\x34\xcf\xe3\x79\x9f\
\xbc\xff\x40\x9e\xc7\xfd\xfb\x52\xff\x6f\xf2\xbc\x1e\x13\x33\xbc\
\x5e\x9f\x3b\xc3\xeb\xfa\xa2\x19\x5e\xe7\x2f\x97\x72\x66\x46\xf8\
\x81\x19\xfe\xee\xd2\x0c\xb7\xe7\xc8\xef\xaf\x85\xf2\x08\xf6\x3b\
\xc3\xe3\x7c\xef\x0c\xc3\xf3\x03\xf2\xfb\x1f\x40\xf9\x59\x38\x9f\
\x19\x5e\x9f\x5c\x81\xd7\xf1\x45\x05\x6e\xef\x15\x05\xfe\x6e\xba\
\xc0\xed\xce\x15\xb8\xbf\xf5\x02\xd7\x6f\xcb\xef\xfd\x02\xc3\xfb\
\x6b\xa4\xde\x9b\xa4\x9d\xb7\x14\x78\x5e\xef\x90\xe7\x5f\x94\xf2\
\x37\xe4\xfb\x3f\x90\xf2\x2f\xe5\xfd\x3f\x48\xfd\x2f\x98\xe5\x76\
\xad\x59\x1e\xe7\x09\x79\x5e\x9e\xe5\x75\xba\x3c\xcb\xf5\x3b\xb3\
\xdc\xdf\xd5\x59\x39\x27\xa4\x7c\x8b\xfc\xfe\xee\x59\x6e\xff\xfd\
\xb3\x0c\xc7\x0f\xcd\xf2\x38\x7f\x73\x96\xe1\xff\x31\xf9\xfd\x2f\
\xa4\xfd\x4f\xc9\x77\x5f\x70\x9c\xcb\x57\x1e\x67\x3c\x9d\x39\xce\
\xbf\x3f\x7a\x9c\xeb\xbf\x1a\xca\xfb\x11\xbf\x8e\x33\x3c\x7f\xf0\
\x38\xe3\xdf\x7b\xa0\x84\xa3\x20\xf7\xeb\xc7\x19\xee\x7f\x73\x9c\
\xf1\xf6\x15\x27\x84\x1f\x39\xc1\x78\xf1\xf0\x09\x99\xcf\x09\x9e\
\xef\xe5\x13\x7c\x0e\x76\x4f\x30\xfe\xff\x38\x94\x16\x94\xbf\x72\
\x82\xe7\xf7\xdf\x4f\xf0\xf9\x89\x44\x0e\xf9\xc5\xb3\x50\x3e\x8a\
\xfb\x15\xca\x07\xa0\x7c\xd7\x49\x9e\xf7\x27\x4e\xf2\xb8\x3f\xeb\
\x14\xaf\xdf\x97\x9e\x12\x3a\x73\x8a\xfb\x3d\x75\x8a\xc7\x71\xf6\
\x14\xc3\x61\xe9\x14\xe3\xe3\xe3\xa7\x18\xae\x9b\xf2\x3c\x90\x7a\
\x6f\x84\xf2\x3e\x28\xbf\x13\xca\x25\xc4\x1b\x28\x61\x28\xb9\x17\
\x9f\x66\x3e\x6d\xf1\x34\xd3\xdd\x37\x9d\xe6\xf7\x3f\x77\x9a\xe7\
\xfd\x97\x50\x02\x0a\xe7\x5e\x7a\x2f\x8f\x77\x09\xca\x32\x94\xd1\
\xbd\xbc\x7f\x7f\xf6\x5e\xde\xb7\xbf\x78\x2f\xd3\xc3\xdf\xbb\x97\
\xfb\x7b\xc1\x7d\x0c\xdf\x17\xdd\xc7\xeb\xfe\x92\xfb\x78\x1e\xb3\
\xf7\xf1\xbc\xce\xde\xc7\xe3\x59\xb9\x8f\xdb\xfb\xa7\xf7\x09\xbf\
\x02\xe5\xdd\xb8\x9e\xf7\xf1\xf9\xfe\xb9\xf7\x73\x79\x04\x4a\x20\
\xf1\xb9\xf3\xf7\x33\xbc\xbd\xfb\x19\x0e\x6f\xb8\x9f\xd7\xff\x7f\
\xbf\x9f\xfb\x7b\xf3\xfd\x4c\x87\xdf\x72\xbf\x9c\x4b\xf7\x73\xbb\
\x1f\x90\xe7\xdf\x93\xef\xff\xf6\x7e\x1e\xcf\xe7\x9d\xe1\xe7\x2f\
\x3b\xc3\x74\xe1\x9e\x33\x0c\xe7\xc2\x19\x9e\x5f\xf1\x0c\xc3\x77\
\xf9\x0c\xef\xaf\xda\x19\xa6\x67\x17\xa1\x84\xa3\x2d\xb7\x03\x25\
\x90\xb2\xdc\xf7\x49\xbd\x5f\x3a\xc3\x78\xf3\xa1\x33\xbc\xde\x9f\
\x84\x72\x0a\x64\x87\xcf\x7f\x80\xf1\xef\xf4\x1c\xf0\x30\xb8\x4e\
\x73\xfc\xfc\xf4\x1c\x8f\xeb\x7b\xa0\xbc\x02\xe5\x4f\x40\xf9\x20\
\x74\xf4\x85\x80\x24\xaf\x01\x44\x7f\x14\x88\x50\x0d\xbe\x7f\xeb\
\x3c\xac\x3d\x94\xff\xb0\x00\xb0\x85\xf2\x0e\x60\x4e\xbf\x1d\xca\
\x3b\x61\x31\x7f\x01\xca\x9f\x3c\xcf\x74\x66\xb7\xcc\xf8\xf3\x74\
\x99\xe1\xfc\x6d\x65\x9e\xff\x0f\x43\x79\x19\xea\xbd\x1b\xca\x7b\
\xa1\xfc\xe2\xc7\x00\x3f\x81\xc0\x2f\xad\x30\xde\x37\xd7\x78\x1d\
\x5f\x07\xe5\x87\xa1\xff\x7f\x0e\xe5\x1c\xd4\xdb\x06\xa6\xf7\x13\
\xf0\xfe\x47\x6a\x70\xa6\x41\xfd\x37\xd7\x81\x27\x81\xf7\xbf\x7d\
\x01\xe0\x05\xcf\xf9\x4b\x80\x33\x50\x9e\x7e\x02\x78\x60\x78\xff\
\xf3\x30\x89\x12\x94\x8d\xd7\xc0\x5e\x85\xef\xfe\x65\x23\x97\x5b\
\x85\xdf\xbb\x5f\x05\x6b\x07\xe5\x7b\x9b\x3c\xae\x17\x38\xbc\x9f\
\x5e\x0c\xe5\x32\x94\xc7\x1c\xc6\x9b\xc8\x61\x7c\x7c\xbd\xc3\xeb\
\xf2\x7e\x28\x1f\xc6\x7d\x2e\xcf\x5f\xb1\xc9\xeb\x36\xb5\xc9\xf2\
\xc4\xbd\x9b\xbc\x5f\x9d\x4d\x5e\xbf\xa7\xa1\xfc\x3a\x28\xbf\x1e\
\xca\x2d\xe8\x6f\x72\x0b\xde\xc1\x78\x02\x17\x68\x1a\x94\x7f\xf1\
\x24\x97\x41\x17\x68\x1f\x94\x7f\xd3\xe3\xdf\x4b\x3e\xe0\x3a\x7c\
\x77\xbd\x0f\xbc\x35\x7c\xf7\xae\xa7\x78\x9d\x67\x23\xee\x6f\x2d\
\xe2\x71\xbf\x3a\xe2\x71\x6e\x47\x0c\xb7\x01\x94\x00\xc2\xdc\xb7\
\x40\xb9\x0a\xe5\x6f\x43\x09\x43\xcd\x1d\x1d\xf0\xfa\x7e\xeb\x80\
\xf9\x97\x1f\x1f\x08\x7f\x34\x90\xf3\x76\xc0\x78\xfb\xa7\x03\xc6\
\xb7\xbf\x87\xf2\x1b\x61\x1c\x5f\xb0\xc3\xe3\xf8\xae\x5d\x80\x15\
\x3c\x7f\xe3\x55\x38\x4b\xe0\x79\xfe\x1a\xec\x19\x78\xbe\xfb\xb5\
\x8c\x4f\xf6\xeb\x00\xf7\xa0\x7c\xe3\xd3\xc0\x0b\x42\x39\xf1\x06\
\xd8\x43\x50\xfe\x1f\x5f\x0d\x78\x0b\xe5\x97\x7c\x2d\xd0\x64\xc0\
\x9f\x97\xfc\x53\x58\x73\x98\xcf\x3f\x7e\x23\x9c\xc5\xf0\xfe\x5d\
\x6f\x84\xb5\x81\xf5\x7d\xfc\x4d\x20\x23\xc2\xf3\x4f\x7c\x0b\xac\
\x35\x94\xff\xf2\xdb\x80\x57\x87\xf2\xdc\x77\x30\x9e\xfc\xc0\x77\
\xc2\x5c\xa0\xdf\xbf\x03\xe9\xf7\xd7\xa0\xfc\x8d\x37\x83\xec\x82\
\x78\xf0\xcf\x41\xa6\xc1\x79\xfd\x0b\x80\x33\xb4\xfb\x95\xdf\x0d\
\xf4\x0e\xca\x8f\x7d\x2f\xcc\x19\xbe\xbb\xeb\x07\x78\xdf\xac\xfd\
\x20\xcb\x4f\x1b\x3f\xc8\xfb\xe0\x7b\xa1\x7c\x1c\xf1\x1b\xca\x06\
\xd2\xb5\x1f\xe2\xf5\x6a\xfd\x10\xc3\x67\x1b\xca\x8f\xc0\xb8\xfe\
\x19\x94\x8f\x41\x7b\x5f\xf5\x4c\x2e\xf7\xaf\xa1\x7c\xdb\x8f\x00\
\x5c\xa1\xdd\x2b\x6f\xe5\xf1\xff\xd8\x8f\xc1\x5c\xa1\x5c\x7a\x1b\
\xf0\x48\x50\x2e\xff\x38\xac\x0b\x94\x2f\xf9\xd7\xb9\xdc\x7f\x85\
\x72\xea\xdf\x00\x5d\x81\xf2\x45\xef\x60\xbc\x5b\x78\x27\xef\xb7\
\x6f\x7b\x17\xef\x8f\xf7\x41\xf9\x3f\x70\x9d\xa1\x3c\x02\xf5\xde\
\xf7\x6e\x18\x1f\x94\x7f\xf0\x53\x20\xbb\x42\xfd\xff\xf9\xd3\x0c\
\xaf\xbf\xfa\x19\xd8\x73\x50\xef\xad\x3f\x0b\x78\x04\x70\xac\xfd\
\x1c\x8c\x05\x9e\x7f\xe6\x7a\x2e\xf7\x43\x50\xbf\xf3\xef\x60\x9c\
\x50\xbe\x10\x90\xfc\x1f\x70\x9e\xbf\xc4\x65\xed\x97\x73\xb9\xe3\
\x50\xff\xf1\x5f\x01\x18\xc0\xef\x5f\xfb\x41\xc6\x93\x5f\xff\xbf\
\x79\x9d\xfe\x04\xca\x3c\x94\xbb\x00\xd4\x17\x42\xf9\xcc\xaf\xf3\
\x3e\x7b\xfb\x87\x60\xdf\x42\xf9\xc7\x1f\x86\x39\xe2\x3e\xff\x8f\
\xac\x73\xf8\xd1\x8f\xe4\x72\xd7\xa0\x2c\xfc\x27\xc0\x45\xa4\x03\
\xbf\x05\x63\x87\xf1\xfd\xd6\x47\x19\x4e\xdf\xff\x3b\x80\xc7\x50\
\xfe\xf1\xef\xc2\x3e\x84\xdf\xe7\x3e\x06\x3c\x23\x94\xbf\xf4\x5f\
\xe1\x8c\x80\xf7\x6f\xff\x03\xde\x8f\x1f\xfb\x43\x80\x15\x3c\x4f\
\xc1\x22\xbe\x14\xc6\xf7\xd4\x9f\xf0\xfc\xbf\x09\x36\xf7\x4b\xe0\
\xfd\x3b\xff\x02\xf6\x12\x94\xff\xfe\xaf\x60\x4f\xc0\x3a\xbc\xe0\
\x93\xb0\x57\xe0\xf9\x6f\xff\x0e\xf8\x20\xa8\xf7\x47\xff\x13\x70\
\x17\xca\x23\x30\xc9\xd7\xc1\xfb\xbf\xfe\x47\x86\x67\x1f\x17\xe3\
\x05\x88\x8b\x13\xb9\x8f\xe0\xbc\x3e\x6b\x22\xf7\x71\x5c\xff\xcf\
\x99\xc8\xfd\x1a\x3c\xdf\x0b\xc8\xf8\x67\xf0\xfc\x4f\x3e\x6f\x22\
\xf7\xaf\x70\xbf\x41\xf9\x01\x78\xfe\xa1\xc9\x89\xdc\x2e\x3c\x77\
\x3f\x7f\x22\x37\x09\xdf\xff\xb7\x17\x4d\xd0\xba\x7e\xe2\x0b\x27\
\x08\x4e\x7f\x09\x8b\xfa\xdd\x50\x3e\xfd\x25\x13\xb9\xfb\xe1\xf7\
\xaf\x00\xe0\x7c\x3f\x8c\xbb\x02\x8b\xf5\x20\xbc\xff\xb3\x97\x4e\
\xe4\xe0\xa8\xc9\x4d\xbf\x7c\x82\xce\x87\x06\x94\x53\x78\x1e\x40\
\x89\xf4\xff\x47\xa1\xc4\xfd\xf3\x5e\x28\x03\x28\x07\xaf\x9c\xc8\
\x45\x30\xaf\x3f\xba\x63\x22\xb7\x01\xcf\x5f\x79\x68\x22\xf7\x15\
\x38\xef\xbb\x26\x08\x6e\x1f\x38\xcc\xe3\xb9\x04\x40\x59\x81\xf7\
\xbf\x06\x9b\xec\x07\xa0\x7c\xe5\xb1\x89\xdc\x27\xe1\xbb\x67\x67\
\x60\x1c\xf0\xfb\x3b\x4e\x4c\xe4\xfe\x1e\xca\xff\x7e\x72\x22\xb7\
\x80\x78\x73\x7a\x22\xf7\x8b\x50\x6f\x1a\x90\xee\xa5\x50\xef\x13\
\x67\x26\x88\xae\xbd\xf0\x2c\x97\x87\xa0\xc4\x73\xf4\xc1\xb3\x3c\
\xaf\x16\x94\x77\x42\xfd\x4f\x9c\x9b\xc8\xcd\x42\xfd\x2f\x79\x64\
\x22\xf7\x39\xf0\x5c\x84\xc6\x90\x9e\x9f\x87\xc5\x7a\x1d\xbc\xff\
\xe8\xd2\x44\xee\x53\xf0\xfe\xe2\xa3\x13\xb9\x73\x30\xef\xfa\x2a\
\x8f\xf7\xdb\x1f\x9f\xc8\x0d\xa0\xfc\x31\x38\x14\x4e\x40\x69\x5d\
\x98\x20\x7a\x54\xbd\x34\x91\x83\x23\x3d\x77\x05\x4a\x5c\x97\x6f\
\x85\x12\xd7\xef\xcd\x50\xe2\x7e\xfc\xc6\x57\x4f\x10\x3d\xfb\x66\
\x28\x91\x8e\xfd\x38\x94\x78\x7e\xbe\x0f\x4a\xa4\x37\xef\x87\xf2\
\xef\xa1\xfc\xe9\x2b\x13\x39\x17\xc6\xf1\xce\xaf\x9c\xc8\x85\x50\
\xbe\xb2\x31\x01\x6b\x0c\xfb\x07\x88\xc3\xdf\x20\xdd\x6e\x4e\xe4\
\x9e\x80\xe7\xbf\x85\xb2\x07\xe3\xac\xb6\x27\x48\x4e\xf8\xb7\x5b\
\xdc\xee\x75\x28\x91\xef\xf9\xf0\x16\xaf\xc3\x27\xa0\xc4\x73\x71\
\xa2\x33\x91\xbb\x0b\xf9\x81\x0e\xff\x7e\xbc\xc3\xeb\xb6\x22\x65\
\x17\x4a\x3c\x4f\xdf\x04\x25\xd2\x83\x77\x40\x89\xf4\xf3\xd7\xa0\
\x44\x3a\xf1\x67\xf2\xfc\x49\x29\x5f\x0c\x83\xc4\x7d\x35\x0b\xe5\
\x9f\xc3\x78\xca\x2e\x8f\xfb\xcc\xf6\x44\xee\xe7\xa0\x7c\x4b\x77\
\x82\xe8\x63\xd3\x63\x7c\xfc\x2d\x7f\x22\xf7\x14\x3c\xff\x5b\x98\
\xcc\x33\x50\x9e\x04\xa4\x00\x94\xc8\xfd\x26\x4c\xf2\x2a\x94\x9f\
\x8c\x26\x88\x4e\x79\x3b\xdc\xdf\xd7\x49\xf9\x26\x28\x91\x6e\x7f\
\xa7\x94\x3f\x04\x25\x9e\xd7\x6f\x93\xf2\x3a\x94\xc8\xbf\x7d\x14\
\x4a\x40\x95\xdc\x61\x40\xa2\x79\x28\x1f\x87\x46\x91\x4e\x7f\xe7\
\xde\x04\x9d\xdb\xef\x83\x4d\xbc\x08\xe5\x7f\x79\xed\x04\xd1\x9b\
\xbb\x9e\xe6\xe7\x07\x5e\x3f\x91\xfb\x11\x28\x5f\xff\x86\x09\xa2\
\x1f\x87\xbf\x86\xfb\xbd\xeb\x6b\x27\x72\x1f\xc4\x73\x11\x4a\x3c\
\x7f\xff\x07\x94\x0e\xd2\x07\x20\xf2\xb0\x25\x73\x95\xaf\xe7\xe7\
\xe5\x6f\x80\x75\x87\x75\x78\x3b\x1c\x1e\xf7\xe0\x3e\x7f\xe3\x04\
\xb2\xfe\xb9\x17\x02\x52\xe3\x79\x7e\x06\x4a\xe4\xa7\x6a\x6f\xe2\
\xf1\x5e\x7d\x13\xaf\xc7\xb7\x40\x89\xe7\xce\xf7\x40\x89\xf4\xe5\
\xc7\xa1\xfc\x62\x40\x9c\xa9\x6f\x9e\xc8\xfd\x09\x8e\xeb\x3b\x26\
\x72\x27\x71\x3e\xdf\x35\x91\xfb\x4e\x58\xe0\x4b\x6f\x86\x76\x70\
\xdf\xfd\x8b\x09\x3a\x17\x5e\xfc\x3d\xd0\x0e\xee\x57\x28\x4f\x41\
\xf9\xf7\x40\x9c\xf1\x7c\x28\x00\x13\x80\xf4\xf5\x25\x3f\x00\xf8\
\x06\xef\x5f\xfc\x83\x0c\x8f\x13\x40\x34\xcf\x43\x19\xfd\x30\xc0\
\x1d\xda\x7b\xf6\x2d\x13\x39\x18\x7a\xee\xa3\xb0\x18\x1f\xc5\xf3\
\x0c\x80\x00\x5b\x3a\x77\xf6\x47\x27\x72\x4d\xf8\xfd\xc2\x5b\x27\
\x88\x4f\x79\x0f\x10\x8d\x0e\xf6\xf3\xb6\x09\x3a\xaf\x2e\xbd\x1d\
\xf0\x04\x7e\x5f\xf9\x37\x30\x4f\x3c\xc7\xdf\x01\xe3\x81\xf2\x87\
\xdf\x39\x91\x5b\x83\xf7\xaf\x7f\xd7\x44\x0e\x86\x9a\xfb\xe0\x4f\
\xf1\xbe\x68\xbf\x87\xe7\xe9\xbd\x87\xf7\xe3\xd7\xbc\x87\xe1\xf0\
\x3d\x50\x22\x3f\xf1\x13\xf2\xfb\x2f\xc8\xfb\xdf\x78\x0f\xc3\xed\
\x4f\xe5\xf9\x73\xdf\xcb\xf5\xee\x80\x72\x0d\xf1\xed\xbd\x8c\x9f\
\xaf\x7f\x2f\xe3\xf1\xf7\xbd\x97\xe9\xce\x4f\x43\x09\x22\x73\xee\
\xf7\xe5\xf7\xcf\xff\x99\x09\x3a\xdf\xa7\xa5\xbc\xff\x67\x18\xbf\
\x4a\x3f\xc3\xed\xbe\x1a\x4a\xe4\x73\x02\x28\x51\x0f\xfa\x5e\x28\
\x51\xce\xff\x5b\xa9\x77\xfc\x59\x7e\x5e\x7a\x96\xd7\xf3\x0d\x50\
\x22\x7f\xf1\xf6\x67\xb9\xfe\xa7\xa0\x44\x3e\xef\x81\xf7\x71\xfb\
\xab\xef\xe3\xfd\xf7\xea\xf7\xf1\xfb\x6d\x28\xff\x11\xbf\x83\xb2\
\x81\xf8\xf5\xb3\x13\xb9\xd3\x88\x7f\xb0\x39\xe0\xcf\xdc\x97\xfe\
\xfc\x44\x0e\x48\x43\xee\x43\xc0\x3c\xbe\x01\xe0\x76\xec\xdf\x31\
\x3d\xf8\x57\xef\x9f\x20\x39\xe4\x27\xa1\x44\xbe\xec\xcf\xdf\xcf\
\x74\xe5\xfe\x5f\xe2\xf1\x6e\x43\x89\x72\xc2\x3b\xa5\xfc\x38\x94\
\xc8\x97\xbf\xf4\x97\x27\x72\x20\x22\xe5\x1e\x81\x12\xf9\xb2\xa7\
\xa0\x04\x96\x31\xf7\xc3\xbf\xcc\xf4\xe7\x93\x50\xa2\x7c\xf0\xa9\
\x5f\xe6\xfd\x7e\xc7\xaf\x4c\xe4\x7e\x15\xf0\xf6\x21\x28\x1f\x84\
\xfe\x5f\xf8\xc1\x89\x9c\x8f\x7c\x18\x1c\xea\xef\x42\x3e\xe5\xd7\
\x78\x1d\xb6\x3f\x04\x74\x16\xca\x6f\x80\x12\x58\xcc\xdc\xaf\x7e\
\x88\xe9\xc8\xe1\x0f\x73\x3f\x65\x28\x51\x3e\xd9\x83\x12\xcf\xf9\
\x1f\xf9\x30\xaf\xc3\x87\x3e\xcc\xf3\xfd\x14\x94\x78\x0e\x9f\xf8\
\x0d\x38\x87\xa0\xbf\xaf\x86\x43\x0a\xf9\x5e\x0f\x90\xee\x49\xe4\
\x9f\x7e\x9b\xeb\x7d\xf2\x77\x18\x5f\x8f\xfe\x2e\xc3\xab\xfc\x7b\
\x80\x87\x78\xde\xfe\xfe\x44\xee\xfd\xc8\x4f\x00\x73\xf1\x31\x28\
\x3f\xfc\xdf\x78\x7f\xbe\xfb\xe3\xbc\x8e\x3f\xfb\x71\xc6\xb3\xdf\
\xf8\x38\xc3\xff\x77\xa1\x44\x39\xe1\x13\x1f\x67\xfc\xf8\x6b\x28\
\x51\x1e\xf8\xa2\x3f\x64\x38\x9d\x84\x92\xe4\x5e\x28\x51\x6e\xe8\
\x40\x89\xfc\xe0\x77\xfc\x21\x32\x2f\x0b\x81\x63\x47\x4e\xdb\xda\
\x75\xa3\x8e\xf5\x78\x64\xed\x38\x41\xe8\xfa\x9e\x75\xf8\xc4\xf4\
\x7e\x3f\xe6\xad\x60\xe0\x79\xae\xb7\xc5\xbf\x1d\x3e\x39\x9d\x3b\
\x7a\xf4\xa8\xb5\x60\x7b\x2d\xa7\x0b\x5f\x34\xf7\xac\x41\xe8\x04\
\xf4\x72\xd1\xbf\xba\xb7\xe5\x78\x56\xc7\x0e\xad\x4d\xd7\x73\xc3\
\x8e\xd3\xce\x15\xad\xc8\xf7\xbb\xf0\x8f\xd5\xf2\xbd\x4d\x77\x6b\
\x10\x38\x96\xed\xb5\xb1\x59\xab\x2d\x1f\xc4\xdd\x59\xf0\xef\x9e\
\x3f\x08\xac\x10\xfe\x69\x39\xd0\x4c\xd7\x09\x0b\xb9\xe2\xfc\x7c\
\xb5\x74\xa1\x5c\xac\x97\x1a\xf3\xd5\x72\x69\x29\x57\x5c\x29\x17\
\x6b\xa5\x1a\x94\x2b\x95\x8b\x8d\x8d\xb5\xf2\x42\x65\xb1\xd4\x58\
\x2b\xae\xd2\xbb\xf5\xe5\xe2\x7c\xa9\x5e\x5e\x28\xae\x34\xca\x6b\
\x8b\xa5\x4b\xf0\xea\x62\xf1\x72\xad\xb1\x58\xaa\x17\xcb\x2b\xa5\
\xc5\x46\xad\xb4\x90\x2b\x6e\xd4\x2b\x2b\xe5\xb5\xc7\x1a\xe5\xf3\
\x6b\x95\x6a\xa9\x71\xb1\x52\x5d\xac\xc5\x6f\x6b\x1b\xeb\xeb\x95\
\x6a\x3d\x57\x6c\xfa\xc0\x88\x17\xdb\x6d\xcb\x8d\x9c\x5e\xae\xd8\
\xed\x5a\x25\x2f\x72\x23\xd7\x09\x73\xc5\x1d\xdb\xed\xda\xcd\xae\
\x63\xad\xd8\xde\xd6\xc0\xde\x82\x77\xf3\xe5\xb5\x62\xf5\x72\xa3\
\x5e\x59\xc8\xd1\x50\x1b\xab\xa5\xd5\xf9\x52\x15\xfa\xae\xc1\x9b\
\x8d\xf2\x4a\xbd\xbc\xd6\xa8\xd5\x57\x74\x07\xf3\x81\xbf\x1b\x3a\
\x08\x20\x9b\xa6\x9b\x7c\xe1\x77\xdb\x00\xdd\x05\x98\x2c\x0c\x7a\
\xad\xa6\xe6\xb8\xb0\xbc\xda\x58\x82\xa9\xd0\x1f\x34\xc7\x46\x69\
\x0d\x60\x50\x5e\x3b\x9f\x5b\x28\x23\x98\xca\xf3\x54\x01\xaa\xae\
\x14\xd7\xce\x37\x8a\x8b\x8b\x50\x6f\xa1\xb1\x5e\xac\x2f\xeb\x77\
\xb5\x5a\xb9\x56\x07\x70\xac\x17\xab\x35\xfa\x92\x5e\x2f\x16\xeb\
\xc5\x79\xec\x10\xeb\xca\xbb\xca\x7a\xbd\x5c\x59\x83\x0f\x2b\xab\
\xeb\xc5\x85\x7a\x63\x05\x96\xe2\x52\x6e\x61\x7d\xbd\xb1\xb0\x52\
\xd6\x53\x59\xa8\x96\x70\x89\x6a\x1b\xf3\x8b\xe5\x6a\x2d\xf5\xd8\
\x58\x29\x5d\x28\xad\xe4\x16\x6c\x80\xe0\x56\x60\xf7\x3b\x21\xfd\
\xcd\x38\xa4\x5f\x78\xf7\xd8\x7d\x3f\x7c\x30\x42\x04\x6a\x5b\x51\
\xc7\xd1\x48\xd2\xf2\x7b\x3d\x40\x9c\xbc\xd5\xb3\xb7\x1d\x2b\x44\
\x3c\x72\x23\xae\x1d\x5a\xae\xa0\xcd\xdd\x77\xf3\xa0\x09\x3d\xb1\
\xf0\xfc\xc8\xf2\xfb\xf0\x39\x82\x16\x11\x6c\xd3\x0f\xac\xdd\x00\
\xd6\xcf\xdb\x2a\x58\x6b\x7e\xd4\x41\xdc\x0e\xed\x1d\xa7\x7d\x67\
\x6e\xa1\x03\xcb\xe8\x40\x4f\x5d\x3f\x28\x14\x0a\xfc\x8c\xbf\xe3\
\x38\xba\xb2\xc4\x56\xe0\x3c\x35\x70\x03\x27\x84\xe5\x81\x7f\x23\
\x3b\x80\x1e\x36\xa9\x8a\xdd\xef\x77\xdd\x96\x1d\x01\x2e\xc3\xc7\
\x5d\x3b\x0c\xf5\xc4\xba\x8e\x1d\x40\xf5\x96\xe3\x45\x56\xd7\x0d\
\x23\x79\x43\x0d\xc3\x23\xb6\x20\xbf\x12\xca\x3f\x9c\x5b\xf0\xbb\
\x80\x5a\x7e\x40\xad\x59\x6d\xd7\x86\x96\x7a\xd0\x90\xef\xb5\x1d\
\x2f\x84\x8d\xb5\xa0\xb7\x93\x82\xd0\x20\x54\x63\xbd\xe8\x5e\xb3\
\x83\x36\xee\xb3\x59\x98\x6e\xe9\x6a\xdf\x81\x41\x46\x76\x33\x8f\
\xbf\x7a\x56\x08\x7b\xb9\xd5\x41\x0c\xc3\xca\x55\xd8\x89\xf0\x1b\
\x3e\x42\x2b\x0e\xf4\xe8\x08\xe0\x5b\x83\x1e\x8c\x88\x46\x90\x5b\
\x2c\xd7\x8a\xf3\x2b\x25\xd9\x50\xf0\x54\xaf\x96\xe7\x37\x60\x79\
\xcf\x57\x2b\x1b\xeb\x8d\x45\xc0\x77\xf8\x7f\xad\x54\x6f\xcc\x6f\
\xac\x2d\x62\xc5\x45\xf5\x62\xa9\x54\x5a\x44\xb4\x35\x9f\x37\xaa\
\x2b\xea\x71\x7d\x63\x7e\xa5\x5c\x5b\x86\x3d\x12\x7f\x12\xbf\x93\
\x0f\x2f\x5d\x46\x6c\x8e\x91\x7c\x11\xa8\x0f\x8c\x33\x84\xa2\x85\
\x94\x8b\x36\xe7\xa2\x13\xb6\x02\xb7\xcf\xe3\x85\xa5\x71\x3d\x05\
\x3d\x80\x6d\xe4\x07\x7b\xb9\x45\x05\x47\xf5\x87\x39\xeb\xdc\xa2\
\x8f\x58\x64\xed\xda\xb0\x0c\x48\xb0\x46\x2c\x51\x77\xcf\xea\xfa\
\x76\x1b\x7a\x55\x24\x8d\xbb\x91\x95\x4b\xb5\x12\x38\x3b\x08\x7d\
\x44\xfb\xd0\x89\x10\xef\x42\xab\x69\xb7\xb6\x05\xfc\x6e\x60\xf9\
\x81\x0b\x58\x66\x77\xad\x1d\xbb\x3b\xc8\x68\x01\xb1\x93\x86\xd1\
\x1a\x04\x01\xa2\x88\x6e\x07\x09\xe9\x20\xa4\x1f\x7b\x96\xe7\x5c\
\x85\xea\x6e\xcf\x21\x42\xbc\xcb\x28\x40\xf8\x49\x4d\xf2\x62\xc2\
\xa0\x1d\x21\x5f\x40\x6b\xbb\x00\x11\xd8\x20\x8c\xa4\x29\x50\x30\
\x4e\x9d\xdf\x28\x9b\x7f\x5b\x9b\x81\x0f\x8d\x78\x6d\xfd\xb2\x6f\
\x47\x9d\x39\xfd\x34\x08\x61\x87\xe4\x4a\x40\x14\xd6\x81\x80\xc0\
\x62\xe2\x9a\x96\xd6\x10\x73\x88\xea\x32\x15\x29\xad\x6d\xac\x36\
\x2e\x14\x57\x36\x4a\xb5\xc6\x3a\xac\x31\x10\xdc\x52\xae\x74\xa9\
\xb8\xba\xbe\x22\x54\xc7\x78\xa8\x97\xaa\xf8\x89\xbc\xa8\x96\x16\
\x36\x80\x58\x5d\xc0\xfa\x0b\x2b\x1b\x8b\xba\x34\xab\xf2\x8b\xda\
\xe5\xd5\xf9\xca\x4a\xe2\x19\x29\x3b\xbe\xa8\x03\x29\x85\x91\x34\
\x56\x8b\xeb\xeb\x88\x4d\xf8\xa6\xba\x06\xc7\x45\xad\x54\xac\x2e\
\x2c\xa7\x9f\x69\x12\xea\x55\xbd\x52\x59\x51\x83\xac\x57\x91\x18\
\xc2\x21\x14\xff\xbd\x06\xcd\xae\xd5\x80\x48\x96\x6a\xfa\xe5\x4a\
\x05\x8f\x22\xa0\xa4\xb5\xda\xd0\xdb\xd5\x52\x7d\xb9\xb2\x18\xbf\
\x85\x2f\x1f\x2b\x9e\x2f\xc5\xcf\xd5\xf2\x05\xa0\xa2\x89\xe7\xc6\
\x85\x72\xb5\xbe\x51\x8c\x7b\xad\xd5\x8b\x70\xdc\xf1\xa3\x6a\x41\
\x9a\x54\x53\x90\xa9\xd2\xdb\x06\xc1\x01\xb6\x72\xe3\x22\x6c\xe7\
\xca\xc5\x5c\x29\x08\xfc\x80\xff\x85\x05\x0d\x88\x8e\xb8\xb0\xce\
\x01\x62\x25\x23\x79\xe1\x6a\xaf\x6b\xd9\x48\xbc\x3c\xa2\xa3\x40\
\x24\x07\x3d\x38\xb2\x4f\x16\xae\x78\x87\x4f\xc9\xb7\x80\xa9\xf0\
\x29\x3f\xcc\x59\x2d\x83\xfc\x22\xfa\x66\x90\xe0\x3b\xaf\x78\x55\
\xc7\x0e\x61\xf3\x6c\xb9\x3b\x8e\x37\x07\xed\xe5\x4a\x57\xed\x5e\
\x1f\x6a\xc2\xb9\xdb\x1f\x44\x73\x0a\xc1\xad\xb0\xeb\xc2\x59\x88\
\x68\x4b\x8f\xb0\x69\x3a\xb4\x3d\xec\xf6\x93\x03\xd8\x9e\xb4\x41\
\x90\x72\xe7\x98\xde\x41\x21\x13\x28\x03\xc9\xbc\x8a\x53\xc2\xed\
\x52\x83\x3d\xdd\x42\xa2\x9f\x23\x82\xa2\xb1\x86\x9e\x2e\x94\xaa\
\x84\x17\xf0\x00\x6f\x73\x5c\x24\xea\xe0\x73\xad\xb2\x51\x5d\x28\
\xc9\xf1\x9a\x7c\x17\x57\xad\xe0\x23\x2f\x31\x9c\xbb\x88\x80\xf4\
\x72\x75\x63\xa5\xd8\x58\xaa\xac\xd5\x6b\xe5\x27\x4a\xfa\xc5\x6a\
\x71\xa1\x5a\xa1\xf3\x1c\xde\xc0\xa2\xad\x35\xe0\xa0\x5d\x2d\xad\
\x01\x3e\x2d\xd1\x40\x36\x56\x18\xe7\xe4\xf8\xa7\xe7\x5a\x79\xb1\
\x34\x5f\x84\x1f\x81\x09\x81\x6d\x0d\x90\x40\xaa\x64\x45\x81\xed\
\x85\xdd\x98\x22\xe5\x96\xf0\x9f\xf3\xa5\xb5\x52\x95\xf8\xa7\x8d\
\xf3\x40\x59\xeb\xf1\x8b\x85\xe5\x72\xfc\xb0\x58\x5a\x87\x1d\x06\
\x7f\x2d\x26\x2b\x31\x59\x8e\x9f\x65\x87\x2f\x97\x56\xd6\xe3\x97\
\xcb\xf5\xd5\x95\xe4\x53\xf2\x77\x66\x1a\xf4\xe3\xe3\xcb\xc6\x6f\
\xd5\xd2\xe3\x1b\xe5\x6a\x09\xe7\x5c\x8b\xdf\xd6\x4b\xc0\x29\x25\
\x06\x52\xaf\x2c\x56\x52\x6f\xaa\x25\x60\x0d\x4b\x17\x73\x7c\x10\
\xad\x95\x88\xa5\x41\x46\xa5\x02\x07\x11\x34\xc6\xc4\x52\x9f\x92\
\x40\xc1\x7a\x73\xb9\xe5\xe5\x05\x5a\x1d\x24\x48\xb9\x65\x80\xa4\
\xfe\x02\x86\xb2\x54\xaa\xc2\x41\x53\xe2\xf7\x4b\xc0\xc5\xad\x99\
\x0d\xd2\x5b\xd8\x3b\xf3\x95\xc5\xcb\x04\x18\x7e\x53\x5b\xa8\xac\
\x2b\xf6\x8c\x5e\x40\x65\xa0\x7f\x6a\xd7\x1b\xaf\x98\x23\x4c\xbc\
\xa2\xcf\x98\x68\x20\xdc\x1a\xc4\xce\x2e\x55\x56\xe8\xac\x93\x37\
\x2b\x95\x6a\xad\x7e\x19\x70\x24\xf5\xdc\x38\x5f\x5c\x5d\x2d\x0e\
\xbd\x5d\xde\x18\xae\x59\x2b\xd6\xd5\xbb\xf5\xcb\xc8\xba\xad\xcf\
\x57\x8a\xd5\x45\x7e\xb7\x78\x19\x46\x51\xc6\xe1\xad\x6d\xd4\x92\
\xaf\x34\xe5\xa6\xb7\x4c\x57\x18\xfd\x8d\x17\xd4\x05\x9c\xd9\x25\
\xe9\x83\x0f\x6c\x45\x6b\xe5\x5d\xa5\x82\xf8\x2c\x7f\xab\xdd\x50\
\x5d\x55\xe3\x5a\x2e\x15\x17\xd5\xef\xcc\xd6\xe2\x51\x01\x48\x01\
\x8b\x20\x9d\x55\x36\xea\xeb\x1b\x52\x7d\xbd\x5a\x79\x14\x86\x06\
\xd3\xa9\x3c\x56\x96\xe9\x9a\xc3\x70\xba\xfd\x5c\x79\x91\xea\xc1\
\x39\x53\xbf\xac\x39\x55\xe1\xf9\x01\xd9\x97\xca\x97\x72\xe5\x55\
\xa0\x97\x4c\xd3\xcb\x70\xca\x94\x81\x83\x6e\x00\xcb\xca\x8b\x5b\
\x5e\x03\x36\x04\x5f\xf0\x03\x9e\x55\xcc\xf3\x20\x96\xc9\xe2\xca\
\xeb\xf2\xda\x52\x25\xfe\x9b\x3e\x83\x4a\xb8\xdc\xea\x6d\xad\x4c\
\xa7\x18\x30\x4f\x1b\x0b\x75\xfd\x1d\x13\x0f\x7c\xc4\x99\xd1\xbf\
\x31\xa7\xc3\x8f\x49\xee\x47\xbf\x43\x60\x96\xd7\xe4\x64\xe2\x11\
\x7a\xad\xee\xa0\x0d\xa4\x30\xf0\xc3\x70\x26\x70\x36\x1d\x60\x19\
\x5a\x40\x1f\x44\xa2\x6a\xf9\xf0\xa3\xcb\x24\x94\x29\xac\xfe\xa4\
\xed\x00\xa5\x06\xee\xb2\xa5\xf9\x71\xf9\x85\x58\xf4\x51\xbf\xe2\
\xde\x02\x8a\xde\x1b\x00\xbf\x9b\x7b\xb4\x78\xa1\x88\xf8\x8c\x62\
\x14\x4b\x6a\xea\xcd\x7c\x71\x0d\x36\x6c\x8e\x68\x00\x3c\xd4\x41\
\x70\x01\x1c\x57\xcf\x20\xad\x30\x6e\xf3\xf3\xc2\xea\x22\x33\x7e\
\xfc\x58\x5a\xad\x3c\x5a\xc6\x15\x81\xb5\xae\x54\x2f\xab\xb7\x06\
\x1a\x9a\x6f\x0c\x04\xe0\xd7\x82\x74\xfc\x20\x18\x26\x0f\xbc\x95\
\x17\xcb\x0b\xba\x8d\xd5\xe2\x63\x25\xc6\x3c\x18\x84\xbc\x13\x94\
\x5b\x29\x5e\xae\xc8\x52\xe4\x56\x00\xe3\x80\xda\x2c\x14\x17\x96\
\x71\x55\x81\x96\x2b\x11\xd0\x6a\x91\x14\x81\x04\x19\x8e\xb3\x13\
\xf1\x7b\x3c\x0b\x6d\x25\x31\xe6\x56\x5c\x6f\x9b\xd8\x75\xdf\x72\
\xd4\x41\x95\xe4\xb8\x13\x23\x61\x70\xac\x16\xab\x8f\xc1\x79\xbd\
\x06\x0c\x89\xc0\x4b\xbf\x41\x7e\x7c\xa1\x6e\x3c\x0b\xa6\xc3\xd6\
\x5a\x7e\xb4\x78\x89\x28\x0a\x8d\x5c\xbd\xd0\x3b\xb3\xa6\x5f\xc9\
\x4e\x54\x8f\x55\xa0\xde\xb8\x27\xd4\xb3\x9c\x8e\xf0\x7c\x09\x80\
\x56\xae\x97\x41\x0a\x7f\x42\xd8\x37\x68\x64\x03\x44\x5b\x42\x67\
\x14\x0b\xcb\x35\x91\xd4\x57\x6d\xe4\x11\x51\x32\x5e\x75\x3d\xb7\
\x37\xe8\x31\x97\x3b\x47\xba\x85\x9e\x7d\x35\xf1\xea\x64\x1e\xd0\
\x6c\xd3\x1e\x74\x23\xfd\xea\x54\x21\xb7\x0a\x28\x9b\x43\x3a\x00\
\xdb\x78\xa1\x51\x5f\x06\xb1\x12\xc8\xf0\x1a\x80\x2d\xb7\xe6\x5b\
\xeb\x81\xff\x24\x70\xf7\x70\xf8\x6d\xf9\x5a\x1e\x28\xe0\x2f\x5a\
\x68\x02\x31\xcf\x99\xcb\x55\xe6\x97\x36\x6a\x0b\x74\x7a\xad\x16\
\xcb\xc0\x18\xa2\x50\xbb\x0a\x33\xc0\x79\x37\xe4\xe0\x8d\x5f\xf2\
\xa2\xd3\x6f\x0b\x43\x6f\x11\xab\x87\x5e\xd6\x80\x72\x94\x86\xde\
\x5e\x58\x5e\x5c\xc9\xc9\xdf\x31\x0a\xcb\x0b\x14\xae\x37\x90\xdd\
\xab\x6c\xe7\x2a\x1e\xf1\x56\x20\xe4\x0e\xec\x6e\xae\xd2\x27\x99\
\x37\x2d\x5f\xf0\x7b\x96\x43\xe8\x6f\x94\x53\x2b\x20\xf2\xf4\xdc\
\x6b\x0e\x71\x56\x0b\x20\x4f\x58\xeb\xcb\xeb\x6a\x77\x27\x7f\x3c\
\x76\x6c\xd4\xfb\x59\x38\x0e\x32\x7f\x5b\xf2\x03\xe4\x29\x32\x7f\
\x7b\x14\x10\x1a\xfb\x5b\xb8\x2b\xf3\x67\x82\x48\xe6\x2f\x08\x15\
\xfd\x83\x59\xe0\x3a\xb2\x3c\xae\x5e\xf4\x03\xbf\x3d\x68\x09\x11\
\xe2\x43\x3c\x57\x01\x99\x0a\x25\x2a\x16\xb2\x3b\x2e\x3c\x01\x57\
\xb7\x97\x5b\x47\x42\x0e\xb0\x25\x3c\x5c\x2f\xae\x95\x56\xe0\x15\
\x8a\x18\xf5\xcb\xeb\xa5\xdc\xfa\xe2\x52\x63\x19\xfe\xa8\xb2\x1c\
\xa0\x4e\x0f\x46\x54\xf5\x54\x5e\x00\x14\x57\x0f\x2b\x95\xf3\x15\
\xfd\x40\x5b\x50\x3f\x6c\xe0\x21\x9e\x5b\xbf\x0c\xec\xfb\x1a\x91\
\x5e\xd8\x80\x40\x9a\xd7\x81\xec\xba\xa8\x12\x62\x61\xce\xb2\x03\
\x40\xbd\x75\x10\x02\x5d\x7f\x10\xe6\x04\x59\x73\x26\xd2\xea\x07\
\xcf\xee\x39\xfa\x21\xdc\xf3\xfc\x7e\xe8\xea\x4f\xb4\x92\x0c\x80\
\xe7\xb6\xf1\xed\x0e\xb0\xc3\x40\xd5\x7b\x48\xce\x91\x00\x33\x92\
\xd8\xa8\xaf\x22\xea\xde\x97\x0f\x51\x94\xb4\x83\x58\x9e\x47\xde\
\xf7\x71\x90\x08\x88\x1a\x3c\xbe\x7c\x3e\xe6\x83\x80\x23\x6b\x2c\
\x6c\xd4\xd4\xc9\xd2\x00\x66\x16\xd8\x94\xf4\x5b\x02\x03\xbe\xd4\
\x4c\x0b\x3d\x21\x8f\x30\xfc\xa1\x48\x2a\xc4\xcb\x00\xb8\x1e\xaf\
\x1b\x47\x03\x70\x7c\x40\xa3\x1f\x1f\xb8\x51\x2e\x16\xeb\x34\xf7\
\xb5\xd8\x98\xbf\x8c\x24\x88\x87\xa6\x5f\xd7\x1a\xac\x9e\xa3\x23\
\xd3\x7c\x6d\x54\x5d\x2f\x15\xd5\xaa\x02\x5f\xd9\x40\x19\xa9\x54\
\x9c\x07\xe2\x04\x1c\x00\x9d\xd1\xd5\x52\xad\xb2\x72\x01\x99\x2f\
\x9c\x03\x29\xc0\x8a\xab\xb5\x5c\xd5\x01\xc9\x3a\x96\xae\xb5\x80\
\x9e\xa0\x49\x20\x4c\x73\x3d\xf8\x59\x7e\x88\x5f\x6c\xda\xa4\x67\
\x50\x3f\x84\xb9\xaa\xdb\xea\x58\x75\x94\xcc\x97\x68\x89\xac\xa9\
\x6a\x7d\x69\x3a\x57\x1d\x78\xf8\x7f\x8d\xcf\x2c\xa4\xa1\xe6\x8d\
\x97\x85\x9f\x4b\x6b\xe7\x51\x32\x36\x1f\x1a\xa8\x38\xa9\x95\x70\
\xc0\x40\xc8\x44\xb7\xb8\x4e\xe2\x5e\xad\x54\x05\x0a\xdd\x40\xd5\
\xdd\xa2\x12\x64\x6b\xcb\x40\xd6\x84\x29\x85\xbf\x2f\x36\x0c\xd1\
\x9b\x5f\xf0\xf9\x49\x7f\x2a\xae\x06\x5b\x45\xa1\x85\xdf\xf2\x81\
\xc9\xa3\xc2\x67\x91\x66\xcc\x0f\x0d\xee\x95\x9e\x37\x70\x04\xf2\
\x7b\x79\x5d\x1f\x45\x35\x60\x87\x40\x0c\xe5\x29\xe0\xb8\x58\x41\
\x4a\x6c\x0b\x3f\x5f\x36\xb8\x68\x7e\x25\x4c\x3d\x4f\x00\x5f\x08\
\xf3\xdc\x40\x32\x5a\x6b\x9c\x00\x49\xc0\x78\xad\xda\x22\x59\x6c\
\xbe\x5a\xb9\x08\x30\x51\x8f\x28\xb7\xd7\x41\x68\xc9\xf1\x49\x89\
\x87\x49\xbd\x02\xc7\x3d\x70\x22\xb8\x6f\xf1\xed\x3a\xf3\xdd\x22\
\x7b\xd5\xe4\xdd\x52\xb5\xb2\xaa\x75\xa7\xe6\x3b\x7e\xde\x98\xa7\
\x31\x52\x1b\x40\xb6\xe8\x1f\xcb\x0e\x91\x2e\xd3\x9f\x48\xcf\x88\
\x72\xab\x27\xfa\x05\x64\x63\xa4\xe2\x03\xd8\xd3\x3b\x4e\x77\x2f\
\x57\xa3\x83\x4b\xeb\x91\xd5\x33\x4a\xac\xb4\x41\xe4\xb9\x9d\xa9\
\xd5\x52\x3f\xa6\x5f\x70\xb7\xfc\x37\x50\x03\x3c\x0c\x7b\xc8\x73\
\x68\x55\x26\x60\xac\xaf\xa8\x32\xc9\xd4\x4e\x88\x58\x8b\x14\xda\
\xf8\x8e\xa8\x88\x0b\x67\xd1\xac\xdb\x33\xc6\x26\x0c\xe5\x50\xaf\
\xa4\x3b\x74\x42\x78\xdd\x46\xd6\x26\x80\x2d\x81\xc3\xed\xe1\x29\
\x6e\x54\x61\xe2\x6f\x31\xe5\x9a\x0a\xa7\x13\xea\x27\xa9\xb7\xeb\
\x07\xc4\x24\xa5\xfb\x20\x10\xca\x36\xcd\xd5\x3a\xfe\xae\x85\xac\
\xbf\x3a\x4f\xe8\x45\xe2\xe8\xe4\x57\xa8\xef\x4a\x1d\xa9\x7a\xaf\
\xb7\xdd\x4d\xe2\x94\x23\x92\x0f\xf5\x8e\x0f\x75\x27\x7e\x10\xec\
\xe5\x95\x4a\x83\x94\xd3\x08\xdd\x29\xbc\x3e\x91\xdf\x3c\x1f\x80\
\x05\x74\xde\xd9\x8d\xd9\x3c\x4b\x2a\xc4\xac\xb7\x31\x95\xbe\xd3\
\x72\x37\xf7\x2c\xbb\xdd\x76\x71\x30\xa4\x6a\x21\x1d\x37\x2b\x59\
\x7c\x52\x64\xd2\x62\xe8\x4b\x18\x4d\x2f\xe4\x5b\x82\xb5\x6a\x91\
\x74\x85\x88\x58\xf8\x85\xc1\xee\x8f\xa8\xbd\xdb\x71\x0c\xe5\x71\
\xd8\xf1\x07\xdd\xb6\xd5\x97\xc3\x43\xad\x44\x3b\xc5\x94\x9a\x4d\
\x0d\xad\x0e\xc3\x6e\xb7\x83\x34\x4f\xb5\xbb\xeb\xc2\x31\x0d\xc3\
\xcf\xd5\xa0\x85\x41\x38\x47\x6c\xb0\x4c\x47\xbf\x8b\x9f\xfd\x7e\
\x3c\x47\xd6\x52\x2b\x64\xc5\x35\xaf\x17\xe7\x99\xd9\x06\x16\x0b\
\xe4\xfc\xe2\xea\x7a\xae\x0e\x2c\x61\xe9\x12\x1c\xf5\x8b\xf4\xa7\
\xa2\x4e\x48\xb5\x48\xdd\xa5\xd4\x03\x8d\x8b\xe5\x45\xd8\xae\xc8\
\x07\x00\x23\x4c\x9c\x7f\x4d\xe4\xb0\x1c\xd1\x67\xd2\x86\xd6\x09\
\x77\x79\xed\xe3\x69\xb9\x30\xc4\x7b\xba\xd1\x83\x08\xcc\x7b\xb6\
\xa2\x07\x0f\x9f\xc0\xa7\x59\xf5\x58\x48\x7c\x46\x5a\xae\x29\xba\
\x2d\xb3\x9b\xa1\xdf\x1d\x44\x0e\x29\x49\xa7\x9f\x43\x33\x37\xf4\
\x05\x6d\xce\x5b\xd0\x33\xb7\x73\x43\x9f\xd0\xc1\x78\xd0\x27\x23\
\xbe\x08\xf7\xc2\xc8\xe9\x69\xf1\x32\xe2\x96\x69\xfa\x78\x91\x08\
\x38\xdd\x04\x36\x87\xd0\xce\x55\x57\x94\x9b\x03\x40\x2a\x9c\x1a\
\x57\xe6\x11\x8f\x57\xdb\x85\x4a\xf6\x56\x7c\x89\x13\x75\x6c\xc6\
\x78\x7c\x7b\xf8\x04\x0c\xc9\x92\xb3\xdc\x9c\xca\xe5\x52\x2d\x3d\
\x7d\xbf\xef\xb6\xc2\x5c\x3d\xa5\x6d\x23\xf4\xde\xf4\x07\x5e\x3b\
\x57\x1f\x78\x4e\xac\x95\x54\x77\x44\x26\xa1\x82\x73\xb2\xb1\x5c\
\x2f\x02\x96\xe2\x5f\x22\x66\xf1\xdf\x8b\x24\xf0\x17\x6b\xf0\x16\
\x84\x7d\x94\x10\xf0\x35\x30\xb0\xac\x44\xdb\xf0\x88\x45\x16\x59\
\x33\x4c\x3f\xf3\xae\x6b\xe2\x71\x13\x46\x77\x5a\xe9\x7b\x0d\x1f\
\x99\xc0\x81\xf3\xf0\x8d\x7d\x16\x5f\x43\x0c\x49\x25\xd0\x52\xbf\
\x6d\x0f\xdd\xc7\x6c\x84\x8e\xd5\x1c\xb8\xdd\x68\xc6\x05\x59\x86\
\x58\x75\x91\xc9\x14\x7d\x81\x73\x06\x2b\xa5\x2e\x36\x50\xcf\x4c\
\x17\x17\x83\xfe\xc3\x59\xbf\x87\x46\x05\xfa\xbd\xed\x47\x7c\xcd\
\x4c\x04\x08\xc7\x78\x1e\x55\x14\x17\xdc\x6b\xb0\xee\xad\x6d\x3c\
\xb4\x80\x35\x9a\x07\xfe\x70\x55\xf8\x99\x5a\xee\x62\xb1\xba\x46\
\x14\x02\xff\x40\x48\x97\xaa\xd5\x4a\x95\x9f\x44\x10\xa6\xbf\xcb\
\xc4\xa1\x98\xbf\xc2\x1b\x20\x33\x15\xd4\xe4\xb0\x6a\x54\xbf\x26\
\x65\xde\x06\x32\x0f\xa5\xc5\xe4\x4b\xcd\x78\xf1\x6b\x53\x95\xc0\
\x2f\x2a\xe7\xe3\x87\xb5\x0a\x73\xa4\xd4\xb4\x1d\x10\x69\xbc\xe8\
\x74\x5b\xc8\xeb\xc3\x42\xc8\x65\x4b\x8e\x6f\xf9\x72\x17\x03\x37\
\x8a\x80\xd2\x36\xf7\x72\x70\x76\xe4\xec\x90\x55\xf7\x3d\x07\x60\
\x1d\x39\x72\xc0\xd2\x99\x00\xe8\xb3\xef\xcf\xb0\xea\x35\xba\x40\
\xdb\xaf\x56\x67\xaf\xef\x04\x70\x40\x6d\xc3\x2a\x63\x83\xfd\xae\
\x0d\xab\x4b\xba\x5f\x38\xfe\xfa\x28\x69\x60\x35\x18\x2c\x3c\x86\
\x21\xd4\x22\x94\x9f\x2a\xb4\x3a\xbd\xe9\x1c\x6d\x48\xcf\xde\x71\
\xb7\x18\x7b\xfa\xb6\xe7\x74\x95\x8c\x33\x53\x6e\xcf\x5c\x60\x31\
\x67\xce\x3a\x51\x38\x3e\x59\x75\xfa\x20\x7c\xce\xac\x86\x5b\x6e\
\x7b\x66\x7e\xb0\x15\xce\xd4\xfd\x39\xf8\x66\xd0\x75\x4e\x9d\x2c\
\x3c\xb9\xfd\x88\xd3\x83\x83\xb6\x00\x7d\x4d\xae\x57\xea\x33\x64\
\xc6\x00\x1f\xcf\x2c\xc2\x98\xe7\xac\x93\xc7\x4f\xde\x37\x73\xfc\
\xf4\xcc\x89\x13\xd6\x89\x07\xe6\x4e\x9e\x7a\x02\x2a\xcd\x54\xe1\
\x84\x0e\xf7\xab\xb3\x62\x87\xd1\x8c\xda\xd6\x78\x8d\x21\xdd\x4d\
\x2a\xde\x6c\xa6\xee\xd8\xbd\xe1\xd7\x73\x16\x2c\xf1\xdc\x62\x69\
\x63\x72\x15\x0e\xa7\xe4\x3c\x16\xe8\xd2\x0c\x9a\x05\xd8\xcd\x59\
\x11\x1c\x37\xb3\x04\xb6\x07\x71\xe7\x05\x80\xd5\xe7\x36\xea\x4b\
\x33\x67\xe2\x7a\xd8\x3d\xf0\x23\x33\x25\x0f\x28\x0e\x2c\xff\x9c\
\x75\xa6\xe9\x46\x93\xb9\xa9\x52\x00\xd4\xb2\x0b\x04\xb4\xe7\x46\
\x68\xa9\x71\xc1\x34\xe3\x18\xfd\x63\xde\xea\x5e\x7f\x66\xb0\xc9\
\xbf\x28\x23\x8e\x0b\xb0\x57\xe6\x1d\x6f\x10\x5d\x73\x02\x38\x31\
\xb6\x9c\x66\xe0\xb7\x3a\x80\x58\xa6\x31\x07\xde\x7c\xc2\x48\x22\
\x77\x2b\x57\x82\x75\xbe\xe8\x04\xdb\xd7\x9c\xc1\x96\x75\x6d\xd0\
\xb3\x1e\x13\x42\xe0\x22\xe7\x64\x01\xcd\xb3\x8a\x83\x70\xf3\xfa\
\xb3\x1d\x7c\xdc\x81\x8e\x55\x23\xf1\x40\x2c\xf8\x39\xb0\xca\x50\
\x03\xf8\x5a\x18\x2b\x52\x0d\xd7\xf1\x0a\xb9\xb3\xfd\x87\xce\x86\
\x80\x0d\xb0\xaf\xf7\xba\xce\xb9\x43\x44\x34\xe7\xf6\xa0\x8a\xbf\
\xfb\xe0\xa1\x87\xce\x36\x1f\x9a\x4c\x5b\x81\x4c\x9e\x9d\x6d\x3e\
\x74\x76\x16\xbf\x82\xa2\xff\xd0\x24\xb4\x31\xb9\xe8\x82\x2c\x16\
\x5a\x75\xa0\xe6\x2e\x5e\x23\x91\xc4\x8b\x17\xb0\x0e\xf0\x54\x9e\
\xf5\xd4\xc0\x0e\xdd\x19\xc4\xed\x6e\xd7\xdd\xc2\x0b\x51\xcf\x2a\
\x36\xb7\x61\x50\x08\x04\x1a\xdc\x63\x83\xe0\x5a\xd3\x09\x5b\x30\
\x46\xb7\x39\x00\xba\xe8\xe5\x27\xdb\xf0\x23\x08\xe0\xbb\x78\x44\
\x01\x5b\xea\x06\xed\xbc\x35\xc0\x43\xcb\x63\xe1\xce\x65\x23\x96\
\x56\x07\x0e\x1d\x07\xfb\x59\x01\xb8\x39\x1e\xac\x22\xf0\x42\xd8\
\xc7\xb5\x81\xd5\x74\xbb\xf0\x5b\x61\x92\x86\xfa\xa8\x83\x4d\xd6\
\xa2\x80\xaf\xda\x80\x2e\xc2\xb0\x03\xfe\x8c\xda\xb7\x3e\xf6\xd5\
\xdf\x01\x4c\x1c\x80\xde\xb3\x70\x79\x7a\x56\xd1\xdb\xb4\x91\xdb\
\x72\x86\x87\x08\xe4\x74\x73\x80\xa7\xe7\xa4\xfe\xd4\x1e\x00\xb1\
\x85\x73\x95\x86\x07\xf3\xc4\x86\xa2\xc2\xd9\x66\x00\x20\x82\xdd\
\x5d\x0a\x60\xb9\x3d\x38\xec\x3c\x1b\x78\xac\x0b\xa8\x3f\x69\x3a\
\x6e\x34\x90\x0e\xe0\x30\xb0\x7b\x91\x9a\x07\x0f\x08\x26\xd3\xea\
\x74\x5d\xe7\xfa\x0f\x02\x14\x2c\xbb\x1b\x5a\x3c\x04\x77\x13\x2f\
\x84\x9d\x60\x92\xba\xd2\x50\x2a\xc0\x80\xe1\x2d\x0c\xba\xdb\x0d\
\xb9\x05\x98\xe4\xf0\xd0\x07\x1e\x7c\x72\xfd\x19\xac\x6b\x7e\x4d\
\x8b\x79\xd1\xf1\x00\x34\x30\xdc\x25\x07\x78\xd3\xae\x03\x23\x03\
\xa6\xda\x6d\x46\x79\x6b\xd7\x09\x10\xfa\x9b\x7e\x77\x0b\x3f\x40\
\xc4\x84\x81\xc6\x6b\x34\x75\x37\xaa\x53\xa4\x5f\x1b\xe6\x36\x69\
\x0f\x22\x1f\x95\x24\x21\x72\xa7\xc0\x1c\x77\x68\xf9\xd6\xa0\x96\
\x47\x73\x26\xb3\x9e\xeb\xcf\x00\xb4\x70\x47\x5e\x8b\xa6\xe7\x78\
\xa9\x0e\x2d\xe2\xb0\xf1\xf4\x72\x2c\x6a\xf4\x50\xde\x3a\x84\x30\
\xbc\xe8\xb6\xb7\xa0\xa7\xf8\x1d\xd4\x43\xaa\xe2\xc6\xaf\x00\x7a\
\x58\xc8\xb6\x6c\xc2\x3e\x71\xe1\xc5\xe4\x21\xe0\x50\xae\x01\x87\
\x72\x0d\x31\x13\x2b\xc0\x02\x75\xae\x3f\xd3\xa5\xbf\x81\x88\x02\
\x3c\x42\xc1\x5b\xfa\xd5\xf5\xa4\x70\x0e\xd1\x36\x3b\x04\xe3\x9d\
\x05\x68\xce\x02\x6c\x0e\x8d\xb7\x77\xd8\x60\xea\xa0\x2d\xb3\x0d\
\xf2\x8d\x89\xe8\x04\x64\x42\x75\xec\x1c\x56\xf4\x9a\xdd\xe9\xd2\
\xd6\x2e\x76\x5d\x3b\xc4\x05\x00\x89\xf4\x1a\x50\x42\xdc\x26\xb4\
\xc0\x2e\x43\x73\xd1\xdf\x8e\xc5\x06\xc2\x96\x79\x67\xd3\xe9\x00\
\x87\x04\x98\xba\x45\x14\xa3\x60\x21\x45\xa1\x86\x10\x95\x5c\x80\
\x39\xb5\x80\x9a\x12\x81\xfd\x59\x64\xb8\x1e\xb2\x48\x35\x76\x8e\
\x78\xc6\xb3\xc4\x83\x3d\x34\xf9\xc4\x00\x89\x97\x1b\xf6\x5d\xa7\
\x0b\x2b\xd6\xb5\x07\xcd\x88\x50\x65\xd9\xf5\xae\x0d\x60\x23\x6f\
\x31\x0d\xa2\x19\xaa\x66\x0e\x85\x6e\xdb\x71\x40\xd2\x6b\x45\xe7\
\x1e\x81\xa3\xca\xaa\xa1\x0e\xad\x44\x2f\xc2\xb9\xd7\xbc\xe6\x90\
\x6a\x9d\x3a\xc7\xb1\x5c\x60\x58\xf0\xbe\x50\x73\x08\xad\x2b\x71\
\x43\xd6\x94\x8f\xf3\x7d\x24\x7e\x33\x9d\x09\x83\x02\xc1\x19\x86\
\x8a\xe4\x53\x91\xa3\xa6\x90\x5f\x60\x8b\x5d\x0f\x97\x9b\xc8\x51\
\x68\x47\xd7\x88\x52\x63\x23\xd7\xbf\xaf\x49\x94\x05\xf7\x99\x75\
\x28\x31\xe0\x43\xbc\x4b\xe6\x1d\x1b\x89\x0c\x4c\xc6\xc9\x23\x08\
\x42\xda\x0c\x80\x87\x5d\xea\x25\x14\x10\x6f\xd3\x12\x5e\x19\xb1\
\xbe\x4f\x40\x75\x18\x4c\xaf\x19\x5c\x7f\x16\x0e\x01\xfc\x52\x81\
\x71\x72\xca\xed\xa9\x71\xe3\xf8\x06\xe1\x16\x6c\x28\x3c\xc5\xa6\
\x0b\x93\x28\xc2\x45\x6d\x3c\xe8\x3d\xc2\x1e\x38\x2e\xda\x03\xeb\
\x35\xaf\xd1\xbd\xc4\xe8\xe3\x19\x9d\x0c\x60\xfb\x19\x5d\xe4\x09\
\x43\xfc\xa6\x85\xf4\x12\x7f\xb0\x1c\x9c\x52\x90\xfa\x42\xe0\x5a\
\x11\x83\x19\x3a\x3c\x00\x86\x28\x8e\xa3\xa8\x09\xd4\xbb\xed\x08\
\x81\xd5\xe4\xa3\x86\x38\xd9\xcb\x06\x09\x76\xd4\x05\x56\x35\xb0\
\xbb\xf0\xee\xb5\x79\xeb\x69\x8b\x16\x33\x8f\x0b\x73\xfd\xdd\x91\
\x4b\x43\xeb\x5d\x7f\x96\xa6\x87\x2d\x11\x9d\xc6\x51\xe1\x41\x49\
\x6b\x84\xed\x01\x2a\x02\x9b\x09\x0c\x43\xd8\xb1\x7a\x76\xb8\xcd\
\xe8\xcd\x0b\x4e\x5b\xea\x49\x07\xc4\xe8\x0e\x9e\x02\x78\x66\x76\
\xdd\xed\x48\xbe\xc6\x71\xcb\xc6\xf0\xac\x2b\xaf\xa5\xdd\x7d\xe5\
\x69\x4b\x0e\xd1\x82\x55\x96\xa3\xa1\x67\x2d\xa1\xbe\x9b\xc8\x99\
\xd3\xeb\x6f\xfa\xf8\x41\x1e\x99\x60\x0d\xfd\x47\xf8\xeb\x47\x9e\
\xc6\x6e\x34\xf4\x79\x42\xb4\xf4\x6d\xbf\xdf\x77\xba\x80\x28\xa5\
\xb0\x65\xf7\x9d\x99\x1a\xc8\x40\x8e\x77\xcd\x9a\xba\xa2\x3a\xbe\
\xf2\xf4\x34\xaf\x0a\x12\x40\x75\x56\x8d\x47\x5e\x86\xec\x30\x87\
\x48\xcd\x64\x99\x25\xa0\x8c\xba\x24\x7c\xc5\x92\x17\x48\x5b\x79\
\xcd\x3b\x90\x4c\x62\x63\x5f\x20\x5b\x79\x33\xc5\xda\x42\xb9\x4c\
\x6c\x93\x0d\x82\x46\x40\x22\x9f\x0d\xf3\x82\xcd\x2c\xb7\x9a\x48\
\x2b\x42\x14\xb7\x62\x1d\x06\x9b\x91\x5a\x30\x00\xe9\x61\xad\x92\
\xcf\x6e\x4d\x49\x40\x0e\x81\x08\x4e\x79\xe4\x65\x1d\xb1\x48\x69\
\x5c\x2d\x9d\x6a\x5c\x3d\x73\x02\xfe\x7f\x5a\xd7\x1c\x20\x8b\x8b\
\xb5\x36\x3c\x97\x34\x3c\x1b\xc7\x4e\x1d\x3f\x7d\xba\x60\x4d\x4e\
\x66\x0b\xbc\x6b\x95\xc2\xe4\x78\x30\x4d\xdb\xb1\xee\x03\xd2\x74\
\xd5\x2c\x88\xda\x48\x87\xfb\x1d\xdc\xbb\x6e\xcb\xee\x5a\xb8\x6b\
\xae\x22\xa0\x10\xb3\x90\x5f\x47\xb1\x35\x06\x81\x06\x1f\xd0\x69\
\x8f\x94\x59\x11\x4a\xcf\xee\x66\xe2\x76\x01\x85\x49\xe0\x64\xd1\
\x1a\xb2\xeb\x93\x91\x1c\x09\x7a\x4e\x88\xc8\x09\x9b\x36\x82\x3f\
\x06\x1e\x29\xb2\xf0\xe6\x02\x85\x8a\x4d\xbb\x85\xab\x31\x0a\x3e\
\x30\xd6\x71\x01\x34\x64\xd5\xbb\x0f\x84\x86\xea\x92\x72\xd5\xbc\
\x2c\x40\x98\xd1\x85\x8d\xd5\xf4\x41\x4a\x89\x41\xc7\x56\x93\x09\
\x84\xd4\x96\x92\x36\xcc\x20\x62\x0b\x9c\xd0\x61\x4d\xa7\xb3\x83\
\x7c\x33\xf5\x8b\x46\xaa\x6c\x68\x07\x15\x9b\xc0\x28\x6f\xe2\x31\
\xa2\x8c\x14\x6f\x01\x8e\x64\x19\x31\x0f\x03\x41\xab\x3d\x94\x66\
\x84\x96\x4b\x8c\x1a\x77\xfd\xa0\xcd\x7a\x90\x3c\xea\x04\x81\x2e\
\xd9\x11\x59\x48\xb1\xd5\x95\x32\x70\xb5\xa9\xa2\xda\x64\x09\xad\
\x60\x9e\x61\x12\x0e\xfa\x24\xf2\x59\xc8\x69\xa1\x0e\x73\x3b\x54\
\x70\xa2\x4a\x00\x12\xa0\x78\x30\x12\x87\xd0\xa9\x6d\xed\xb8\xb6\
\x95\x36\xb8\x2e\x58\x34\x58\x1a\x5c\xdb\x87\x81\xd2\xb5\x39\x9f\
\xb4\xdc\xa4\x73\x15\xad\x6c\x5d\x34\xc3\x6c\x89\xdd\x3a\x5b\xbe\
\xde\x85\x18\x86\x83\xbb\x82\x15\xf1\xe1\x4a\x00\x00\x17\xa5\xaa\
\x60\xdc\xbe\xfa\x9f\xf4\x60\x92\x3b\xe8\x06\x97\x44\xda\x18\x5e\
\x8d\x8b\x08\x64\x05\x03\x85\x55\x20\x09\x38\x44\xcc\x68\xec\xf1\
\x9a\xc0\xf0\x03\x18\x67\xdf\xf7\xc8\xc4\xab\x1d\xdb\x71\xea\x7d\
\x06\x13\x25\x9a\xd7\xc7\x7d\x15\xdf\x5a\xc5\x1f\xb2\xe6\xd8\x58\
\xb0\x82\x55\xc3\xe3\xd4\xe6\xce\x50\x65\xdc\x74\x48\x79\xcd\x2d\
\xc3\x1a\x03\x6d\x70\x77\xdc\xf6\x00\x95\xd2\x36\x72\x87\xcd\x3d\
\xd4\x0d\xb3\x76\xc6\x3a\x0c\xe7\xf4\x16\x56\x62\x7b\x50\xa5\xdb\
\x22\x04\x81\xd1\x6c\x75\xfd\x26\xd0\x94\x3d\xfc\x48\xa9\x74\x86\
\x40\x4b\x54\xb8\x60\x5d\xa4\x99\xe2\x72\x3b\x1a\xb9\x32\xb1\x9a\
\x16\x08\x37\xa7\x73\x55\x8c\x52\x48\xd9\xa3\xb8\xfa\x16\xcd\x85\
\xac\xba\xf7\x27\x2c\xc4\x4f\xe5\x4a\x2c\x19\x5a\x9d\x98\x07\x41\
\xdb\x7e\x47\x4b\x01\xf0\x0c\xbc\x1f\xfe\xd2\xc4\x4e\x6b\x7d\x38\
\x21\x50\x36\x1e\x03\x03\x62\x17\x80\xac\x9d\xe8\x58\xf1\xef\xd6\
\x66\x17\x26\x85\x24\x34\xf0\x51\x48\xea\x38\x48\x33\x90\x54\x00\
\x7b\x83\x0a\x7d\x22\xbb\x48\x53\x59\x31\x10\x22\x42\xc6\xc7\xda\
\x14\xcc\x68\x1a\x01\x6e\xc3\x2e\x09\x7a\xb0\x56\xc3\x1f\x4c\xad\
\x55\xa6\x15\x5c\x51\x05\x43\x67\x61\xc1\x5a\x1a\x04\xd8\x55\xcf\
\x27\x33\x7a\xc1\xc6\x90\x6a\xa9\xcb\x6a\xa2\x8f\x68\x65\x61\x35\
\x61\xe1\x81\x80\xef\x4f\xae\x0e\xda\x5b\x43\x86\x81\xa9\xcd\x35\
\x16\x64\xd3\x1e\x15\x23\xe9\xfd\x50\xcd\x03\x59\x0c\x57\xac\xa0\
\x98\x4a\xf7\x9c\x1e\xa0\x89\x49\xac\x01\x1e\x9b\xc8\x91\x62\xeb\
\xfc\xab\x4c\x10\xd1\x23\x89\xbf\xa4\x08\x46\xe8\x89\xce\xd3\xdc\
\x7a\xd6\x54\xe8\xf6\xdc\x2e\x1a\x96\xfb\x64\x3e\x01\xbf\x4e\xc3\
\x7e\x54\x7c\x09\x6d\x72\x37\xd4\xe7\xed\x2d\x38\x27\x33\xbc\x4e\
\x32\xe1\x86\xca\x5e\x34\xb6\x85\x7a\x8a\xb8\x58\x53\x6e\x01\xb0\
\x25\x8c\xda\x73\x73\x21\x29\x2b\xf2\xfc\xb0\x43\x57\x23\x79\xcb\
\x89\x5a\x85\x69\x44\x10\x98\x25\x91\x6a\xa5\x2d\x56\xe0\x9c\xb2\
\x09\xf2\x04\x12\xe0\x92\xa6\x09\x40\xd8\x03\x5f\x50\x01\x54\x51\
\xd5\x08\xa4\x45\x7c\x13\x70\x10\x72\x17\x45\x4b\xa5\x90\x4a\x4e\
\x62\x17\x0d\x20\x90\xa3\x45\x4a\x09\xbf\xab\x25\xa4\x33\x0b\x45\
\xcb\x16\xaf\x55\xdb\x81\x19\xf0\xc1\xc3\x88\xcc\x12\x16\x3f\xef\
\x76\x7c\x98\xa6\x1d\x6c\xd1\xb2\x84\x8a\x87\x49\x4e\xdc\x29\x00\
\x29\xc1\x06\xa7\x8c\xd9\x4f\x3f\x48\x7a\x1e\xd8\x1c\x43\xbf\x58\
\xaf\x7d\x7a\x5a\x0e\x2f\x90\x65\x7c\x72\x53\xe1\x0d\xe5\x7a\xb0\
\xd3\xdc\x08\x7d\x52\x18\x2b\x32\x5d\x3b\x18\x99\x5c\x6f\xc7\xef\
\xee\x24\xd7\x80\x36\x29\xf2\x67\xe4\xf2\x80\x2d\xd8\xad\x16\xaa\
\xdf\x9d\x03\x18\x88\x27\x06\xc4\xf8\x07\xa2\x95\x20\xb5\x2b\x89\
\x26\xea\x97\x1e\x88\x52\x6d\xac\x60\xfc\x34\x06\x42\xa5\xdd\x91\
\x32\x8e\x38\x54\xf3\xf2\x5d\x41\x10\xd0\x65\xb1\x1c\x03\x40\x9a\
\xf8\x5e\xd3\x4a\x37\x92\xdc\x8d\xc0\xa3\xe2\x66\x83\x63\x89\x77\
\x82\x2f\x2b\x4c\x6d\xda\x7d\xbb\xe9\x76\xc5\x89\x81\xf7\x3b\x6a\
\xbf\x82\xee\x1e\x19\x23\x22\xb3\x4f\x97\x4a\x24\x3e\xe1\xf1\xa5\
\x77\xa5\x5c\x36\xc1\x1a\xd1\x6b\x10\x9b\x42\x68\x06\xe0\xcd\x78\
\x0e\x94\x10\x99\x18\x3f\xc0\x3b\x70\xac\xae\x76\x74\x88\xba\x24\
\xf3\xea\x14\x11\x48\x04\x0d\x64\xee\xf8\xfa\x18\x6b\x43\xbb\x88\
\x0d\x79\xbe\xe3\xe6\xa9\xf6\xd0\x3e\x1d\xef\xa5\x0c\x8e\x12\x2f\
\x8b\x7d\xd4\xa4\xa3\xb1\x88\xdd\xe5\x9b\xaa\x10\x4f\x65\xdd\xb1\
\x1a\xf9\x5e\x4a\xc0\xa1\xed\x52\x40\x35\x89\x31\x27\x83\x18\xe1\
\x36\x4c\x4d\xcf\x18\x8c\x6c\xae\x78\x38\x4c\x73\x32\x46\xa3\x6e\
\xe8\x69\x3c\xbb\x72\xcb\x40\x77\xcb\x7b\xbd\x26\x9e\x57\xd4\x63\
\xe6\xfc\xf3\x3c\x15\x9b\x6f\xaf\xa3\x5d\xdf\xe0\x56\x3c\x86\x5c\
\xdb\x22\xeb\x59\xc2\x67\x1a\x1e\x1d\x7d\xf2\x0b\x56\xce\xf3\x4f\
\x3e\x6f\x27\x59\x17\x4b\x5b\xb4\x12\xa7\x23\x63\x83\xd1\xa2\xd5\
\x53\x87\xdc\x0f\xe8\xae\xca\xb8\xa6\x06\xe9\x0d\x10\x50\x33\xb5\
\x3c\xc0\x82\x55\xf1\xac\x8b\xc0\xe5\xf8\xbb\x48\xe4\xb4\x25\xeb\
\xc2\xde\xd6\xae\xeb\x4d\x53\xd7\x3d\xbb\x55\x81\x53\x02\xfd\x1b\
\x43\x05\xb6\x68\xaf\x8f\xb2\x53\x77\x2f\xa6\x4e\x02\x57\x91\x2a\
\xe9\x56\xdd\x26\x2f\x85\x15\xd7\x1b\x5c\xc5\xe3\x99\xa7\x06\xf2\
\xe1\x55\x3c\xf0\x77\x7c\x68\x0e\x31\x2d\xdd\x62\x02\x43\x70\x6b\
\x67\xd9\x92\x59\xb5\xcb\xb5\x7a\x69\x35\x8f\xcb\x86\x83\xa4\x53\
\x60\x04\x11\xe0\xaa\xe3\x1d\x12\xca\xa3\x30\x9b\x65\x51\xbf\x12\
\x29\x16\x7e\x91\x04\xdf\x14\xac\xf9\x0a\x14\x37\x8b\xec\x4b\xb6\
\x28\x41\xc8\x1a\xcc\xc7\x65\xa0\xf1\xd8\x88\xdd\x06\x52\x46\x37\
\xb3\x43\xac\x24\x5f\x7f\x9b\x6d\x28\x78\x21\x76\x43\xef\x0a\x1f\
\xc5\x89\xad\x13\xf5\xba\x0a\x61\xf5\x3e\x1d\x83\xe3\xbf\x15\x5c\
\xc9\xb0\x0f\xe6\x68\x20\x26\xeb\x61\x67\x0a\x8c\x8e\x47\xda\x83\
\x65\x98\x08\xda\xad\x8b\x74\x3e\xd5\xe9\x6c\x03\x31\x11\x76\x0e\
\x1f\x5b\x8c\x9c\x4a\xfe\x26\x40\xc9\xcf\xb7\x6b\xbe\x09\x07\xd3\
\x11\x73\x4d\xd4\xd9\x0f\x6d\x90\x1e\xc0\x1e\xa1\x43\xae\xe9\x36\
\x65\x4b\xcb\x91\xac\xa4\x50\xbd\xeb\xcd\x73\x5c\x4e\x5b\x45\x5d\
\x63\x89\xb6\xa0\xdb\xc1\x2a\x0e\x3f\xa3\x95\xb5\x47\xb7\x50\x6e\
\x18\x4b\x0d\xb4\xf1\x90\xbc\x7a\x28\x51\x00\xc2\xf9\x3d\xc4\xab\
\xb6\xb4\x6d\x00\x91\x46\x17\xc1\x92\x28\x7f\xe6\x26\x52\x62\x10\
\x8f\xd1\x87\x15\x19\x38\x87\x09\x55\x27\x8a\xfa\xe1\xdc\xec\xac\
\xe3\x15\x76\xdd\x6d\xb7\x8f\x37\xa8\x05\x3f\xd8\x9a\xc5\xa7\xd9\
\x79\xb7\x59\x77\x2e\x11\x55\x64\xde\xdb\xdb\xf4\x99\x94\xaf\xd8\
\xf8\x03\x8b\xdc\x7b\x5d\xbd\x81\xa0\xd3\xae\xeb\x93\xc5\xfd\x9e\
\x02\xa1\x08\x0c\x5d\x2d\xf9\xa6\xac\xe8\x2d\x18\xbd\x2f\x7e\x53\
\x30\x89\x4d\x10\x92\xd1\x4f\x14\x59\x2b\xcf\x41\x43\x5a\x9e\x08\
\xa1\x11\xd0\x7c\xc3\x5c\x49\x1d\x77\xe4\x24\xc5\x36\x13\xf1\xcc\
\xae\x80\xd0\xcd\x97\xbb\x38\x6a\x0b\x4d\xaa\xd0\x9a\x80\x64\x70\
\x83\x2e\x03\x16\x8e\x85\x45\xc3\x7e\xc9\x23\xb9\xf9\x6c\x7f\xe5\
\x61\x96\x5e\x1f\x26\x19\x8d\x67\xd4\x1e\x56\xeb\x20\x45\x4a\x5a\
\x49\xc1\x32\xa0\x7a\x9d\x0f\x5d\x45\x6d\x14\x73\xcb\x00\xda\x97\
\x41\x3f\x68\x43\x8e\x98\xda\x73\xd8\x95\x99\x0d\xdd\x3c\x48\x87\
\x81\xa4\x1c\xf2\x5a\x68\x9a\x45\xfe\x82\x78\x75\xaa\x30\x5a\xf1\
\xa6\xda\x91\xd0\x56\xbe\x79\xca\x87\x96\xad\xb9\x01\xf3\xc8\xaa\
\x00\x50\x46\x36\x9b\xd2\x43\xd8\x01\x6c\xcc\x01\xb0\xef\xb0\x35\
\x3b\x40\x0a\x37\x07\xc2\x90\x00\x9b\xd3\xef\x12\xb2\xe1\x2d\x01\
\xda\xb2\x13\xc9\x24\x7f\x42\x32\x3a\x93\x61\x1e\x09\x63\xb3\x13\
\x19\x5e\x17\xf5\xf3\xac\x1e\x76\x00\x47\x43\x92\xae\xf7\xfa\x09\
\xdb\x69\x58\x49\xf2\x14\x20\x9a\x21\x7b\x02\xd9\xcc\x3d\xde\x8b\
\xf1\x51\xcf\xb6\x4a\x74\xc6\x2b\x91\x1d\x75\x30\x7e\x2c\x8e\xec\
\xda\xa6\x9c\xbe\xab\xb8\xe1\x99\x45\x80\x5d\xa3\xeb\x36\x09\x74\
\xe7\x2a\x6b\xaa\x45\xb2\xc1\x5f\x05\x89\xe1\xe6\x55\x82\x19\x4e\
\xfc\x99\x48\xc0\xab\x07\x7c\x16\x8b\xae\xda\xed\x33\x56\xcf\xed\
\xc9\x31\xdd\x17\x5b\xf3\xa1\x35\xd7\xf3\xa2\x23\x5c\xf6\x46\xbc\
\x75\x0c\x1a\x6e\xcb\x39\xc5\x0e\xff\x28\xcb\xc0\x63\x43\x6b\xe6\
\x9e\x0c\x11\xfa\x84\x04\x62\xf7\x26\x28\x83\xf5\x44\x4c\xb2\x23\
\xbb\x89\x4c\x6d\xea\x64\x50\x56\x92\x74\xac\x90\xfa\x92\x08\x98\
\x11\x3e\x02\x6f\xb9\xc4\x0e\x49\xfa\xc0\x39\xc2\x5e\x04\xd8\x3a\
\x62\xda\xc4\x67\x91\x6a\x73\xa6\x6f\x30\x75\xb6\xcc\x19\xc9\x7e\
\xcc\xd6\xd2\xbb\x99\x56\xc7\x69\x6d\xd3\x19\x13\xc6\x23\xa1\x3d\
\x42\xbb\x86\x90\x39\x94\xf3\x8e\xe1\x84\x70\xc3\x9b\xf1\x3d\x5d\
\x3d\x65\xac\x96\x88\xb7\xa0\x75\xf1\x40\x97\xa0\x82\x8d\x73\xe9\
\x76\x3f\x43\xf0\x74\x7c\x64\x94\xd9\xdc\x4a\x34\x64\x0c\x12\x14\
\xcc\x34\x9b\x25\x2a\x4b\xf6\x6b\xc2\x36\xa2\x82\xac\x4b\xe1\x4a\
\x18\x4f\x50\xd4\xde\x56\x4b\xae\x1a\xa4\x98\x10\x4e\x4c\xa2\x4d\
\x4a\x1f\xaa\xbb\x28\x38\xf1\xda\x9a\x5d\x6f\xee\x69\x68\x6e\x8a\
\xfe\x99\xd1\x8e\xb4\x0e\xb2\x19\x50\x52\x4d\x2d\x34\xf9\xf0\x51\
\x25\x65\xb3\x8a\x5b\xd5\x1a\x83\x87\xbb\x75\x47\x86\x19\xcd\x63\
\xf4\x49\x61\xd6\xda\x4f\x8d\xa6\x10\xc9\xd0\x58\xd8\x64\xd3\x8e\
\x8c\x8d\x52\x82\x69\xae\xcd\xde\x13\x6e\x10\xc9\x3b\x49\x95\xb8\
\x3e\x8a\xaf\x0d\x45\x02\xe3\x13\x40\x9b\x1f\x92\xbb\x4b\x14\x38\
\x2c\x20\x73\x87\xdd\x5b\xa4\x97\xe4\xf9\x3d\x07\x28\x26\xa3\xa0\
\xec\xab\x5a\x5b\x75\xd1\x2f\xd3\xdf\x8c\xe0\x88\x52\x3e\x57\xca\
\xc0\x39\x9f\xa9\xfb\x8a\x09\x91\xa8\x0d\x78\x5b\xe8\x8d\x22\x72\
\xf1\x2d\x38\x37\x12\xd1\x5a\x46\x63\x43\xa2\xda\x58\xfc\x82\x70\
\x88\x03\x5a\xc6\xd3\xc7\x1f\xb8\x0f\x06\xdd\x9c\x31\xb7\x06\x08\
\xe0\xd6\x49\xab\xeb\xec\x38\xdd\x70\x9a\x75\x39\xa6\x8f\xc0\x30\
\x37\x96\x70\x1e\x20\x54\xa1\x9e\xda\x2e\x2a\xe3\x9a\x03\x89\x60\
\x92\xba\x00\xb6\xfc\x1d\x6e\x37\x74\xcc\x8d\x29\xd7\x9b\x4c\x09\
\x62\x88\xc7\xe2\x0a\xf1\x1f\x1d\xb2\x75\x71\x48\x49\xa0\x66\x67\
\x5b\x9d\xc1\x16\x90\xe0\x9e\x3f\x60\xc9\xd5\x3c\x76\x44\x15\x10\
\xdf\x9a\x18\xb7\x86\xed\xfd\xb5\x4b\x84\x01\xa4\x34\xd8\x75\xf1\
\xc4\xb3\x11\x75\x0c\x7e\x09\x37\x09\xe0\x40\x2f\x4c\x50\x1c\x4b\
\x29\xbd\x8a\x6d\xbb\x1f\x59\x59\xd1\x77\x94\xf5\x6f\xe0\x77\x99\
\x17\x1a\x90\x96\x1b\x47\x9e\x5c\x91\x7d\xd1\xe9\xc6\xb1\x89\x7b\
\x1f\xc6\xa9\x05\x75\xf3\xb1\xef\x60\x78\xbf\xaa\xa3\x50\xdd\xf9\
\xd1\x8a\x1c\x84\x8d\x05\x6b\x05\x91\xca\x3a\x6e\xa1\x55\x95\x13\
\x92\xba\xf7\xc4\x7d\xe6\xf2\xb3\x9a\x09\x83\xb4\xec\x31\x06\x22\
\xcd\x0f\xf8\x76\xa8\xed\x0f\xf4\xb5\x48\x3c\xbc\xc4\xc7\xb1\x82\
\x03\x16\x93\x90\xdb\x1c\x39\x06\xcc\xa0\x36\xcf\x08\x87\x2a\x9c\
\x8d\x82\xab\xcd\x96\x74\xcc\x1d\x24\xbc\x61\x59\x72\x4d\x43\x02\
\xd5\x7b\x20\x4b\xda\x9e\x7b\x8d\xaf\x1b\xd4\xae\xc9\x0b\x1a\x04\
\xa1\xea\xd1\xee\xee\xda\x7b\x21\x59\xc5\x23\xf7\x75\x15\xea\xc7\
\x53\x48\x82\x00\x57\x3b\xe5\x9d\x7b\x7c\xc8\x39\xf7\xcc\x90\x6f\
\xee\x99\x31\xa4\x9b\xe4\xfa\xa4\x88\x6b\x71\xb0\x19\x0c\x36\x45\
\x01\xde\x73\xf0\x79\xcb\x81\x37\x8e\x37\xb3\x83\x16\xba\xfa\x07\
\xd9\x70\x33\x6c\x29\x63\x79\x68\x54\xa9\x6d\x1e\xf1\x46\x02\x50\
\x4f\x0c\x74\xd0\x80\xc8\x09\xc4\x0e\x0a\x55\x92\x3d\x09\x0a\x85\
\x96\xac\xb9\x62\xb3\x09\xb3\xc6\x7b\x3c\x56\x89\x1f\x3e\xc1\xf6\
\x39\xdc\x22\xda\xb4\xd6\xd8\x32\x91\x8e\xb3\xeb\xef\xde\xdc\xf4\
\xb4\x99\x14\xb0\x06\x58\x0b\x19\x26\x38\xca\xa9\x9b\xe8\xce\xdc\
\x12\x1a\x4e\x5a\x6c\xbf\x48\xce\xb8\x68\x19\x78\xfd\xeb\xe8\x91\
\x8c\x95\xe4\xe6\xd0\xa2\xed\xdb\x8e\x2d\x51\xd7\x9c\x01\xdf\xad\
\x63\xa5\xa2\x27\x56\x66\x85\x1c\x5b\x1a\x7a\x31\x54\xd8\x04\x13\
\x8d\x1f\x61\xd8\xfc\x80\x9f\xa0\xd1\x1d\x5a\xcc\x69\x6b\x2e\x24\
\xbb\x6c\x4d\x6b\x75\xaf\xbf\x3b\xc4\x59\x3e\x9c\x7b\xcc\xbc\x6b\
\x08\xe3\x46\x1f\xc3\xc3\x79\x3b\xd2\x81\x7b\xae\x3f\xcb\xd7\x5d\
\x9e\x55\x64\x56\x8c\x2c\x63\x07\x18\x40\x8a\x6c\x23\x29\xa4\x8a\
\x33\x53\xb7\x9b\xd6\xb6\x69\xf5\x8b\x80\xf6\x3c\x82\x5c\x6c\xfb\
\x4b\xd5\x76\x01\xce\xa1\xd3\xf5\xc8\x4e\x16\x2d\x23\x13\x06\x81\
\xd7\x06\x68\x66\xc9\xeb\x36\x0e\x3d\x49\x84\x9f\x1a\x79\xc4\xd2\
\xe5\x13\xb9\x7b\x28\x2a\xa7\x48\x3e\x9c\xb2\x7b\xa8\x22\x16\xad\
\x4a\x4c\x88\xc9\x38\x9d\x1c\xd4\x51\x27\xdb\xa3\xa0\x32\xcd\x84\
\x94\x68\xde\xc7\x39\xa2\x96\xa3\x08\x76\x0e\x08\xa3\x2d\xba\x3e\
\x25\x86\x8e\x02\x90\xf9\xbb\x1e\xef\xdc\xc4\x80\xb3\xf4\x5f\xd1\
\x00\x10\xc4\xf7\x66\xfd\xcd\x4d\xe5\x55\xc1\x91\xbd\x94\xe6\x0f\
\xe4\x1d\x38\x0c\x71\x33\xf9\x7d\x7d\xf0\xe9\xe1\x02\x99\x17\xaa\
\x0c\x3f\xad\x55\x12\x37\xb8\xf1\x18\xf1\x89\x6b\xe1\xd1\x2c\xf3\
\xc0\x99\x16\x60\xb3\xe0\x49\xc2\x1b\xb5\x19\xc6\x77\x0b\xf8\xa9\
\xba\x10\xd3\x87\x53\xc2\xc3\x58\xe8\x61\x6c\xc4\x8f\x0c\x59\x5e\
\xf3\xe9\x23\x58\x17\x97\x97\x88\x95\xf9\x50\x65\x28\x80\x8b\xa1\
\xf8\xbe\x45\xb7\xcc\xcf\x81\x99\xcb\x0a\x6c\x96\x89\x6e\x72\x41\
\xbc\x15\xf8\x83\xbe\x08\x2c\x83\xd0\xc9\xb6\x8f\xd1\x4b\x91\xd5\
\xfa\x58\x2c\x54\xe0\x28\xa5\x4b\xb2\x61\xad\x2d\x47\xba\x2f\x43\
\x92\x11\xd0\xc8\x80\xb3\xda\x84\xde\xf7\xa6\x35\xa7\xc0\x77\x11\
\xea\x02\x5b\x6d\x07\xac\x5b\xb0\xe6\xf7\xe2\x83\x09\x3a\x35\x2a\
\xd9\xd2\x9c\xd2\xb5\x1a\x66\x28\xb1\x39\xce\xcd\xf3\xa0\xe9\x08\
\x72\x63\x5a\x32\xf1\x0d\x2c\x23\x82\xf0\xcf\x03\xcf\x7d\x6a\xe0\
\x80\xb8\xe7\xa2\x4f\x99\x76\x7e\x4c\x00\x8f\xa4\x37\x20\x71\x5d\
\xa5\x80\x8a\xaf\xc6\x6c\x0e\xdb\x46\xae\x45\x3d\xd8\x09\x33\x74\
\xa7\xc1\x8a\x59\x75\x0f\x4e\x17\xc4\x20\xe4\x14\x7a\x7b\x24\xea\
\x78\x7b\x85\xd5\xbd\x45\xbf\x55\x43\xdb\xf7\xa4\x56\x91\xf4\xcb\
\x56\x01\xba\x97\x55\x8e\xc4\x4e\x71\x34\xc8\xe0\x94\x2f\x88\x27\
\x64\x41\xdc\x63\x6e\x00\xfb\x19\x90\xcf\x05\xff\x93\x21\xfb\xf6\
\x59\x00\x3c\x71\x82\x1e\x19\xd3\xaa\xd9\x28\x74\x92\x79\x22\xbb\
\x8c\x64\x2a\x09\x75\x7c\xab\x64\x79\x94\xf2\x2c\x34\xee\x85\x21\
\xd8\xc2\xf7\x33\x9f\xd4\x43\xa6\x0a\x6d\x2e\x87\x96\x2c\x14\xbb\
\x1f\x0b\xc5\x9f\xae\xa3\x9a\x0a\xac\x29\xa5\x9b\xb1\x2d\x59\x0f\
\xd4\x76\x70\xf4\x08\xbc\xd7\x75\x23\x67\x5a\x11\x61\xc2\x66\x1c\
\xdd\x28\xf0\xa7\x65\x5a\xf2\x83\x0d\x6f\xf3\x0a\x6c\x54\x33\x78\
\xe6\x51\x0b\x00\x95\xff\x3f\x0a\xff\xdb\x03\x50\x33\xcc\x64\xf6\
\x9d\x55\x46\xc5\x5b\x45\x6a\xfa\x20\x47\x60\x3c\xdc\xe0\x96\x53\
\x9a\x94\x5d\xdf\x58\xe4\x44\x0f\xe6\xf9\x80\xfe\x28\xb2\x92\x01\
\x7f\xac\xca\xc7\x23\x43\xd6\x15\x54\x1f\x09\xdb\x51\xb3\xbf\xcd\
\x33\x4e\x05\x2b\x1d\x9e\xed\x22\x7b\x7b\xa1\xc7\x4d\xd7\xd9\x62\
\xbf\x15\xe5\xea\x07\x5b\x92\xa4\x17\x76\x46\x43\x85\xb9\x76\x37\
\x10\xf7\x87\xc7\x4c\xff\xdb\x70\x86\x25\x19\x60\xa8\xcf\x07\xb8\
\x83\xad\xae\x0b\x4d\x16\x26\x17\xc9\xbf\x0c\x38\x0f\x3b\x68\xef\
\xa2\xd8\x81\x97\xa3\x23\xc7\x4e\x43\x27\x27\x44\x63\xb0\xdc\x08\
\x7a\x4e\xa0\xe3\xc1\x76\x24\xde\x19\xc8\x6b\x90\xdb\x18\xfa\x97\
\x5d\xf0\x83\x6d\xbf\x47\x3e\x54\xda\x8d\x08\xef\x57\x81\x56\x22\
\x0d\x3d\xaf\x9d\x5c\x22\x9e\x10\xce\x8c\xdc\x1b\x65\xb6\x5d\xb7\
\x89\xa1\x25\x76\xc4\x8d\x06\x25\x05\x90\x8f\xb6\x9c\xa6\x8d\x5a\
\x1c\xfa\x89\xfd\x8a\x94\x3f\x0c\x6a\xa5\xb1\xfd\x2d\x07\x26\xba\
\x29\x63\x6b\x4f\x17\x26\x97\xb0\xf9\x9e\xd3\x09\xac\x72\xcc\xad\
\xc6\xa2\x8d\x4b\xde\x61\xca\xa0\xd3\xd3\xf0\x0e\xf3\xe2\x44\xc6\
\xfe\x1d\xe4\xf3\xe6\x6d\xcf\x4d\x66\x80\xaa\xeb\xf6\x1c\x58\x64\
\x75\xc3\xbb\xbb\xbb\x5b\xd8\xf2\x06\x74\xb9\x8b\x3a\xbd\x5d\x68\
\x77\x56\xcd\x47\x40\xc8\x0e\x56\x37\xb4\x14\xd0\xc3\x46\x99\x57\
\x42\x9a\x40\x9c\xc9\xa1\xdb\x8d\xb3\x7b\xfd\x99\x4e\x17\x35\xac\
\xca\x7e\x55\x49\x7a\xb9\x79\xc3\xa7\x2e\xf7\x84\xeb\x74\x77\xd0\
\x63\x07\xd6\xcb\x73\x75\xb4\x5b\x90\xfb\x9e\x18\xf0\x91\x46\xc2\
\x1b\x20\x4b\xfc\xcb\xea\xf5\x77\xb3\xab\xa2\xb8\xb9\x58\xc3\xa2\
\x26\x80\xdc\x66\xf7\xc6\x24\x0a\xb6\x87\xc4\xce\x44\x63\x84\xc3\
\x25\xbc\x2b\x87\xf9\x91\x43\x25\xac\xdf\xa6\xe5\xa2\x13\xe8\x20\
\x08\xfb\xc1\xf5\x67\xe1\x24\x61\x14\x67\x37\xbe\x6b\x03\xf4\x42\
\xda\x66\x2f\x94\x87\x87\x87\x06\x92\xeb\x80\x45\xfe\x64\xb3\x4a\
\x2e\x67\x67\xd4\xa6\x03\xc2\xbf\x77\xfd\x19\x90\x43\xe9\x63\x92\
\xb6\x95\x5b\xaa\xc4\xc7\xd5\x7e\x32\x0f\xe7\xd6\x40\x7c\x6b\x8b\
\x90\x4a\xae\x58\xa6\x2d\xf0\x10\xdc\xfc\x68\x58\x3f\x91\x8e\x96\
\x3b\xb3\x94\x8a\x96\x3b\xb3\xbe\x69\xb7\x75\xb4\xdc\x99\xd8\xb9\
\x6c\x1c\xba\x92\x8c\xaa\x3b\x4c\x54\x8a\x72\x12\xc5\xd4\x32\xd0\
\x5c\x7f\xa9\xd5\x75\xfb\x70\xc6\x90\x32\xbd\xdf\x1d\x6c\xb9\x70\
\x56\x5c\x64\x9a\x42\x26\x0c\xea\x1e\x84\x7f\x4b\x5d\xe4\xd1\x91\
\x94\xba\x77\x23\xf9\x0a\xe5\x9a\x4b\x50\xb2\x36\x53\x0e\x35\xb6\
\x82\xe0\x60\x01\xe4\x60\x8a\x6c\x6e\x89\xe8\xc5\x10\xfb\x2d\x9f\
\x50\x6d\x17\x58\x0b\x10\x9f\x8d\xe1\x7f\xba\xb8\x63\x23\x7a\xe9\
\x73\xa0\xef\xe9\x70\xc6\xd9\x87\x59\xba\x56\x96\x0a\x40\x54\xf9\
\x28\xf9\xab\x08\x30\x69\x10\xb1\x39\x2b\x2a\xe3\x82\x6d\x0e\x81\
\x76\x05\x24\xba\xb3\xf2\x43\xa3\x6b\x37\x9d\xee\x43\x56\xa1\x50\
\xb0\xae\xa0\xce\x68\x93\x96\xe4\x0a\xb6\x38\xb2\x12\xfd\xd8\xec\
\xfa\xb0\xbf\xc6\xbc\xc5\xcb\x8a\xd7\x3c\x6a\xd6\xc3\x35\x33\x8d\
\x7f\x9c\x28\xa5\x54\x45\x27\x3f\x65\xe7\x46\xab\x96\x74\xb7\x21\
\xe9\x13\x05\x5e\xcf\xe1\x6b\x3e\x25\xe5\x26\x15\x39\x69\x6e\x28\
\xbe\xcc\xb3\x63\x6d\xc9\x71\xb9\x96\x10\x8b\x5a\xb4\xe5\x53\x9e\
\x2b\x64\x2f\x68\x8c\x84\x59\x5d\xb2\xbe\x14\x15\x2f\xc9\xd0\x40\
\x35\x28\xce\x8f\x40\x78\x2c\xfd\xe9\xc9\xe3\x43\x0a\xd4\xd3\x9f\
\x7e\x7d\x86\x19\x55\x7b\xc4\x92\x19\x35\xc6\xb5\xd3\x92\xeb\x94\
\xc0\x1a\xd2\xd2\x2b\xcd\x91\x72\x99\x63\x03\x8d\xc0\xde\x62\x4b\
\x6b\x6d\xa3\xea\xaa\xc8\xa2\x53\xa1\xc3\x8a\x8d\x2b\xea\xaa\x55\
\x6e\x73\xa7\xc7\x45\xce\x54\xa8\xf0\x91\x37\x57\x7a\xfd\xa3\xcc\
\x59\x2b\x3f\xb6\x84\x76\x5f\xe9\xb4\x94\xf6\x25\xdd\x99\x32\x4d\
\xcf\x02\x12\x20\x59\xbb\x85\x67\x4c\xdf\x46\x5b\x66\xcf\x9a\xea\
\xba\xdb\x8e\x75\xb4\xd0\xea\xf7\x69\x9b\x1e\x2d\x74\xa6\xc5\x88\
\x15\x6d\x9d\x55\xdc\x3e\xbe\x44\x9a\x49\xdc\x10\x25\x94\xf5\x30\
\x9f\xae\xb3\x19\xc1\x1e\xb6\xbd\x6d\xd2\xd4\xc8\x85\xb3\x01\xd7\
\x1b\x04\x9e\x8e\xbf\x37\x12\x7a\x43\x35\x47\xe9\xad\xc2\x41\xd3\
\xc4\x0a\x75\x6d\xc3\x26\x65\xe2\x2a\xc9\xc6\x54\x3c\x6a\xb6\xa4\
\x63\xf3\x0d\x65\x7f\xa0\x71\x01\x7d\xb8\xda\x14\xae\x26\x81\x1b\
\x00\x17\xf2\x6d\xc2\xed\xb7\xa3\xd7\x34\xb1\xc0\x89\x71\xde\xbc\
\x66\x4a\x82\xc8\x8f\xda\x42\xf4\xe3\x7e\xbb\x47\x9b\x04\xcc\x66\
\xed\x9a\x58\x1c\x4c\x3a\x37\xe1\x44\xd8\x4e\x20\x91\x0f\x85\x65\
\xc8\x5d\x7b\x4f\xe3\xa7\x63\x87\x2e\xd0\x31\xf9\x1a\xe5\xd4\x78\
\x15\xf6\x94\xc0\x6e\x04\x0a\x0b\x1c\x47\x8c\xd8\x03\xdf\x27\x9f\
\xbc\x94\x75\x42\xdc\x33\x83\x2f\x26\xa4\x81\x83\x16\x39\x3b\xca\
\x24\x02\x91\x4e\xbf\x1a\x32\x01\x32\x02\x82\xc5\x01\x45\x30\xdc\
\xd7\xd8\xf8\x99\x0c\xee\x3f\xde\xe6\xd6\x03\x1f\x7b\x57\x27\x7b\
\xb9\x91\x5d\x1d\x72\x04\x5f\x41\x4f\x60\x1b\x91\xfa\xf1\x6a\xcb\
\x12\xfa\xe9\xeb\xe6\xc9\xa4\x89\x89\x6a\x91\x61\x49\x76\xea\x68\
\xeb\xb3\x85\xe3\x8e\xe2\xdb\xdd\xe1\xb8\x5e\x79\x0b\x2f\x0e\xe3\
\xde\x91\x12\x80\x6c\x10\x25\xf0\xcb\xf4\x5f\x56\xf3\x55\x04\xe9\
\xe8\x2c\x56\x9f\x3d\x7a\x63\x6b\x21\x79\x15\xf6\xdd\x0a\xaa\xd2\
\xb8\x07\x0a\x7b\x14\x88\x47\xc5\x54\xec\xcd\x98\x8f\xfd\x06\xb4\
\x6f\x8f\x72\x3a\x3a\x70\xe7\xb0\x91\x80\x5c\xa4\xc6\x1d\xa8\xf1\
\xd8\x74\x53\xb4\x87\x21\x61\xba\x8c\xf9\xf8\x6b\x5e\x1c\x5d\xc9\
\xad\x52\x0c\xd0\xf5\x9a\x1f\x55\x6a\xfe\x3c\x6f\x31\x56\xd0\x00\
\x77\xcb\x00\x06\x7a\x52\x5c\x53\x63\xcf\x5b\x45\x71\x63\x88\xdf\
\xcd\xcd\x65\xbd\x3b\x5a\xc7\x45\xbb\xd1\x35\xa0\x18\xb6\x07\x2e\
\x02\xd5\xca\xe6\xc0\x38\xc2\x62\xd2\x2e\x6c\xf4\xc1\x6e\xeb\x55\
\x12\x57\xcb\x10\x5d\xbb\xd8\xa7\x21\x36\x3e\x50\xb6\xc6\xd3\x19\
\x9e\x9a\x7c\xbd\x44\x2b\x72\xf3\xd4\x38\x95\xc1\x23\x43\xc5\xa2\
\xe2\x1a\xd2\x3c\x43\xc3\xfc\x0e\x67\x8f\x3b\x81\xad\xe3\xc8\x29\
\x89\x0f\xd9\xd8\x42\xdc\x70\x42\xa0\x6b\x41\xfa\x10\x76\xae\xb8\
\x35\x09\xc7\xa6\xc8\x08\x1a\xaf\x6d\x79\x42\xe6\x92\x7d\x6c\x92\
\x73\x26\xe5\xb6\x88\x9b\x8f\x6f\x07\xf8\x72\x5e\xdb\xaa\xf6\x80\
\xd3\x24\x85\x1f\xfa\xd3\xa9\xd6\x91\xd9\x0c\x5c\x3e\x0b\xa9\x09\
\x0c\xae\xa6\x73\xfd\xf0\x50\x18\xc7\xc5\x1a\x06\x4d\xe7\xae\x46\
\xe7\x62\xb3\x22\xb6\x43\xa1\x30\x45\xa1\xb2\xc4\xd4\x83\x61\xf3\
\x07\x1d\x11\x94\xbc\xd5\x35\x21\xe5\xc9\x84\xca\xc8\x88\x05\x10\
\x19\xfc\x9c\x55\x5e\x5c\xc9\x93\x0b\x23\xff\xcb\xa1\xc3\xf2\xd6\
\x42\xd8\xb1\x83\xbe\x35\xb5\x70\xd7\x34\x3c\xe4\xd1\xce\x29\x6f\
\xad\x38\x57\xf3\xd6\x62\x1e\x03\x53\x03\x67\x0c\x6c\xdf\x2a\x08\
\x34\x6d\x10\xf7\xa0\x4e\xa5\xf9\x24\x1f\xe4\x33\x50\x7b\x7d\x0f\
\x28\x26\x8c\xaa\x06\x78\x06\x63\xc7\x38\xd1\x79\x1d\x82\x7a\x8a\
\xed\x18\x64\xa2\xf2\x76\x4e\xfd\xb1\x84\x3f\x02\xa1\xc0\xc3\x8d\
\xab\xe0\x88\x87\x6a\xd1\x65\xe5\xc0\xdb\xf6\x50\xd8\x1c\x5d\x8f\
\x9c\xc7\xf8\xe6\x18\xb9\x33\xed\x46\xa6\x16\x58\xf9\x6b\x6f\x0d\
\x50\x70\x50\xfb\x88\x6f\x72\xdb\x04\x48\x1e\x2c\x7a\x69\x25\x47\
\x84\xbf\xe7\x79\xed\x52\xe6\x20\x66\xb8\x6d\xb2\x4e\x26\x0c\x9c\
\x66\x07\x01\x92\xd4\xe9\xce\x96\x9d\x0b\x0d\xd7\x71\xd8\x74\x56\
\x01\x78\x24\xc5\x66\x84\xba\x15\x7e\x31\xa5\x63\x3b\x86\xb8\x02\
\xd3\xbc\xe8\x85\xcd\xb8\xfe\x42\xa2\x8e\x7c\x3d\x4d\xce\x4f\x73\
\xc8\x54\x9e\xd3\x0d\x9e\x5b\xd0\xf6\xa7\xda\x03\x4d\x7b\x60\xc5\
\x5b\xc8\x3c\x63\x3d\xbf\x11\xff\x40\x28\x4f\x37\xe7\x1d\x4a\x6e\
\x96\x38\x0f\x29\x72\xdc\x20\x8c\x80\x5c\xe8\x2f\xc2\xf8\xde\x98\
\xbc\x17\x44\x7c\x4c\xa4\x6f\x31\xac\xa5\x0c\x03\x4c\xf1\x85\x43\
\x73\x4d\x03\x71\x45\xf1\x61\xd8\xfc\x26\xc6\x67\x18\xe1\xa1\x37\
\xc0\x51\xc5\xd4\x24\xfb\x53\xa3\x0e\x95\x73\x04\x61\x8a\xf8\x9f\
\x24\x62\x78\xc6\x2d\xcb\xf6\x0e\xad\xb1\x99\x9f\x44\x16\xa2\x11\
\x81\x04\x52\xb5\x14\x5b\x9e\x8e\x2f\x40\x7c\xb8\x87\x39\x62\xbc\
\x2d\x0a\xf0\x65\x64\xfa\xc2\x68\xf1\xec\xe7\xcc\x86\x98\x2a\x45\
\x0e\x6e\x01\xa0\xea\x36\x5f\x5e\x8b\x53\x88\x8a\x11\x8c\xd0\x35\
\x9c\xb0\x60\x26\x4a\x13\x24\x94\x10\x17\x4b\xb1\xf7\xfd\xc0\x6f\
\x71\x30\x40\x58\x07\xdb\x8b\x53\x1e\x90\xbd\x01\x22\x41\xca\x17\
\x7b\xc7\xdf\x76\x12\x15\xa5\x77\x07\x13\xb2\x41\x7b\xbe\x4b\x97\
\xcf\xd8\x3a\xdf\xb7\xa4\x83\x64\x1b\xd6\x07\x7e\x33\x36\x66\x48\
\xcc\x01\xd6\x41\x1f\x13\x1d\xb7\x1f\x0a\x8f\x15\x4b\xaf\x32\x3a\
\xd8\x1b\x50\x4d\x1e\xd8\xfd\x2a\x39\x1c\xfa\x9d\x5f\x15\x5a\x5b\
\xee\xb4\x40\x80\x42\x89\xd8\x38\x6b\x39\x61\x28\x15\x92\xb0\xf2\
\xc9\x16\xba\x6e\x33\x40\x6b\x93\x4b\x76\xdf\x45\xda\x33\x59\x13\
\xb1\x58\x05\x15\x39\x74\x40\x3a\xa3\x43\xb4\x74\x1c\x8b\xe4\x26\
\x3d\xf5\x4d\x50\x3e\x27\x95\x43\x3a\x79\xd6\x08\xcc\xcd\x08\x58\
\x4e\x73\x4a\x63\xb4\x8e\xc8\xa2\x70\x9a\x79\xf6\x74\x2f\x43\x5c\
\x8e\x4d\xd7\x9b\x19\xda\x50\xb1\x31\x8e\xbd\x01\xc4\xc8\xd3\xa5\
\x2c\x83\x4d\x15\x60\x9b\xb0\x21\x33\x89\x16\xd3\x20\x5a\xbf\xa8\
\x13\xf8\x83\x2d\xe3\xc2\x34\x61\xc0\x1c\x38\xcc\x48\x51\xb7\x6a\
\xe7\x18\xd9\xdf\x24\x8b\x95\x1e\xd0\x6d\x5b\x1b\x9d\xc5\x6c\x14\
\x07\x99\xae\x97\xa9\xbf\x64\x76\xc4\xd8\x58\xe4\x08\x32\x45\xf5\
\x1d\x6f\xc7\x0d\x7c\x8f\x6e\x29\x76\xec\xc0\xc5\xa5\x9b\x26\x89\
\x05\xe7\xa3\xf7\x35\xba\x55\x84\xda\xad\x02\xcf\x5a\xb6\x5c\xda\
\xd2\xfe\x40\x14\x4d\x57\x9f\x39\x8b\xa3\x2d\xea\x33\x06\x8d\xa8\
\xc3\xbe\x13\x69\x07\x53\x1a\xa9\x32\xe5\x8f\x1b\x12\x6a\x42\x1f\
\xab\x51\xf3\x69\x99\x68\x8a\x36\x33\xc5\x21\xd0\x9f\x1a\x5e\x19\
\xb1\xed\x13\xfc\x95\x70\x67\x32\xcc\xdd\xc9\xbb\x58\x67\x75\x38\
\x71\xda\x9a\xaa\xf9\x9e\xdf\xb3\x99\xbe\x74\x00\x2f\xd0\x8c\x91\
\xac\x5c\x55\xf4\x6f\xed\x67\x80\xec\x74\x7c\x89\x81\xd1\xca\xd8\
\x46\x98\x46\xa6\x9c\xdb\xf1\x02\x1e\x7d\x97\x67\xc8\x65\xd2\x69\
\x4f\xaa\x28\xbf\x82\x7a\x1a\x40\xc0\xbc\x82\x0c\x46\xa6\x02\xe2\
\x8c\xac\x09\x20\x9d\x5a\x38\x4e\x37\x54\xe7\xee\x64\x16\x9c\xcf\
\x59\xb3\x2b\x4c\xc1\x66\xeb\xce\x25\x10\x2b\xaf\xc2\x2e\xb2\x66\
\x07\x61\x30\xdb\xf5\xa1\xc1\x59\x7c\x9c\x8c\xfc\x2d\xe6\x92\xb4\
\x8a\x21\x94\x5b\x31\x91\x67\xe9\xec\x1e\x74\xbb\x09\x74\x1a\x84\
\x89\xdc\x1f\x0c\x92\xae\x0d\xe2\x20\xf9\x73\xa7\x30\xc9\xf4\xbe\
\xa1\x80\xb9\x93\x34\xd1\x73\x19\xe3\x9b\x4b\x8e\x8f\x1f\xe9\x0f\
\xfd\x14\xd2\x5f\x21\x8d\x7e\xcc\xfd\xa5\x52\x02\xee\xa3\x49\xd3\
\x75\x0e\x8e\x7b\x16\x86\x83\x1e\x4b\xf6\x3a\x6d\x23\xde\x02\x27\
\xad\xcb\x02\xd3\x20\x2b\xaf\xe3\x4f\x79\x7e\xaa\x22\x7a\xfb\x68\
\x5f\xcf\x82\xb5\x1e\xb8\x3b\xc8\x02\x70\x94\x12\x65\xed\x45\xa7\
\x5b\x44\x11\x75\xe8\x30\x57\xef\x95\x22\xaf\xe3\xb6\xdb\x64\x1a\
\xda\x55\x0a\xf3\x54\xaa\x42\x2b\xd6\xcc\x01\xc6\x27\x53\x14\xc6\
\x21\xb6\x12\x9e\xee\xc6\xc6\x11\x17\x9b\x30\x69\x75\xb9\xcb\x51\
\x90\x43\x49\x6f\x02\x04\x21\x36\x40\x1b\x0a\xc6\xa2\x5d\x7d\x74\
\xe6\x18\x42\x19\x15\xf0\x39\x6d\x21\x7e\x0b\x84\xd1\xa1\xd4\x8f\
\x23\x16\x1f\x85\x82\xee\xf0\x92\xe3\x0c\x4d\x63\x3b\xcf\xf7\xf6\
\x7a\x18\x81\xc7\x08\xeb\xa4\x03\xd3\x71\x46\x05\xa7\xcd\x44\x29\
\x11\x18\x22\x85\x16\xc8\x68\xeb\x16\x94\xef\xdd\x11\xdd\x7a\x43\
\xff\xf6\x5a\x5c\xe8\xa7\x8f\x28\x49\x51\xd4\x4d\xdc\x9f\x58\xb9\
\x1a\x6a\x41\xf2\xc2\x33\xcd\xbd\xa8\xbe\xa9\xfd\x67\xb4\xc8\x98\
\x46\xd2\xc4\x70\xf8\x77\x5a\x3e\x46\xb0\x5b\xb7\x2e\x89\xec\x9b\
\x07\xee\xca\x44\xed\xac\xfd\xa9\x03\xc4\xf0\x46\xa1\x10\x77\xd3\
\x96\xd0\x58\x8b\xa8\x09\xda\x02\x79\x29\x1f\x44\x01\xa7\xbe\xf7\
\xc8\x5a\xb2\x74\x84\x42\x4e\x58\x21\xfd\xa9\x1e\xe0\xc3\x0e\x1c\
\x5a\x4e\x90\xa9\xf5\x5f\x54\x21\xd3\xe8\x4a\x15\x8f\x00\x89\x52\
\xaa\xb3\x35\x49\xdc\x9d\x5b\x10\x57\x28\x33\x91\xe9\x08\x83\x35\
\x85\xf6\x34\x25\xe3\x14\x34\x64\x7f\x92\x8b\x4d\x10\x10\xb8\x09\
\xa0\xb0\x3b\x40\xbe\x6c\x93\x4f\x8d\x62\xac\x0d\x78\x90\x66\x49\
\x05\x7b\x4e\xdc\x9c\x92\x26\x05\xc1\xa1\xcd\x9b\x25\xfe\x60\xf2\
\x12\x6a\xec\xc5\x90\x71\xec\xdf\xdc\xad\x43\x5d\x49\xe5\x7a\x20\
\xd2\x4a\xbd\xcc\xa0\x8f\x86\x21\x2f\x6d\x61\x09\x88\xaf\xa3\x31\
\x92\x70\xd5\x02\xc9\x64\x5c\x1c\xbd\x65\x93\xe3\xe3\xe2\xe0\xc9\
\xc9\xb1\x32\x62\x72\x7d\x39\xc5\x12\xd6\xca\x7c\xa4\x3d\x0f\x13\
\x52\x09\xaf\xc6\x9a\x95\xaa\x9c\x35\x35\xe3\x80\x53\x33\x04\x7e\
\x3a\x1a\xc4\x9b\xe1\x79\x9c\x29\x1f\xe6\x07\xce\x31\x3e\xf3\xb3\
\x16\x4e\x98\x8c\xc4\xba\x25\x8e\x9e\xdb\x31\x19\x9d\x2d\x79\xa4\
\x1c\x64\xd4\x19\xf7\x36\x83\x3d\x5e\xd5\x46\xe3\x4b\x8d\xd4\x6d\
\x45\x7a\x6e\xfc\x89\x79\x63\xa1\x3e\x97\xfe\x62\x11\x85\xb2\x1d\
\x03\x3f\x8c\xf6\x32\x7c\x0c\x1b\x0c\xb5\x8e\xb7\xb5\x07\x70\xba\
\x6a\xe9\x94\x28\xc9\xfb\x55\xee\xed\x0a\xbc\xd4\xbd\xf0\xc5\x2a\
\x05\x0e\xd9\x12\xe3\x0c\xcc\x25\x8e\x17\x48\x5e\x24\x97\xb6\xa2\
\x7f\xd4\x8e\x1e\x32\xf5\x39\xe0\xb1\xad\x14\xa8\xce\xf1\xc7\xf0\
\xd9\xd0\x2f\xaf\xa5\x9f\x9e\xb6\x26\x75\x8c\x12\x1d\x9b\x0a\x08\
\x52\xd7\xed\xe1\xc4\xf4\x50\xed\x5e\xd8\xb3\x0d\xb2\x95\xea\x9c\
\xfb\x4e\x77\xf1\x6a\xdd\xd0\x57\xbe\x56\x1a\x80\xfe\x92\xf7\xe6\
\x9e\xcf\xbc\x94\x6a\x79\x78\x13\xdd\x88\x75\xf2\x73\x75\x1e\xce\
\x54\x2f\xec\x87\x8b\x43\x9a\x88\x91\x66\x45\x5a\x8d\xa7\x75\x14\
\x3a\x67\xbb\x52\x51\xf8\xa2\xb3\xb6\x45\xa2\xf5\xe2\x63\x95\x04\
\x61\x37\xcc\x48\xf6\xc2\xd7\x13\x9a\xdb\xb6\x39\x6c\x4a\x1c\xe4\
\x80\x1c\x86\xd2\x7a\x3b\x52\x9e\x89\x19\x98\x0a\x5d\xa4\x15\x84\
\xcc\xab\xc4\xe6\x6b\x04\x44\x0c\x0e\x9b\xa1\xe4\x91\xeb\x3c\x6e\
\x55\x34\xaa\x2c\xef\xc1\x83\xb8\x3f\xb5\x89\x33\xf5\xc9\xb6\x5a\
\x6e\xa6\x91\x8d\x60\x19\x88\x58\xdc\x61\x6e\x39\xa9\x6c\x48\x5c\
\xa7\xcc\xb1\xcc\x9b\x01\xfc\x73\x08\x7e\xdc\x83\x27\xce\x41\x07\
\x27\xd4\xd3\x49\x7c\x3a\x49\x06\x57\x93\xb7\x41\xa3\x93\x4e\xe7\
\xbe\x1f\x5d\x4e\xd7\x35\x14\x15\x23\x85\x50\xd2\x5a\xf2\x95\x5f\
\x64\x64\xab\x55\x51\xe0\x80\xf3\xe2\xbb\x21\x5c\x31\x15\xeb\x91\
\x58\x24\x60\x36\x31\x21\x8c\x4d\x19\x24\x30\xd4\xda\xa7\xd1\xb7\
\x6b\x09\x43\xa8\x07\x52\xb0\xe9\xe7\x3a\xde\xd4\xb0\xc9\x34\x73\
\x3a\x8e\xca\xa8\x4a\xc9\xec\x5d\x89\x47\x4f\xe9\x51\x6a\x7d\x1b\
\x23\xa3\x1f\x3e\x59\x98\x3c\x7c\x2a\xd1\x4a\x4d\xd9\x94\xca\xdb\
\x39\xeb\xc6\x5d\x47\xef\x9c\x2c\x7a\x5b\xce\x96\xd3\x44\xad\x3b\
\xdb\x69\x53\xaa\x7b\x95\xc0\xc0\xe6\x90\xfa\x73\x46\xd8\x76\x65\
\xea\x5a\xc3\x9c\x22\x98\x38\x62\x0b\x47\x84\x76\xb3\x38\x9f\xc0\
\x11\x83\x58\xc7\x8d\x9c\xbc\x72\xb1\x64\x5f\x54\xdb\xbb\x36\xa0\
\xb0\x23\x5e\x4e\xdc\x36\x73\xac\x3b\x76\x50\x75\x4c\x39\x27\x38\
\xef\x46\x9b\xa2\x00\x3b\xe3\x60\x59\xe2\xf2\xe3\xd3\x63\x84\x91\
\xbc\x5f\xb9\x21\x0b\x8c\x5b\x64\x58\x75\xe0\x3d\x94\x5c\x92\xf3\
\x37\x62\x36\xc8\xa8\x7f\xd0\x65\xd5\xd0\x85\xb5\xd6\x45\x1b\x97\
\xce\x37\x70\x85\xa5\x86\x3a\x7c\xe7\x44\x21\x69\x24\xc0\x40\x0c\
\x21\xf6\x6b\x95\x28\x8d\xfa\x36\x7e\xec\xfb\xaa\xd4\xd1\x49\xe3\
\xf3\x11\x3d\x5c\x0a\x06\x24\x9d\xe0\x60\xd1\xa0\xc4\x01\xe4\x9e\
\x84\xd5\xc8\xe3\x92\xf0\xbf\x57\xaf\x4a\xd1\xcb\xf3\x3a\x49\xc1\
\x8f\x2d\x2e\xf0\x9e\x98\x0a\x7a\x7c\x92\x2e\x96\x8f\x16\x5c\x97\
\xfe\xe5\x16\x5c\xfe\xd2\xe5\xaa\xae\xd7\xa5\xa2\x4d\x45\x9b\x0b\
\x9f\x8b\x0e\xfd\xc3\xff\xf2\xb7\x1d\xfe\xb6\xc3\xdf\x52\xa5\x56\
\x48\x1f\xe2\x3f\xfd\x4e\x5f\x8a\xd3\x52\xde\xcb\x65\xd4\xe3\x4e\
\x3c\x9a\x09\x0d\xad\x27\x77\xd7\xf4\x37\x7d\xdd\xa3\xf7\x6d\x1f\
\xdd\x76\xd5\x85\x17\x7a\x45\xd1\x25\x84\x22\xa6\x0b\xc4\x65\xc1\
\x89\x33\x4d\x2d\xef\xf1\xbf\xbb\x58\x6c\x3e\x70\x9c\x0b\xea\x74\
\xf3\xf8\x29\x2e\xce\x50\x71\x82\x0b\xfa\x07\x63\xee\x1e\x2d\xec\
\x74\xda\x52\xd0\xd8\x06\x2d\xfa\xf1\xa9\x70\x53\xd0\xdf\x6d\x39\
\x63\x1d\x1e\xb4\xe7\x24\xad\xb7\xe4\xee\xcd\xe6\x3d\x32\x2a\xee\
\xc7\x0c\xdb\x2a\xdd\x28\x6e\x19\xb9\x59\x4c\x18\xf5\x0a\x23\x2c\
\xf7\x7c\x51\xcc\x73\xaa\x4c\x6f\x4a\x2f\x4e\xe6\x4b\xb6\x44\x45\
\x05\xe0\xea\x60\x99\x1a\x89\x55\x4d\xe5\xf1\xcd\x86\x28\xd3\xd9\
\x37\x8a\x72\xfb\x43\x43\x6b\xa2\xbd\x9c\xd3\x1a\x50\xf0\x86\x29\
\x3c\xbc\xfa\x78\xd2\x4d\x4d\x4f\x0b\x27\xcd\x41\x85\x54\x49\xa6\
\x2b\x33\xcc\x00\x31\x13\xa1\x7f\x09\x87\xa9\xdf\x08\x80\xf1\x55\
\x42\xdc\x94\xfa\x56\xa9\xd3\xf0\xbe\x4a\xdb\x46\xc6\x48\x94\xbc\
\xbc\x86\xe3\x47\x79\xb5\xab\xb9\xe0\x45\x2c\x6b\xf6\xb5\x46\x5d\
\x42\xa4\x28\xbf\x64\xf1\xda\xa6\x76\x05\x64\x70\x1a\xe3\x0d\xbe\
\x71\xdf\xa9\x6c\x71\xd3\x92\xd6\x98\xb8\x54\xa7\x5c\xc4\xa3\x0e\
\x09\xc1\x23\xb3\xd2\x01\x16\x93\x94\x91\x03\x35\x99\x18\xfc\x24\
\x41\xd1\x50\x09\x89\xb1\xb1\x93\x71\x66\xd0\x37\x2e\x88\xc9\xa7\
\x25\x19\xa0\xf0\xe6\xd0\xe6\xdb\x04\xfa\x56\x14\xa7\x5d\x1d\xb2\
\x14\x0f\x09\x33\x5f\x83\xcd\x56\x78\xc2\x06\xca\x38\x88\xd7\xd5\
\x24\x33\x12\x06\x71\x4e\xb5\x7a\x4e\xda\x31\xce\xa2\x73\xbd\xbd\
\x06\x14\x0d\xfe\x65\x9a\x23\x29\xd2\xb1\xa8\x30\x02\xb1\x7b\x93\
\x23\xb1\x27\x5c\xec\xe1\x7f\x18\x5d\xd1\xec\x1a\xc1\x43\x2a\xa9\
\x68\x04\x18\xf1\xce\xbf\xd7\x8f\xf6\xc4\x6e\xcd\x4b\x98\xf1\xa8\
\x63\x40\xc7\x50\xd6\xf0\xc9\x27\x47\x84\xb3\x07\xd0\xc4\xf7\x59\
\x9f\x99\xe7\xa1\x8e\x56\x9c\x30\x2c\xd0\xa7\xe3\x0d\xe0\xab\x64\
\x87\x1e\x11\xca\x34\x09\x6f\xb3\x6e\x96\x56\x43\x5b\xb8\x29\xa4\
\x42\xef\x7b\xac\xc0\xd6\x5a\x09\x40\x4f\x1b\x37\x1d\x06\xf6\xcb\
\x87\x89\x96\x4c\x13\x3c\x9d\x6d\x86\xef\x36\x74\x96\x0e\x53\xd7\
\x8c\x27\x50\xe0\xef\x86\x2a\xaa\x35\xdd\x7e\x24\x93\x62\x27\x47\
\x3e\x7d\xf3\xca\x94\x24\x84\xc6\x22\x02\xa9\xba\xfb\xd1\x82\x78\
\x7a\xb4\x1f\xd2\xd4\x00\x6f\x2e\xd5\xe6\x66\x89\x45\xd9\xcc\xf1\
\xd5\x34\x07\x60\x22\xe3\xaa\xc4\xc6\x89\xa3\x23\xd8\x6c\x55\xa7\
\x62\xb7\xf7\x55\xe0\x65\x23\xf8\x47\x62\x0c\xaa\x3d\x5b\xe9\x65\
\x5a\x7a\x00\xbc\xd6\x47\x0b\x68\x83\x67\x4d\x41\x63\xca\x36\x0a\
\x76\x9b\x0e\x85\xc8\xf4\xe0\x40\x89\x27\x0b\xef\x6e\x5c\x44\x5c\
\xaa\xe0\xd7\xac\xa5\x97\x58\x73\xfb\xa0\x7a\x46\xe5\xb1\x42\x54\
\x10\x65\x54\x76\xfa\xb1\x55\x98\xc4\x50\xb2\x9e\x1a\xf8\x91\xc1\
\x76\x27\x64\x6f\x90\x10\xb5\x1e\x82\xe3\xa0\x93\x05\x61\x33\xb0\
\x81\x95\x8d\x0e\xb0\x66\x19\x13\x02\xab\x1b\x2b\xc5\xc6\x52\x65\
\xad\x8e\xf9\xa3\x87\x67\xbf\xa1\x82\xe5\x8a\xe0\xc1\x77\xe5\x42\
\xe6\x31\xf3\x2c\xa6\x48\x07\x72\xca\x9a\x33\xa4\xd4\x83\x2e\x65\
\x2e\x10\x35\x1e\xfe\xdd\xe3\x28\x32\x3c\xc3\x2c\x77\xa4\x8b\x2a\
\xc1\x41\x66\xeb\x9c\x5e\x02\xed\x8a\x5b\x48\xd2\xf0\x86\x44\x01\
\x18\x04\xb6\x38\x7a\x2f\x99\xff\x79\x03\xe2\x82\x02\xa7\xe7\xcb\
\x3d\x0f\x8e\xa9\x01\x0c\x25\xba\x29\xf1\x48\x34\x8b\x64\xe4\x1c\
\x4e\x66\x0b\x87\x6f\x38\x06\x4c\x4f\xd4\x84\x81\x63\x64\x7d\x1a\
\x72\x6a\x3a\x33\xe4\xd4\x74\xef\xb0\x53\xd3\x89\xe3\x9f\x7e\xaf\
\x26\xb5\x9e\xab\xc5\x85\x6a\x65\x74\xd4\xf2\xa1\x6a\x44\x5f\x94\
\x8b\x92\x28\x41\x3d\x67\x57\x31\x72\xe4\x3b\x07\xec\x67\xfc\x46\
\xfb\x9b\xc4\x81\x8e\xe1\x57\xf9\xd4\xfc\x51\x11\x2d\xd7\x8b\x91\
\xc3\xe6\x30\xb4\x64\x62\xac\xfc\xed\x86\xcc\xba\xca\x3a\xf4\xbc\
\xfa\x2e\x65\xc9\x35\x26\x3c\xea\xd5\xe2\x5a\x63\xa1\xb2\x8a\xc9\
\x87\x1b\xc5\xa5\xd1\x9c\xbc\xd8\x71\x6a\x3e\x31\x8e\x6e\xa0\x4f\
\x7a\xd3\xca\xd6\x30\x8d\x65\xc3\x56\x4a\x16\x16\x27\x4c\x23\x24\
\x03\x7a\x49\x0e\x8c\xd6\xfd\x27\x59\x0a\xf4\x25\x4c\x35\x26\x45\
\x0c\x78\x7b\x88\xec\x83\xb4\x1a\xff\xf4\x0d\x83\x68\xb1\x2e\xe1\
\x24\x6f\x62\xa0\xd8\xa5\xc0\x16\x4d\x67\xd3\x17\x8e\x2e\x4e\xf4\
\x23\x2d\x71\x6a\xaa\x50\x29\x04\x99\xc8\x67\x42\xc2\x38\x6a\xc9\
\x70\x16\x2d\xba\x35\x85\xc7\x49\x27\xfa\xd4\xe9\x90\x34\x67\x31\
\xce\x20\x86\x36\xcb\xfd\x43\x9b\xe5\xc4\x71\xf8\x6f\x68\xbf\xdc\
\x7f\x72\x4c\x1a\xb6\xb1\xc2\xc6\x36\x07\xa4\xd7\x4b\xd5\x3b\xd0\
\xc4\x04\x93\x36\x2b\x2b\x2e\x9d\x29\x5d\xcd\x99\xe9\xb8\xc7\x21\
\xa0\x62\xc6\x91\x68\x3d\x4b\x32\xf4\xd2\xbc\x90\x4e\xde\x9b\x32\
\xb2\x77\x90\x2b\x0c\x23\x89\x13\x8c\x10\x8f\xb3\xa3\xc4\x9c\xba\
\xe8\x7f\x13\x89\xf5\x6e\xfa\x92\x9a\xc0\x51\x2b\x2f\x96\xe6\x8b\
\x19\x3b\x82\x28\xf2\x70\x24\xaa\x0c\xbe\xce\x6c\x27\x8e\xaf\xab\
\x23\xb0\x88\xa7\x08\xe2\x3b\xc8\x26\x01\xb6\x40\x17\x10\x4c\xaf\
\xe9\xee\x98\x88\x5f\xe0\x38\xe4\x39\x0a\xbb\xc4\x06\xa1\x93\xe6\
\x83\x19\x9a\x98\x69\x8f\xb3\x42\x28\xd3\x3a\x3f\x5e\x97\x8e\x43\
\x4a\x1c\x95\x6b\x8b\x14\xaa\xaa\x09\x66\xe2\x6a\xb2\x09\xf8\x20\
\xe3\x83\x1a\x7d\x0f\x28\xdb\x1b\xc7\x3f\x33\x92\x0f\x51\x54\x11\
\x15\xcb\x80\xa2\xdb\xa0\x96\x09\xda\xa6\xbf\x5d\x66\x5c\x58\xe5\
\x16\xf8\xb0\xc9\x39\xab\x37\xa7\x95\xe2\x3b\x00\xb2\x00\xd2\xbf\
\x45\xb1\x65\x25\x6c\xa8\x2d\x1f\xe0\xe6\x46\xca\x7a\x2e\x91\xf5\
\x0e\x10\x64\x3f\x98\xe3\x6d\xbb\x19\x40\x0c\xbd\x24\xf0\xb6\x86\
\x0c\x19\x3e\x8d\x2a\xe4\x15\x0c\x6e\x60\xe4\x5c\x75\xa2\x6b\x03\
\x6f\x8b\xa3\x1b\x58\x18\x78\x70\x0b\x63\x2c\x74\xed\x2d\x15\x3e\
\x70\x1c\xfc\xd3\x3d\xce\x6f\x9c\x5f\x29\xd7\x32\xc2\xc3\xe2\x6c\
\xd2\xb5\xf6\xb9\xd6\xd1\x49\xbf\x14\x63\x4a\x19\xbe\xc8\x30\x67\
\xb0\x45\x3b\xd3\x4c\xa1\x87\x37\x38\x12\x30\xd3\xc8\xe0\x76\x05\
\xab\xc6\xbe\x94\x37\x74\xbd\x3a\xf6\xce\xd3\x73\x5a\x58\x2e\x1f\
\x30\x6b\xa8\x91\x4a\x85\x86\x8c\x79\x7c\x7b\x50\x68\x75\x5c\x09\
\x4d\xa7\xb4\x26\x19\x59\xd0\x38\x81\xd2\x7e\xb7\xac\x18\x60\x27\
\x4e\x44\x42\x90\x7b\xfe\x93\x9a\xc5\x11\x67\x4a\xeb\xd5\xd2\x02\
\xfc\xb5\x38\x06\xa2\x24\x2b\x3f\x27\x7c\x69\x63\x48\xd4\x16\xc1\
\x70\x4c\xb4\x31\xbe\xb8\x6d\xd8\xc3\x71\x78\x46\x1e\x77\xe9\x78\
\x3d\x59\xc6\x06\x6d\x1d\x5e\x21\xc6\xa1\x8c\x3c\xa7\x62\xc3\x96\
\xb4\x20\x17\x29\x1c\xe0\x57\xec\xf7\xbb\xce\x91\xd0\xba\x44\x6c\
\xd0\x29\xba\x53\xda\x92\xd8\x60\x18\x71\xd5\xef\x13\x43\x60\xd8\
\x3d\xe7\xb1\x8e\xb6\x41\x44\x6a\x5a\xa9\x5d\x42\x06\xf9\x5e\x6b\
\x6a\xc5\xf1\x01\xb9\xd1\xcb\xbd\xae\x59\x4b\x7b\x38\x42\x46\xea\
\xb0\x36\xd2\x8e\x62\x14\x76\xde\x0c\x86\xc0\x31\x9c\x01\xa7\x2a\
\xb6\xc3\xc4\xf8\xc8\x81\x4f\x23\x52\xab\x86\x90\xa2\x26\x6c\x53\
\x38\x20\xe3\x75\xf3\x53\x89\x13\xa2\xb4\xa9\xfc\x90\x6c\xe2\xf5\
\xda\xc6\x76\x91\xe1\xe1\x04\xb3\x35\xe0\x14\x9d\xf6\xec\xa2\x39\
\xaf\x59\x0e\x5d\x15\x6a\x63\x70\x86\x28\xb5\x8c\xa9\x9c\x71\x0f\
\xdb\xc2\x59\x61\x58\x42\xe4\x99\xf5\x39\xa5\x5a\x2e\xa0\x9a\xca\
\x29\x00\x1a\xce\x8a\xef\xc4\x2c\x5d\x77\xef\x38\xb3\xe2\x83\xd8\
\x26\xc3\x6b\x58\xe9\x59\x01\x21\x75\x33\xdb\xe0\xab\x68\x4a\x18\
\x94\x48\xc3\x12\x67\x81\x78\x1e\xe3\x4f\x66\xc5\x28\x39\x18\xf7\
\xcd\x80\x26\x37\xb1\x01\xe0\xd8\x1d\xb2\xd0\xa6\x79\x48\x40\xeb\
\x08\x73\x91\x21\xa0\x50\x67\x9c\x19\x52\xa6\xee\x1b\xb8\x81\xc6\
\xef\x1c\x4e\x86\x63\xb9\x33\xe7\x1d\x27\x9b\x89\xe3\x7c\x53\x1b\
\x3a\x65\x25\x20\xca\x00\xf1\x49\x7a\xc8\x8b\x3a\x5e\x7e\x55\x31\
\xee\xb2\xd2\x4c\xe8\x01\x27\x03\xd3\x98\x9e\x48\x2d\xbf\xef\xd2\
\x81\xa0\x52\x32\xd0\x08\x43\xa3\x3d\x0c\x46\xc2\x3d\xb3\x68\x91\
\x88\x6c\x18\x07\xe9\x06\x00\xc9\xce\x1b\x6e\x22\x3e\x81\xb4\x41\
\x84\xe8\xdf\x93\x41\x7c\x54\xa8\xe7\x22\x89\xfe\x30\x34\x72\x47\
\x53\x90\x35\x87\x0d\x88\x86\xdb\x21\x29\x8d\x10\xd8\xd8\x04\xf8\
\x56\x26\xe7\xbc\x19\xb4\xc5\xef\x0f\xc6\x57\xea\xe5\x20\xc1\x44\
\xd3\x3a\x93\xb2\xdd\xba\x73\x45\x9d\xd8\xe3\x8d\x36\x7b\x6b\x25\
\xd5\x60\x71\xfe\x83\xa8\x83\x1e\x9f\xc6\xb6\x63\xb0\xc6\x7b\x6f\
\x4e\x0c\x62\x3a\x78\xeb\xa8\xfe\x6c\xa9\xdb\x21\x7e\xe4\xc4\x22\
\x71\x45\xbe\x99\x48\xe4\xfd\x32\x0f\x2c\x75\x45\x6c\xa6\x18\xa0\
\x6e\x29\x9b\xd8\x45\x3f\xd8\x06\xac\xa4\x18\x3a\x92\xf6\x4e\x3b\
\xb8\x36\x1d\x40\x5f\x4f\xb2\x33\x9e\x3c\x7e\xf2\x44\xdc\x06\x3a\
\x55\xf0\x7d\xaf\x1f\xb8\x50\xcb\xee\x52\xf0\xe1\xbc\x78\xca\x15\
\xfc\x82\x9c\x01\xbb\x5e\xd7\xb7\xdb\x6c\x25\x92\x87\x76\x36\x29\
\x48\xcf\x94\xde\x90\x84\xaa\xbb\x6a\x10\xe4\x88\x20\xbe\x37\x3d\
\x54\x5e\xed\x21\x0a\x5b\xe4\x02\x8d\xc7\xaa\x47\x76\x66\x3d\x20\
\xd7\xd3\x71\xb6\x38\xdd\xc9\x88\x46\xb5\xba\x6b\xd7\x69\x5a\x72\
\x16\x50\x04\xf6\x32\x53\x24\x3e\x53\xf9\xca\x8f\x1d\x20\x08\x97\
\x32\x60\x64\xe4\x34\xd7\x89\x46\x34\xa8\x31\xb8\x1b\xc6\x70\x43\
\x1a\x67\x62\x66\xcc\x46\x18\x19\x41\x88\xcc\xe8\x50\x99\xd2\x58\
\x3b\x26\xaa\xd6\x14\x72\xa3\x30\xc9\x85\xa1\x9f\xd4\x65\xc7\x6e\
\xe2\xfe\x4e\xa5\x2c\x7c\xe0\x0c\xcf\x9e\x8f\xad\x7c\x9c\x02\x41\
\x45\xa5\xa6\x35\x03\x1a\xa4\x3e\x30\x6a\x43\xa7\x9d\x6e\x7f\x9a\
\x6e\xd6\xe0\x0b\x55\x03\x53\x2b\x61\x05\xcd\xd2\x6d\x0e\xf0\x18\
\xe5\xb1\x05\xac\x0a\x31\x47\x87\xea\x14\xa5\x4b\xa3\x7b\xcb\x36\
\xfa\x78\xdb\xc3\x39\x88\x79\x74\x71\x78\x68\x32\xdd\xa2\xa4\x4d\
\x94\xfb\x39\x9b\x81\xd4\x4b\xa3\xd7\xd7\xec\x10\x97\x06\xe5\x68\
\x71\xea\x6b\x65\x8d\xf0\x33\x84\x22\xee\x9f\x5c\x25\x65\x40\x38\
\x36\x4d\x4c\xda\x8b\xee\x47\x15\x6f\x68\xb0\x8f\x2f\x8f\x41\x0f\
\xa1\xd2\x88\xd4\x6b\xe4\xa5\x09\x3f\xb3\xea\x09\x3d\x61\xe8\x35\
\xbe\x11\x53\xe7\xc6\x52\x65\x65\xb1\x54\x55\x2e\x40\x88\x1a\xd9\
\xec\xc9\x0d\xb3\xe7\x8f\x23\xc1\x7b\x0a\xd1\x5c\xbe\xf0\x03\x36\
\x2c\xd0\x1c\xf3\xe3\x51\x02\x95\x71\x43\x4c\x15\x9e\x6a\x75\xa6\
\x47\x44\x85\xbf\x01\x7b\xe3\xdb\x86\x4d\xd5\xd2\xe3\x1b\xe5\x6a\
\x09\x75\x9b\x23\x6e\xd7\x32\xab\x3e\x27\xf9\x50\xa6\xc2\x91\xbb\
\x38\xe6\xbc\x99\xba\x5e\x94\x34\x7d\x09\x1b\x91\x4c\xa9\x98\xc8\
\xd2\x41\x59\x30\x6c\xbc\x38\xf7\x1c\xad\x38\x25\x8d\xb8\x9c\x23\
\xa8\x75\xd7\x7d\x69\xbb\x0a\xe1\x6c\x52\x69\x6f\x6f\x1d\x07\x50\
\x2f\xd5\xea\x63\x48\xda\xaa\xda\x73\x82\x21\xa9\x3d\xc7\x94\xae\
\xa9\xee\x6d\x93\xab\xeb\x95\xc5\xca\x38\xb3\x97\x6a\xcf\x6d\xf6\
\x7e\xdb\x1f\x7b\xf6\x58\xf7\xf6\xcd\x5e\xd4\x8e\x07\xcd\x5e\xe7\
\x26\xb0\xe3\x10\xff\xc6\xc5\xb4\x0a\xfb\x61\x93\x66\x77\x86\x6c\
\x3f\x98\x86\xb1\x67\x18\xa6\xdd\x8c\x85\x01\x83\x94\xd1\xbd\x32\
\x9c\xb8\x7b\x56\xc7\x85\x77\xc8\xad\xb4\x88\xfe\x19\x72\xa8\xd0\
\x5d\xec\x5a\x4d\x35\x29\xd6\xb1\xba\x19\x86\xee\x74\x33\xc8\x65\
\x22\xfd\xde\xe8\xe1\x4d\x91\x3f\x01\xfd\x44\x3c\x83\x27\x6c\x65\
\x42\xc7\x86\x04\x56\x33\x4a\x12\x8f\x44\x69\x99\xf1\x80\xc6\x28\
\x36\x64\x72\x20\x8c\x92\xce\xa2\x6d\x06\x86\x59\xc4\x16\xf2\xd6\
\x82\x24\x7d\xde\x0c\xc8\x31\xc2\xd5\x59\x56\xdb\x62\xaf\x80\x0c\
\x21\xf2\x7e\x68\xe6\xc3\x8d\x4e\x17\x34\x97\xc2\xd9\x98\xf1\xf8\
\xc0\x24\x48\x80\x6e\x7b\x2a\x57\x38\x26\xd2\x50\x61\x71\x4c\x06\
\x51\xd4\x01\x05\xeb\x82\x6b\x2b\x23\x16\x89\xaf\xdd\x71\x50\x0d\
\x41\x21\x08\xb1\x7e\x43\xac\xbc\x31\x87\x6a\x6d\xb9\x54\xaa\x5b\
\xd3\x4c\xb2\x30\xee\x89\x98\xe9\xa0\x75\xbc\x15\x0d\x3c\xb1\xbe\
\x44\xf6\x58\x4e\x0f\x49\xdb\x81\x8d\x01\x39\xdb\x54\xfe\xca\x0d\
\xfc\x02\x3f\x80\x49\x14\x43\xc3\xda\x2a\x2f\x4a\x38\x46\x66\x63\
\x44\xd9\xac\x64\xc7\x36\x3f\xb6\x94\x3f\x09\xb2\x76\x9c\x88\x15\
\x0f\x42\xe4\xc3\xf0\xf2\x57\x25\xdd\xa4\xe8\x6e\x32\x3e\x0a\xfa\
\xe6\x4a\x40\x0f\x79\xb7\x5e\xad\x3c\x5a\x5a\xa8\x73\xa4\xed\x44\
\x4e\x10\xac\x8c\x46\x56\x4c\xce\xb1\x73\x52\x94\xc8\xb5\x64\xc2\
\x5a\x49\xfb\x0f\x00\xe7\xa7\xd8\x40\xe2\xf6\x08\xef\xd5\x2d\xa0\
\xbe\xa2\x4b\x65\x46\x61\xee\x61\x57\x1f\x2c\xa9\x3c\x5c\x37\x99\
\x5e\xf5\xa6\x0f\x5e\x4a\xd3\xb1\x56\xa2\x4c\x7b\x98\x09\xaf\xb2\
\xb1\x96\xe5\xe4\x08\x7b\x15\x31\x05\x58\x19\x89\x12\x8f\x31\xef\
\x91\x33\x25\xf7\x2c\x12\x02\x38\x86\x29\xa7\x02\x49\x44\x08\x30\
\xce\x53\x3c\x2c\x91\xcd\xc5\x2d\xe0\x91\x29\xad\xb4\x80\x76\x94\
\xdc\x28\x1e\xb5\x43\xee\x16\xc3\x09\x3c\x52\x7d\x08\x69\xe6\x3b\
\x6e\x1c\x69\x87\x5d\x83\x30\xc4\x8d\xea\x08\x78\x23\xf4\x7e\x08\
\x8d\x94\x1e\x64\xd3\x7f\x05\x96\x84\xc6\x7e\x80\x21\x46\xcc\xa9\
\x06\x6d\x15\x2b\x1a\xe3\x2d\xcf\x8d\x03\xe8\xe5\xe5\x05\xb2\x3a\
\xc1\x60\xb9\xd9\x44\xd9\xac\x71\x50\x1e\x72\xed\xee\x31\x95\x88\
\x98\x67\xc5\x89\xde\xf5\xb5\xa3\xe6\xfe\x62\x8a\xa1\x85\x3e\x4c\
\xb7\x5d\x00\x89\x71\x9a\x88\xb1\xe7\x7b\x33\x64\x62\x97\x62\xca\
\x23\x36\xa6\x40\x23\x8d\x11\xed\xf8\xe9\x60\xb5\x5a\xa8\x57\x20\
\xa5\xe1\x74\xb4\xbb\x56\x2a\xb2\x85\xbe\x97\xbd\x3d\x37\x12\xcb\
\xe5\xc5\x92\x46\x76\xe0\x23\x97\x4a\xd5\xd2\xda\xc2\x68\x4f\xcd\
\x11\xf5\x53\x42\xc2\x5a\x45\xc7\x98\x9a\xce\xb0\x1f\x92\x24\x29\
\x86\x30\x10\x61\xc8\x32\xda\x3a\xc8\x63\x02\x77\x2f\xf7\x89\x2a\
\x58\x08\x85\xd2\xb3\xaa\x2a\xf1\x74\xca\x75\x58\xb4\x86\x8c\xd3\
\x46\x02\xf1\x64\x1c\x83\x9b\xb7\x2d\xa2\xc9\x2f\x55\xcb\xa5\xb5\
\x83\x08\x84\x06\x55\xba\xf6\x81\x62\x5f\xc7\x15\xc3\x8b\xcd\xc0\
\x75\xe8\x36\x15\xa8\x82\x04\x5f\x4f\xfb\x29\x47\x9c\xdf\xd0\xa8\
\x71\xbb\x1c\x2a\x69\x6e\xe5\xb5\xc6\x7c\x65\xf1\x32\x5d\xc7\xec\
\x0f\x05\xb3\xe6\x98\x10\xf0\xf6\x52\x37\x24\x6c\x56\xc3\x5e\x5b\
\x78\xb6\x29\x9b\xbf\xa6\xdf\xde\x13\x8f\x52\x09\x1b\x99\x0d\x26\
\xf9\x5e\xa7\xd9\x55\x89\xe0\xf5\xbd\x3b\x7f\x7c\x24\x94\x83\xcf\
\x69\x67\x0d\xe0\x16\x81\xae\xb6\x50\x59\x2f\x1d\x60\xdd\x91\xae\
\x38\xbc\xc7\x86\x77\x16\x72\x09\x49\x1f\x70\xa8\xe3\x06\x92\x28\
\x8d\x36\x11\x9e\x0a\x71\x14\x06\x72\x07\x1f\xc5\x83\xa7\xfc\xf3\
\xe9\x08\x4a\xb8\x8f\xdf\xd2\x8d\x05\xdb\xa3\xb2\x70\x60\xf0\x86\
\xe1\xaa\xe3\x6f\xa9\x44\x2c\x11\x15\x6c\x61\x38\x96\xc8\x8e\xcb\
\xf6\x42\x02\x14\x06\x9b\xe2\xdd\xf7\xb2\xb1\x4b\xb5\x36\x6a\xff\
\x61\x80\x21\x8c\x7f\xa1\xe2\x89\xab\xc8\xbe\x72\x6c\xc7\x56\x4b\
\x34\xd8\xc4\x40\x39\xf9\x39\xd0\xb3\x7e\x44\x97\xe5\xc2\x43\x24\
\x1b\x48\x18\x4e\x60\x2d\x33\xf4\x4c\xcc\x78\xdc\xd2\xa5\x5a\x2d\
\xad\xce\x97\xf6\xc9\x1f\x3b\x5c\xf5\x39\x2e\x95\x42\x68\xd9\xf5\
\x19\x8b\xe8\x8f\xb4\x48\x0a\x87\xc3\xda\x1c\xb8\x36\x79\x89\x25\
\x91\x1d\xa2\x3f\x21\x2e\x3d\xff\xab\xa0\xf5\x6f\x63\x2d\x44\x5c\
\xfb\x39\xae\x85\x11\xa7\xe6\xc0\x9d\x13\x93\x99\x03\x76\x4f\x46\
\xf0\x9b\x1b\xdc\x40\x37\x0d\xf9\xb1\xf5\x0a\x24\x3d\x2e\x54\xf0\
\x6c\xaf\xac\x64\xe7\xfc\x29\xc7\x5c\x66\xa2\xe6\xa8\x5b\x25\x85\
\xc5\x24\x2a\xab\xd8\xc7\x8a\xe7\x6d\xef\xa1\x35\xb9\x78\x42\x61\
\x18\x4d\x66\xec\x81\x71\xb7\x3d\x03\x3e\x29\x85\xa6\x98\xb0\x73\
\x9c\x95\xe7\x55\xac\x12\x28\xac\x54\xaa\x24\x6c\x8f\x60\xf8\x93\
\x95\xf6\xe3\xf9\xdd\x4c\x05\xae\xdc\xcc\xc4\x0a\x18\xca\xdd\x12\
\x28\xae\xda\xb6\xda\x76\xb0\x8d\x64\xa2\x4b\x96\x75\xd0\x02\x67\
\xe4\x5b\x57\xc6\xa1\x92\x05\x02\xd0\x79\xce\x5a\x29\x9f\x5f\xae\
\xab\xac\xba\xf1\x55\x1f\x7f\x8a\xea\x0a\xe9\x0e\x36\x4c\xb1\xfa\
\xd8\x70\x45\xea\x2b\x51\xaf\xb8\x51\xaf\x34\xa4\xd9\x84\xf2\x94\
\xb2\xac\xe1\x7c\xa8\xba\xdd\x6a\xf9\x01\xc9\x2c\xc2\x95\xa0\x0a\
\x04\xcd\x36\x85\xa3\xa5\x20\xad\x89\x81\x70\xec\xaf\xb8\x86\x5a\
\xa0\x29\x43\xe1\x30\x2d\xfd\xf3\x60\x6f\xbe\xfb\x78\x7a\xa3\x7a\
\x47\x04\xad\x57\xce\x9f\x87\x95\x24\x4b\x5f\x14\x94\x07\x12\x2b\
\x39\x84\x05\x69\xa1\xd5\x69\xb4\xeb\x90\xb3\x39\xce\x85\xec\x06\
\x75\xb3\x28\x89\x62\xac\xe4\x28\x02\x2e\x64\x14\xf2\xc6\x20\xbd\
\xed\x38\xdc\x38\x5f\x5c\x5d\x2d\x8e\x85\xc9\x5c\x55\xfb\x46\xeb\
\x0c\xd8\x5b\x76\xaf\x67\xab\x10\x1e\x14\xc2\x8b\x5d\xb1\x14\xe4\
\xbb\x83\x9e\xcb\x57\xa3\x24\xd7\x78\x4e\x1c\xce\x90\xc6\x97\x74\
\x3e\x50\x97\x43\x17\x18\x89\x9b\x0e\x5a\x57\x9f\x38\x7e\xdc\xda\
\x0a\xec\x36\xbb\x0f\x90\x4d\x06\x69\xfd\x78\xa7\x10\xdc\x25\xec\
\x60\xe0\x00\xf5\x54\x1b\xa0\x89\x5e\x06\xf8\x6d\xfa\x0b\x5c\x1f\
\xce\x6a\xa7\x1c\x20\xdb\xae\xf6\x59\xc4\x0f\xc4\xc1\xd1\x6e\x51\
\xe8\x1a\x9e\xa1\x4c\x8b\xe2\xd7\x9f\x49\xa4\xe6\xb6\xa5\x06\x66\
\x69\x29\x9c\xc9\x1b\xcd\x9e\x3c\x39\xaa\xe2\xc9\xc2\x49\xbe\x61\
\xc4\xee\xda\x2a\xfe\x95\xe1\x62\x41\x35\x33\x2c\xb4\x4f\x67\x24\
\x69\x39\x3d\x6c\xa0\x7d\xe6\x36\x38\x34\xa4\x11\x64\x79\x63\x3c\
\x9a\x88\x15\x87\xf1\x88\x3a\x48\xa8\x35\x14\x2e\x24\x25\xee\x36\
\xa9\x7e\x87\xd1\xc7\xd4\x45\xd2\xb5\x9e\xdd\xda\x46\x0d\x10\xca\
\x58\xec\x5a\x92\x22\x0a\x14\x27\x04\x5a\x28\x58\xcb\xa2\xa6\xd6\
\xfa\x0b\xd6\x5a\xda\x74\xff\x4d\xae\x9c\x54\x71\x06\x10\xcc\xe9\
\xe6\xc9\xe1\x54\x99\x76\x81\xcc\xb0\xeb\x6e\xbb\x7d\xa7\xed\xda\
\x94\x53\x0d\x9f\x66\xb1\xc1\x6c\x33\xad\x64\x4c\x6c\x8d\x28\x09\
\x34\x09\x10\xcb\xee\x23\x2c\x64\x78\xe7\xad\x13\x27\xe9\x71\x2b\
\x70\x30\x7b\xf5\x89\x33\xf4\xd4\xda\xc3\xac\x7b\xb0\xfa\xf8\xd0\
\x84\x66\xf2\xd6\x29\xc0\xa6\xfe\x20\xe8\x2b\x0b\xe6\x53\xdc\x0c\
\x79\x33\x60\x6e\x86\xb1\x92\xfe\x9c\xba\xf7\x81\x21\x7c\x02\x4c\
\xbe\xfd\x08\x55\x2b\x8e\xb8\xe8\xc9\xa8\x38\x8c\x50\x00\x07\x37\
\xda\xb3\xa6\x50\x0b\x89\xca\x74\x5a\x81\xe9\x31\x68\x0f\xf9\x17\
\x9b\x99\x97\x0c\xd2\x41\x38\x88\xd1\x1f\x80\x1e\xed\xcd\x84\x70\
\xf6\x38\x1c\x1f\x2e\x91\xda\xfa\xe4\xbd\xf7\x0e\x9b\x2d\xf6\xfc\
\x10\x03\xc4\x00\xa1\x91\xce\xc7\xcb\xc0\x74\xef\xbd\x19\xde\x4a\
\xb7\x6f\x31\xd6\x2f\x37\xd0\xfa\x6b\xbe\x52\xac\x66\x84\x44\x4e\
\xf2\x87\x66\xdd\xb1\xdc\xef\x48\xc8\x47\xf5\x7f\x8b\xe2\x28\xc9\
\xf5\x5b\x5f\x02\x0c\xc3\x6e\xf5\x38\xcf\x16\xfb\xf0\xa0\x12\x1a\
\xb5\x6b\xe9\xcc\x4c\x7c\x2e\xeb\x53\x1e\xbd\x9e\xfc\x3e\x87\x9a\
\x12\x6b\x0e\x75\x16\xa1\x8d\x5a\xd3\xb7\x03\xe0\x9e\xc5\x4d\x58\
\x45\xf7\x23\x83\x0d\xe4\x02\x12\x59\x03\x48\x2b\x23\x57\x44\x2a\
\x1d\x36\x1a\xea\xa8\xeb\x63\x78\xbf\x23\x31\x64\xd0\xf0\xbb\x35\
\x08\xc4\xe6\xef\x2a\x9a\xd1\xe2\xb5\x50\x7c\xb7\xc3\x14\x43\xc9\
\x77\x73\x88\x1a\x91\x0f\x70\xff\x4c\x60\x6a\x17\x2f\x83\x34\x55\
\x46\xe1\x76\x6d\x63\x1f\xe1\x6b\xa8\xea\xa8\x45\x3e\xc8\x2e\x41\
\xb9\xbe\x8b\x1d\x0e\x9b\xb8\xf3\x55\x14\x31\xb9\x68\xab\x44\x57\
\x8b\x46\xbe\x76\x34\xb0\x34\x24\x35\x53\x98\x50\x37\xb3\xb8\x0e\
\xf1\xdd\x1d\x09\x68\xea\x0a\x21\x2f\x62\x9c\x6e\x4e\xf5\xc6\xe3\
\x08\xdd\x90\xad\x34\x75\x44\xec\x2e\xda\xec\xb2\xe1\x26\x66\x9a\
\x8f\xd3\x89\x44\x9a\xe5\x44\x61\x5c\xc5\x56\xc6\xe0\x06\x7b\x66\
\xa2\xfb\x45\x1d\x08\x36\x16\xed\x90\x67\x64\xf4\x52\x58\x25\x0d\
\xb7\xfd\x38\xfc\xa5\x79\xf9\xa8\x2f\x38\x1f\x8f\x58\x39\x2f\x9f\
\x7d\x26\xe1\xcc\xe8\x8c\x82\x59\x68\x93\xc8\x2c\x78\xd3\x98\xa3\
\x52\x0d\x5a\xa6\x95\x8d\xc4\xfa\xa5\x48\xa7\x1d\x4c\x97\xc1\x3e\
\xaa\x74\x24\xe0\xbe\x45\x01\x1b\x4d\xf2\x0e\xd2\x5e\xdc\x16\x28\
\xf2\xe5\xed\x08\x47\x7e\x7d\xd4\x19\xb5\xc6\x0d\xe7\xc7\x61\xe2\
\x84\xf3\x41\xc6\x8a\x2e\x82\x93\xe1\x5d\x29\x2c\x69\x2c\x68\x8a\
\x95\xb1\xd0\xca\x11\xa6\xf9\x89\x34\x50\x61\x3a\x52\x6c\xb2\x09\
\x0a\xba\x3b\xa2\x9d\x0d\x09\x91\x70\x77\x00\x78\x6d\x47\x9d\xd7\
\x70\xb6\xc8\xc0\x3c\x91\x1b\xcb\xa5\x22\xd9\x5d\x71\x06\x32\x7a\
\xb5\x54\xa9\x50\x10\x0a\x15\x34\x40\x19\x57\xaa\xa1\x68\x03\x51\
\xaa\x6d\xdc\x8a\x73\x10\x94\x81\x11\x99\x41\x8c\xa4\xf9\xf0\xa6\
\x60\x0f\x89\x14\x57\x99\x33\xb3\xc3\x19\x37\x7c\x10\x7f\x0f\x1c\
\xd1\x18\xc5\xf6\x1f\x14\x20\x1d\x27\x91\x88\x58\x7d\x3b\x11\x29\
\x9e\xef\x81\xd8\x64\x80\x66\xbf\xa0\x38\xf1\xcd\x96\x19\x96\x1d\
\x83\xb5\xb7\x6c\xe2\xa5\x13\x56\x09\xc3\xa9\x12\xe3\xcd\x17\x3b\
\xef\x9a\x5f\x18\x56\x35\x3a\x5a\xcc\x46\x98\xba\x4f\xd7\x06\x0d\
\x14\x23\x61\xd0\x8d\x93\x96\x71\x5b\x36\xc5\xee\x0e\xe3\xdc\x08\
\x2c\xc8\x23\xdb\x8b\x5f\xc8\x29\x9c\xc6\x88\x90\x0c\x07\x30\x43\
\xb3\x92\xbf\x4c\x3b\xd4\xac\xe1\x5a\x71\xe4\x9c\x80\x2d\xda\xc5\
\xd3\xb0\x89\x32\x89\xca\x7e\xc6\x26\xa8\xd6\xa0\x8f\x4e\x78\xc3\
\xf1\x5e\xfa\x7b\x43\xf2\x8a\xc6\x66\x53\x48\x8d\xf7\x8a\x0e\x35\
\xae\xe2\xf7\x0b\x0f\xcb\x7b\x7c\xb8\x21\x97\xce\x2d\x0e\x71\x47\
\x82\xc6\x14\xb9\x4d\x92\x34\x8e\x16\x6d\xe6\x17\xb2\xdd\x38\x44\
\x8c\x40\x97\x99\x29\x65\xfa\xa0\xe2\xb1\x04\xce\x0e\xeb\x2d\xbd\
\xf8\x9a\x05\x3f\x9b\xd6\x03\x8c\x2d\x31\xb0\x07\xf9\x36\x6c\x01\
\x47\xde\x6d\xa2\x4d\x1c\x59\x22\x73\xac\x24\x38\x3e\x11\xe0\x4d\
\x47\x77\x4a\xc7\xe8\x45\xa7\xb9\xed\x46\xb3\x0b\x9d\xc0\xef\xb9\
\x83\x5e\x3e\xd1\x98\xda\x8a\x14\xd4\x0b\xfd\x42\x95\x7f\x83\x90\
\x6f\x95\x5b\xb7\x15\x12\x27\x37\x4c\x0d\x69\xde\x82\x77\x74\xd6\
\x36\x1d\x9d\x53\x87\x82\xc7\xd4\x7c\x62\x01\xd5\x88\xc5\xf0\xc6\
\xbd\x66\x6b\x8b\x04\x27\x24\x9b\x1f\x37\x32\xee\xbd\xd9\xb2\x21\
\xb6\x3f\x18\x3f\x44\xd1\x6d\xa1\x0c\x9c\xd6\x5d\xc5\xae\xd9\x87\
\x2e\x24\x2b\x1e\x64\xad\x90\x8a\xbb\xa6\x63\x5e\xa5\x4e\x6f\x3a\
\x72\xa7\x8c\x84\x7e\x73\x16\xba\x31\xe5\x2d\x0e\x5e\x56\x80\xad\
\xbb\x8f\x3b\x23\x79\x3c\xdd\xa6\xa3\x98\x4f\x96\xfd\xe0\xc3\x47\
\xcf\xbe\x21\xc4\x12\x44\x92\xcd\xba\x7d\x3f\x12\x8b\xef\x51\xf0\
\x49\x58\xcd\xa1\xc5\x61\x1c\xb5\x6e\x94\x23\x9d\xa6\x4e\xdc\x3c\
\xfb\x9b\x99\x67\x66\x96\xfa\x41\x85\x68\x4a\x5a\x18\xc7\x79\xbc\
\x68\xa0\x64\x94\x4f\x76\x5a\x38\x29\xbb\x1b\x1f\x6f\xe6\xa4\x8d\
\x6b\x6b\x73\x04\x74\xf1\xa7\xc3\x44\xa8\xc1\x0f\x42\x98\xe4\x21\
\x89\xc7\xbb\xef\x68\xcc\xed\x2c\xe3\x49\x84\x60\xd3\xf7\x33\x83\
\x50\xd9\xca\xdf\x0e\xc4\x50\x81\x58\xaa\xab\x59\x1a\x09\x93\xcf\
\x4d\xd6\x1d\x0e\x54\x1a\xee\x6c\xa5\x2e\xa7\x74\x7e\xcb\xf6\xe6\
\x49\xf8\x15\x9d\x57\xba\x6c\x90\xa7\x74\x4c\x5b\x20\x12\x0d\x9a\
\xe4\x35\xd8\xb6\x77\x81\x2e\x45\xbe\x37\x2b\xd5\xd9\x09\xdf\xdb\
\x86\xd3\xb8\xef\x24\x3f\x53\x6f\x51\x2d\x35\x9d\x80\xb2\x19\xec\
\xa3\x76\xe1\x7c\x1c\x04\x46\x9b\xd9\xad\xaf\x9d\x0f\xb5\x7f\x7c\
\x42\x39\x52\x27\x56\x4b\xbe\x30\xb0\x12\x17\x85\x0c\x0b\x3d\xb7\
\x85\x58\x04\xf8\x83\xca\x11\x34\x62\x21\x5b\x26\xb6\xfa\x18\x71\
\x4d\x81\xf1\x5f\x12\x7a\x7e\xe6\xde\x01\x1a\x53\xd8\x66\x28\x8d\
\xe2\x5d\xa6\xb1\xce\x31\xcc\x4c\x18\x20\xfc\xa6\x47\xea\xda\xa1\
\xa7\xdb\x44\x4e\x78\x1f\xee\x43\x4e\x64\xa3\xde\x20\x39\x31\xa2\
\x56\x7c\xda\x68\x0a\xf7\x51\xa0\x60\xd7\x18\xe3\x10\xc0\xe7\x4a\
\xd3\xa4\xc9\x30\x86\xc0\x56\xb7\xcc\xec\x85\x64\xeb\xc2\x21\x13\
\x54\x4a\x96\x34\x6f\xa8\x37\x32\xba\x09\xaa\xcc\x08\x74\xb0\x92\
\x11\x0b\xde\x0d\x88\xad\x42\x22\x84\x33\xef\x23\x31\x65\x8e\xb9\
\x19\xc5\xa2\x0c\x9b\x3e\xa3\xf1\x1b\x99\x1d\x62\x4e\x22\x8a\x39\
\xc4\x26\xfc\x62\x27\x43\x7e\x89\xfa\x42\x4d\xb0\x44\xe6\xc5\xcc\
\xe2\xa4\x4e\xdd\x33\xb3\x6b\x91\xdf\xad\xe7\xec\x36\x04\x32\xfa\
\x59\x68\x9f\x7e\x8e\x39\x0c\xe2\x42\x2e\x83\xb8\xb5\x40\x13\x59\
\x42\x60\x4d\x8a\x0e\xc9\xc3\xcb\xa1\xc4\x39\x9a\x6a\xfb\xd6\x13\
\x53\x99\xdb\xbe\xc4\x34\xe6\x32\xa5\x36\x62\xfe\x80\x72\x5d\x18\
\xd1\xa5\x60\x4c\x68\x27\x1b\x07\xb5\x24\x4e\x0a\x4d\x09\x9d\xfd\
\x7a\x26\x5b\xd9\x41\x1f\xaf\x71\x44\x03\x6f\xe3\xac\xe1\x17\x15\
\x0b\x13\xc8\x8e\x96\x00\x98\x81\x32\x03\x70\x68\x36\x54\xd1\x0f\
\x2d\x69\xa1\xae\x9f\xdc\x32\x38\x66\xfd\xf3\xca\x6b\x91\x79\x70\
\x63\x6d\x63\xb5\x51\x5a\xab\x57\xcb\x59\x42\x3d\xa5\x63\xcd\xae\
\xac\xc5\x1c\x15\x16\x54\xf8\x6e\x11\x65\xbc\x01\x5a\x7f\x90\xab\
\xaf\xc7\x99\x3c\x59\xbf\x91\xb2\x2b\x20\x2b\x68\x6d\x2a\x4f\x66\
\x9b\x6e\x8b\xc8\x3b\x48\x72\xb8\x62\x0f\xc6\xba\x52\x4a\xc3\x4d\
\xf7\xef\x16\x47\x8e\xea\x76\x6d\xf4\xe2\x55\x1d\x98\x5a\x36\x4e\
\x29\x6a\x66\x82\x25\x02\x22\x9f\x13\x18\xb1\x67\x52\x72\xa1\xad\
\x23\xab\xd0\x44\x24\x8c\x58\xfd\x4d\x9b\x56\x5f\xb3\x0c\x4f\x08\
\x45\x47\x65\x7a\x31\x25\xd9\x9a\x54\xca\x63\x35\xb8\x36\xf7\xa3\
\x5c\x31\x9d\xab\x2d\x76\x39\xc6\xe5\xb5\x7b\xfe\xc0\x43\x89\xa4\
\xe6\x6b\xe2\x40\x8a\xbf\xa1\x9e\x4e\x24\x15\xf4\xb6\x18\x96\x25\
\xfb\x68\x6a\xd3\xe4\x82\x75\x9c\x5d\x59\x15\x57\xc4\x47\x8a\xbe\
\xb5\xe1\xd4\x86\xb8\x23\x11\xcc\x59\x1d\x1a\xce\x8e\x21\x65\x2c\
\xf5\x54\xa7\xda\x00\x62\xa8\xcf\x31\xee\x07\x1e\x80\xff\x9e\xc7\
\x0b\x82\xca\x46\x7d\x7d\x63\x3f\x65\x03\x57\xd8\xc7\x15\x45\xdc\
\xc2\x95\xaa\x2f\xd6\xb8\x10\xbb\x51\xde\x34\x03\xe2\xb3\x39\x34\
\xda\xc0\x44\x64\x11\x11\x5f\xa0\x01\xa0\xb9\xa7\xc6\x62\xb9\x5a\
\x5a\xa8\x57\xaa\x97\xcd\x86\x2c\x33\x93\x9e\x3b\xe4\x90\x15\x3b\
\xc1\x23\x8f\x70\x1b\x65\x0e\xe5\xca\xb0\x50\xa9\x3c\x56\xce\xb8\
\x3d\xd5\xa1\x87\x61\x70\x0e\xbb\xf6\x0e\xfa\xec\xa8\x2a\xe8\x4d\
\x81\x25\x51\x7d\xcd\x42\xb5\xd0\x02\x75\x69\x41\x11\x82\xe9\xb8\
\x6c\x01\x1f\xe5\x52\x5a\xde\x84\xbd\x3d\x32\x73\xba\x25\x89\x2f\
\xeb\xc7\x6e\xc2\x7d\x62\xf3\x32\x5d\x3b\x6c\xf4\xb6\x0e\x25\x9b\
\x0d\xa7\x66\x88\x1d\x60\x53\x13\xcb\x64\x72\x22\x15\x11\x40\xf7\
\xcf\xb1\x15\x62\x77\x71\x1d\xa6\x72\xdb\xd9\x13\x0b\x6a\xbd\x04\
\x29\x83\x8e\x18\x6d\xa8\xdd\xb6\x0e\xc3\x43\xe2\xf8\x6d\x59\xcb\
\xb1\x74\x6f\x63\x6a\xdd\xc6\x50\xb6\x59\xca\xe1\x49\xa5\x1a\x24\
\x4e\xd0\xe4\xff\xa2\x74\xf3\xd8\xda\x4c\xa6\x1b\x50\x82\xc5\x4f\
\xc6\x4d\x1f\xc5\x2d\x66\xf8\x00\xdd\x3a\xb6\x65\x68\x9e\xfb\xf3\
\x2c\xcc\xea\xa5\x78\xbc\x41\x38\x4a\xdf\x99\xf0\x27\x62\xc4\xc8\
\x93\x5f\x2e\x35\x93\x50\xe9\x29\xc7\x17\x5c\xac\xa9\xd4\x0a\x4e\
\xab\xb8\x32\xcc\xc7\xb1\xd6\x4f\x12\x38\xfa\xe8\xc1\xe1\x44\x37\
\xad\xfe\x5d\x76\xbb\x9b\x63\x25\x3b\x28\x2f\xd2\xa6\x5b\x2f\x55\
\xeb\x97\x1b\xb5\x8d\xf5\xf5\x4a\x35\x03\x0f\x91\xad\x32\x63\x2d\
\xc0\x57\x86\x2e\x1b\x03\x14\x6f\x89\x96\x13\xff\x26\xe7\xac\x08\
\x8e\x2f\x10\xbc\x58\x3f\x49\xbc\x04\x2e\xd2\x16\xbb\xaf\x71\x56\
\x61\xfa\x53\x25\x78\xe2\x08\xb3\x1c\xeb\x38\xda\x4b\xc5\x77\x8b\
\x2f\xc2\xc8\x7f\x0a\xc1\x97\xcc\x0a\xee\x27\x74\xb0\x6a\x30\x08\
\x11\xd5\x7e\x73\xcf\x68\x7e\xa4\x1f\xbe\x2b\x04\x41\x5f\xee\x2a\
\x6b\x3b\xd5\x0c\x2b\xa9\xdb\x18\x9b\x74\x4b\x29\x3a\x63\x77\x2f\
\xf4\x52\x64\x8f\xb5\xbd\xbe\x12\xa5\x58\xb3\x8c\x5a\x4b\x92\x4f\
\x6c\x0c\xf2\x02\x9f\x20\x33\xbc\x6b\xf3\x1d\x33\xdd\x67\x27\x7a\
\xf1\xf6\x76\xed\xbd\xbc\x99\x9f\x9b\x56\x37\x09\x8b\xb5\xca\x2d\
\xb0\xe6\x2c\x9f\x5f\xab\x54\x4b\x80\x03\xa5\xa5\x72\x86\xeb\x3e\
\xb6\x9e\xa8\x72\x50\x28\x7c\xa0\x3d\x57\xc9\x78\x22\x8e\x1f\xce\
\x2f\xe1\x10\xb1\xd2\x89\xa1\x38\x19\x2b\x8a\x73\x5d\x7d\x7f\xa7\
\x78\x2f\xbe\x69\x65\x31\x40\x8e\x88\xe1\x81\xf0\xfd\xfb\xa6\x72\
\x3e\xc3\xc0\x3d\xca\x7e\x94\x03\xf1\x90\xe5\x33\xb3\xf8\xdc\x06\
\xa5\x16\xdd\x8b\x0f\x79\x4e\xf8\x28\xf8\x60\x77\xfb\x1d\xbb\xe9\
\xf0\x25\x32\x0d\x3f\x8e\xdb\xb3\xe9\x06\xe8\x3b\xaa\xfc\x2f\x59\
\x93\xce\x8d\xd1\x85\x10\xcd\x2d\x70\x7a\x1c\xb1\x81\xae\x2f\x28\
\x62\xad\x9a\x0f\x43\x61\x8c\x8d\x5d\x5c\x59\x5f\x2e\xce\x97\xea\
\x65\x0e\x4b\xbc\xf8\x9c\x72\x2d\x95\x57\x8b\xe7\x4b\xfb\x24\x3d\
\x8e\x7f\x1f\xf7\x66\x90\xef\x08\xc8\xf3\x39\xce\x4a\x6c\x66\xc2\
\x54\xda\x1d\x7d\x99\xc3\x6a\xee\x7d\x1d\x71\x58\xf5\x84\xaf\xaf\
\xb0\x2f\xa7\x68\x0d\xa7\xc7\x0c\xc4\x5f\x5e\x5d\x5f\x29\x2f\x94\
\x89\x7d\xdb\xdf\x0d\x67\xa8\x66\x66\xf0\x28\x6f\xcf\xaa\x96\x8a\
\x8b\xab\xa5\x42\xaf\xad\x94\x25\xec\x6e\x83\x22\xed\x8c\x39\x75\
\x7d\xbf\x41\x4c\xc7\x11\x0a\x0e\x89\xe6\x1b\xc9\x1c\x04\xc9\xd9\
\x6e\xfa\xda\x67\x38\x6e\x0c\xf6\x39\x0a\x23\xfd\x88\x85\x5d\xfc\
\x2a\x1e\x03\x87\x5c\xd5\xa1\x03\xe0\x1b\x2b\x6f\x5d\xe9\x4b\x52\
\xc3\x2b\x88\x6d\xfd\x44\x4e\xb3\x21\xeb\xf2\xf4\x84\x74\xa4\x25\
\x53\x99\xe1\xe9\x7b\x08\xee\x23\x4e\x04\x21\x57\x47\x51\x1c\xf6\
\xd7\x36\xa3\x3f\xdd\x6a\xa7\xf5\xf2\xda\x72\xa9\x8a\xab\xb4\xef\
\x5a\x1a\x95\x46\x59\x04\x60\xb6\x9d\x61\x17\x0a\x98\x10\x1c\x5b\
\x6e\x94\xb9\x38\x18\x53\xc7\x74\xbb\x8a\xbf\x52\xd1\x16\x03\x67\
\x46\xe7\xde\xbc\x15\x59\x45\xcb\x6b\x2b\xe5\xb5\x52\x83\x1c\x6f\
\xd1\xe7\x76\x94\xeb\xcf\x45\x85\x18\xd9\x1f\x64\xa1\xb2\xa6\x87\
\x92\xb6\x95\xc8\xe1\xc0\x23\x75\x98\xcd\x9e\xfa\xa4\x03\xd0\xfa\
\x78\x76\x7b\x75\x3d\x51\xae\x45\x18\xff\x2c\x71\x25\xcb\xfa\x33\
\x56\x73\x69\x37\xd9\x69\x93\x2b\xf2\x13\x69\xb0\xe2\x2b\x1c\x1d\
\xa6\x6c\x15\xa0\x41\xb2\xc1\x34\x9f\x9a\x4c\xa8\xa9\x0e\x07\x79\
\xc1\x4a\xd5\xfa\x92\xba\x1b\x54\x84\x11\xe6\x26\x9e\xed\xf1\xa5\
\x2b\x9f\xce\x19\x59\xec\x6b\xa5\xf5\x22\x31\x46\xec\x73\x03\x44\
\x0e\xd3\x19\xee\x6b\xb4\x71\x03\x6b\x55\x5e\x5b\xaa\xec\x83\x98\
\xba\xce\x48\xbc\xa4\x1f\x5e\xed\x7a\x18\x34\xea\x2b\xb1\x06\x00\
\xd0\x09\xa2\x51\x04\x92\x39\x5f\x8a\x30\x25\x6e\x3c\xb7\x0e\xef\
\x64\x1f\x01\x22\x21\xa8\x0e\x9e\x95\x59\xfb\x40\xef\x19\x36\xd2\
\x23\x46\x97\xb6\x9c\xe1\xc6\x64\x24\xf3\xcc\x9c\x33\x91\x56\x3c\
\x58\xd8\x5f\x4f\x22\x0e\xfb\xa6\x27\x13\xf2\x9e\x64\x95\x6b\x07\
\x7b\xc9\xa4\xde\x18\xc3\xc9\x63\xa4\xf7\x83\x10\x75\x1c\xfa\x81\
\xb3\xa1\x84\x21\xf0\x1d\x14\x7c\x05\x99\x41\x9b\x7e\x10\x62\x4e\
\x96\x27\x09\x4f\x36\xb9\x6d\xa6\xdd\x32\xae\xd7\x12\x01\xfc\xdc\
\x21\x86\xf8\xa1\x07\x4d\x88\xd7\xf0\x18\x82\xa2\x5e\xdd\x58\xc8\
\x0a\x6a\x93\xde\xe8\xc9\xfa\x59\x30\x97\xed\x6d\x6c\x78\x63\xa3\
\xd3\x7e\x20\x5e\xb6\x3f\x68\x02\x79\xb7\xda\x76\x84\x39\x19\x9c\
\x2e\x9b\x9d\x18\xdc\x2a\x4c\x4a\xfd\xa0\x45\x62\x21\x11\x84\x7c\
\xa3\x17\x4a\xf9\x44\x0e\x93\x0e\x25\x88\x72\xa8\x0b\xb6\xa4\xd1\
\x9e\x4e\xc4\x05\x33\x11\x49\x34\x3a\x9d\x8f\x73\x01\xd1\xce\x97\
\xd6\x43\x83\x2e\xa7\x8f\xb9\x7d\x81\x10\x53\xbb\x5b\x4a\x9f\x6e\
\xd2\x81\x4d\x2d\x30\xa5\xbb\xc8\xc0\x84\x9a\xa1\x86\x4c\xd6\x55\
\x69\x1b\xb4\x28\xa4\x12\x51\x10\x06\x8b\x33\xb0\xf6\xa2\xca\xb3\
\x6d\xe2\x0c\x53\x10\xd2\xbe\x00\xbf\xe1\x0d\x7a\x21\x3b\x03\x51\
\x22\x0b\xd2\xf0\xba\xd7\xd0\x16\xd2\x0e\x5c\xb4\x3f\x0a\xe3\x4c\
\x37\x3a\x7c\xe4\x2d\x76\xa1\xa6\x14\x31\x23\xb8\xd3\xb5\x7d\x94\
\x7f\xb1\x91\x95\x18\x78\x8d\x64\x48\x8d\x83\xdc\xb4\x60\xe3\x30\
\x7b\x3d\x7b\x8f\x15\x82\xb1\x51\x57\xc8\x96\x93\xbd\x3d\x7c\x43\
\x19\xf6\x52\xad\xd3\xcf\xb3\x83\x30\x98\x0d\x83\xd6\x6c\x6f\x4f\
\x98\x3f\x94\x56\x05\xa9\xe2\xc1\xa5\x3e\xe5\x5c\x1f\xe4\xe2\x67\
\xe8\x3b\x92\x89\x00\x11\xbb\x86\xb3\x05\x29\x65\x45\xac\x75\x20\
\x5d\x26\xe5\x3f\x22\x91\x52\xd2\x88\x99\xda\x48\x89\x3c\x47\xb6\
\x8a\x63\xaf\x45\xa3\xb4\xb6\x50\xc9\x76\xe8\xd3\x22\xcb\x3e\x96\
\x1d\x3a\x51\x02\x80\xb5\xe5\xb7\x0d\x1b\xa0\x64\xc6\x1e\x53\x2f\
\xd3\xc7\xb4\x95\x64\x7c\xc7\x89\x36\xbb\xb1\xa2\x70\x10\xca\x6d\
\xed\x46\x7d\x69\xe6\x8c\x6e\xb3\x90\xac\xd0\x75\x9b\x68\x05\xbe\
\x43\x22\x27\x89\x8d\xf4\x84\xb9\x28\x22\xc6\x5c\xa8\xd1\x9a\xd6\
\x97\xd2\x98\xdb\x21\x54\x2d\xa9\x04\x15\xba\x91\x2c\x6e\x3d\x4e\
\x1d\xa8\xef\x90\xd4\x58\xf0\x28\x56\x4b\x39\x17\xa7\x3c\x2a\x69\
\x40\x8e\xdc\x23\x34\xa7\x31\xd9\x8e\xa1\x56\x6f\xff\xf2\xe8\x3d\
\x99\x9a\xde\x3e\x5d\x66\x75\xf7\x69\xce\x6e\xa6\x3b\x4a\x05\xfe\
\x51\xe0\x4f\x22\xf9\xe8\x2c\x68\xc3\x43\x3f\x38\x23\x9a\xee\x5b\
\xe5\x44\xeb\x77\xfa\xe7\xca\xb5\xca\xcc\x99\x33\xf7\x3e\x30\x73\
\x62\x3a\x03\x53\xf4\x40\xf6\xc9\x8c\x66\x64\x19\x33\x70\xee\x86\
\xf0\x66\xa4\x71\x52\x22\x45\xd7\x58\x09\x0e\xf7\x4f\x6b\x28\xe9\
\xbc\xb4\x75\x41\x9c\xd3\x6b\x74\x7e\x42\xf9\xe6\xc6\xd2\x14\xce\
\x59\x93\x67\xf9\xc3\x87\xac\xb3\x71\x7e\xc1\x87\xac\x49\xbe\x17\
\xd2\x3f\x8a\x3f\xde\x70\xaa\xd6\xa1\x2c\x85\x89\x66\xe4\xb3\xcc\
\x3c\x85\xa9\xa9\x10\x4b\xaf\x13\x7b\xb3\x05\xa6\x69\x09\x6c\x4e\
\x6e\x64\xde\x42\xe2\x66\xd2\x69\xee\x4c\xc7\xb2\x7c\x4c\xf9\xb5\
\x77\x38\xab\xce\x52\x72\x92\xee\xb3\x87\x5a\x68\xe4\x5d\x31\xe6\
\x91\x1f\xa8\xdc\x49\x94\xf4\xe5\x41\x95\xfd\x4b\x1c\x2e\x8d\x20\
\xcb\xe4\x30\x43\x2c\x97\xed\x79\xd8\x2f\x87\x01\x30\x34\x13\x32\
\x47\x55\xd1\x08\x03\x80\xea\x7f\x4a\x0f\x42\x5b\x85\x6c\x1b\x75\
\xc7\xe2\x47\x61\x7b\xad\x8e\x1f\x24\x39\x6b\x51\xc0\x89\x23\x68\
\x77\x2f\x31\xa3\x4c\x8b\x27\xe2\x61\xe3\x8c\x35\x74\x41\x0a\xa0\
\x8d\x58\x0f\x9c\xce\x09\x69\x6e\x2e\xf9\x08\x90\x2b\xcf\x5b\x9f\
\x26\x0e\x03\xa1\xcc\xe1\x4e\x17\x55\xb3\xb4\x7d\xdb\x0e\x26\x8d\
\x40\x9f\x0d\x89\x08\xe9\x07\xbc\x2d\xb4\x51\x1b\x26\x3b\x43\xe1\
\x13\x05\x06\x12\x67\x54\xcc\xb6\x26\xa5\x1d\x24\xa2\x25\x6e\xd1\
\x38\xee\x47\x1c\x98\xb9\x55\x59\x5a\x02\xee\x36\xd6\x7f\x8e\x1e\
\xf6\xff\xdf\x13\x12\x96\xd7\x24\xd9\x79\xb6\x9e\x87\xc9\x93\x51\
\x85\x70\x3f\x99\x82\x26\x79\x56\xab\x5b\x2d\x12\x65\x74\x7a\xb1\
\x2b\xae\xf0\x15\x66\xfe\xd2\x38\xe5\x7d\xd2\xd4\x29\x15\x56\x66\
\x58\xda\x51\x7b\xcf\xb9\xaa\x1a\xa8\x39\xa4\x16\x52\xf2\xbd\x9f\
\x60\xc5\x75\xdf\x37\xc2\x37\x3f\x3e\x40\xdf\xb0\x60\xd7\x01\xd0\
\x53\x6e\x6c\x78\xd1\xed\xf2\x76\xf3\x28\xf1\x75\x91\xf3\x67\x5b\
\x8e\xeb\x35\x9d\x6b\xae\x03\x63\xcd\x71\x62\x2d\x67\xa6\xd8\xec\
\x5c\x7f\xc6\xdb\x72\xb7\xb6\x1d\x37\x0a\xdb\xae\x8d\x84\xa7\xe7\
\xe4\x4a\xaa\x2e\x26\xc3\xde\x81\xa9\x8c\xaa\xb8\x04\x87\x8f\xd3\
\xf5\xa8\x71\x54\xc0\x7b\xe3\x2c\xe6\xa3\xc5\x0b\x45\x0c\xad\x81\
\x0e\xe9\xf3\xd5\x72\x69\x69\xa4\x26\x61\xa8\xe6\x58\xee\x7e\x04\
\xc8\x7e\xe0\x28\x0a\x47\x7a\x78\x0a\xb9\x3d\xf0\x22\xb7\x6b\xbc\
\x6d\xa3\x06\xf6\xa9\x01\x48\xfc\x9c\xd3\x99\x23\x1e\xe0\x7a\xd9\
\x72\xa6\xe2\xbb\x69\xde\xb1\xe8\x31\x05\x4b\x33\xc3\x97\x86\x2a\
\x54\xab\xe8\x6d\x9b\xc0\xb4\x6f\x0e\x65\xf2\x49\x69\x56\x93\x2d\
\x08\x7a\x90\x5d\x53\x1c\x67\x32\x70\xb6\x06\x98\x84\xe8\xf1\x28\
\xd9\x51\x88\x96\x8b\x03\x15\x0f\x52\xec\x40\xb4\x12\xf6\x11\xee\
\x5f\x61\x2d\x5f\x8e\x0d\x8f\x69\xfa\x66\x95\x5a\x6a\x41\xe6\x8b\
\x6b\x6b\x59\x7c\x42\x6a\xdd\xb8\xda\x0d\x2e\x9a\xcd\x8b\xa5\x22\
\x99\x4d\x5a\xb3\x47\x93\xff\x4d\x62\xf2\x38\x47\x09\xbb\x89\x08\
\xed\xa3\x56\xe9\x50\x13\x0f\xa8\xe0\xd0\xcd\xae\x8a\x5e\x0c\x49\
\x8a\x69\x9e\x4c\x7a\x06\x29\x37\x93\x9b\x04\x39\x05\xbf\x06\x48\
\xd6\x17\x96\x57\x2b\x8b\x23\x5c\xdf\x53\x95\x08\xe2\xa8\xb6\xb2\
\xc5\x49\x99\x26\xe4\xb2\xe3\x3b\x6b\x26\xcc\xc3\x08\x10\x29\x08\
\xfc\x60\xa4\xdd\x2c\x90\x38\x95\xa7\xa1\x54\xad\x56\xaa\x8d\x5a\
\xbd\xb2\x9e\xa7\x85\x54\xef\xa9\xeb\x3c\x17\xe8\x1a\xc5\xc7\x1a\
\x05\xa7\x50\xe7\x25\xf9\xcb\xb8\x24\x5d\x8b\xf1\x25\x93\x67\xbb\
\x9b\xe7\xfe\x45\xf5\x42\x6e\x11\x12\xc1\x7a\xd3\x3a\x0b\x00\x1d\
\x04\xde\x43\x6c\x64\x49\x26\x5e\xec\x04\x49\x9f\x3c\x68\xf5\x5c\
\x3a\xa0\x4d\x69\x04\xa7\xc7\xc6\x50\x44\x61\xf1\x54\x27\xce\x82\
\x36\x3a\xab\xed\xb7\x9d\x3d\x72\xd0\x95\x9f\xa7\xae\x50\x86\x00\
\x12\x38\x70\x35\x91\x89\x94\x9f\xc2\x08\x7e\xea\x4d\x03\xb0\x14\
\x3f\xf1\xa4\xdf\x24\xe3\x95\x26\x9c\x9e\x79\x80\xcd\x1a\x81\x03\
\x27\xed\xa1\x22\xd1\xef\xf3\xb4\xe9\x3c\x00\x42\xe9\xf9\x21\xe6\
\xc4\xeb\xc1\xc1\x87\x0a\x24\x1d\xcf\xcf\x0e\x86\xc1\xd0\x24\x76\
\x50\x64\x0c\x4f\xe5\x5a\x75\xbb\x78\x69\xe8\x6f\xb2\x31\x0a\xa1\
\x99\xcd\x9a\xa6\x18\x41\x5d\x13\xe4\x79\xab\xb6\x50\xad\xac\xac\
\xe0\x98\x18\x9c\xf2\x1a\x21\xc3\xca\xd6\x88\xd2\x1d\x50\x84\x9c\
\x20\x0d\x43\x03\x68\xb0\x00\x29\x50\xe1\xc0\x1c\x3c\xc5\x6d\xc9\
\x84\x13\x63\x04\x76\xc7\x0b\xa9\x80\x90\xee\x11\x17\x0f\x59\x7d\
\xaa\x85\xb6\x10\xdb\x2a\x59\x6c\x3c\xb5\x1d\xbc\x24\xdd\x27\x8c\
\xc9\x0d\xf9\x4c\x72\xe4\xf8\x1b\xbf\x0e\x95\xfd\x54\x9e\x6f\xec\
\x13\x83\x27\x55\xe9\x20\x81\x9a\xe9\x8b\x58\x8c\x28\x0e\xaa\x09\
\x9b\xcd\x45\x7e\xbf\xdf\xc1\x7b\x3d\xbc\x31\x01\x0e\x17\x08\x1a\
\x26\x2e\xc0\x05\x70\x1c\x27\x0a\x92\x79\x7e\xb2\x83\x41\xcc\xbb\
\x4d\xa5\x71\xbc\xd2\x72\xa3\x54\x64\x88\xd1\x64\x48\x75\x77\xdb\
\xa0\xba\xb0\xba\x48\x51\xb5\xf6\x03\xaa\xaa\x73\x10\x4c\x13\xc9\
\x46\xe5\x5e\x5d\x6e\x91\x51\x66\x4c\xca\x3b\x24\x94\xe0\xf6\xd6\
\xb1\x74\x37\x6a\xa5\xc6\xfa\xe2\x92\xe4\x17\x30\xc0\x83\x96\xec\
\xc0\xcc\x5f\x4d\xc5\xde\xdd\xaf\x7e\xbf\xbd\xc9\x9f\xb0\x67\x8b\
\xa3\x0d\x66\xd9\xa0\x95\x88\x2d\x57\xc0\x98\x1a\x78\x3b\xe1\x69\
\x6b\x0f\x74\x4e\x53\xcc\x3d\xc6\xfd\x96\xa6\x38\x46\x84\x36\x4f\
\x53\x81\x68\x6c\x6f\x6b\x20\x37\xe7\xf1\x08\x10\x48\x86\xb3\x99\
\x83\x9c\xfe\x26\x59\xad\x01\xb3\x2f\x02\x21\x5b\xbf\x87\x8a\xee\
\xe8\xab\xc9\x84\x72\x3e\xd5\xcb\x8d\x58\x16\xdd\x1c\x5e\x94\x56\
\x2b\x8f\x96\x63\xbb\xca\xfd\xd0\x23\x55\x75\x3f\xcd\xef\x94\xb6\
\xea\x44\x9e\x48\x02\xde\x4e\xb3\x89\x27\x1d\x05\xfa\x0e\xc2\x02\
\xd1\xf3\x49\x37\xe1\x73\x22\xa9\x63\x0e\xb0\x0f\xcd\x6b\x4e\x80\
\xea\x4b\x25\x51\x82\xf3\x80\xc5\x3c\xd5\x70\xb6\x4c\x5a\xbf\x8d\
\xae\x99\x48\xf9\x79\x1b\x17\xe3\x20\x87\xf1\xa1\x6a\xb7\xcd\x63\
\x3c\x01\xa7\x03\x3c\xc7\x9f\x07\xef\xea\x5b\x01\xf7\x83\x6c\x3c\
\xb3\xeb\x3e\x17\x07\x6b\x26\xa0\x9f\x51\xce\xd5\xff\x0b\xf8\x31\
\xdf\x26\x64\xda\xcf\xd5\xd4\xac\x71\x03\x36\xc2\x2a\xc7\xbb\x76\
\x36\x25\x53\x10\x6d\xb8\xcd\x3f\x2b\x05\x06\xab\xc7\xa5\xb2\x6c\
\x67\x75\xd7\x46\x4c\x3c\x0b\x06\x31\x7a\x11\xb8\x5b\x1d\xbb\x4f\
\x9e\x9e\xe5\x4d\xd1\x3c\x3e\x57\x47\x55\x9e\xe3\xff\x4a\x9e\xaa\
\x8c\xf9\x15\x8f\x5f\xa4\x17\x4f\x1a\x00\xa6\x1e\xf5\x7c\xdb\x98\
\x3f\x8b\x26\x46\x5a\x3f\xb2\x95\x81\xe5\xb8\xf3\xb6\xa1\xe7\x7e\
\xae\x8b\x89\xa5\xbb\x51\xf4\x54\x9e\x83\x63\xa1\xa7\x54\x1e\x8d\
\x9e\x69\xa5\xd1\xcd\xe1\xa7\x72\x7a\xbc\x85\x6e\x83\xcc\x55\x1a\
\xbe\x7d\xea\x51\x10\x51\x3d\x1a\x5e\x83\xf0\xe7\x78\x6e\x82\xc4\
\x85\x3e\x7f\x5e\x82\xa3\x30\x59\x79\x0e\x1e\x84\xc9\x9f\x41\xbe\
\x86\x4c\x0a\x71\x13\x60\x65\x4d\x43\xa8\xab\xd8\xdf\xab\xe7\xd8\
\x9e\x5c\x49\x2a\x72\x22\xbd\x4d\xb1\x62\x0f\x57\x74\x7a\xee\x79\
\xf5\x5c\xbc\xc9\x5d\xcf\xf1\xed\x17\xcb\xfb\x05\x60\x1e\xae\x3a\
\x96\x12\x11\x85\xbb\xa4\x4a\x1d\x6d\xc2\x65\xc3\xe2\x25\x8c\xe8\
\x14\xc9\x4d\xb6\xcc\xd9\x58\x16\x54\x1a\x04\x79\x76\xa2\x56\x61\
\x5a\x1d\xd8\x07\x25\x91\xbb\x8d\xca\x88\xd5\xe2\x63\x25\x76\xe5\
\x04\xe1\x78\x3f\xa2\x99\xa8\x78\xe0\x2d\x7f\x4a\x74\xd6\xf8\x2e\
\xd9\xe6\x94\x25\x13\xc5\x3b\x22\x19\xd6\xd4\x4f\x61\xf0\xcb\x10\
\x0e\xed\x8e\x35\x75\x76\x16\x2f\x1d\x1e\x9a\x46\xf0\x6a\x3a\x29\
\xd7\xe2\x86\x78\x94\x8c\xa6\x6b\xb7\x0d\x43\x6f\x25\xcb\x53\x00\
\x66\xb5\x71\x63\x03\x16\x39\x65\x53\x14\x5d\xdd\xda\x71\xbe\x48\
\xa0\x56\xc9\x9b\xf3\x04\x2c\x58\xa3\xa0\x4e\x85\x3e\xd2\x58\x69\
\x4f\xe7\x8b\x9e\x25\x3f\x91\x42\xd3\xde\x67\xcd\xb1\x06\xe7\x28\
\xb9\x5d\x4b\xbf\x9f\xf7\x63\x42\x1a\x3a\xd0\xfd\x51\x1f\x80\x9f\
\x01\xfe\x8f\xac\xe2\xb8\x1d\x30\xbc\x5c\x11\x4b\x94\x51\x20\xd4\
\x15\xf6\x67\x35\xba\xf6\x9e\xaf\x90\x8d\x65\x54\x3d\x77\x34\x7c\
\x49\x0a\x40\x75\xe2\x67\xe3\x0f\x92\xd1\x8c\xbb\x7e\xd3\xee\x1a\
\x99\xc6\x86\xb2\x2c\x1a\x88\x4d\xe2\x03\x0a\x4e\xfa\x86\xba\x47\
\xd1\x10\xe2\x60\x06\xbb\xf6\x9e\x99\x2b\x3d\x4a\x75\x2d\xae\x26\
\x3a\xf2\xab\x8c\x91\x32\x77\xd0\xca\x84\x79\xca\xd0\x13\xd3\x52\
\x49\x70\x3d\xd3\xd5\x99\xa6\x54\xa6\x59\x7e\xe6\x58\xd8\x1a\x30\
\xb1\xcd\x4d\xcc\xcb\x73\xc5\x3c\x85\x48\xea\xa1\x6a\xab\xad\xda\
\x5f\xa1\xa1\x15\xae\xf6\xba\x09\xe5\x86\xba\x4a\x33\x73\x4a\x1b\
\xb3\xc8\x60\x43\x28\x95\x98\xaa\x92\x64\x41\x12\x8a\x3f\x61\x13\
\xcc\x29\xb2\xf1\x7e\x76\xa6\x6c\x99\x0f\x92\xa8\xac\x41\xa7\xec\
\x96\x69\xe9\x29\x79\x77\x82\xb4\x01\x03\xe9\x29\x67\xb0\x34\x82\
\x29\x96\x91\x6c\xf2\xc6\xb4\xcf\x59\xa9\x54\x1e\xdb\x58\x6f\x2c\
\x14\x17\x96\xd1\xcc\xf7\x89\x11\xb8\x1c\xba\xd7\x34\xf0\xc2\xbd\
\x5e\xd3\xef\x92\x03\xe6\xa0\x0f\xd3\x69\x75\x1c\x85\xdb\xb8\x85\
\x98\x93\x1c\x6a\x57\xdc\xda\xb8\xba\x41\x4c\x28\xc0\xca\x8e\x6a\
\x35\xb4\xb6\xdc\x1d\xbe\xf5\x76\x03\x59\x7a\xf4\xa0\x43\xdb\xdb\
\x38\x57\x9a\xab\x65\x24\xbe\xac\x44\x63\x81\x1d\x47\xd9\x01\x70\
\xbe\xad\xcd\x48\x2e\xcf\xe9\x2a\x49\xc6\xac\xd2\x5b\xea\x38\x99\
\x91\xdb\x8b\xc5\xe8\x16\x5d\x2d\xa8\x55\xd8\x76\x9c\x3e\xf9\x2c\
\xd3\x88\xd9\x7f\x6c\x46\x46\xdb\x56\xc3\xd5\x97\xf7\x7a\x5e\x91\
\x0f\x88\x84\x2c\x67\x72\x39\xc5\xb1\x32\x04\xc8\x0b\x8f\x3f\xf4\
\x55\xd7\x0e\x30\xcd\x73\xcf\xe9\x89\xf1\xe4\xae\x1d\x4a\x66\x0b\
\x55\x93\x96\xc1\x55\x40\xa2\x10\xaf\x6e\xa8\x02\xe2\xcc\x59\x27\
\x5f\x33\x75\xe2\xbe\x63\x43\xa0\x9f\xd6\xb1\xc2\xdd\xb6\x15\x10\
\x6b\x0a\x5f\x1d\x2f\x14\x1e\x48\xe6\xc3\xc3\x97\x79\x36\x81\x09\
\xfb\xbe\x17\x73\x9f\x46\xe7\x18\x1e\xf8\x35\x27\xee\x3b\x77\xdf\
\xbd\xf7\x9e\xba\x2f\x86\x42\x91\x09\xab\x43\x90\x47\x9a\x3f\x48\
\xb1\x50\x40\x26\x30\x70\x68\x3c\x69\x62\xf1\x79\x71\x07\x5b\x5b\
\x8e\x44\x57\xc0\xdd\xdd\x43\x59\x38\xee\x51\xb6\x14\x50\x05\x00\
\x7b\x1f\x18\x70\x3a\x05\x30\xf5\xc4\x78\x11\x06\x86\xc2\x0b\x1c\
\x2f\x4c\xe6\x6a\xfd\x80\x7a\xd8\x72\xae\x3f\x83\xae\x75\x91\x75\
\x6d\x30\x67\x1d\x3e\xa1\x7f\xf0\x80\x0c\x47\xc8\x70\x6f\x5e\x7f\
\x76\xab\x69\x07\xb9\x0b\x4e\xb0\xed\x5d\x7f\xb6\xbf\x89\xb6\x0b\
\x40\x78\xc8\x48\x85\x22\xfc\x2e\xc2\x3e\xd0\x0c\xef\x38\x7b\x6e\
\x98\x7b\xc8\xde\x74\x19\x5c\xc6\x2d\x63\xbb\x0e\xe0\x84\xb2\x39\
\x97\x98\x01\xca\x62\x09\xb3\x38\xa0\x03\x38\xaa\xc4\x31\x4e\x3f\
\xdd\x6e\x4e\x68\xb5\x58\x7d\x6c\xb1\x72\x71\xad\x51\x5e\xdc\xef\
\x4e\x6e\xa8\xda\x41\x2b\x61\x77\xb7\xfc\x00\xce\xbb\x9e\xfe\x35\
\x5e\x0b\x3c\x5b\xd1\xa0\x2e\x88\x83\x54\xad\x82\x50\x85\xc9\xd6\
\x49\x2a\x63\xf3\x4a\x5e\xa0\x12\x5d\x4a\xc7\x9f\xd0\x42\x79\xee\
\x53\x83\xd1\x59\x33\x16\x2b\x97\x2e\x03\x5c\x44\xbe\x45\x97\xd7\
\xb6\x75\x04\x4f\x91\xc8\x6f\x35\x7a\xed\x23\xc8\x1e\xf0\xfd\x28\
\xc2\x81\xd9\x0b\xf4\x47\x80\x36\x91\xbc\x4a\xec\x0f\x52\x16\xd0\
\xb1\x15\x59\xc7\x69\x9f\x9e\x2f\xd7\x97\x37\xe6\xb5\xfd\x1b\x51\
\x32\xe6\xdd\x0d\xb9\x94\xf2\xc5\x29\x6f\x3e\x64\x11\xd1\xd8\x90\
\x52\xcf\x88\x67\x34\x75\x77\x64\xe6\x08\xbb\x69\xa3\x7b\xc0\x80\
\x85\x7b\xcd\xd7\x87\xca\x5a\x6f\xe4\x5d\xad\xcc\xf0\x60\xf4\xd0\
\xcb\x26\x2e\xe5\x29\x04\x19\xeb\x84\x8c\xdb\xa8\x57\xcb\x0b\xa3\
\x03\xa8\xa5\xea\x69\x03\x79\x4e\x78\x93\x94\x2a\xf1\xf2\x1f\x55\
\xe2\x18\x0f\x9c\x7d\xc7\xc4\xfc\x23\x8c\x31\x81\x79\x0e\xdc\x3a\
\xc4\x9c\x88\x61\x45\x28\x5c\x77\xcc\x6b\x79\xcc\x5c\xa3\x58\x3e\
\xd0\xe9\xe6\x31\xfe\x54\xd7\x6d\x45\x3a\xf9\x98\x4d\x54\x53\x35\
\x1e\x87\x1a\xa5\xcb\x7a\xe0\xd0\x9d\x1d\x74\x02\x4f\x75\x82\x72\
\x18\x30\x1e\xdb\x6c\x41\xc1\x37\x45\xa3\x3a\x16\x6d\xbb\xca\x32\
\x82\x4c\x00\x3c\x3f\x35\x20\x6e\xc9\xa7\x93\xc1\x4e\x06\x40\x67\
\x14\x73\x74\x66\x18\xd5\x9b\xa5\x15\x48\x04\x26\xe2\x81\xb0\xc9\
\xbe\xeb\xb4\xe8\x00\xa2\x46\x39\x9a\x7a\x9c\x36\x03\x86\xae\x41\
\xc7\xb1\x36\x12\x7d\xb9\x21\xb7\xc6\xfc\x20\x20\x2c\x50\x34\xb7\
\x27\xa9\x39\x91\xaf\x42\xa5\x09\x67\xce\x46\x3e\xd0\x47\xa7\x6d\
\x34\x7c\xc0\x1d\xa0\x07\xe6\x4a\xda\x3b\x0e\xb8\x9b\x3f\x68\x11\
\x34\x4e\xb6\xfd\x41\x53\x01\x43\x85\xdd\x74\x28\xde\x5b\x5b\x9b\
\xb4\xee\x29\xeb\x0d\x8a\xac\xa3\xbb\x14\x9e\x34\x9e\xa7\xe9\xc9\
\x8f\xd6\x94\x0e\x9b\x65\xc5\x2b\x7b\x53\xb1\xb5\x0f\xd8\x30\x37\
\xb6\x5f\x46\x85\x71\x18\xda\x30\xd2\xd7\x7e\x3b\x06\x99\x2f\x65\
\xe7\xc9\x61\x5b\xe2\x4d\x93\xce\x96\x93\xda\x42\x2a\x4e\x9b\xe0\
\xa6\x56\xd8\xe3\x15\x2c\x05\x39\x4f\x69\xac\x4c\x9b\x88\xb6\x8d\
\xa4\x72\x13\x00\x05\x72\x55\xb7\xe0\x39\xd1\xac\x0a\x17\x33\xdb\
\x93\x6e\x66\xa9\x49\xc9\xd2\xcb\xac\x96\x1c\x76\x18\x91\x5d\x8d\
\x25\x36\xfa\x25\x34\x4a\x9a\x02\x27\x64\xbc\xbc\x52\x1c\xe2\xf1\
\xd2\x73\xaf\xc6\xef\x39\x99\x33\xe2\xec\xa5\xd5\x95\x58\xd7\x47\
\xfb\x27\x4d\x37\xd8\x47\x45\xc2\xb8\x13\x8a\x1b\xa6\x59\x88\x5e\
\xbb\xa8\x36\x26\x0f\x87\x88\x6d\x81\x5c\xba\xb3\x0a\x07\xce\xad\
\x70\xed\x5c\x2d\xd6\x97\x1f\x2d\x5e\xa2\xb4\x5b\xa3\x45\xe4\x74\
\xad\xfd\xe5\x64\x16\x90\x71\xb2\x71\x94\x79\xa6\x0a\xa1\x4e\xb3\
\xc0\x16\x19\xa6\xf8\x87\xee\x0b\x48\x68\x60\x5f\x8a\x00\xb3\x6a\
\x47\x9d\x47\xed\xab\xa2\x13\x52\xde\x37\xf8\xf6\x49\x78\x1b\x26\
\x8c\x5c\x64\x59\xe7\xac\xc9\x19\xf5\x99\x3a\xed\x4e\x66\xbc\x3b\
\x95\xf1\xee\xf4\x2d\x0b\xa8\x8b\x76\x22\x02\xb2\xe7\xb4\x31\x19\
\xd8\xda\xee\x7a\xc4\x15\xfc\x70\xbd\x71\xef\xe0\xd5\xcc\x63\xfb\
\x6d\x56\x0d\xa7\xe2\x6d\xa8\x0d\xde\x1e\x10\x1f\xa2\xbe\xe2\x4c\
\x61\x84\xb7\x4b\x71\xc0\x5d\xa1\x6e\x69\xd0\x27\x62\x85\xa2\xe2\
\xa9\xd0\xe3\xf5\x23\xcb\x25\xc7\x9b\xdd\x39\x59\xb8\x7f\x16\x35\
\x41\x18\x0f\x0b\x35\xdb\x59\xf3\xc2\xff\xce\xa1\x31\xd9\x6c\x71\
\xb5\x86\x0d\xa8\xbf\x95\x34\x3a\x79\xd0\x48\x4e\x8d\x31\x92\x53\
\x85\x93\xb3\x64\xe5\x86\xe3\x99\x8d\xcd\xe2\x67\xf7\x1f\x96\xdd\
\x1b\xa3\xff\xd3\x63\xf4\x7f\xba\x70\xfc\xb9\xf4\x0f\x6c\x26\x50\
\xd7\x94\x03\x80\xda\x25\x71\xff\x80\xa8\x74\x15\xb5\xe9\xec\x9a\
\x26\xff\xe4\x7e\x21\x41\xee\x92\x2a\x0c\x95\xbd\xa0\xee\xab\xfc\
\x16\x94\x6e\xb8\xb5\x4d\x69\x49\xbc\x8c\x2e\xd4\x15\xbf\x0e\x36\
\x2b\x95\x49\xcc\x81\x93\x41\x32\xc8\x0a\x1f\xd1\x73\x31\xd5\x06\
\x9a\xa9\x5a\x53\x33\x6c\xc6\x98\x31\xc7\x63\xe7\xac\x19\x64\x11\
\xd8\x17\x75\xfa\x76\x6d\xbe\x51\x51\x78\xc9\xe3\x5a\x2d\xae\x71\
\x08\xaa\x73\x20\x14\xb3\x73\x45\x92\x93\x4a\x3b\x23\x2c\x46\x2c\
\x51\x70\x5b\x66\x5a\xa0\x44\x3a\x79\xbb\xe9\x0f\x22\xd3\xd4\x41\
\xda\x42\x74\x1a\xda\x6f\xf9\x0c\xc4\x67\x4f\xe5\x14\x3a\x8e\x94\
\x4a\xf0\xec\x9a\x59\xa8\xd5\xac\x29\x1d\x35\x95\x95\x21\x6c\x9e\
\xda\x51\x06\xef\xa8\x09\x30\x4f\xa5\xbd\x98\x57\xd5\x5a\xbc\x2c\
\x44\x84\x21\x66\xef\xcf\x48\x47\x53\x6a\x8a\xdf\x65\x57\xf2\x81\
\xd3\x4d\x1d\x52\x87\xbc\xb5\x46\xfc\xdb\x2a\x9c\xaa\xec\x24\x8e\
\xcd\xac\xae\x14\xf8\xa2\x30\x76\x69\x31\x7b\x38\xc9\x30\x1d\xee\
\x90\xda\x4c\x9e\x41\xe2\x09\x58\x80\x9e\xf8\xd7\xa9\xb1\xe6\x74\
\x2a\x7b\x4e\x27\xf7\x9f\x93\x82\x34\x87\x21\xae\x5d\x38\x3f\x52\
\x8e\x52\x35\x0f\xe6\x0b\x6f\x0d\xf2\x57\x4b\x2b\xd9\xa1\x80\xf6\
\xc3\x7e\xed\x32\x94\x95\x6b\x3e\x6d\x16\x97\x99\xae\xc3\x48\x63\
\x94\x1a\x89\x56\x43\x2f\x65\x61\x94\x6c\xb8\x30\x52\x71\x3d\xe2\
\x16\x53\xd7\xfa\xc6\x86\x2b\x3c\x19\x4a\x10\xe1\x64\xba\xb4\xbc\
\x0e\xe1\x25\xdd\x24\xfc\xa4\x69\x42\x28\x9b\x44\xb1\xce\x92\x03\
\x90\xca\xbe\xc8\x9c\x58\x9e\x79\xe4\xf4\xa4\xe2\x93\xb6\x50\x98\
\x55\x87\x41\xd6\x14\x43\xd9\xc5\xa7\x6f\x6c\xa6\x40\x36\x67\xe2\
\x69\xe2\x86\x96\xab\x3b\xc7\x25\xa6\x96\x51\x1c\x4d\x4c\x77\xb6\
\x44\xf7\x98\xc4\x3d\xd2\xe2\x85\x31\xbb\xce\xeb\xbe\x20\xd9\xae\
\x16\x9d\xae\x4b\x5a\x8f\x35\x27\xa2\xe8\x2a\x06\x3b\x0c\xb8\xd9\
\xda\xa6\x7c\x99\x7c\x12\x48\x34\x52\xa4\xfc\x3e\xdd\x13\x01\xb0\
\xbb\x5d\x83\xab\x28\x58\xcb\x40\x64\x76\x90\xcc\xb0\x51\x45\x18\
\x05\x3e\x88\xa6\x43\xc6\x11\xf2\x29\x5e\xc7\xf8\x2d\x5b\x2c\xc4\
\x48\x64\xe6\xd1\x91\x1a\x52\x1d\xb3\xbb\xbb\xbb\xe6\x29\xab\x7c\
\x17\xdb\x4e\xbf\xeb\xef\xc5\x36\x20\xc3\x3b\x6e\x72\xc6\xe0\xc2\
\x87\xf6\xf5\x9c\xee\xa0\xd5\xf6\x00\xc2\x6d\x84\x44\x40\x52\x87\
\xd7\xef\xa9\xa5\x7c\xe4\xe4\xfe\xcd\x9c\x1a\xb3\x99\x53\xfb\x37\
\x73\x7a\xcc\x66\x4e\xdf\xae\xa3\xf3\x42\xa9\x9a\x9d\x02\x82\x62\
\x12\xa7\x6a\xc9\x6a\x6b\xab\x85\x14\x01\x49\x4f\x36\x3e\x40\xd3\
\x96\x9e\xda\xdc\x39\xde\x34\x06\xb0\xc8\xcc\x22\xae\x22\xd3\x67\
\xb9\x94\xd8\x91\xc0\xd9\x02\x39\x4b\xe3\x7a\x5c\x55\x85\x0d\x25\
\x69\x2f\x3d\x58\x4e\x0c\x07\x3f\xb0\x15\xab\xea\x4d\x87\x1a\x55\
\x86\x24\x4d\x47\x6c\x4d\x44\x8f\xc0\x39\x5d\x49\x67\x21\x69\x5d\
\x93\x9d\xa6\xa6\x3d\x3a\xa4\xbd\x54\x6c\xc4\x07\x7f\x23\x71\xe0\
\x37\x4e\x8f\x3c\x54\xf4\xa7\x9f\xfe\x53\xe5\x52\xa3\xbc\x56\xae\
\x97\x8b\x2b\xe5\x27\x4a\xd5\x06\x06\x27\x19\x29\xd2\x64\x54\x4d\
\x3b\x73\x32\x71\xe6\xcb\x83\x38\x00\x72\x57\x7e\x93\x61\x4b\x90\
\x92\xf8\xde\xda\xd6\xb1\x4a\xd8\xc4\x17\xb8\x49\x6b\x56\x42\xce\
\xc4\xd6\xf3\x74\x8d\x48\xb3\x8b\xb5\x3c\x19\x12\xa0\x68\x46\xe2\
\x48\x28\x41\x32\xbd\x1b\x12\x19\x3d\x20\x23\xf7\x8b\xc5\x14\x38\
\x96\x7c\x39\x8b\x18\xe7\xa9\x4a\x26\x83\x94\xcc\xf6\x46\x17\x21\
\xf1\x5b\x18\xee\xb3\xbb\xc7\x74\x8b\xc7\x48\x36\xab\x22\x32\xeb\
\x16\x30\x84\xe6\x8e\x8b\xb9\x6c\x8d\x18\x2d\x14\xe2\x90\xf8\x68\
\x3d\x75\x7d\x43\x27\xf7\xd3\x78\x9a\x4b\xcc\x2e\x0c\x82\x63\xce\
\x10\x03\xc8\xe1\x98\x92\xb3\xd6\x81\xdf\x86\xc0\x24\x7b\x8a\xa2\
\x6b\xab\x18\xa8\xb2\x33\xc6\xba\x11\x3a\x71\x1c\xfe\x1b\xba\x15\
\x3a\x75\x7c\x4c\xc5\xc6\xc6\x4a\xbd\x4c\x71\x70\x16\xd6\xd7\x1b\
\xe5\x5a\x63\x84\xab\x29\xa1\x5d\x66\x5d\x53\x9a\x36\xcd\x8e\xfc\
\x54\x30\x51\x52\x7e\xda\x66\xdc\x9c\x85\x63\xc7\x12\xd6\xa2\xb8\
\xa5\xd9\x04\x8b\xb9\x56\x5b\x9e\x00\x2a\xb3\xb3\x77\x22\x60\x67\
\x67\x67\xb5\xa2\x6c\x9a\xd5\xa8\x19\x2e\xa5\xb4\x4d\x95\x60\xdf\
\x4c\x1a\xa5\x29\x17\x3f\xc6\x0c\x0f\x84\x3c\xe3\xba\x10\xa9\x5a\
\xf6\x30\x93\xc3\xa3\x8e\x59\xf0\x40\xb9\xdf\xec\xbb\xa6\x02\x8a\
\x1a\xe1\x84\xe4\x62\x9d\xe3\x23\xb3\x88\x42\xfc\x8c\x38\x1b\x2a\
\x6e\xda\x94\x4d\x43\x33\x4e\xab\xd1\x14\x51\x51\xb4\x7e\x93\x3d\
\xcc\x19\x19\x00\x7e\x01\xc6\xf1\x8a\x75\x88\xe2\x53\x8e\x4c\xc1\
\x96\x47\x21\x88\xf0\xfa\x02\x37\xdc\xfe\x9e\x96\xab\xb6\x37\xb3\
\x8e\x3e\x07\xb9\x55\xbc\xb2\x0a\x81\xea\x06\x11\xde\x24\xe6\xad\
\xe5\xeb\xef\x6e\x75\xf4\x0b\xa0\xa4\x35\x31\xd6\x94\x37\xa7\xe0\
\x6b\xbf\x3d\x08\xc7\xc1\x3a\x0c\xb3\xbf\x5e\xad\x2c\x34\xea\xcb\
\x18\x47\x71\x04\x99\x4b\xd7\xd2\x04\x42\xe4\x0c\x4d\xd4\xa2\x0e\
\x0a\xe6\xda\x62\x83\xc2\x30\xc8\x65\x90\x38\x92\x89\x6e\x26\xd6\
\x5a\x16\x2c\x62\xd2\x05\x61\x8f\xa7\x6e\xb7\xed\x50\x85\xc9\x12\
\x27\xa0\xb8\xaf\x16\xc7\xfe\x56\x3e\x0f\x3a\xe1\xf1\x1e\x2c\x62\
\x2f\x36\x00\x09\xd9\x87\x3d\xce\x43\xc5\x57\xcf\x0c\x6d\xba\x1a\
\x0f\x98\xe8\x1d\xe7\xcb\xb4\x88\xa9\xa1\xca\x35\x40\x89\xd2\x48\
\x80\xb4\xbb\x44\xb8\xd4\x01\xb8\xb0\xbe\xc1\x59\xf6\x24\x2c\xb0\
\x52\xc2\xd2\x7d\xb2\x5c\x5c\xbb\x18\x36\x99\x43\xb1\x79\x12\xc4\
\x85\xbd\x12\x8d\xfa\xb2\x61\xdb\xa8\x8b\x60\x42\x16\x1b\x11\x30\
\x34\x13\xf6\x09\xc4\x69\x92\x4f\x26\x5b\x28\x04\x2e\xd1\xaf\xae\
\x0e\x20\x98\xba\x78\x17\xb8\x9e\x50\xca\x6a\x07\x8e\xec\x16\x4a\
\x36\x30\x1e\xd1\x92\x84\x78\xb3\x8a\xc6\x23\xdd\xc4\xb2\xac\x77\
\x1d\xe4\xe0\xe4\x82\x1d\xb1\x96\x95\xb8\xb4\x85\x30\x5c\xcb\xc0\
\x23\xb3\xe2\xf3\x71\x5c\xdb\x36\x60\x3a\xf9\x06\xd2\xb5\x89\x6e\
\xd5\x0d\x4d\x6a\x2d\x09\x64\x17\x2b\x75\x4a\xf2\xa0\x51\xea\x06\
\x28\xed\xbd\x27\x4e\x0e\x07\xf7\x07\x32\x7b\x11\x04\x05\x27\xc8\
\x3d\x06\x24\xdf\x5a\x47\x75\xfa\x76\x34\xb3\xe2\x6f\xc1\x7a\x0f\
\xc2\x2d\x67\xf7\xfa\x33\x9d\x6e\x54\xa0\x9f\xa1\x7f\x1d\x14\x60\
\xd9\xf5\x30\x1e\xc1\xdc\x38\xfb\xa5\x32\xbf\xb4\x51\x5b\xc0\x8b\
\xe1\xd2\x6a\xb1\xbc\x32\xda\x22\x34\x5d\xf1\xc0\x78\x82\x7e\x73\
\x73\x10\x52\x10\x69\x8c\xb1\x8b\x19\xbd\xdb\x01\x5d\x4a\x3c\xcf\
\x59\x4d\x2b\xeb\xf5\xf2\x2a\x30\x37\xa8\x61\xc2\xff\xd7\xab\xc5\
\x0c\x56\xb9\x26\x6a\xa4\xac\xda\xc3\x14\x38\xd0\xb1\xec\x4d\x2e\
\x04\x04\x49\x54\x39\x88\x6f\x55\xda\xb3\x86\x24\x52\x7d\xd7\x6d\
\xc6\xa2\xa1\xe9\xbb\x5d\x0a\xb5\x8c\xfc\x90\xb4\x73\xf3\x11\xdc\
\xf4\x64\xc4\x86\x10\xe7\xb4\x30\xc6\xdc\xcd\xea\xe3\x4e\x7e\x41\
\x4d\x5b\x32\x6f\x8e\x3f\x77\x22\x57\x09\x00\x2c\xa4\x35\x04\xa1\
\x1f\x9b\xa8\x19\x9a\x73\x75\xf9\xaa\xb9\x3b\xcd\xd0\x8b\x39\xa0\
\x84\x83\x42\xf1\x55\x47\xa6\x94\xaa\x62\x23\xc7\xf6\xc7\xb7\x1c\
\xd2\x18\x90\x61\x7c\x40\x63\xed\x71\xe1\x8c\x37\x3c\xc8\xc0\xac\
\xef\x81\x64\xef\xdd\x42\xa0\xd3\x2f\xb1\x17\x6a\x72\x01\x74\x54\
\x48\xc3\x8e\x95\xad\x1b\xf9\xde\x58\x14\xcf\x21\x46\xf7\x00\x4e\
\x95\x58\x6f\xb2\x4d\x93\xfa\x94\x94\x40\xaf\xce\xc1\x40\x7f\x2e\
\x30\xaf\xad\x94\x17\x32\xae\xd3\x46\x01\x9d\xaa\x8f\x0b\xf5\x1a\
\x9c\xbd\xce\x67\x0a\xb0\x7b\xc0\x1c\x75\x11\xd6\x18\x4c\xc7\x08\
\x07\x2a\x31\x0e\x45\xdb\x49\x9d\x52\xfc\xce\xf0\xd3\x84\xe4\x17\
\x96\x17\x57\xc6\x87\x37\xd6\x1e\x17\xdc\x54\xf7\x66\xc9\x28\x36\
\x72\x0b\x26\x9d\x32\xbf\xce\x66\x30\x87\x8c\xb4\x9f\xa3\x87\x34\
\xad\x5c\xec\x21\x1d\x5b\x89\x65\x47\x3a\x12\x1f\xf6\x9b\xf1\x97\
\xd6\x1a\xe3\x84\xf9\x0c\x9a\x58\x2a\x33\x94\x2c\xdf\xe9\xe1\x98\
\x96\x29\xb7\xe9\x1b\x00\xed\x4a\x71\xed\xfc\x46\xf1\xfc\x88\x9b\
\xf0\x54\xa5\xfd\x00\xab\xf6\x53\x1c\xe9\x16\x09\x7f\x12\x72\x99\
\x39\x6f\xf0\xce\x40\x41\x32\x23\xa4\x19\xc5\xa4\x8a\x9d\xad\x12\
\xce\x8b\x92\x67\x3e\x42\x23\x21\x41\x46\xe1\xe3\xff\xdf\xea\xae\
\x6e\xa9\x91\x23\x4b\x73\xdd\x4f\x51\xeb\xf5\xcc\x40\x18\x68\xb7\
\xc3\x9e\xd9\xf1\x74\xf4\x84\x1a\x04\x68\x1b\x24\xb5\x24\xe8\xb1\
\xc3\x11\x44\x09\x15\x52\x0d\x52\x15\x53\x25\x81\x9b\x8d\xbd\xdb\
\x67\xd8\xab\x8d\xd8\x9b\x7d\x06\x5f\xf9\x8e\x17\xdb\xf3\x9d\x73\
\xf2\xa7\x4a\x55\x42\xd0\xd8\xde\xbd\xb0\x5b\x48\x59\x59\xf9\x73\
\x32\xf3\xe4\xf9\xf9\x3e\x41\xe1\x2a\xe4\xf5\x57\x5a\x94\x1a\x97\
\x59\x7c\x15\x86\x40\x82\x6d\x64\xe1\x30\xbe\xc0\xbf\xd4\xe0\x38\
\x4c\xb6\x83\xb7\x59\x78\x17\x4f\xe5\xe3\x62\x3a\x86\x61\x81\x3e\
\xee\x85\x73\x28\xf3\xf4\x61\x02\x8b\x42\x64\x3f\xec\x0c\x90\x1b\
\x25\x17\x39\xfa\x32\x4b\xa9\xc5\x5c\xee\x2e\xba\x98\x90\xbe\x16\
\x26\x71\x8e\x7f\x17\x73\xfc\xd9\x4c\xc6\x74\x42\x4e\x82\xcd\xd3\
\x84\xe1\x9f\xfb\xc0\x53\xcb\xb7\xe8\x87\x1c\xc0\xcb\x24\x8a\xdb\
\xc1\x41\x98\xe5\x71\xb0\xd9\x85\x5d\x2c\x04\xf6\xef\x01\xc0\x7f\
\x50\xc9\x01\x08\x7a\xe8\xdf\xc3\x88\x06\x86\xde\x71\x98\x45\xd1\
\x15\x5d\xee\x60\x08\xa1\x7f\x16\x89\x69\x6d\x2b\xc1\xdd\x20\x97\
\xcf\xd4\x70\xfe\xf0\xaf\x21\x4d\x33\x37\xdd\x7c\xda\xa1\x41\xdf\
\x34\x7f\x88\x8d\xd0\x34\x50\xb1\x5c\xd0\xb4\x77\xb4\xbc\xf1\xbc\
\xfc\xcb\xcf\xc8\xc7\xda\x27\x8e\xc3\xf9\x0d\xbf\xf2\x18\x7c\x9b\
\xa1\x8c\xeb\x09\x02\xee\x52\xf9\xdc\x4e\xb3\xdb\x68\xcc\x1f\xb5\
\x9b\xc1\x26\x77\x9b\x1e\xee\xa6\x53\xee\x6c\x97\x54\xb2\xc5\x78\
\xc1\x0d\xee\xa5\x33\xad\xa5\xb7\xc8\xa5\x5b\xfd\x28\x1b\xfa\x1f\
\x76\xf6\x3e\x66\x24\x3f\x98\xcb\xfe\x34\xbd\x09\xaf\xe4\x5f\x92\
\x1a\xfa\x70\xad\xb3\xd0\xa7\x5b\x25\x7f\x18\x2c\xb2\x2b\xfe\x70\
\x7a\x95\x21\x24\x3e\x14\xe0\xcc\xb3\x38\x9a\xf3\x51\x10\xd5\x9a\
\x14\xb5\xbb\xbb\x1b\x9d\x77\x1b\x1d\xc6\x81\xde\x39\xa2\x47\x87\
\x8b\x8b\xc9\xc6\x3b\x9f\x69\x31\x07\x67\x75\x1c\xdc\xff\x74\x79\
\x99\x44\xc9\xc6\xf7\x74\x7e\xcc\xef\xe6\x88\xf2\xe5\x6f\xe6\x1b\
\xf7\xff\xc9\xbf\xec\xee\xee\x6e\x1c\xdc\xff\x4c\x2a\xd8\x4e\x90\
\x22\x0b\xae\x7b\xd4\xdd\x31\x88\x66\x1c\x83\x1c\xe3\x04\xd7\x32\
\x5f\x7c\xb1\xea\xb7\x97\x7b\xc7\xad\xda\xdf\x55\xc7\xad\xfd\x1d\
\x6a\x8e\x36\x61\xef\x9f\x6b\x4b\xf1\x19\x5e\xfb\x2b\x0e\x80\xaa\
\x1f\xf5\x2b\xf3\x2f\x2d\xd4\x79\x7a\x95\x72\xfe\x28\x09\x3e\xed\
\x1b\x51\x36\xdf\x38\x4b\x5d\x8c\x55\x94\xdd\x45\x8b\xf1\xdc\x62\
\xbb\x6d\x1c\x46\x79\x38\xa3\xbf\xdf\x31\x9c\x75\x32\xa1\x7a\x01\
\xe7\x1b\xaf\x45\xe9\x03\xbc\x7b\x1c\x8a\x6c\xff\xea\x36\xda\xcd\
\x8a\x43\x94\x4d\x0a\xcb\xf4\x97\xa5\xfb\x17\xb6\x99\xe5\xda\x4c\
\xfe\x7f\x11\x8e\x0f\x42\xe5\x30\x09\x92\xf0\x26\x1e\xcb\x76\x86\
\x05\xc7\x57\x5c\xc1\xe0\xd6\x9b\x57\x16\x8f\x27\x70\x3e\x23\x0c\
\x1d\x66\x51\x8b\x24\x4e\xab\x9c\xe4\x9c\x04\xf7\x7a\x1a\x7e\x54\
\x58\x34\xda\xf8\xd8\xbe\xa5\x85\x2e\xc4\x5f\x65\x51\xdb\x41\x82\
\xc1\xb0\xdd\xdb\x00\x34\x8f\x81\xeb\x85\xc0\x47\xe4\xfc\xdb\xf0\
\x0c\xb8\xf4\xb0\x5f\xee\xd2\x1b\xb3\x34\x1e\x31\x2d\xae\xa5\x01\
\xc3\x09\xb4\x6a\x34\x04\x5a\xcc\x41\x1f\xc0\x69\x9e\xa4\x6a\x2b\
\xf8\x8d\xef\x9f\xdd\x46\xb7\xd9\x3b\x1f\x7c\xd7\xad\x39\xe0\xdc\
\xef\x95\xd1\x44\xaa\x4d\x5d\x87\x38\x4c\xa0\xf0\x59\x65\xc7\x10\
\x84\xc9\x61\x13\x8b\x31\xa3\xe6\x90\x09\xbf\x0e\x36\xbf\x7a\xf5\
\x65\xf0\x63\xf0\xd5\x9f\xff\x14\xcc\x66\xb4\xb5\x29\x53\xce\xe6\
\xbf\xec\x7e\x43\x5f\xbf\x7a\x85\x44\xce\x09\xef\x98\xd3\x68\x4c\
\x22\x62\x7e\xf8\xda\xfc\xc0\x9b\x92\xc2\xbf\x92\xfe\xb0\xf9\xa7\
\xdd\xaf\xb8\xc0\x97\x54\x4e\x8b\xd4\x6e\x54\xe1\xd7\xbf\x42\xc8\
\x7a\x77\xff\xe0\xfc\x88\xc6\xb1\x47\x6b\xe1\x5d\xbd\x65\xa3\x58\
\xac\xca\xae\x81\x52\x92\xb9\x67\xc6\xda\xa9\x0d\x70\x47\x65\xd0\
\xb4\x55\xcb\x04\x2e\xb5\xf3\x95\x51\xdd\xc1\xa6\x58\xc1\xae\xf3\
\xaf\xae\x47\x97\xd0\xf1\x0c\xbc\x90\xba\x7c\x51\x46\x23\xf6\x44\
\x7b\x60\xff\xf1\x14\x4c\xc7\xc1\xa6\x43\x18\x2b\x39\xb7\x0b\x44\
\x1e\x0c\x8d\xef\x48\xf2\xd4\x50\x0d\x2b\x79\xee\x07\xae\xe4\x8b\
\x78\xce\xa6\x45\x34\x34\x15\x9e\x00\xa6\x10\xe4\x34\xfb\x5c\x72\
\xaf\xd0\x1c\x24\x8d\x88\xf4\x3c\xc7\x42\x79\xf2\xfc\x29\xb9\x60\
\x8d\xe3\xe0\x84\xb4\xd8\x33\x40\x6f\x26\x23\xa4\x9a\x8c\xe2\x08\
\x11\xaf\x83\x70\x9c\x07\x57\xf7\x3f\x25\x74\x7a\x05\x00\xe4\x3c\
\x8e\x14\x99\x93\x73\x51\x62\x7c\x6d\x72\xe8\xe8\x63\x63\x71\xc9\
\xc8\x9a\x80\x2b\xc0\x19\x31\xa2\x9d\x42\x2d\x6d\x72\xda\xe0\x89\
\x2c\x68\x8d\xa2\xe8\x05\x5b\x08\xa6\x48\xda\x2b\xe5\xb2\xd0\x78\
\x5e\xd1\xf0\x21\x3b\x86\x86\x0d\xfe\xa4\xd7\xc3\xec\xcd\x8b\x7d\
\xb4\x28\x0b\x06\x88\xaf\xbe\x8d\x33\xba\xab\xcd\x82\x46\x72\x49\
\x0a\x60\xf0\xf7\x48\x2a\xb9\xf0\x6a\xc9\x77\xfa\x30\xf7\xe1\x8d\
\xe3\x68\x88\xd5\x38\xdf\x7d\x41\xc3\xf4\xa2\x09\x2b\x29\x5b\xe4\
\xe9\x94\x91\x7e\x26\xc1\x67\xcd\x38\xb9\x8b\x48\x6c\xb2\xcf\x76\
\xf8\x0d\x79\x1a\x5c\x2d\x18\xb6\x80\x76\xd8\xfb\x9f\x48\x11\x20\
\x85\xf7\x6e\x11\x1c\x85\x53\x28\xb2\x2f\x78\xd0\x1e\x33\xec\xad\
\xbd\x5a\x1f\x32\x2f\x1b\xaf\x18\xcf\xb7\x09\x3e\xb3\x71\xa8\x09\
\x83\xbb\xdb\x35\x53\x26\x96\x22\x51\xcc\x1d\x50\xb1\x21\x06\x5d\
\x98\x28\x74\xa5\xf0\xa8\x46\xa3\x99\xc2\x08\x5a\x0f\x40\xf3\x98\
\x6e\x1e\x77\x0e\x2b\x08\x62\x20\x5c\x3a\xd2\x24\x51\xc1\x55\x98\
\x30\xc8\x6a\xc0\xd6\xd7\x25\x49\x81\x67\x19\x73\x96\x98\xf9\x97\
\xb9\x0f\x5a\xd4\xff\x9d\xb7\xf1\x74\xb4\xb3\xcf\xfa\x16\x4b\xc1\
\xf2\xcc\x07\xa4\xad\xdf\x2d\xc6\x11\x52\xa8\x68\xce\xf7\xa9\xe6\
\xc3\xec\xfe\xa7\xfb\xff\x8e\x92\x9d\xe3\x18\x72\x3b\x8d\xa3\x31\
\x5c\x4c\x31\x82\xf6\xe0\x3d\x89\x92\x3c\xf8\xe6\x9b\xa0\x1b\xff\
\x48\x87\xf5\xdb\x0c\x82\xb3\x0d\x02\x25\x34\xfa\x05\x5b\x97\x49\
\xbc\xf5\x07\x12\x8d\xe9\x74\x6e\x52\xb5\xc6\x52\x73\x06\x8f\x4f\
\xf0\xd5\x97\x5f\x6a\x1d\x39\xf5\x4e\xc5\x96\x46\xfc\x10\x79\x7d\
\x00\x6b\x22\x81\x42\x47\xb9\xdb\x00\xb4\xa5\xcf\xaa\xf4\xec\x9c\
\xb1\x1a\x74\x31\x21\xed\x75\xbd\xab\xb3\x19\xf1\xea\x44\xae\xd2\
\x88\x43\xe2\x19\x2c\x61\x42\x77\xa6\x88\x5b\x2e\x8b\xb7\xab\xf6\
\x81\xd1\x82\x34\x2c\x46\xd8\xf5\x36\x81\x88\xd5\x9b\x0f\x08\x42\
\xcb\x79\xfd\xbe\x90\x62\x5e\x11\xc0\xe9\x7e\xb8\xff\x29\x63\x40\
\xfa\x4d\x3c\x4f\xfd\xa2\x65\x79\xff\xf3\x24\xa3\xdf\xf3\x3b\xd6\
\xf8\x12\x7f\x19\xf2\xe0\xd0\xa2\xfa\x19\xca\xdd\x96\xb4\xe3\x45\
\x9b\x54\xf1\x04\x0b\x8c\x27\x5e\x86\xae\x9f\x5e\xa2\x56\x1e\x68\
\xf6\xf6\x46\xec\xd2\xb1\xd2\x41\x9d\xda\x76\x42\xd0\xe6\x70\xb6\
\x25\x59\x5a\xe4\xbc\x6f\xb5\x92\x49\x88\x9c\xed\x28\x7f\xa1\x3f\
\xd1\x75\x2e\xe6\x0d\xe8\x46\x7a\x63\xf6\x87\x7d\xaa\xcb\x77\x99\
\xf1\xd8\x7d\x76\xe2\x39\x0d\x3e\x7b\xfc\xea\x6f\x9f\x82\x8c\xa9\
\x82\xaa\x96\x5e\x46\xe5\x8a\xc5\x50\xca\xad\x93\x51\xc8\xa3\x92\
\x2c\x70\xa5\x90\x05\x41\xb2\x39\x0b\xbc\x06\x05\xbd\x08\xfc\xcf\
\xd8\xf4\xda\x8b\xd9\x0c\x83\x46\xcf\x50\xbf\x64\x30\x75\xf9\x70\
\x6d\x10\x7a\x8c\x56\x03\x0a\x35\x1d\x4c\x98\x24\x5a\x30\xd3\xcb\
\x2c\x62\x94\x32\xd4\xba\x43\xaf\xa3\x9b\x2e\xb0\xc6\x13\xa4\x80\
\x44\xf4\xdc\x67\x67\x72\x0c\xef\xec\xa9\xe7\xab\xcf\x8e\x34\x52\
\x54\xce\xf6\xfa\x5b\x9f\x51\xbd\x7e\x03\xe9\x38\x5b\x6b\x74\xbe\
\x1b\x1c\x75\xda\x0c\x71\x3d\xe8\x55\x52\x3b\x78\xb4\xbb\x6a\x92\
\x45\xa8\x31\x27\x92\x89\xf7\x54\x55\x65\xb5\x93\x32\xa6\xb9\xa6\
\x2f\x71\x22\x0e\x94\x2a\x97\x2e\x53\x05\x79\xa4\x70\xb7\x62\x58\
\x79\xfb\xd1\x7a\x74\xcb\x6d\x73\xe0\xd8\x0f\x54\xe8\x12\xc0\x95\
\xe0\xbb\xac\xb0\xdb\x1e\x94\x8c\x27\xec\xb3\xce\xbd\xbb\x82\x73\
\x94\x3e\x8a\x67\xee\x44\x8f\xab\x28\xf8\x00\x66\x2d\xe4\x44\x8d\
\xbe\xa5\x4b\x69\x76\xff\xf3\xc5\xd5\x86\x8a\x8c\xf9\x17\x5b\xbf\
\xf9\x8c\xeb\xb0\xf9\x7c\xb7\xc8\xe1\xfd\xa2\xf3\x35\xcf\x49\x44\
\xcc\xd7\x36\xe5\x0e\x32\xd4\xda\xa7\xab\x1a\x16\x62\x3f\xe6\x73\
\x36\x1e\x03\x86\xc4\x9a\x72\xe8\x87\xfb\x9f\xe1\x8d\x2d\xee\xed\
\xdb\xfc\x37\x1e\x19\xe9\xa9\x2f\xf7\xc6\x35\xe4\xe5\xfd\xde\x51\
\x0d\xf0\x81\x2a\x9f\xef\x8f\x0e\xe9\x04\xda\x6b\x0c\x5a\x7a\x8a\
\xc6\x25\x1e\x01\x2a\xa2\x75\x3c\x94\x49\xe9\x40\x00\x74\xda\x24\
\xe6\x0f\xd3\xb6\xfb\x0f\xc5\xb8\x17\x8d\x93\xed\x81\x2e\x26\x26\
\xce\x57\x86\x87\x5e\xa6\xd3\x91\x51\x06\xd7\x53\xf8\xde\x1f\x75\
\x9f\xa0\xee\xf9\x43\x51\x7d\x35\x5a\x1a\xac\x15\xa3\x61\xed\x98\
\x9b\xc6\xa4\x6a\x2c\xaa\xd0\x42\x0c\xda\x2e\x8f\x17\xe3\x8b\xbf\
\x07\x25\xe4\x3f\x26\xd1\xf4\x5a\x75\xfb\x54\xb2\xcf\x13\xda\x41\
\x84\xbb\xa7\x68\x76\xce\xd8\xef\x8e\xf4\xed\xe2\x43\xc6\xaf\xef\
\x6e\x08\xbb\xff\x98\x5c\xeb\xe0\xff\xf2\x43\xd8\x3d\xdf\x3b\xed\
\x1b\xbe\x8c\xf3\xc6\x60\xd0\xab\x09\x81\xa8\x2c\x2a\xb8\xd5\x85\
\x58\x08\x9f\x42\xc5\x23\x09\x36\x57\x7b\xa1\x39\x50\x16\x0b\x04\
\x22\x8c\x46\x5e\x08\xbd\x6f\x26\xbd\x16\xf7\x3b\x02\x52\xdf\xcf\
\x83\x23\x1a\x33\x7b\x94\xbf\x0c\xf6\xa4\x9e\x03\xae\x27\xff\xf5\
\x07\xaa\x5a\x25\xb1\x6b\x74\xb9\xb0\x77\x4d\x64\x73\x7a\x29\x80\
\xc4\x50\x91\xfc\xbf\x1e\x20\xf4\xb3\xdf\x6d\x54\x39\xd1\x8c\x04\
\xd9\x22\x15\x92\x63\xdd\x56\x26\x54\xe6\xd6\x73\xd5\x60\x01\x96\
\x7b\xb9\x94\x81\xb1\xf6\xe8\xb4\xcd\xab\xea\x4f\x9a\x34\x1b\xef\
\x2a\x66\xdb\xae\x3e\xf8\x88\x2b\xec\xd3\x07\xb1\x0f\x2d\x69\xbd\
\xe5\xb8\x54\x74\xfd\xe5\xc8\xc6\x2e\x47\x6d\xab\xe2\x66\x70\x5a\
\x38\x41\x17\x66\x81\xe5\x91\x13\x81\x0a\x1a\xb6\xaa\x5f\x47\xb4\
\xce\x5a\xbd\xc1\x69\xe3\xf8\xfc\xa0\x73\x5c\x0b\x41\xb8\x5c\xee\
\xb7\x15\xb2\xb3\x38\x9b\x23\x9c\xf3\x80\xcf\xc3\x15\x61\x2c\xa4\
\xfb\xfc\xf2\xa2\x35\x58\x83\xbe\xc3\x2f\xf4\x5b\x32\x77\x94\xb9\
\x34\x1e\x45\xda\x61\x1f\x7e\x4e\xbe\x8e\x1f\x7e\x25\xbe\x8e\xf7\
\xa7\xad\x3a\x0c\x61\xfe\xa9\x4a\x8b\x01\xdd\x02\x69\x11\x2f\xd3\
\x4b\x43\x65\x2f\xbe\x2b\x17\xe3\xe2\x74\x8b\xf9\x32\x81\x92\x8f\
\x81\x45\xa3\x29\xaf\x29\x4f\x3c\xcc\x31\x33\xd0\x49\x79\x52\x69\
\xdf\x13\x32\x1e\xd6\xe5\x03\xbe\xf2\xb7\x51\xb4\x2e\xe1\x4c\xaf\
\xb9\x77\xda\xeb\xb7\xce\x6a\x0e\x12\xfb\xf3\x2a\x9d\x8e\xd6\x35\
\x87\xf8\x2b\x8d\x52\xbe\x18\xfa\x6c\x8d\x2e\x93\xc7\x10\x29\x2a\
\x20\x95\xc3\xf0\x0a\xc1\x42\x3b\x9d\x7e\x7a\x04\x40\xaf\x79\xd0\
\xec\x35\xdb\x7b\xcd\xfd\xf3\xb7\xdf\x21\x97\xa8\x46\x63\xd5\x45\
\x58\x5d\xbc\x6e\x39\x5a\x36\x36\x8f\x0b\x53\x59\xeb\x7d\xe7\x35\
\xfa\x67\x18\x43\xad\xe1\x97\x53\xe6\x9d\x67\x1f\x47\x85\x81\x2c\
\x7f\x96\xfe\xf6\x91\x0e\xf0\x4e\x69\x4d\x1f\xee\x6f\xa1\x78\x45\
\x7f\x39\xe9\x8e\x7f\x3c\x7f\xdb\xeb\x7c\xe8\xd7\x13\xd5\xa0\xda\
\xc9\x47\x70\x58\xb1\x51\x9c\x33\x8c\x5c\xf7\xe9\xfe\xef\xbd\xd3\
\x0e\x30\x53\xbf\x56\x8f\xfd\x94\xe3\x4a\x24\x10\x29\x46\x04\x83\
\x5c\x7a\x14\x03\x5d\xb2\xdd\x3b\x73\x8f\x50\xeb\xe3\x72\xe1\xe7\
\x26\x52\xaf\xe8\xc2\x3a\x43\xfc\x14\x79\x32\x43\x57\x96\x28\x96\
\xb3\x98\x33\x12\x10\xd8\xfa\xd2\x39\x94\x90\xd3\x6c\x1e\x7a\x7e\
\xf1\xea\x36\x1b\xb5\x46\x7e\xdb\x63\x57\xe8\xc1\xc8\x53\x4d\x74\
\xae\x3e\x62\xe4\x44\x52\x9e\x78\xe6\x9a\xd3\x7e\x79\xb4\x7a\x55\
\x01\xf8\x1e\xad\xeb\x30\xa5\x7b\x24\x63\xa3\x9e\xb6\xc1\xb2\x24\
\xbc\xe5\x22\xd0\xdc\x42\xc3\x64\xbe\xdf\xec\xef\x09\xa7\x4e\xf1\
\x48\x5b\x6a\x94\x8f\x90\x6f\x32\x4c\x38\x9b\x96\x23\x66\x57\x0c\
\xf2\x23\xc4\xeb\xfd\xf9\xa0\x47\x8a\x7a\xe3\x6d\xeb\xb8\x35\xf8\
\xae\x86\x17\x5d\xb6\xe3\x8a\xa2\xb2\x35\x1b\x08\x45\x64\x68\x66\
\xa4\x74\x85\xca\x8d\xe3\xeb\x50\xd6\x1a\xa4\x17\xe1\x42\xaa\x97\
\x70\x38\x17\xb1\x74\x04\xc6\x57\x52\x5e\xbc\xc2\xc5\xcc\x88\x5c\
\x9d\x65\xc6\xd8\xd5\xee\xc8\x90\x99\xc4\x78\x56\xab\xea\x9a\x14\
\x4e\xe7\xe9\x98\x8f\x8f\x62\x25\xa7\xed\x3e\x2d\x9e\xfe\x41\x8b\
\xf6\x87\x4e\xfb\xf8\x3b\x9f\x08\xdd\x6a\xda\x85\xf6\xdb\x23\xd8\
\x50\xf6\x84\x41\x4e\xef\xc8\x59\x1f\x15\x23\x0a\x4c\x0e\xf3\x49\
\x96\x2e\xc6\x13\x35\xa6\x29\x09\xe6\x0f\xae\xe4\x16\x42\xe0\xd9\
\xf3\xad\x51\xf4\xae\x45\x67\xcd\x5e\xeb\xd3\x1a\x74\x13\x65\xf1\
\x5a\xed\xb1\x05\xb7\x38\xbb\xc4\xd2\x57\x7b\x41\x79\x9b\x73\x27\
\x76\x5b\x5e\x6b\x78\x09\xc8\x36\x8a\x58\x02\x30\x53\x5e\x18\xa2\
\x86\x4a\x87\x33\xaf\x52\xc8\xff\xd2\x98\x63\xd5\x94\xba\x5d\xeb\
\x36\x7e\x9c\xdf\x91\x04\xf9\xb4\xd5\x6b\x9e\x34\xdb\x83\xfe\x53\
\x00\xad\x7a\xcd\x7e\xe7\xf8\x0c\xab\x1c\xd7\xdc\xfd\xf3\x6e\xa3\
\xd7\x38\xa9\xf3\x23\x03\xab\x66\x5a\xed\x3a\xf6\x88\x49\x17\x09\
\xfe\x18\x71\x2a\xc1\x2c\x62\x6c\xde\x84\x33\x7e\x48\x6f\xce\x8a\
\xb1\x7c\x36\x5c\xc3\x3a\xf5\x8b\x80\x83\x9c\x3e\x16\xcb\xe9\xe3\
\x19\x9d\x97\xde\xc0\x28\x61\xf0\x28\x9b\x5f\xd6\x84\x56\x96\x61\
\x6a\xb2\x97\x79\x3a\x5d\x24\xd8\x5e\xc3\xc5\x65\xc1\xd3\x10\x05\
\x77\x62\xa4\xa5\x2e\xdf\x45\xc9\x5f\x37\x1a\x5e\x81\xe2\x6f\xfc\
\xd3\x87\x28\xbb\x82\xc1\xde\xab\xb2\x58\xa8\x07\x93\x3e\xbb\x33\
\x0f\x04\x64\x61\x13\xec\xed\x88\xcc\x61\xff\x0c\x95\x30\x3b\x7d\
\xe8\xbe\x5a\x63\x2a\xfb\xcd\x46\x6f\xef\x68\xbf\x31\x68\xd4\x98\
\x63\x39\xc0\x86\x54\x10\x92\xc3\xf3\xb7\x8d\x3e\xcd\xb6\x3c\x62\
\x39\xbe\x99\xda\xd2\x7c\x07\xc8\x2f\xac\x00\x0f\x81\x09\x28\x20\
\x80\xe2\x43\xa0\x33\xab\xa0\xc2\x7b\xea\x42\x09\x25\x4d\x87\x8d\
\x8e\xa2\x9a\x52\x61\x4e\x40\xfd\x28\x37\x13\x25\x9f\x9c\xa7\x29\
\xe9\xa8\xd6\xcb\x5a\x6a\xb8\xac\xcd\x89\x6f\xe7\x8d\x73\x03\x97\
\x2a\x89\x72\xc6\xac\x5b\x8b\x1a\x28\xcd\x43\xeb\x80\xa6\xfa\xf0\
\x7a\x92\x26\x34\xdb\x87\xad\x76\xf3\x09\x37\x55\xff\xf1\x9a\x71\
\x77\x1d\xd5\xb7\x94\x00\xae\x6a\x41\xfd\x65\xa0\x87\xe9\x8f\x16\
\xcd\xc3\x33\x5c\xcb\x5e\xbf\x80\x13\x6e\xca\x91\x49\x5a\x3c\x4a\
\xc6\x31\xe7\x26\x51\x47\x3d\x7c\x24\x76\xbc\xf0\xe3\x1c\xe4\x24\
\x17\x0a\x4e\xab\xc7\x09\xc2\x39\x6e\x23\xe6\xbf\x46\xc0\x04\x4e\
\x92\x12\xb1\x95\x9c\x60\x5c\x01\x0c\xc2\xc1\x66\x21\x50\xe8\xa8\
\x79\xdc\x0d\xb6\xb6\x61\x56\x28\xfd\x8a\xfb\xff\x16\x73\x8d\xc1\
\xcd\x02\x3a\x17\xf7\x1b\x7c\x39\x74\x7b\x63\x36\x65\x25\xbe\x36\
\x48\x31\xa6\x37\x56\x7f\xc9\x53\x0d\x79\x02\x77\xa3\xb4\xde\x01\
\xea\x73\x2e\x04\x9f\x94\x6a\x7d\xe4\x44\x31\x63\x31\x92\xdb\xb8\
\x37\x16\x92\xa6\x56\x1c\x2f\x23\x5f\x34\xb3\x0a\xa7\x60\x69\xb9\
\xaa\xd6\xcd\x2c\x64\xbe\xd9\x1b\x04\x8b\x85\xc1\x50\x82\x8b\xd8\
\x10\x2f\xf7\xfc\xe5\xac\x73\x79\x9b\x83\xa0\x30\xc4\x77\x7f\xc1\
\xaf\x7f\x5f\xcc\xae\xad\x9e\xee\xa6\x1d\x16\x9f\xd7\xe1\x05\xa3\
\xd9\x52\xf9\x37\xc1\x17\x01\x03\xa7\xa8\xf8\x16\x7e\x8a\x97\x08\
\xb8\x3a\xa2\xb3\xe9\x8c\x0a\xbe\x4a\x6c\x68\x69\x75\xe4\x5e\xef\
\x0d\x7a\xc7\x6f\xb6\x83\xd7\x8d\xe3\xc1\x9b\x97\xaf\x25\x74\xe4\
\x0d\xcf\x17\xb6\x80\x2d\x00\xb3\x5b\xaa\x80\x52\xcb\xb8\x09\x17\
\x8b\x2c\xe7\xc9\xbd\x4d\xa4\x1d\xa6\x37\x1c\xdb\xed\x3d\x25\xee\
\x1a\xa8\x82\x60\x26\xde\xf6\x5c\x38\xd6\x4b\xa7\x61\x7a\x36\x45\
\xd8\x7f\x01\xd5\x9d\xbf\xd9\x0d\xba\x50\x19\x83\xd7\xcd\x84\x19\
\xb5\x79\x5c\xa7\xb0\x5f\x21\x1a\x63\x1e\xcd\xd0\xee\xd7\x02\xa9\
\xc7\xbf\x5e\x20\xc5\x60\xea\x35\x43\x89\x12\xc4\x2c\x98\xaa\x76\
\x6a\x93\x70\x51\x95\x87\xc5\x17\xe8\xbb\x39\xba\xa3\x6a\x14\x40\
\xa6\x96\x69\x62\xe0\xeb\xfe\x24\xbe\x9c\xbf\xf9\xc2\x1f\x91\x37\
\x82\x10\x28\x69\xd9\xe5\x21\xe3\x1e\xf9\x5d\x30\xcd\x62\x06\x70\
\xed\x61\xa9\x3f\x20\x66\xbc\xe1\x4c\x80\xcc\xef\x5b\xa1\x3f\xbf\
\x71\x00\xa0\xbf\xd3\x9d\x9f\xf6\x2a\xa2\x3d\x07\xa5\xfd\x10\xa5\
\xcc\x9a\x16\x60\x5f\x3e\x4b\x8a\xeb\x73\x92\xe6\x73\x83\x51\x7a\
\x1b\x0d\xe9\x57\x10\x13\xfb\x38\xe9\xc2\xe4\x59\x29\x72\x98\xcf\
\xf2\x29\xe7\x36\x60\x1a\x30\xc7\x22\x1f\x5f\xe7\x06\xb6\xd4\x02\
\x6e\xc9\xc9\x97\x05\x9b\xb0\xb0\xeb\x1f\x12\x1f\x58\x6c\x23\xff\
\xae\x72\x76\x31\x8e\xb7\x4c\x58\x3e\x43\x68\xe6\x8e\x98\x94\xf9\
\x3f\xf5\x3a\x5e\xac\x61\x1a\x0f\x33\x30\x5f\xfe\x2d\xbc\x8e\xc3\
\xc4\x81\xd2\x59\x66\x94\xa6\x39\x48\x5b\xe6\x80\x65\x3b\x03\x57\
\x42\x7f\x7d\x56\xc4\x20\xfc\xe5\x0f\x3f\x28\x8d\x24\x2b\x7a\x23\
\x44\x74\x6e\x7d\x24\x62\x65\xe9\xb5\x0c\xb7\xb4\xd3\x8e\x16\x17\
\x91\x10\xa0\xc8\x2d\xcb\xde\xfc\xe5\xae\x5b\x65\x5a\x2d\x7a\xf3\
\xfd\x8b\xb1\x87\xab\x6f\xdd\x0d\x50\x20\x5e\x5e\x20\xc2\xf9\xa5\
\x67\x75\x9f\x08\x88\x2a\x62\x16\xf3\x0a\xca\x81\xc7\xdb\x03\x2a\
\x0e\x93\x95\x6a\xc3\xf2\xd1\xb3\x0c\x8f\x59\x12\x22\xd3\x3b\x4b\
\xc0\x68\x37\xd4\xc2\xd2\xf1\x02\x2c\xe5\xfb\x8b\x69\x8c\x0b\xa9\
\x14\x75\xc7\x25\x6f\x99\xca\x64\x37\xbf\x4d\x71\x0f\xb8\x01\x9b\
\x2e\x3d\xe7\xd5\xe6\x9f\xa9\xa2\xbf\xe3\x2c\x62\xc6\x32\xe9\x4a\
\x79\xfd\xd9\x04\x62\xee\xac\x39\xbe\xb7\x6b\xb5\xa1\x2e\x29\x12\
\x8a\x34\x84\xb9\x77\x6f\xc2\x02\xc0\xf6\x2f\xd0\xd6\x50\x03\xfd\
\x50\x61\x83\xc1\xf4\x61\xf5\x1e\xc0\x65\x63\x7f\x4d\xb9\x17\x00\
\x79\xca\xc0\xb5\xea\x99\xcf\xd5\x17\x94\xda\xfc\x59\x16\xeb\x53\
\x49\x60\x3e\x75\x1d\x1f\x75\x7a\x12\xb8\xb6\x62\xf5\xba\x32\x0f\
\x9a\xa8\xec\xb4\xcd\x16\xc2\xb4\x98\x71\xec\x35\x14\x10\x86\xeb\
\x30\x90\xab\x5b\x2e\x4a\xc1\x44\xf5\x3a\xfb\xf8\xe5\x62\x6a\xb3\
\xe6\xb8\x98\x40\x05\xd0\xb2\x8e\xf2\xe4\x0f\x73\x03\xc7\x16\x4c\
\x53\xcc\x11\xa7\xc9\xb2\xcb\x04\x99\x0c\x9d\x3e\x27\xbd\xb0\x1e\
\xb3\xb7\xbf\xd3\xeb\x9c\x3c\xc3\xca\x3d\xea\x7c\x38\x6f\x22\x07\
\xfe\xac\x71\x7c\x5a\x35\x52\x6e\xd9\x96\x8a\xfa\x03\x36\xf2\x07\
\x8a\xad\x0d\x2c\x33\x36\x5c\x25\x4a\x68\xd3\xd2\xcb\xb2\x9a\x18\
\x86\x11\x94\x0f\x51\x63\xfd\x9f\x67\x49\x34\x4b\x93\xf8\xe2\x01\
\xe1\x59\xbb\x73\x35\x7c\x9c\x26\xc5\xd1\x95\x31\x36\x14\xc4\x5f\
\xa5\x05\x23\x95\x71\x4d\x3a\xc2\xa8\x83\x58\x20\x0b\xc6\x91\xce\
\xb0\x1e\xd6\x80\xf6\xf6\x0a\xd0\xce\x43\xe7\x1e\xdb\xbe\xd9\x2d\
\x06\x80\x2f\x59\x37\xbc\x68\xec\x0f\xe2\x9e\x0c\x06\x19\x2d\xb6\
\xb3\x98\x4e\x83\x4d\x92\x11\x3b\x7a\x4b\x60\xf2\x4f\xb0\x25\x72\
\x37\x0f\x7b\x9d\xd3\x2e\xed\xb9\x38\xaa\xce\x5b\xed\x8a\x34\x72\
\xb7\x2c\x96\x4b\xaf\x75\xa8\x85\xa3\x91\x3b\xc5\x38\x73\x95\x66\
\x5f\x0f\x28\xde\xcf\x84\x68\x2a\x47\x9a\x1a\x5b\x0a\xab\x4c\xf3\
\x74\xd2\x45\x02\x74\x26\xfa\xb4\x32\x87\xc5\x1a\x10\x25\x88\x66\
\x52\x51\x9c\x28\x5f\xa5\xba\x92\xc5\x29\x26\x87\xe7\xb3\x88\x8f\
\xd0\xe9\xad\x8c\x07\x2b\x95\x5b\xe5\x11\x29\x9e\xde\xe2\xc2\xe4\
\xe3\xd9\x5b\x39\x5e\x47\xfd\x4d\xda\x86\x62\x7b\x3d\xe5\x47\x9f\
\x4b\x3a\x68\x8a\x8f\x4f\xf7\x9b\x75\x0b\xc6\xef\x6c\xa1\xe8\x7a\
\xca\xce\x62\xee\x99\x43\x8d\x6a\xe2\xd9\x42\x6d\xf7\x86\x16\x0d\
\xb9\x12\x1f\x89\x9f\x0e\xe7\x5e\x70\xd6\xa7\xf7\xdc\x46\xc4\x3c\
\xb4\x4f\xb8\x82\x8f\xd9\x2c\xda\x2e\x17\x7c\xc5\x8e\xe1\x95\xfa\
\x3f\xb6\x6d\x9c\x42\x4f\x5b\x67\x1b\x75\x05\xeb\x87\xc7\x88\x80\
\x4c\xbf\xf3\x8a\xeb\xb9\x4f\xf7\x73\xc4\x4c\xb9\x20\xd6\xe2\xd4\
\xb3\xc0\x2b\x28\x97\x10\x41\xe5\xbe\x92\x6c\xcd\xb7\xfc\x16\x1e\
\x61\x0e\xfd\x54\x6d\xcd\x13\xb9\xdb\x28\x73\xfe\xea\x22\x61\xe1\
\x33\x3b\x09\xfb\xad\x6e\x3d\x5a\xbc\x1d\x3e\x57\x68\xdd\xfc\xfa\
\x3c\xbe\x5e\x05\x66\x20\x14\x4b\x54\xf7\x4c\x14\x08\xe1\x8a\x64\
\xf8\x2a\x68\x2c\xb2\x59\xe7\xf9\x62\xa6\x09\xd0\x3a\xb0\xd8\x59\
\xae\x17\xc3\x69\x7c\x51\xc8\x55\xca\xe4\x82\x1e\x27\xa4\x34\xc7\
\x42\xf8\xab\xcc\xf0\x2e\x3e\x03\x39\x98\xaa\x24\x5e\x45\x1f\x6f\
\x69\x5b\xd6\x44\xab\x9c\xc1\x3c\x3e\x79\x37\x6e\x0d\x9a\x27\x8d\
\xee\x8a\xdb\xb7\x2b\xb0\x2a\xc3\x9c\x34\xb0\x69\x80\x32\x86\xfb\
\x11\xc4\x1d\x1e\xdd\xdb\x43\xf9\xfa\x4a\xf4\x91\x9a\x4b\xb9\x5c\
\x14\xa4\x6e\xf0\x6d\x1a\x74\x29\xf1\xc2\x18\xcc\xcc\x4a\x89\x16\
\xbb\x8d\x7b\x21\xd0\xd9\x67\xe1\x35\x63\x15\x09\x91\x96\x7e\xc3\
\xbc\x5f\x8c\xf1\x54\x78\xb9\x07\x64\x6a\x35\x2d\x6a\x09\x6c\x1c\
\x86\xdd\xce\x71\x10\xd2\x54\xf9\x23\xe4\xc7\x2c\xe3\x37\xef\xdd\
\xb6\x41\x06\xd4\xc2\xf3\xca\x59\x5c\x65\x53\x9e\x33\x6f\x69\xba\
\x02\x1f\xa9\x1b\x10\xa2\x5a\x20\x67\x0c\xd1\x5f\xde\x40\x03\x3d\
\x5e\x1c\xb9\x30\xc0\xd6\x1f\x5f\xc5\x72\x6b\x9d\x5d\xb9\x21\x77\
\xaa\xf0\x01\xeb\x4e\xe6\x01\x7e\xf0\x3c\xc9\x99\x6e\xf0\x6a\xc2\
\xe9\xf5\x24\x1c\x46\x06\x23\x9c\xa6\x48\x35\x22\x3c\x54\x75\xc9\
\x2f\x00\xdd\x38\x50\x45\xdf\xe5\xc4\x5a\x4f\x11\xcf\xd3\x1c\x2a\
\x4a\xa9\x72\x39\x15\xce\x1b\x36\xce\xf8\x9c\xde\x66\xad\x1b\x66\
\x30\x6e\x2b\x76\xcc\x67\x58\xa4\x3c\xbc\xdf\x9d\xf7\xf7\x3a\xdd\
\xe6\xea\x08\xdd\xe5\xa2\x75\x69\x9c\xae\x81\x0e\x27\x45\x20\xab\
\x69\x24\xb1\x9c\x3f\xee\x38\xc4\x1a\x9e\x87\x6d\x2f\x64\xdc\x21\
\xb1\x54\x8d\x74\x7d\xdd\xec\xf0\xa6\x17\x48\x09\xd4\xb2\xed\x71\
\xa5\x9a\x15\xee\xa6\x1d\x66\x97\x22\xf5\x94\x26\x32\xc7\xc2\x67\
\xc2\xa8\xbf\xee\x06\xc8\xb1\x08\xae\xef\x65\x67\x67\x55\x45\xec\
\xb2\xd5\xdd\xde\xe8\xcd\xae\xfd\xd2\x3a\xfd\xda\x97\xb8\xe7\x9c\
\x5a\xbe\x13\x3c\x74\xa7\x2e\x15\x7c\xdc\x1a\x33\x79\xf8\x8c\x4f\
\xcc\x17\x08\xbd\x06\xb3\xe9\xbd\xd0\x2f\x5d\x02\xfe\xa4\xca\x0e\
\xee\x3d\x55\x5a\x41\x73\xa6\xde\x33\x8c\xc8\x5a\xc1\xb3\x8c\x8c\
\x06\x94\x9c\x03\x3a\xa6\x7f\xfe\xaa\x5f\x4f\x0d\x53\x5d\xfc\x71\
\xa3\xb4\x29\x5b\x11\xb6\x1a\x13\xf8\xb2\x55\xa3\x2d\xd9\xcd\x84\
\x9d\x4d\x62\xf9\x13\xd5\x29\x55\xa2\x63\xe4\x26\xda\xbf\x33\x13\
\x25\x24\x41\xa3\x15\xc3\x5b\x78\x7e\x79\x7c\x61\xa0\xbe\x16\x78\
\x3f\x19\xe0\xdc\x8e\x37\xad\xa6\xf2\xfe\x2b\x01\x65\x76\x40\xe4\
\xcb\x5d\x2f\x70\xa7\xfc\x80\x0f\x18\x10\xcc\x8b\xcb\x2c\x1e\x27\
\x16\x39\x08\x43\xc5\xae\x5a\x1e\x28\xdd\x6f\xcb\xba\x5d\xf1\x2d\
\x7e\x13\x1e\xfb\x1a\x1b\x7e\x54\xf3\xa6\xe7\x13\xb1\x35\xce\x37\
\xbf\x23\x8f\x13\xab\x15\xc2\xc4\x57\xb2\x5f\xf5\x6c\xfb\x74\xd5\
\xbb\x10\xa9\xb8\x62\xcc\xd6\x09\x68\x74\xb7\x57\x75\x72\xc8\x6d\
\xc2\x9c\x1a\x9e\xd2\xb4\x5f\x11\x9e\x67\x63\xc5\xb2\x34\xcf\x77\
\x6c\xda\xff\xc8\xf2\xc6\xe6\x91\x03\xcb\x32\x7b\xbf\x40\x81\x66\
\xf1\xc8\x00\xe0\x79\xd1\x8e\x75\x24\x84\xdb\x02\xb4\x9b\x0b\x0c\
\xa7\x81\xda\x3e\x6b\xf6\xde\x36\x06\xad\x13\x35\x53\x14\xe5\xfb\
\x39\xc4\x93\x47\x70\xd0\xe9\x1c\x0f\x5a\xdd\x6a\xe9\x2c\x95\xf1\
\xcd\xd4\xc5\x88\x25\x1e\xed\x09\x30\x4f\xc5\xba\x6f\xa3\x48\x2d\
\xba\xaa\x37\x0a\x7e\xb0\x15\x2c\xd6\x73\xba\x15\x89\xa7\xcb\x01\
\xa5\xf8\x0a\xac\x61\x33\x67\xb5\x15\x50\x1c\xdb\x15\xe1\x86\x90\
\x72\x09\x5b\x35\xd6\x29\x1b\xb7\x23\x1b\x66\x89\x53\xcb\x21\xa3\
\xca\x95\x33\xf4\xa1\x1f\x78\xdd\x28\xc6\x2b\x57\x9c\x86\xe2\x41\
\xb8\x54\x87\xbe\x86\x3a\x07\x43\xa4\x24\x29\x6b\xc8\x47\xc7\x1c\
\x5c\xbc\x40\x23\x72\x44\x40\x56\x3f\xd1\x23\x5a\x12\xfa\x27\x68\
\xdc\xcc\x04\x08\x48\xde\x41\x07\x40\xe7\x7b\x47\x95\xb9\xb5\x66\
\x8d\x55\x95\xf6\xf6\x54\x23\x0a\x5e\x2a\x6d\x70\xc9\x54\x2e\xe8\
\x7e\x6a\x90\xb8\x18\x3c\x85\x79\x6a\x17\xd6\xff\x25\x97\x5d\x13\
\x38\xc5\x8e\x1f\x1b\x60\x61\x42\xab\xb3\xe8\xef\xe2\x8d\xe6\xb4\
\x9a\x02\x80\xbc\x95\x04\x9b\x4a\x6b\x5d\x4c\xcb\x3e\x36\x5b\xb1\
\x47\x55\x2c\x41\x1e\xac\x94\x29\x9c\xc2\x28\x1e\xa9\x3b\x5b\x22\
\x13\xd2\xe1\x4d\x9c\x2e\x72\xb5\xec\xb9\x02\xf0\xe5\x4f\x52\x60\
\x35\xd3\xb6\x39\x4a\x35\x36\x31\x16\x1a\x2d\x49\xde\xe5\xf6\x4a\
\xb0\x18\xcb\x00\x87\x6e\x54\x8e\x65\x71\x47\x17\x78\xde\x8b\x8b\
\xe8\x7a\xb9\xd7\xc5\x1e\x97\x7a\x1b\xeb\x1a\x61\xaa\xc4\x67\xd8\
\x19\xa8\xad\x5d\xa6\x40\xa3\xff\x9d\x70\x58\x5f\xa5\x15\xc4\x06\
\x32\x56\x3c\xe0\x5b\x44\x34\xe5\x45\x14\x10\x07\x27\xae\xc0\xef\
\x08\xf9\xa9\xc4\x10\xd7\x00\x74\xef\xaa\xed\xed\x21\x86\x47\x91\
\x79\x49\xc5\x4a\xb2\xcd\x86\x12\x0c\x8f\x01\x84\xb5\x29\x2a\x7a\
\xc5\xba\x0d\x3f\xda\x28\x3d\xa4\xc5\x0f\x9f\xc7\x1c\xc9\xbd\x3f\
\xe8\x75\x4e\x60\x63\x3d\xaf\x26\x94\x19\xd8\x61\x2a\x14\xac\xcc\
\xc4\x20\x29\xba\x26\x01\x80\x61\x62\xc7\xa8\x61\xbe\x83\x98\xf3\
\x6b\xd5\x46\x16\xd5\x40\xd2\x4b\x52\x24\x4e\x7d\x03\xe0\x0c\xf3\
\x7c\xbe\x6c\x9c\x9f\xc8\x1f\x0f\xd9\xe8\x43\x63\xb7\x2e\x62\x12\
\x5a\x78\x6a\x3f\x1f\xda\xaf\xd2\xa3\x1b\x77\x57\x1f\x6f\x6b\x56\
\x83\x8f\x9f\x07\xe0\x05\x56\x15\x12\x8d\xf5\x24\x37\x2d\xc4\x28\
\x78\xb6\x68\xb1\x95\x51\x6b\xae\xc3\xdc\x24\xf8\x4c\x24\xce\x1b\
\xe0\x2d\x5e\x20\xcf\x4e\x8b\x23\x48\x77\x83\x47\x4e\xee\x5a\x13\
\xfb\x49\x93\x4a\xc7\x12\x8a\x5d\x2b\x27\x23\x0f\x2e\xe3\x7b\x83\
\x5b\xde\xe1\x7c\x39\x1b\x90\xc1\x3b\xd0\xc4\x43\x19\x27\x9a\x9d\
\x1d\x06\x10\x5b\xae\x7e\xa0\x07\x49\xb9\x71\x38\x8b\x0b\x28\x96\
\xd6\xd0\x20\x27\x61\xac\x97\x8a\x12\x1a\xa5\xb3\x65\xf1\x4a\x15\
\x81\xf2\xc0\x1d\x91\xb5\x6d\x2c\x7a\x9a\x8a\xc6\xb2\x6b\xc6\xa3\
\x00\x98\x6f\x89\xc5\x0c\xac\x8d\x9f\x4e\x9e\x73\xe4\x92\x44\x8e\
\xb1\x72\x54\x6c\xed\xb6\x1f\x7e\xe3\x83\x6d\x5a\xb3\xbb\x07\x98\
\x59\xc0\xdb\x8c\x3d\xb8\xcd\x07\xcf\xdf\x83\xd3\xe3\x63\x9e\xe1\
\xca\xeb\xff\x5a\xe2\x74\xfa\x96\x6f\xd9\x95\xc7\xae\x35\x2c\xbb\
\x42\xfe\x36\xca\x57\x69\xaa\xaa\xa0\xcc\x2b\xd2\xac\x15\x0d\xe6\
\xd9\xc6\x31\xb1\x79\xe9\x61\xdb\x92\xe0\xc9\x05\x1b\x76\x61\xb1\
\x14\xdb\xbc\x9e\x2d\x13\x50\xb0\x50\x5a\xdb\x7c\x31\xb4\x85\xa5\
\xfb\x5c\x1f\xe3\xc6\x71\x94\x27\xbf\xa9\x2b\xd5\x1c\xd8\xf4\x20\
\x0d\x36\x90\x18\x77\xe5\x16\x11\x57\xc2\x75\x86\x93\x77\x6e\x2b\
\xe6\x60\x8b\xc6\x94\x43\x12\x04\x51\x5e\x51\xe4\x7c\x48\x7b\x68\
\x0e\xd2\x51\xb7\x72\x7f\x48\x52\xaf\x0e\x13\x61\xff\xd0\x16\xde\
\x57\x6c\xc1\xc4\x7d\x0a\x04\x82\x7e\x77\x17\xe8\x15\x02\x42\x28\
\x40\x8d\xb9\x2d\x6b\x7f\x70\xdf\xa1\x7c\x2f\xba\x5a\x64\x79\x7c\
\x13\xe4\x40\x08\x89\x12\xcb\xcf\x1e\x2e\x72\xc6\x89\x17\x9c\x43\
\xfd\xc8\x48\x41\x26\x81\xef\xfb\x38\x9a\xde\x00\xcb\x27\x66\x2c\
\x1f\xff\x89\xb3\xea\xaf\x05\xcc\xc8\xfb\x82\x1a\xc5\xd8\xf3\xa0\
\xea\x5e\x7a\xef\xb6\x62\xdc\x00\x3f\x83\xfe\x6b\x02\xe3\x85\x2a\
\xcc\x1d\x06\xa3\x01\x61\x61\xa0\x22\xa9\x0e\xd0\x1b\xc2\x2d\xf9\
\x12\xf8\x49\xfe\xcb\xde\x2f\x48\x72\x6b\x1a\x7c\x18\xdd\xde\xff\
\x9c\xe4\x17\x13\x04\x5c\x37\x7f\xa4\xd3\xf6\x8a\xa5\x00\x10\xc9\
\x85\x82\xdf\x2f\xe4\x00\x67\x24\x8f\x91\x45\x72\x14\xe5\xbe\x38\
\x6a\xd9\x30\x8a\xe7\x79\xcd\x0b\xdd\x98\x62\x16\x0a\xd1\xf2\x1b\
\xcc\x1a\x67\xf0\x26\x43\xa0\x75\xe1\xdb\x02\x0e\xa7\xfb\xba\xbd\
\xc8\x82\x52\xb0\xbd\xfe\xb4\xcd\xc3\x76\x93\x0a\x9c\x99\x89\xae\
\x2f\x46\xd1\x87\xc3\x5b\x81\x2d\xda\x68\x92\x5e\x71\x31\xa1\x43\
\x8a\xde\x91\x8c\xe5\x59\x99\xaf\xcd\xdf\xbd\xda\x0a\xae\xd2\x24\
\x71\x50\x50\xd1\xe5\x82\xa1\xd1\x14\x03\x67\xe9\x61\x9e\x38\x7e\
\x0e\x87\xdc\x15\xf3\x0c\x9c\xa5\x19\x95\x09\x19\xad\x07\x80\x55\
\xc3\x30\xdb\x95\x39\x81\x02\xb4\xe3\x89\x0c\x0d\x72\x7e\xff\x3f\
\xf3\x3b\x81\x76\x79\x27\xab\x22\x65\xd0\xb2\x44\xb4\x75\x28\xe6\
\x78\x85\x0d\xea\x67\xc8\xa5\xa2\xdc\xdd\x2d\x66\x41\x5f\x84\x9a\
\x4e\x73\xda\x4c\xed\xbb\x2a\x8b\xeb\x77\xdb\x62\x07\x98\x39\x40\
\x9a\x38\xb2\x33\x3e\x8f\x4a\xf8\x6d\xb8\x2f\x8c\x55\xfe\x2a\x27\
\xdc\x54\x2a\xe0\x4c\xae\x56\xe6\x61\xe0\x3c\x04\x81\x78\xdb\x00\
\x66\xee\x82\x96\xb8\x0c\x30\xa4\xef\xc6\x7e\x27\x7f\xd9\x48\xca\
\x79\x7a\x7d\xed\x2d\xd4\xdb\xe8\x62\x92\x47\x53\x96\xa3\x35\x76\
\xec\x41\xe3\xed\x79\xbf\xf5\x7d\x4d\x4a\xad\xf9\x75\x15\x84\xa4\
\x63\x1e\x51\x57\x31\xa7\xa2\xcc\xc3\xa1\xf3\xfe\x71\x8c\x3c\x6f\
\x81\xb2\x79\x01\xf1\x44\xd8\xe9\x05\xbd\x6d\xf8\xd1\x7b\xb6\xac\
\xff\x2e\xf1\x5e\xbc\x5a\x66\x18\xfa\xe3\x12\xed\xc5\xd7\xeb\x29\
\xb7\x83\x16\x1d\x74\x83\xc6\x49\xb7\xf6\x96\x68\x4b\x14\x62\x8b\
\x2c\xc3\x17\x9f\xc0\x62\x85\x4c\x34\xc2\xc4\x2a\xf4\x1c\x3f\x59\
\x40\x63\xe4\xa3\x5a\xef\x61\xfc\x2f\xdf\xef\xe2\x59\xe4\x42\xa1\
\xe5\xa1\xb0\xe0\xf2\xea\x17\xc8\x76\xf8\xdc\x61\xa6\x2b\x64\x00\
\xf0\x83\x4c\xe0\x69\x5d\x7c\x1e\x1b\xb6\xa1\x4c\x21\x55\xa5\x9e\
\x7c\xcc\x26\x55\xed\x37\x06\x4d\xf4\x57\xae\xbc\xf4\x47\x6d\x06\
\xd5\xba\x77\xad\x41\x67\xef\xbc\xf9\xb7\x6e\xa3\xbd\x5f\x23\x60\
\xf6\x77\x49\x7b\xaa\xa4\x69\x42\x00\x4f\x84\x4d\x98\x43\xcf\x85\
\x51\x5c\x8e\x70\x63\xb8\x53\x6d\x58\x50\x29\x99\x03\xa7\x88\x3c\
\xe5\xd2\x29\x8a\xd7\x08\x1e\x7e\x7d\x16\x11\x0b\x00\xac\xfc\xb4\
\x00\xc1\xe5\x6c\x8d\xc7\x6b\x51\x18\x14\x13\xce\x02\xe3\x18\x29\
\x4a\xab\x82\xe0\xaa\x8a\x97\x2c\x86\x21\xe3\x0f\xdd\x45\x59\x2a\
\xdd\xd9\x66\x13\x05\x2e\x32\xac\x5f\x2f\x34\x27\x02\xe4\x01\x42\
\x82\x89\x30\xd4\x02\x89\x70\x05\xea\x62\x71\xa8\xb7\x7d\xfb\x03\
\xf4\x7a\xf6\xfd\x30\xca\x02\x82\xac\x46\x0e\x66\xa4\xe8\x48\x32\
\xfc\x3c\x0a\xfd\x4e\xaf\x2a\xfb\x94\x2c\xd3\xba\x69\xef\x5a\x5c\
\x38\x7f\xfe\xf3\xd2\x9e\xf0\xc7\x87\xa7\xef\xa4\xd1\x7b\xb7\xdf\
\xf9\xd0\xb6\x91\x0f\x4f\xc8\xf7\x33\x40\xc2\xe7\x1f\x5a\xfb\x55\
\x57\x2a\xdd\x58\x20\x70\x90\xb7\x82\xd5\x11\x1e\xeb\x65\x44\x62\
\x35\x40\x5a\xae\xad\x9a\x9d\xd8\x70\xe5\xdd\xc6\x23\xba\x85\x6c\
\x02\x1d\x19\x98\x8c\xf9\x96\x8d\x6f\x82\x49\xca\xc1\xd8\x5b\xb1\
\x77\x30\x99\xeb\xd0\xb9\x7d\x53\xc1\xe6\xf6\xd5\x37\x5f\xfe\xf2\
\x19\x0f\x00\x33\xde\x6f\x1e\x9c\xc3\x4f\xd9\x3f\xa7\x5b\xe9\xe9\
\x5e\x1d\xb3\x73\x55\xd1\x52\x40\xf7\x36\x4e\x29\x52\xfd\xa9\x27\
\x62\x4e\x10\x03\x0e\xe0\x2f\x39\xde\x0f\x11\x83\x74\xb6\x71\xbe\
\x8f\xb3\x9e\x33\x7f\x41\x65\x39\x63\x35\x2f\xd8\x0a\xf4\x05\xb4\
\x85\xa7\xf6\x65\x6a\x28\x1a\xd0\x9f\xfd\xe0\xdf\xfe\x9d\x3f\x0c\
\xb6\xab\xdc\x56\xa5\xcd\x2a\xb7\x8d\x94\x97\xf1\x8b\xf8\xe9\x52\
\x70\xb7\xff\xea\x42\xbd\x5c\x85\x49\x5a\xbf\xd4\xa0\x36\x2f\x50\
\x80\x7b\xa3\x96\x90\x86\x9a\x1e\xed\x1b\xe5\xee\x29\xc9\x9f\xdc\
\x78\x2f\x92\xb8\x90\x22\xa6\x1e\x65\xa6\xdc\xb1\x8e\x01\x0e\xf8\
\x10\x93\xc5\x48\x6e\x37\xc9\x8d\xc6\x41\x8d\xe2\x0b\xa6\x08\x30\
\xce\x01\x36\x94\x5d\xa7\xb8\x5c\x08\x15\x09\x47\xc4\x4b\x77\xfe\
\xa0\x06\x59\x6b\x99\x31\xdd\x8c\x1d\x80\x05\xe6\x36\x89\x0c\x41\
\x19\x66\x5d\x1c\x3f\x2b\x0f\x33\x28\xce\xc8\x18\xdd\x00\x6c\xaa\
\xd1\x8e\x7d\xe5\x8d\x54\xd7\x6f\x83\xdf\x4f\xe7\x7f\x41\x8f\x7e\
\x3f\x9e\xff\xe5\x77\xaf\xf0\xd7\x4b\xf3\xe7\xee\xc6\x3e\xe9\x86\
\xe6\x49\xb9\x6f\x6d\x02\x74\xd5\xdc\xf4\x67\x41\xf7\x32\x1c\x6d\
\x3d\xa9\xa2\x35\x9e\xf1\x9a\x3d\xc4\x55\xe7\xa9\xef\x2e\xd7\xb3\
\xc6\x23\x15\xc0\xa1\x4f\x7a\x44\x02\xcf\xc3\x21\x43\x29\xc7\x63\
\x19\x08\xb9\x75\xcc\x16\xb0\x09\x50\x8f\x6e\x70\xb7\x93\xee\x2c\
\xe3\xe5\x72\xeb\xf9\xa2\xb7\x6e\x79\x8b\xf6\x1c\xd0\x35\x84\x4d\
\x82\x73\xc6\x69\xcc\x19\xac\x11\xdf\xff\xee\x15\xe7\x2b\xfb\xdd\
\xa1\x0d\xab\xd0\x1f\x20\xfc\x33\xf1\x01\x0c\x49\x1b\x24\x64\xb4\
\x68\x37\xee\xff\x0b\xaa\x09\x7d\x0d\x34\x58\x99\xc5\xe2\x75\x69\
\xe3\x20\xcc\x38\x41\x3b\x0b\x4a\x57\x3c\xb6\xf1\xad\x95\x90\x0c\
\x46\xd7\xa3\x41\xa3\x4a\x3f\xd0\x63\xc6\x96\x58\x15\x03\xec\x30\
\xbf\xf9\x3c\x29\x3b\xb3\x6c\xb2\x98\xd5\xa5\x0a\x7c\x27\x6c\x14\
\xa5\xda\xf3\xcd\x57\x5b\xec\xf1\xf2\xe3\xf4\xcc\x1d\x60\xb8\x88\
\xa7\x73\xf0\x1f\x6b\xed\x36\xff\x75\x60\x9e\xd6\x47\x73\x6b\xd8\
\x3b\x6c\x9f\xfe\x81\xf4\xe0\x69\x3a\x0c\xad\x9f\x91\x0a\x8e\x39\
\x09\x57\x72\x14\x36\xcb\x21\x5e\xe3\x64\x81\xe8\xae\x97\x79\x7a\
\x39\xbf\xa5\x7d\xe3\xa5\x3c\xae\xff\xec\x32\xfd\xbc\x90\x20\x72\
\xcf\x98\xec\xdc\x32\x30\xef\xfe\xcb\xee\x1f\xb1\x03\x4e\xe2\x31\
\x83\x3c\xbc\x18\x88\x75\x18\x90\xc2\xd2\xf9\xcb\x14\x83\x4f\x0d\
\x00\xb5\x34\x52\x36\x99\xc3\x9a\xed\x92\xd8\xc1\x2c\x69\x31\x47\
\x8a\x48\xc3\xa9\x5c\x93\x4f\x9c\xb2\x7f\x8b\x11\x0b\xec\xec\x98\
\xc8\xa7\xc2\xb5\x9e\xcd\x93\x54\xc1\x89\xe7\x3f\x8d\x82\x56\x1b\
\x61\x74\x45\x52\xef\x2c\x4d\xad\x31\xd4\x0c\x15\x8e\x76\x7a\xb8\
\xb7\x48\x6c\x32\x04\x13\x18\xb0\x3f\xe1\x45\x09\xb1\xeb\x26\xbd\
\x32\xf3\xb0\x29\x5e\xa7\x70\x6e\x7e\x13\x2c\x29\x2d\x33\x46\x99\
\xad\x6d\x89\xdd\x80\x8f\x98\xb3\x72\xb0\xe0\x18\x4f\xd6\x11\x4f\
\x5a\xe3\xa4\x81\xc7\x12\x08\x30\x66\x4e\x8d\x0b\xf9\x83\x30\x72\
\x22\x34\x78\x30\x31\xa9\xaa\xdf\xfa\x22\xe4\xf5\x49\xa5\xa6\x92\
\x6f\xc7\x84\xd9\xaa\x93\x74\x49\x8a\x93\xf4\xb6\x28\xc9\xee\x9e\
\xc4\xfd\xfe\xc4\xcc\xa0\x4f\x75\x5e\x7a\xe4\xcc\xcb\x8b\x59\x25\
\xc8\x2c\x68\x43\xe2\xac\xce\x4a\xbe\x4f\xb3\xe9\x52\xe8\x05\x60\
\x7e\x5a\xd0\x29\xae\xb6\x45\xc3\x42\xbd\xb4\x58\x3c\x4a\x75\x93\
\x43\xc9\x57\x75\x4d\x50\xe3\x4c\x5c\x2f\x9d\xdb\x24\xc7\xcb\xbb\
\xd8\x8a\xef\x26\x49\xd9\x09\xb2\x68\x47\x7e\xc6\xd4\xc4\x73\x8e\
\xb6\x64\x56\x64\x01\x0b\x13\xa2\x59\xff\x72\x20\x2d\x56\x36\x78\
\x0e\x80\x32\xa5\x6e\x43\x99\x2a\xdb\x1b\x66\x7b\x03\xac\x1c\x80\
\x73\x8d\x08\x15\x32\xf5\x3f\xd8\x7c\x72\xaa\x09\x75\x20\x7d\x9c\
\x0d\xea\xbc\xd0\xe7\x8e\x76\xde\x51\x7c\x0b\xbb\x19\xee\x1d\x08\
\x24\xd1\xe5\x17\x15\xac\xf9\xf1\xdc\xb3\xd2\x1a\xe2\xf3\x1e\x5d\
\xee\xe0\x0d\x79\x28\x19\xf8\xd1\xb7\xc6\xa7\xca\xce\x3e\xc2\xdc\
\xcf\x1b\x7d\x92\x0e\xda\x21\x2a\x99\xaf\xbc\x33\x61\xb9\xb8\xb6\
\xef\xd2\xbb\x50\x3b\x00\xd2\x99\xb9\x84\x89\x27\x4d\xb1\xf8\x7d\
\x17\x0c\x83\xa4\x01\xc4\x34\x77\xd7\xef\xea\x00\x65\x4b\xdc\x82\
\x3b\xca\x28\xfa\xd1\xec\xca\xb5\x79\x69\x7a\x8d\xb4\x31\xe7\x9a\
\xa7\x62\xcd\xff\x87\xf1\xfc\x68\x31\xe4\x09\x34\x42\x93\x45\x26\
\x21\x25\x06\xd8\xd0\x68\x71\xa1\xac\x34\xe3\x48\x04\xc2\x08\xb3\
\xd9\x06\x2d\x8e\xc9\xba\xe3\xdd\xdd\x3f\x60\x46\x8a\x95\xa3\x6c\
\x0a\x3d\x98\xc9\x67\x5a\xab\xa9\xa5\xa1\x1f\x0a\xcd\xca\x3e\x57\
\x73\xbe\x77\xb2\xaf\x71\xa9\xa5\x14\x01\xcb\xfe\x21\x9e\xa0\xa9\
\x97\xab\xa1\x7b\x02\x42\x3a\x3c\xfa\x67\xb7\x75\x48\x50\xab\x04\
\xf6\x84\x7a\xf6\x09\xdf\xe2\xfc\x23\xd7\x5b\x0e\x1c\x43\xfe\x25\
\x8f\xa1\x49\xc0\x2c\xb5\x4d\xd2\x46\x91\x6b\x6f\xd6\x8c\xf4\xea\
\x17\x25\x02\x39\x4d\x3c\x9a\xa5\x28\xb8\xff\x0f\x6c\x42\x62\x40\
\xaf\xff\x89\xfa\x8c\x1d\x83\x0e\x6d\xf0\xfb\x25\xff\x14\x9c\x80\
\x43\x7a\xae\xc8\xde\xd4\x8f\xf9\x65\x08\x6c\x98\xbf\x3e\xb9\x0e\
\xd8\x8b\xab\x28\xb3\xac\xd7\xe5\xaf\xcc\x17\xa5\x24\xbc\xd4\xe5\
\xa6\x44\x3e\xc0\xca\x8b\x29\xc8\x05\x23\xbc\xc9\x2c\x02\xe1\x02\
\xd5\x2a\x3b\xd4\x48\x89\x7a\x77\x0e\x2d\x66\xb4\x01\xf4\x4f\x36\
\x1a\xf4\x34\x09\x6c\x54\xf2\x05\x0c\xa3\x78\x06\xbd\x3b\x9b\xbb\
\xb2\x7f\x7d\x4c\xe1\x8d\xfd\x74\xbe\x33\x80\x9e\x66\x4c\xd8\x87\
\xe0\x35\x3e\x8b\xef\x76\xba\xa4\xa3\xf8\x25\xd7\x58\x46\xe5\x10\
\xb0\xda\xa5\xb4\x14\x2b\xe6\x2f\x27\xfa\xbd\x3a\x86\xd0\x4b\x6a\
\xa6\x66\x0d\x69\xf8\x67\x42\xfd\x51\xe1\xc8\xb7\x09\x82\xe2\x94\
\xc3\x9f\x0a\x2a\xe0\x32\x04\xfd\xfc\x04\x5d\x49\xcb\xe9\x44\x71\
\xee\xad\x90\x6f\xa9\x94\x2c\x91\x1f\xa4\xde\x67\x88\xc7\xf8\xd0\
\xe8\xb5\xab\x2d\x82\xa8\xd8\xfc\xba\x0e\x22\x28\xe9\xc7\x1c\xb9\
\xb0\x2e\x32\x68\x94\x65\x34\x2c\x9b\xf9\x9c\x46\x2d\xdb\x2a\x23\
\x84\xda\x37\xaf\x03\x12\xaa\xaf\x56\x90\x50\x6c\x2a\x83\xf8\xfa\
\x5b\x50\xd6\x25\xee\x37\x66\x8f\x64\x46\xa3\x2c\xb6\x5b\xc9\x73\
\xe7\x42\xa1\xd9\x38\x05\x9b\xbd\x5e\xa7\x3e\x1e\xb3\x50\x6a\x3d\
\x0c\xdc\xd9\x2c\xa2\x25\x2a\x10\x7c\xf3\x54\x0d\xf5\xa1\x1d\x74\
\x36\x44\x29\x59\xb8\x92\x61\x3e\xf4\xa2\x83\x46\xeb\xf8\xbc\xd3\
\x3e\x77\x73\xbc\xf4\x56\x9c\xbc\x71\xb2\x60\x83\x3f\xbf\x26\x64\
\xa5\x6b\x55\xad\x30\xfc\x73\xdc\xc1\x5c\xb7\x6a\xab\x73\x9b\x9a\
\x95\xfd\xbc\xf8\x26\x45\x01\x91\xc0\x46\x67\x5e\xce\xd9\x49\xf5\
\xa4\xee\x9c\x77\x7b\xad\xf6\xa0\xd8\x29\xc1\xe9\xd5\x84\xf3\xa5\
\xfe\x0f\x85\x16\xd3\xe4\x12\xf1\xcb\x8e\x3b\x87\x9c\xf1\x1a\xbb\
\x18\xef\x42\xbb\xa1\x78\x42\x9e\xa2\xea\x25\x10\x27\x36\x26\x2d\
\x45\xc8\x8e\xfb\x85\x53\xd4\xcc\x83\xb3\xd2\x70\x85\x18\xf0\x6d\
\xdb\x98\xb0\xb6\x2d\x95\x2f\x35\x6a\x92\xc9\x3f\x1f\x46\xa2\x5c\
\x8b\xc0\xeb\x93\x12\xec\x8c\x63\x77\x18\x15\x49\xf5\x8a\x6d\x58\
\x24\x9c\xfa\x6f\x47\xbf\xa2\x11\x24\x14\x3b\x01\xdf\xc3\xca\xa8\
\xbf\x58\xdc\xa9\xb0\x82\xc9\x62\xb5\x66\x3b\x9e\x89\x38\xcd\x6c\
\x92\x28\x94\xb8\x30\x77\x66\x4f\x83\x3d\x58\x9e\xa5\x5a\xb7\x13\
\x04\x8f\x75\x8f\xa5\x79\xe5\x20\xb7\x4a\xe9\x58\xe5\x90\x5a\x7b\
\xb5\x1f\x74\x7a\xa4\xc4\xd7\xef\x9f\x5a\x80\xc5\xd5\x63\x3b\x94\
\xfb\x3f\xc3\xc9\xa5\xab\x36\x50\x23\x6e\xd8\x7d\x15\x50\x45\xf1\
\x22\x25\x7e\x52\x83\xbf\x7c\x9f\xe0\xe7\x62\x87\xfd\x1c\x37\xe4\
\x6d\xee\xfe\xe7\xcc\xe2\x82\x6b\xe9\x72\xf0\x8f\x6a\xd3\x43\x8f\
\xaf\xc3\x5e\xaf\xd5\x1b\xeb\x05\x2c\xf9\x0d\x4d\xb3\x98\x14\x31\
\x49\x6e\x4d\x8a\xc2\x88\xf7\xed\x06\x1d\xa5\x34\x53\xe3\xaa\x76\
\x17\xb7\x28\xd3\xdc\xcf\xd5\xc2\xf1\x50\xb3\x3c\x43\x88\x6d\x25\
\x72\x81\x63\x64\x7b\x28\xc8\x72\x3a\x44\x95\xb0\xc0\xc4\x61\xc0\
\xd7\x11\x3a\xe8\xfb\x2d\x9a\x75\x81\xaf\x0f\xb6\xfc\xa3\x54\xa4\
\x19\x38\x46\x3a\x3f\x75\xb2\xc0\xa3\xf9\x2d\x0f\xe6\xb7\x32\x90\
\xeb\xcb\x46\x8b\x73\x3a\xd6\x39\x0d\xfc\x92\xeb\x03\x75\xd8\xc3\
\x0d\x1a\xc6\x75\x8a\x6b\x12\x5c\x36\x7c\xb4\xe6\x95\x76\xff\x6d\
\x1b\x20\x6e\xbe\x66\x21\x02\x75\xbd\x17\x63\x2c\xf8\x8f\x15\xe0\
\xbc\xf3\xdb\x58\xed\xfa\xfe\xe3\xde\x93\x2c\xb3\xa3\x14\x48\x1f\
\xd1\x8f\x1c\x84\x68\xa2\x09\x71\xe7\x5b\x5c\x3b\x8e\x9f\xdb\x2c\
\x4d\xc6\xc8\xea\x7d\x9e\x43\x97\x06\xb0\xd5\xde\xeb\x9c\x74\x8f\
\x9b\x82\x51\x57\x39\xde\xd5\x45\x57\x0e\x36\xc6\x58\xd3\x42\x49\
\x75\x53\x24\x5c\x37\x22\x0e\x34\xb3\xa4\x4b\x14\x13\x43\x8a\x18\
\x12\x12\xb6\xcc\x63\x55\x1e\x7a\xbe\x9c\x26\xe9\x52\x6e\xee\x7c\
\x82\x16\xe8\x84\x3f\xe3\xa0\x31\x5a\xf0\x29\xc2\x90\x9b\x15\x5e\
\xf5\x92\x88\xfa\x85\xd7\xd2\x5b\xaa\x25\x75\x91\x78\xb2\xa5\x5e\
\x77\x1e\xb0\xe6\xdf\x80\xf1\x3b\x38\x6f\x1c\x1f\x57\x1b\x97\x0d\
\xa0\xa9\x0c\x63\xc1\xa7\x5c\x40\x13\x7c\xde\xe1\xb1\xa0\x30\x2b\
\x65\xaa\x58\xd4\x0b\xfd\x5f\x47\xb4\x0a\x43\xb2\x0c\x26\xb3\x8e\
\x38\xad\x53\xc5\x2f\x3e\xc0\xeb\x86\x72\xc8\xf6\xdb\xf8\xae\x73\
\x3a\xa8\xe7\xa2\x2a\x17\x7a\xe4\x98\xc6\x79\x0e\xf5\xe0\x92\x7d\
\x7f\xa2\xfb\x03\x34\xc0\xe8\xfe\x92\xcb\xae\x4a\xcc\x34\xfc\x98\
\x2a\x2a\xbf\xdb\x22\x0d\x7c\x31\xf4\x14\xec\x56\x41\x24\xd7\x69\
\x45\x8d\x62\xf5\xc9\x6f\x5e\x01\x18\xaa\x38\x61\x74\x74\xd3\xc0\
\xcd\x3c\x0d\xc7\x7b\xa3\xcb\xcc\x7d\x4e\x74\x6d\x5f\x5f\x5b\xa1\
\x9e\x18\x8d\x6e\x05\xcd\x41\x68\x23\xde\xf5\x94\xd6\x53\x9e\xb9\
\x76\xf9\x1a\x67\x75\x16\xc7\x79\x60\xc9\xea\x97\x43\xa1\x0d\x07\
\x7d\x01\x86\xb6\xe6\x62\xe8\xf2\xfb\xed\xc1\xef\x6c\x59\x8e\x78\
\x0e\xe0\x7c\x9a\xb1\xe8\xdf\xef\x56\xb4\x14\x77\xc5\xda\xd7\xab\
\xf1\x37\x54\x18\xdb\x9d\x22\x9a\xc0\x13\x6b\x2e\x69\xc5\x6b\x5a\
\x07\x79\x92\xda\x1d\x01\x7a\xae\x3c\xd7\xd8\xd2\x55\x2e\x66\xd6\
\x8a\x4e\xa9\x05\x4c\x13\xcb\x5c\x61\x3b\x76\xac\x05\xf6\xca\xee\
\x76\x12\xb9\xce\x55\x9f\x4a\x6a\xf5\x8c\xb3\x42\x7e\x52\x66\x6e\
\x73\x2c\xb3\x2b\x77\x2e\xf6\xbb\x7b\x2b\x56\x56\x59\xcd\x91\x2a\
\x2d\xc1\x7c\x3b\x90\x86\x70\x98\x33\x04\x00\xe9\x85\xcb\xc7\xef\
\xb3\x6d\x76\x76\xb1\xd7\xa8\x0f\x2b\x37\xc3\x0f\xd4\x3d\x50\xff\
\x7d\xa0\x97\x5c\x71\x8e\x0d\xb3\x47\xea\x38\x6c\x34\x72\x00\x9e\
\x50\xbb\xc1\xd7\x7e\x31\xc9\x62\xf6\x28\xdf\xa4\xc9\x06\xed\x5a\
\x1b\xa0\x43\xfd\xfe\x36\xce\x11\x45\xab\xea\x33\xc7\xa6\x76\xf7\
\x0f\xea\x7f\x4b\xf3\xb9\xf8\x58\x6a\x8b\xdc\x48\xbe\x21\x2c\x84\
\xa8\x89\x2e\x88\x97\x21\xe7\x44\xc0\x63\xb0\xc1\x45\xa8\xa9\xd7\
\x99\x04\x42\xeb\xf7\xc1\xe6\xee\xc5\x64\xb6\x45\x6d\xcb\xe8\xc0\
\x06\x87\x6b\xb2\x01\x9f\x78\xdb\xd2\xb4\x43\x26\xa3\xe9\xc6\xff\
\x02\x18\xa8\x65\x9c\
"

qt_resource_name = b"\
\x00\x07\
\x03\x59\x82\x23\
\x00\x6c\
\x00\x6f\x00\x63\x00\x61\x00\x6c\x00\x65\x00\x73\
\x00\x02\
\x00\x00\x06\xa5\
\x00\x64\
\x00\x65\
\x00\x05\
\x00\x69\x65\x3f\
\x00\x63\
\x00\x63\x00\x2e\x00\x6d\x00\x6f\
\x00\x07\
\x03\x0a\x35\xdf\
\x00\x6c\
\x00\x69\x00\x73\x00\x70\x00\x2e\x00\x6d\x00\x6f\
\x00\x08\
\x08\x89\x88\x7f\
\x00\x64\
\x00\x62\x00\x61\x00\x73\x00\x65\x00\x2e\x00\x6d\x00\x6f\
\x00\x09\
\x09\x97\x18\x3f\
\x00\x70\
\x00\x61\x00\x73\x00\x63\x00\x61\x00\x6c\x00\x2e\x00\x6d\x00\x6f\
\x00\x0a\
\x0f\xd9\x78\xdf\
\x00\x64\
\x00\x6f\x00\x78\x00\x79\x00\x67\x00\x65\x00\x6e\x00\x2e\x00\x6d\x00\x6f\
"

qt_resource_struct_v1 = b"\
\x00\x00\x00\x00\x00\x02\x00\x00\x00\x01\x00\x00\x00\x01\
\x00\x00\x00\x00\x00\x02\x00\x00\x00\x01\x00\x00\x00\x02\
\x00\x00\x00\x14\x00\x02\x00\x00\x00\x05\x00\x00\x00\x03\
\x00\x00\x00\x1e\x00\x00\x00\x00\x00\x01\x00\x00\x00\x00\
\x00\x00\x00\x2e\x00\x00\x00\x00\x00\x01\x00\x00\x0e\xbc\
\x00\x00\x00\x42\x00\x00\x00\x00\x00\x01\x00\x00\x1d\x78\
\x00\x00\x00\x58\x00\x00\x00\x00\x00\x01\x00\x00\x34\x06\
\x00\x00\x00\x70\x00\x01\x00\x00\x00\x01\x00\x00\x42\xc2\
"

qt_resource_struct_v2 = b"\
\x00\x00\x00\x00\x00\x02\x00\x00\x00\x01\x00\x00\x00\x01\
\x00\x00\x00\x00\x00\x00\x00\x00\
\x00\x00\x00\x00\x00\x02\x00\x00\x00\x01\x00\x00\x00\x02\
\x00\x00\x00\x00\x00\x00\x00\x00\
\x00\x00\x00\x14\x00\x02\x00\x00\x00\x05\x00\x00\x00\x03\
\x00\x00\x00\x00\x00\x00\x00\x00\
\x00\x00\x00\x1e\x00\x00\x00\x00\x00\x01\x00\x00\x00\x00\
\x00\x00\x01\x9d\xd7\x57\xe9\x20\
\x00\x00\x00\x2e\x00\x00\x00\x00\x00\x01\x00\x00\x0e\xbc\
\x00\x00\x01\x9d\xd7\x57\xe9\x20\
\x00\x00\x00\x42\x00\x00\x00\x00\x00\x01\x00\x00\x1d\x78\
\x00\x00\x01\x9e\x27\xca\x4d\x30\
\x00\x00\x00\x58\x00\x00\x00\x00\x00\x01\x00\x00\x34\x06\
\x00\x00\x01\x9d\xd7\x57\xe9\x20\
\x00\x00\x00\x70\x00\x01\x00\x00\x00\x01\x00\x00\x42\xc2\
\x00\x00\x01\x9e\x28\xda\xf2\x10\
"

qt_version = [int(v) for v in QtCore.qVersion().split('.')]
if qt_version < [5, 8, 0]:
    rcc_version = 1
    qt_resource_struct = qt_resource_struct_v1
else:
    rcc_version = 2
    qt_resource_struct = qt_resource_struct_v2

def qInitResources():
    QtCore.qRegisterResourceData(rcc_version, qt_resource_struct, qt_resource_name, qt_resource_data)

def qCleanupResources():
    QtCore.qUnregisterResourceData(rcc_version, qt_resource_struct, qt_resource_name, qt_resource_data)

qInitResources()
