# -*- coding: utf-8 -*-

# Resource object code
#
# Created by: The Resource Compiler for PyQt5 (Qt v5.15.2)
#
# WARNING! All changes made in this file will be lost!

from PyQt5 import QtCore

qt_resource_data = b"\
\x00\x00\x00\x96\
\x89\
\x50\x4e\x47\x0d\x0a\x1a\x0a\x00\x00\x00\x0d\x49\x48\x44\x52\x00\
\x00\x00\x16\x00\x00\x00\x0c\x08\x06\x00\x00\x00\x66\xf9\x4d\xc6\
\x00\x00\x00\x09\x70\x48\x59\x73\x00\x00\x00\x81\x00\x00\x00\x5e\
\x01\x1b\xb1\xa1\x03\x00\x00\x00\x19\x74\x45\x58\x74\x53\x6f\x66\
\x74\x77\x61\x72\x65\x00\x77\x77\x77\x2e\x69\x6e\x6b\x73\x63\x61\
\x70\x65\x2e\x6f\x72\x67\x9b\xee\x3c\x1a\x00\x00\x00\x23\x49\x44\
\x41\x54\x38\x8d\x63\x7c\xce\x20\xf8\x9f\x81\x06\x80\x89\x16\x86\
\x8e\x1a\x4c\x1f\x83\x19\xff\xff\xff\x3f\x9a\x2a\x46\x0d\x46\x05\
\x00\xa8\x26\x06\x0a\x4f\x20\x33\x56\x00\x00\x00\x00\x49\x45\x4e\
\x44\xae\x42\x60\x82\
\x00\x00\x01\x0f\
\x89\
\x50\x4e\x47\x0d\x0a\x1a\x0a\x00\x00\x00\x0d\x49\x48\x44\x52\x00\
\x00\x00\x16\x00\x00\x00\x0c\x08\x06\x00\x00\x00\x66\xf9\x4d\xc6\
\x00\x00\x00\x09\x70\x48\x59\x73\x00\x00\x00\x81\x00\x00\x00\x5e\
\x01\x1b\xb1\xa1\x03\x00\x00\x00\x19\x74\x45\x58\x74\x53\x6f\x66\
\x74\x77\x61\x72\x65\x00\x77\x77\x77\x2e\x69\x6e\x6b\x73\x63\x61\
\x70\x65\x2e\x6f\x72\x67\x9b\xee\x3c\x1a\x00\x00\x00\x9c\x49\x44\
\x41\x54\x38\x8d\x63\x64\xb0\x98\xfe\x9f\x01\x0b\x98\x5a\x62\xcb\
\xe0\x7f\x78\x36\xc3\xe7\x9d\x3b\x19\x14\x37\x6f\x66\x90\xcd\x3d\
\xca\xf0\xfa\xc3\x77\x6c\x4a\xb1\x02\x26\xa2\x55\x92\x08\x86\x9e\
\xc1\x2c\xa1\x4e\xca\x58\x25\x94\x65\xf8\x50\xf8\x7e\xb6\xf2\x0c\
\x9f\xbe\xfe\x26\xda\x60\xc6\x27\xf9\xf9\x58\x23\x8f\x81\x81\x81\
\xe1\xfb\xc5\x8b\x0c\x7f\x5e\xbc\x60\xe0\xb6\xb6\x66\x60\xe2\xe1\
\x21\xda\x50\x06\x06\x5a\x06\x45\x21\xb7\x37\x56\x89\x64\x3f\x0d\
\x06\x1d\x86\x5e\x86\xcf\x2f\x5e\x30\x88\x55\x54\x30\x64\xaf\x7a\
\x42\x52\x50\xb0\xac\xde\x77\x17\xab\x84\x83\x91\x14\x83\x0e\x12\
\x7f\xd3\xe1\x87\xa3\xe9\x98\x3c\x00\x00\x8c\xf4\x2d\x62\x9e\x2e\
\xb6\xf3\x00\x00\x00\x00\x49\x45\x4e\x44\xae\x42\x60\x82\
\x00\x00\x00\xa5\
\x89\
\x50\x4e\x47\x0d\x0a\x1a\x0a\x00\x00\x00\x0d\x49\x48\x44\x52\x00\
\x00\x00\x16\x00\x00\x00\x0c\x08\x06\x00\x00\x00\x66\xf9\x4d\xc6\
\x00\x00\x00\x09\x70\x48\x59\x73\x00\x00\x00\x81\x00\x00\x00\x5e\
\x01\x1b\xb1\xa1\x03\x00\x00\x00\x19\x74\x45\x58\x74\x53\x6f\x66\
\x74\x77\x61\x72\x65\x00\x77\x77\x77\x2e\x69\x6e\x6b\x73\x63\x61\
\x70\x65\x2e\x6f\x72\x67\x9b\xee\x3c\x1a\x00\x00\x00\x32\x49\x44\
\x41\x54\x38\x8d\x63\x64\x98\xe4\xf6\x9f\x01\x07\x58\xe5\x59\xcd\
\x10\xaa\x62\x87\x55\xee\xc3\xce\xbd\x0c\xf7\x8b\xab\x71\x69\x65\
\x60\xc2\x29\x43\x21\x18\x35\x78\xd4\xe0\x51\x83\x07\xc2\x60\x00\
\x19\x36\x08\x47\xc5\x31\x57\x2c\x00\x00\x00\x00\x49\x45\x4e\x44\
\xae\x42\x60\x82\
\x00\x00\x01\x4f\
\x89\
\x50\x4e\x47\x0d\x0a\x1a\x0a\x00\x00\x00\x0d\x49\x48\x44\x52\x00\
\x00\x00\x16\x00\x00\x00\x0c\x08\x06\x00\x00\x00\x66\xf9\x4d\xc6\
\x00\x00\x00\x09\x70\x48\x59\x73\x00\x00\x00\x81\x00\x00\x00\x5e\
\x01\x1b\xb1\xa1\x03\x00\x00\x00\x19\x74\x45\x58\x74\x53\x6f\x66\
\x74\x77\x61\x72\x65\x00\x77\x77\x77\x2e\x69\x6e\x6b\x73\x63\x61\
\x70\x65\x2e\x6f\x72\x67\x9b\xee\x3c\x1a\x00\x00\x00\xdc\x49\x44\
\x41\x54\x38\x8d\x63\xfc\xff\xff\xff\x7f\x06\x1a\x00\x26\x5a\x18\
\xca\xc0\xc0\xc0\xc0\x42\x48\xc1\xe7\x73\xd7\x19\x5e\x2c\xd9\xc2\
\xf0\xed\xce\x23\x06\x06\x06\x06\x06\x2e\x15\x39\x06\x89\x18\x1f\
\x06\x5e\x23\x4d\xbc\xfa\x18\x71\x05\xc5\x9f\x4f\x5f\x18\xae\x27\
\xd6\x31\xbc\x5a\xbf\x97\x81\x01\x5d\x09\x23\x23\x83\x58\x90\x33\
\x83\xe6\xbc\x26\x06\x16\x3e\x1e\xd2\x0c\xbe\x1c\x56\xc2\xf0\x6a\
\xf5\x2e\xbc\xae\x12\x0f\xf7\x60\xd0\x59\xd1\x45\xbc\xc1\x7f\x3e\
\x7e\x61\x38\x24\x64\xc3\xf0\xff\xdf\x3f\xbc\x06\x33\x32\x31\x31\
\xd8\xbd\x3f\x82\xd5\xd5\x34\x8b\x3c\xac\x06\xb3\xf0\xf3\x30\x88\
\x85\xba\x11\xd4\x2c\x16\xee\x8e\x33\x8c\x71\xba\x58\x73\x76\x3d\
\x83\x88\x9f\x03\x4e\x43\x45\xfd\x1d\x19\x34\x67\xd6\xe1\x94\xc7\
\x19\x79\x30\xf0\xe1\xc8\x79\x86\xd7\x1b\xf6\x31\x7c\xbb\xfd\x90\
\x81\x81\x81\x81\x81\x4b\x55\x9e\x41\x34\xd0\x89\x41\xc0\xda\x10\
\x9f\x36\xc2\x06\x93\x0b\x68\x16\x79\x00\xfd\x93\x49\x69\x50\x58\
\x81\xd8\x00\x00\x00\x00\x49\x45\x4e\x44\xae\x42\x60\x82\
\x00\x00\x00\xf5\
\x89\
\x50\x4e\x47\x0d\x0a\x1a\x0a\x00\x00\x00\x0d\x49\x48\x44\x52\x00\
\x00\x00\x16\x00\x00\x00\x0c\x08\x06\x00\x00\x00\x66\xf9\x4d\xc6\
\x00\x00\x00\x09\x70\x48\x59\x73\x00\x00\x00\x81\x00\x00\x00\x5e\
\x01\x1b\xb1\xa1\x03\x00\x00\x00\x19\x74\x45\x58\x74\x53\x6f\x66\
\x74\x77\x61\x72\x65\x00\x77\x77\x77\x2e\x69\x6e\x6b\x73\x63\x61\
\x70\x65\x2e\x6f\x72\x67\x9b\xee\x3c\x1a\x00\x00\x00\x82\x49\x44\
\x41\x54\x38\x8d\xed\xd2\x31\x0a\x83\x50\x10\x84\xe1\x7f\xa3\x10\
\xeb\xb5\x88\xe4\x08\x56\x62\x3a\x4f\x98\x2b\x78\x23\x4b\x2d\xbc\
\x82\x90\xc0\xb3\x4d\x40\x64\x72\x84\x27\x84\x57\x04\xb2\x07\xf8\
\x98\x19\xd6\xd4\xdf\x44\x82\x3b\xa5\x40\x7f\x13\x36\x49\xd1\x8d\
\xe7\x39\x30\x0c\x0b\x12\x74\xdd\x95\xba\x2e\xa3\x70\x34\x71\x08\
\x2f\xa6\xe9\x49\x96\x19\x79\x0e\xe3\xf8\x60\x5d\xdf\xdf\xc3\x66\
\x06\x08\x49\x98\xc1\x81\x82\xc7\x60\xf7\x82\xa6\xb9\xb0\xef\xb0\
\x6d\xd0\xb6\x15\xee\x45\x14\x36\xbf\x9f\xff\x7f\x9c\x16\xfe\x00\
\xf8\xdd\x27\x7e\xc8\x3b\x06\xea\x00\x00\x00\x00\x49\x45\x4e\x44\
\xae\x42\x60\x82\
\x00\x00\x01\xf5\
\x89\
\x50\x4e\x47\x0d\x0a\x1a\x0a\x00\x00\x00\x0d\x49\x48\x44\x52\x00\
\x00\x00\x16\x00\x00\x00\x0c\x08\x06\x00\x00\x00\x66\xf9\x4d\xc6\
\x00\x00\x00\x09\x70\x48\x59\x73\x00\x00\x00\x81\x00\x00\x00\x5e\
\x01\x1b\xb1\xa1\x03\x00\x00\x00\x19\x74\x45\x58\x74\x53\x6f\x66\
\x74\x77\x61\x72\x65\x00\x77\x77\x77\x2e\x69\x6e\x6b\x73\x63\x61\
\x70\x65\x2e\x6f\x72\x67\x9b\xee\x3c\x1a\x00\x00\x01\x82\x49\x44\
\x41\x54\x38\x8d\xad\x92\xcd\x4b\x1b\x41\x1c\x86\x9f\x99\x9d\xec\
\x6e\xb4\x49\x34\xc5\xf5\xa3\xa5\x07\xc5\x50\xa1\x20\x94\x96\xe2\
\xcd\x7f\x21\x37\xeb\x41\x48\x6f\x05\xcf\xfe\x35\x82\x37\x2f\x5e\
\x7a\xe9\xad\x07\x5b\x94\xd2\x83\xe0\xad\x34\x88\x1f\x11\x6a\x2d\
\x46\x13\x4b\xdc\xdd\x64\x77\xc6\x43\x44\x09\xee\x9a\x43\x7d\xaf\
\xef\x3b\xcf\xef\x6b\x04\x1b\xdf\x4c\x69\xe0\x2f\xda\x08\xf6\xfc\
\x11\x1e\x4b\x12\xa0\x32\xf1\x83\x0f\xe3\xdf\x1f\x0d\x7a\x0b\x8e\
\x35\x04\x46\x3d\x18\x74\x65\x87\xc9\x6c\x9d\xa2\x6a\xe1\x88\xa8\
\x2f\x58\x01\x18\x03\xba\x5b\x23\x51\x6f\xf2\x35\x66\xb2\x27\xbc\
\xce\x1d\xd3\x36\x8a\xad\xc6\x24\x55\x7f\x8c\x5f\x57\xde\xc3\x60\
\x25\x34\xa1\x4e\x0e\x78\xf6\x3f\x5e\x64\xeb\xac\xbe\x5c\xc7\x96\
\xdd\x4e\x17\x47\x87\xa8\xfc\x5c\xe2\x20\x28\xd2\xd6\xc9\x93\x4a\
\x00\xd7\x8a\x28\x28\xbf\xc7\xb0\x65\x44\x79\x64\x97\x27\x56\x88\
\x63\x62\x2c\x11\xdf\x7a\x8e\x8c\xb0\x65\xc4\x73\xa7\xc9\xfc\x50\
\x35\xbd\xe3\xe4\x8a\x86\xf7\xde\x0e\x19\xa1\x39\x08\x8a\x7c\xac\
\x2e\x30\x57\x38\x24\x88\x15\x5f\x2e\x66\x38\x6d\xe7\x58\x7e\xb6\
\x49\x8c\x64\xb3\x51\x4a\x06\x07\xb1\xa2\xa5\x9d\x1e\x23\xd0\x19\
\x56\xf6\xcb\x94\xb2\xa7\xb4\xb4\xcb\x9e\xef\x51\x0b\x9e\x62\x0c\
\xc4\x08\x5c\xd9\xe1\x6b\x63\x9a\xed\xcb\xa9\xf4\x8e\x23\x23\x41\
\xdc\x37\x0f\xfd\x22\x27\x41\x1e\x23\xa0\x69\xbb\x4c\xb9\x67\x1c\
\x87\xc3\xbc\xcd\x1d\x71\x1e\x0d\xf2\xb9\xfe\xaa\xfb\x36\x0d\x2c\
\x04\x48\x93\x7c\xbd\xd0\x28\x30\x50\xbb\x39\xd4\xa0\x15\xf2\xe9\
\x6c\x16\x5f\x67\xd2\xb6\x78\x07\xb6\x24\xb8\xba\xff\xdf\xfc\xd3\
\xce\xf7\xcd\xf4\x80\xd7\x7e\xbf\x43\x9b\x84\x5d\xfc\x87\xae\x01\
\xc1\x81\x89\x6d\x73\x77\x3e\x75\x00\x00\x00\x00\x49\x45\x4e\x44\
\xae\x42\x60\x82\
\x00\x00\x02\x6d\
\x89\
\x50\x4e\x47\x0d\x0a\x1a\x0a\x00\x00\x00\x0d\x49\x48\x44\x52\x00\
\x00\x00\x16\x00\x00\x00\x0c\x08\x06\x00\x00\x00\x66\xf9\x4d\xc6\
\x00\x00\x00\x09\x70\x48\x59\x73\x00\x00\x00\x81\x00\x00\x00\x5e\
\x01\x1b\xb1\xa1\x03\x00\x00\x00\x19\x74\x45\x58\x74\x53\x6f\x66\
\x74\x77\x61\x72\x65\x00\x77\x77\x77\x2e\x69\x6e\x6b\x73\x63\x61\
\x70\x65\x2e\x6f\x72\x67\x9b\xee\x3c\x1a\x00\x00\x01\xfa\x49\x44\
\x41\x54\x38\x8d\xb5\x92\x4b\x68\x13\x61\x14\x85\xbf\xc9\xa3\xad\
\xd8\x74\x1a\xec\x60\x1b\x41\x8a\x7d\x04\x41\x04\x2d\xba\x29\x88\
\x24\x22\x41\x97\x22\x18\x12\x44\x41\xdb\x4a\xb2\xaf\x49\xdc\xea\
\x4a\xa8\x60\xfa\x00\xc1\xae\xda\x24\xe0\x42\x18\xcc\xd0\x12\x82\
\x0b\x17\xe2\xaa\x20\x59\x84\x50\x05\xb5\x2e\x86\x08\x09\x53\x2c\
\x66\x92\xf9\x5d\x08\x31\xb1\x89\x5d\x88\x67\xf7\xdf\xc3\x39\xf7\
\xfc\x87\x2b\x09\x21\x04\xff\x01\xb6\xd6\x87\x10\x82\x58\x2c\x8e\
\xa6\x69\x34\x1a\x8d\x03\xc5\xf5\x7a\x9d\x6c\x36\x4b\x22\xf1\x80\
\x3f\xf3\x49\xad\x89\xe3\xf1\x04\xba\xae\x63\x18\x06\x8a\xa2\x90\
\x4c\x3e\xfd\xab\x71\x24\x12\xa5\x5c\x2e\xe3\xf1\x8c\x30\x36\x36\
\x4e\x34\x1a\xd9\x6f\xbc\xb9\xb9\x49\x3a\x9d\xa1\x5a\xad\x22\x49\
\x12\xab\xab\xcf\x71\xf5\xf7\xf3\x75\xf1\x19\x95\x8d\x3c\x3f\xbe\
\xec\x20\x39\x1d\x1c\x3e\x7d\x0a\xe5\xc6\x35\x06\x2f\x5d\xc4\x30\
\x0c\x16\x16\x9e\xb0\xb5\xb5\x85\x2c\xcb\x84\xc3\x21\xfc\x7e\xff\
\xfe\xc4\xc5\x62\x11\x4d\xd3\x08\x85\x42\x28\x8a\xc2\xcb\xc8\x43\
\x8e\xbf\xc9\x76\x4c\x3b\x3c\x73\x0b\x4f\xe4\x2e\xba\xae\x93\x4a\
\xa5\x08\x04\x02\x78\xbd\xde\xce\x55\xb4\x62\xe7\xdb\x77\xd6\xaf\
\xce\xe2\xdf\xfb\xd0\x9c\xbd\xed\x3d\x86\x7a\xc8\xcb\x48\x63\x97\
\x9b\x7b\xef\x99\xde\xc8\xe0\x1c\x3a\xd2\x71\xb1\xa3\x5b\x7f\x66\
\xdd\xe2\x91\x7c\x81\x4f\xf6\x01\x86\x1b\xbb\xe4\xfb\x4e\x90\xef\
\x1b\x6d\xf2\x9f\x9d\x32\x9a\xdd\xde\x4d\xde\x6e\x5c\x2a\x95\xd0\
\x34\x8d\x60\x30\xc8\xe8\x51\x85\x3b\xd7\xcf\xf0\xf8\x45\x4f\x47\
\xe1\xf9\xe9\x93\x38\xdc\x83\xe8\xba\x4e\x26\x93\x21\x10\x08\x30\
\x31\x31\xd1\xe4\x9b\x55\xe4\x72\x39\xd6\xd6\xd6\x31\xcd\x1a\x42\
\xc0\xca\xca\x32\x2e\x97\x8b\xf4\xeb\x8f\x2c\xbf\x2a\xf2\xae\x58\
\xc6\xac\x5b\x9c\x9b\x1c\x62\xe6\xca\x24\xb7\x2f\x8f\x63\x18\x06\
\xc9\x64\x92\x42\xa1\x40\x4f\x4f\x2f\xe1\x70\x08\x9f\xcf\xd7\x6e\
\x0c\xbf\xce\xcd\x66\xb3\xb1\xbd\xbd\x8d\xdb\xed\x66\x69\x69\xb1\
\xeb\x57\x01\xe6\xe6\xee\x51\xa9\x54\x98\x9a\x3a\xcb\xc0\x80\xcc\
\xec\xec\xcc\x6f\x52\xb4\xc0\xb2\x2c\x31\x3f\x7f\x5f\xa8\xaa\x2a\
\x4c\xd3\x14\x07\xa1\x56\xab\x09\x55\x55\x45\x2c\x16\x17\x96\x65\
\xb5\x71\x5d\xaf\xe2\x5f\xf1\x13\x62\x24\x13\xdd\xb3\x13\x38\x2e\
\x00\x00\x00\x00\x49\x45\x4e\x44\xae\x42\x60\x82\
\x00\x00\x00\xf5\
\x89\
\x50\x4e\x47\x0d\x0a\x1a\x0a\x00\x00\x00\x0d\x49\x48\x44\x52\x00\
\x00\x00\x16\x00\x00\x00\x0c\x08\x06\x00\x00\x00\x66\xf9\x4d\xc6\
\x00\x00\x00\x09\x70\x48\x59\x73\x00\x00\x00\x81\x00\x00\x00\x5e\
\x01\x1b\xb1\xa1\x03\x00\x00\x00\x19\x74\x45\x58\x74\x53\x6f\x66\
\x74\x77\x61\x72\x65\x00\x77\x77\x77\x2e\x69\x6e\x6b\x73\x63\x61\
\x70\x65\x2e\x6f\x72\x67\x9b\xee\x3c\x1a\x00\x00\x00\x82\x49\x44\
\x41\x54\x38\x8d\xed\xd2\x31\x0a\x83\x50\x10\x84\xe1\x7f\xa3\x10\
\xeb\xb5\x88\xe4\x08\x56\x62\x3a\x4f\x98\x2b\x78\x23\x4b\x2d\xbc\
\x82\x90\xc0\xb3\x4d\x40\x64\x72\x84\x27\x84\x57\x04\xb2\x07\xf8\
\x98\x19\xd6\xd4\xdf\x44\x82\x3b\xa5\x40\x7f\x13\x36\x49\xd1\x8d\
\xe7\x39\x30\x0c\x0b\x12\x74\xdd\x95\xba\x2e\xa3\x70\x34\x71\x08\
\x2f\xa6\xe9\x49\x96\x19\x79\x0e\xe3\xf8\x60\x5d\xdf\xdf\xc3\x66\
\x06\x08\x49\x98\xc1\x81\x82\xc7\x60\xf7\x82\xa6\xb9\xb0\xef\xb0\
\x6d\xd0\xb6\x15\xee\x45\x14\x36\xbf\x9f\xff\x7f\x9c\x16\xfe\x00\
\xf8\xdd\x27\x7e\xc8\x3b\x06\xea\x00\x00\x00\x00\x49\x45\x4e\x44\
\xae\x42\x60\x82\
\x00\x00\x00\xf5\
\x89\
\x50\x4e\x47\x0d\x0a\x1a\x0a\x00\x00\x00\x0d\x49\x48\x44\x52\x00\
\x00\x00\x16\x00\x00\x00\x0c\x08\x06\x00\x00\x00\x66\xf9\x4d\xc6\
\x00\x00\x00\x09\x70\x48\x59\x73\x00\x00\x00\x81\x00\x00\x00\x5e\
\x01\x1b\xb1\xa1\x03\x00\x00\x00\x19\x74\x45\x58\x74\x53\x6f\x66\
\x74\x77\x61\x72\x65\x00\x77\x77\x77\x2e\x69\x6e\x6b\x73\x63\x61\
\x70\x65\x2e\x6f\x72\x67\x9b\xee\x3c\x1a\x00\x00\x00\x82\x49\x44\
\x41\x54\x38\x8d\xed\xd2\x31\x0a\x83\x50\x10\x84\xe1\x7f\xa3\x10\
\xeb\xb5\x88\xe4\x08\x56\x62\x3a\x4f\x98\x2b\x78\x23\x4b\x2d\xbc\
\x82\x90\xc0\xb3\x4d\x40\x64\x72\x84\x27\x84\x57\x04\xb2\x07\xf8\
\x98\x19\xd6\xd4\xdf\x44\x82\x3b\xa5\x40\x7f\x13\x36\x49\xd1\x8d\
\xe7\x39\x30\x0c\x0b\x12\x74\xdd\x95\xba\x2e\xa3\x70\x34\x71\x08\
\x2f\xa6\xe9\x49\x96\x19\x79\x0e\xe3\xf8\x60\x5d\xdf\xdf\xc3\x66\
\x06\x08\x49\x98\xc1\x81\x82\xc7\x60\xf7\x82\xa6\xb9\xb0\xef\xb0\
\x6d\xd0\xb6\x15\xee\x45\x14\x36\xbf\x9f\xff\x7f\x9c\x16\xfe\x00\
\xf8\xdd\x27\x7e\xc8\x3b\x06\xea\x00\x00\x00\x00\x49\x45\x4e\x44\
\xae\x42\x60\x82\
\x00\x00\x00\xab\
\x89\
\x50\x4e\x47\x0d\x0a\x1a\x0a\x00\x00\x00\x0d\x49\x48\x44\x52\x00\
\x00\x00\x16\x00\x00\x00\x0c\x08\x06\x00\x00\x00\x66\xf9\x4d\xc6\
\x00\x00\x00\x09\x70\x48\x59\x73\x00\x00\x00\x81\x00\x00\x00\x5e\
\x01\x1b\xb1\xa1\x03\x00\x00\x00\x19\x74\x45\x58\x74\x53\x6f\x66\
\x74\x77\x61\x72\x65\x00\x77\x77\x77\x2e\x69\x6e\x6b\x73\x63\x61\
\x70\x65\x2e\x6f\x72\x67\x9b\xee\x3c\x1a\x00\x00\x00\x38\x49\x44\
\x41\x54\x38\x8d\x63\xfc\xbb\x53\xf8\x3f\x03\x0d\x00\x13\x2d\x0c\
\xa5\xa9\xc1\x2c\x7f\xfe\x33\xd2\xc6\x60\xf6\x4d\x06\x34\x31\x78\
\xe8\x85\x31\xcd\x0c\x66\xdc\xa7\xa1\x4b\x93\x74\xcc\xc2\x4c\x13\
\x63\x87\x62\x18\x03\x00\x76\xfc\x08\xde\xbf\x1a\x46\xa2\x00\x00\
\x00\x00\x49\x45\x4e\x44\xae\x42\x60\x82\
\x00\x00\x00\xae\
\x89\
\x50\x4e\x47\x0d\x0a\x1a\x0a\x00\x00\x00\x0d\x49\x48\x44\x52\x00\
\x00\x00\x16\x00\x00\x00\x0c\x08\x06\x00\x00\x00\x66\xf9\x4d\xc6\
\x00\x00\x00\x09\x70\x48\x59\x73\x00\x00\x00\x81\x00\x00\x00\x5e\
\x01\x1b\xb1\xa1\x03\x00\x00\x00\x19\x74\x45\x58\x74\x53\x6f\x66\
\x74\x77\x61\x72\x65\x00\x77\x77\x77\x2e\x69\x6e\x6b\x73\x63\x61\
\x70\x65\x2e\x6f\x72\x67\x9b\xee\x3c\x1a\x00\x00\x00\x3b\x49\x44\
\x41\x54\x38\x8d\x63\x9c\x21\x67\xf4\x9f\x81\x06\x80\x89\x16\x86\
\x0e\x4d\x83\x59\x24\x4d\x0d\x6e\xd0\xc2\x60\xc6\xff\xff\xff\x0f\
\xad\xc8\x63\x9c\xab\x61\x7d\x9d\x16\x06\xb3\xfc\xfe\xf6\x5d\x83\
\x16\x06\x0f\xbd\xe4\x46\x33\x83\x01\xea\xfa\x0c\x3a\xfe\xef\xed\
\x32\x00\x00\x00\x00\x49\x45\x4e\x44\xae\x42\x60\x82\
\x00\x00\x02\x48\
\x89\
\x50\x4e\x47\x0d\x0a\x1a\x0a\x00\x00\x00\x0d\x49\x48\x44\x52\x00\
\x00\x00\x16\x00\x00\x00\x0c\x08\x06\x00\x00\x00\x66\xf9\x4d\xc6\
\x00\x00\x00\x09\x70\x48\x59\x73\x00\x00\x00\x81\x00\x00\x00\x5e\
\x01\x1b\xb1\xa1\x03\x00\x00\x00\x19\x74\x45\x58\x74\x53\x6f\x66\
\x74\x77\x61\x72\x65\x00\x77\x77\x77\x2e\x69\x6e\x6b\x73\x63\x61\
\x70\x65\x2e\x6f\x72\x67\x9b\xee\x3c\x1a\x00\x00\x01\xd5\x49\x44\
\x41\x54\x38\x8d\xad\xd3\x4d\x48\xd4\x51\x14\x05\xf0\xdf\x7f\x74\
\x1a\xf3\x23\x35\x91\x34\xc5\x70\x28\xa1\xa2\x4d\x41\xb4\xc8\x20\
\x68\x25\x09\x09\x65\x9b\xf6\x2d\xaa\x75\x10\xae\x5a\x04\xb5\xa8\
\x20\x5a\x14\x2d\x83\xc0\x45\x2e\x8a\x28\xa8\x9d\x8b\x3e\x76\x11\
\x82\x86\x23\x64\x8a\x1f\xa5\x65\x8a\x4e\xd3\xf8\x6f\xf1\x26\xa6\
\x51\xc1\x16\x5d\xb8\xbc\xcb\x3b\xef\x9c\xcb\x3b\xdc\x1b\x65\x3a\
\xc5\x4d\x7d\x6c\x3d\x40\x76\x84\x4f\xe7\x59\x19\x56\x12\x55\x47\
\x48\x3f\x0e\x75\xa6\x87\xa5\x37\xa5\x78\x2a\x4d\xdb\x3d\x2a\xf6\
\x07\xee\xd4\x35\xa2\xf7\xc4\x22\x6a\x4f\xd2\x74\x85\xf2\x06\x26\
\x2e\xf3\x6d\xa0\x48\x8c\x92\xec\x1b\x42\xc4\xd0\x5e\xe2\x5c\x11\
\xdb\xd6\x45\xeb\x4d\x56\x17\x99\xb9\xcd\xfc\x23\xe2\x3c\xe5\x20\
\xe6\xfb\x13\x16\x9e\x53\x7f\x96\xe6\xab\xd4\x1c\x0f\x0d\x56\x97\
\x83\xd0\xd2\xeb\xf0\xee\x8f\x68\x94\xa2\xb9\x8f\xba\xd3\xcc\xde\
\xe1\xcb\x03\xe2\x6c\xb1\x61\xe2\xef\x2f\xc5\x39\xe6\x1e\x32\x72\
\x94\xdc\x34\xe9\x01\x52\x1d\x01\xfb\xf1\x32\x24\xa4\xda\x83\x35\
\x51\x2a\xbc\x9d\xbd\x5b\x2a\x0a\xd1\x70\x5a\x9c\x9b\x64\x75\xc5\
\xba\x48\xb6\x52\x77\x86\xec\x47\xaa\x0f\x87\xbb\xc5\xb7\x54\x74\
\x30\xdf\x4f\xee\xf3\x7a\x4e\xa2\x82\xe4\x4e\xa2\x78\x52\x0c\xf9\
\x79\x72\x53\xe4\x26\x0a\x67\xa1\xfe\x39\x4e\xba\xbf\xf8\xb7\x38\
\xcf\x58\x2f\x5b\xda\x48\xb6\x90\x6c\x2a\x64\xa1\x2e\xab\xdf\xc0\
\x8a\x0d\x23\x26\x8e\xd7\xdc\x45\x9b\xb2\x36\xb7\xa2\xbe\x97\x95\
\x91\x82\x15\x31\x8b\xef\xfe\xcd\x8a\xf2\x6c\x66\x3d\x58\x56\x4b\
\xe3\x45\xaa\x8f\x31\x7e\x29\xcc\x77\xb2\x21\x08\x2f\x3c\x25\xdb\
\xce\xae\xfb\x2c\x7f\x60\xfa\x3a\xbf\xbe\x16\xb9\xab\x2b\x64\x33\
\x6b\xac\x88\x92\x6c\x3f\x47\xc7\x20\xc9\x1d\x64\x4e\x05\x51\xa8\
\x39\x11\x12\xb2\x63\x8c\xf6\x84\x49\xe8\x18\xa4\xf1\x42\x98\x90\
\x12\xad\xff\xb6\x20\x4b\xcc\xdc\x2a\x2e\x48\xa2\xba\x93\xdd\x2f\
\xc2\x4a\xc6\x59\x46\xbb\x4b\x45\xa1\xf2\x10\x89\x2a\x12\x95\x54\
\x1e\x2c\xc5\x16\x9e\x31\xda\x45\x7e\x8e\x96\x1b\xec\x79\x45\x6d\
\x37\xbf\x01\x08\xe4\xbb\x74\xd2\x28\xc6\x06\x00\x00\x00\x00\x49\
\x45\x4e\x44\xae\x42\x60\x82\
\x00\x00\x01\x69\
\x89\
\x50\x4e\x47\x0d\x0a\x1a\x0a\x00\x00\x00\x0d\x49\x48\x44\x52\x00\
\x00\x00\x16\x00\x00\x00\x0c\x08\x06\x00\x00\x00\x66\xf9\x4d\xc6\
\x00\x00\x00\x09\x70\x48\x59\x73\x00\x00\x00\x81\x00\x00\x00\x5e\
\x01\x1b\xb1\xa1\x03\x00\x00\x00\x19\x74\x45\x58\x74\x53\x6f\x66\
\x74\x77\x61\x72\x65\x00\x77\x77\x77\x2e\x69\x6e\x6b\x73\x63\x61\
\x70\x65\x2e\x6f\x72\x67\x9b\xee\x3c\x1a\x00\x00\x00\xf6\x49\x44\
\x41\x54\x38\x8d\xad\xd3\xbf\x4a\x03\x41\x10\xc7\xf1\xef\xed\xed\
\x19\x8f\x3b\x09\x4a\xcc\x15\x16\x5a\x4a\x44\x02\x16\x09\xe4\x09\
\xb4\x48\x15\xf0\x31\xf4\x35\xac\x7d\x0c\x1b\xc1\xca\xda\x37\xb0\
\xb0\x49\x48\x61\x15\xfc\x4b\x12\x2e\xf1\x74\x6f\x77\xad\xee\x40\
\xf0\xaa\xbd\x5f\x35\x30\xcc\x87\x81\xd9\xf5\xc6\x07\x27\x96\x8a\
\x5c\x74\xcf\xb9\x4f\x8e\xfe\xed\x9d\xbe\x3c\x71\xfd\x78\x53\x35\
\x8a\xa8\xec\x38\xe6\x0f\xdc\x1c\xbe\x21\x77\x54\xbd\xb0\xbf\xa5\
\x91\x2d\x85\x6c\xff\xd4\x02\xcb\xa2\x88\xfa\x0b\x9a\x67\xef\x60\
\x20\x1b\x47\x60\x1c\x61\x4f\x5a\xc2\xe3\x14\x35\x6b\x90\x3e\x6c\
\xa3\x66\x0d\x36\x0f\x57\xe4\xaf\x1b\x4e\xb0\x10\x91\x66\xef\x6a\
\x82\x4c\xbe\x51\x1f\x01\x66\xed\x93\x5c\x3e\x13\x0f\xe6\x6e\x1b\
\x97\x45\x4b\x11\xf5\x96\x64\xb1\x76\x02\x8b\x94\xc7\xd3\x9f\x01\
\x6a\x1a\x62\x56\xf5\xbc\xc0\x52\x11\x71\x4e\xb0\x9f\x81\x57\x8b\
\x8b\xd4\x4b\xc9\x74\xd4\xc5\x7c\x09\x16\x77\xbb\x58\xe3\x31\xbf\
\x6d\x63\x95\x80\x8e\x03\x8c\x05\x93\xfa\x00\x14\x7f\xdb\xac\x7d\
\xe7\x8d\x7f\x01\x70\x68\x48\x16\xd5\xae\x28\xbf\x00\x00\x00\x00\
\x49\x45\x4e\x44\xae\x42\x60\x82\
\x00\x00\x01\x95\
\x89\
\x50\x4e\x47\x0d\x0a\x1a\x0a\x00\x00\x00\x0d\x49\x48\x44\x52\x00\
\x00\x00\x16\x00\x00\x00\x0c\x08\x06\x00\x00\x00\x66\xf9\x4d\xc6\
\x00\x00\x00\x09\x70\x48\x59\x73\x00\x00\x00\x81\x00\x00\x00\x5e\
\x01\x1b\xb1\xa1\x03\x00\x00\x00\x19\x74\x45\x58\x74\x53\x6f\x66\
\x74\x77\x61\x72\x65\x00\x77\x77\x77\x2e\x69\x6e\x6b\x73\x63\x61\
\x70\x65\x2e\x6f\x72\x67\x9b\xee\x3c\x1a\x00\x00\x01\x22\x49\x44\
\x41\x54\x38\x8d\xb5\xd2\xbf\x4b\x02\x71\x1c\xc6\xf1\xf7\x57\x2e\
\x21\x7f\x5c\x76\x2a\x14\xd1\x0f\x2a\x50\x68\xab\x21\x88\xe0\x28\
\x68\x10\x5a\xa2\x35\x70\x2a\x68\x8a\x68\xeb\x1f\x08\x21\x68\x6d\
\x89\xa6\xa0\xd5\xa6\x6a\x89\xa3\xa1\xc9\xa8\xae\x22\xf0\x52\x48\
\x21\x4e\xa2\x2c\x0c\xef\x48\xbc\xb6\x68\xfc\x3a\xdc\x33\x3f\xbc\
\x1e\xf8\xf0\x11\x01\x56\x3d\x24\x73\x3b\x7e\x21\x5b\x45\x69\x23\
\x00\x08\x77\xb7\x58\x98\xae\xf2\xf5\x1d\xa4\xf8\xa2\x52\xb1\x23\
\x08\x01\xde\xbf\xd9\x78\x36\x2b\x0f\x03\x68\xaa\xcb\xc9\xde\x19\
\xeb\x3b\xb3\x98\x96\x46\xbc\xc7\x61\x79\xbe\x4c\x7a\xa4\xce\xf1\
\xf9\x18\xcf\x55\x15\x80\x56\xad\xd6\x19\xac\x4f\xbd\x62\x5a\x1a\
\xa6\xa5\x01\x30\x99\x7e\x63\x7f\xfb\x92\x44\xcc\xe1\xb3\x11\xe4\
\x20\x9f\xa2\xe9\x2a\x34\x0c\xa3\x33\xd8\x28\xf4\xb3\xb5\x72\xc7\
\xc4\xe8\x07\x0f\xa5\x5e\xae\x9f\x12\x6c\xec\xce\x90\x1a\xae\x73\
\x7a\x35\x48\xd3\x55\x00\x18\xc8\xe5\xa4\x61\x01\x6b\x1e\x40\x34\
\xf4\xc3\xd2\x5c\x19\xfb\x3d\xc4\x63\x29\x46\xc5\x8e\x10\x08\x78\
\xb4\xdb\xe2\xaf\x5c\xe8\x3a\x94\x87\x87\xfa\x36\xa5\xbf\xe2\xfe\
\x68\x51\x1e\x2e\x66\x32\xd2\x70\x27\x51\x44\x38\xec\x87\x8b\x12\
\xd5\x75\x5f\x60\x71\x93\x4c\xfa\x72\x0a\xe1\x58\x96\x2f\xf0\x2f\
\x29\x2a\x58\xf0\x45\xa5\x34\x93\x00\x00\x00\x00\x49\x45\x4e\x44\
\xae\x42\x60\x82\
\x00\x00\x02\x3f\
\x89\
\x50\x4e\x47\x0d\x0a\x1a\x0a\x00\x00\x00\x0d\x49\x48\x44\x52\x00\
\x00\x00\x16\x00\x00\x00\x0c\x08\x06\x00\x00\x00\x66\xf9\x4d\xc6\
\x00\x00\x00\x09\x70\x48\x59\x73\x00\x00\x00\x81\x00\x00\x00\x5e\
\x01\x1b\xb1\xa1\x03\x00\x00\x00\x19\x74\x45\x58\x74\x53\x6f\x66\
\x74\x77\x61\x72\x65\x00\x77\x77\x77\x2e\x69\x6e\x6b\x73\x63\x61\
\x70\x65\x2e\x6f\x72\x67\x9b\xee\x3c\x1a\x00\x00\x01\xcc\x49\x44\
\x41\x54\x38\x8d\xad\xce\x4f\x48\x93\x01\x18\xc7\xf1\xef\xbb\xbf\
\xe6\x7a\x9d\x35\x95\xe6\xe8\x2d\x89\x8d\x77\x1e\xa4\x37\x36\x2a\
\x52\x22\x06\xeb\xa2\xf2\x1e\x84\x06\x81\x97\x0e\x4b\x30\x70\x87\
\xe8\x54\x77\xaf\x82\x05\x1d\xc2\x9b\xc7\x56\x10\xdd\x22\x32\x95\
\xa8\x1c\x6c\x8e\xbd\x8c\xdc\x9a\x0d\x43\x85\x39\x45\xdb\x74\xf3\
\x7d\x3b\x17\xc2\x66\xf6\x3b\x7f\x9f\x0f\x8f\xd0\xc7\xd0\xf2\x59\
\x2a\x2f\xdf\xe3\x9b\x54\xd5\xb5\x5d\xfe\xd3\xcc\x2a\x8e\x47\x0f\
\xf9\x34\xd4\x43\x29\x92\xd3\xec\x57\x16\xb4\xf6\xaf\x17\xe4\xfa\
\xce\x89\xe1\x00\xee\xd8\x55\xd6\x9c\x5e\x4a\x67\x6e\x51\xb8\x7c\
\x91\x9d\xc8\x77\xcd\x76\x2d\xa9\x39\xb2\xe7\x64\xd6\x4f\x04\x07\
\x4c\x1b\x4e\xab\xdb\x8d\x38\x30\x80\xa7\x98\x16\x6f\xea\xf9\x5e\
\xaf\xb1\x75\x67\x55\xb3\xf6\x67\x34\x71\xdd\x25\x93\xff\x27\x38\
\x3c\x1a\x76\xf6\xcc\xce\xd2\x31\x36\x46\xab\xa2\x70\xb0\xb2\x42\
\x47\x51\x3b\x75\x83\xa2\xaf\x97\xcd\x91\x1f\x9a\x35\x94\xd6\x5a\
\x8d\x0f\xda\xeb\x94\x2c\xcb\x4d\xc1\x42\x14\xa5\x70\xdf\x92\x92\
\xda\x06\x07\xb1\x49\x12\xe9\x8f\xcb\x07\x9b\x4b\xa9\xea\xdf\x61\
\x81\x36\xfd\x0d\xde\xfc\x16\x2d\x53\xb2\xca\x4c\x23\xd8\x02\x60\
\xd4\xeb\x6c\xc7\xe3\x00\xe4\xf0\xfc\x9a\xe6\xfa\xdb\x34\x9d\x4f\
\xc0\xd0\x8f\x38\xa9\xc8\x6c\x34\xfc\xd8\x02\x60\xf5\x78\xe8\x1c\
\x1f\xc7\xee\xf3\xd1\x35\x37\xd7\xee\x9f\x7a\x1e\x99\xd6\x95\xf3\
\x4b\x74\xdf\xed\x53\x6b\xab\x0d\x95\x23\x66\x0e\x0a\xdd\xb1\xe1\
\xc9\x98\xb3\x6b\x62\x82\x16\xbf\x1f\x31\x14\x42\xff\xbc\x28\x04\
\xbf\xbd\x93\xcc\x18\xc3\x49\xed\x74\x49\x94\x2d\xc9\xe3\xc2\x26\
\xc3\x30\xd8\x9b\x9f\xa7\x56\x2c\xa2\x57\xab\x54\x12\x09\xf6\xb3\
\x59\x04\x60\x84\xcc\xa5\x07\x7c\x79\xb6\x1d\xdf\x7d\x11\x8f\x5b\
\x6d\xc7\x81\x85\x28\x4a\x21\x4a\x42\xb2\xb8\x5c\x98\x44\x91\xc3\
\x72\x99\xc3\x72\xf9\x8f\x68\x0f\x2b\x4f\x09\x2c\x2e\x20\xdd\x53\
\xd4\xfd\x4c\x53\x70\x3f\xe1\xc2\x6d\x72\xf6\x66\xe2\x57\xf8\x6a\
\x3f\x71\x3c\x0e\xaa\xb5\x99\x46\xed\x6f\xd6\xb1\xa5\xd7\x25\x54\
\x22\x08\x00\x00\x00\x00\x49\x45\x4e\x44\xae\x42\x60\x82\
\x00\x00\x00\x9c\
\x89\
\x50\x4e\x47\x0d\x0a\x1a\x0a\x00\x00\x00\x0d\x49\x48\x44\x52\x00\
\x00\x00\x16\x00\x00\x00\x0c\x08\x06\x00\x00\x00\x66\xf9\x4d\xc6\
\x00\x00\x00\x09\x70\x48\x59\x73\x00\x00\x00\x81\x00\x00\x00\x5e\
\x01\x1b\xb1\xa1\x03\x00\x00\x00\x19\x74\x45\x58\x74\x53\x6f\x66\
\x74\x77\x61\x72\x65\x00\x77\x77\x77\x2e\x69\x6e\x6b\x73\x63\x61\
\x70\x65\x2e\x6f\x72\x67\x9b\xee\x3c\x1a\x00\x00\x00\x29\x49\x44\
\x41\x54\x38\x8d\x63\x5c\x27\xa3\xf1\x9f\x81\x06\x80\x89\x16\x86\
\x0e\x4d\x83\x19\xff\xff\xff\x3f\x1a\xc6\xb4\x35\x98\x51\xd1\xad\
\x7b\x34\x8c\x69\x6b\x30\x00\xff\x21\x07\xf4\xe2\x11\x04\xcf\x00\
\x00\x00\x00\x49\x45\x4e\x44\xae\x42\x60\x82\
\x00\x00\x01\x0f\
\x89\
\x50\x4e\x47\x0d\x0a\x1a\x0a\x00\x00\x00\x0d\x49\x48\x44\x52\x00\
\x00\x00\x16\x00\x00\x00\x0c\x08\x06\x00\x00\x00\x66\xf9\x4d\xc6\
\x00\x00\x00\x09\x70\x48\x59\x73\x00\x00\x00\x81\x00\x00\x00\x5e\
\x01\x1b\xb1\xa1\x03\x00\x00\x00\x19\x74\x45\x58\x74\x53\x6f\x66\
\x74\x77\x61\x72\x65\x00\x77\x77\x77\x2e\x69\x6e\x6b\x73\x63\x61\
\x70\x65\x2e\x6f\x72\x67\x9b\xee\x3c\x1a\x00\x00\x00\x9c\x49\x44\
\x41\x54\x38\x8d\x63\x7c\xab\x69\xf9\x9f\x01\x0b\xe0\x5f\xbf\x88\
\xc1\xba\x76\x15\xc3\xc9\x8b\xf7\x19\xb6\xcf\xc9\x67\xb0\x59\xb5\
\x84\xe1\xd7\xde\x43\xd8\x94\x62\x05\x4c\x44\xab\x24\x11\x0c\x3d\
\x83\x59\x38\xb3\x93\xb1\xdb\x28\x22\x84\xc2\x67\xf3\x72\x61\x60\
\xd6\x50\x25\xda\x60\x46\xfb\x98\x2e\xac\x91\xc7\xc0\xc0\xc0\x70\
\xfe\xda\x23\x86\x4f\x5f\x7e\x30\xe8\xaa\x4b\x33\x08\xf1\x73\x13\
\x6d\x28\x03\x03\x2d\x83\x62\xbb\x85\x10\x56\x09\x8e\x88\x40\x06\
\xcb\xcc\x19\x0c\x27\x2f\xde\x67\xe8\x2a\x0d\x61\x70\xfa\xf2\x82\
\xe1\xef\xbd\x87\xc4\x1b\xfc\x7d\xea\x5c\xac\x12\x6c\x2e\xf6\x28\
\xfc\x5f\xdb\xf6\x8c\xa6\x63\xf2\x00\x00\x6b\x6c\x2a\x9b\x5e\xfb\
\xc5\x97\x00\x00\x00\x00\x49\x45\x4e\x44\xae\x42\x60\x82\
\x00\x00\x01\x0f\
\x89\
\x50\x4e\x47\x0d\x0a\x1a\x0a\x00\x00\x00\x0d\x49\x48\x44\x52\x00\
\x00\x00\x16\x00\x00\x00\x0c\x08\x06\x00\x00\x00\x66\xf9\x4d\xc6\
\x00\x00\x00\x09\x70\x48\x59\x73\x00\x00\x00\x81\x00\x00\x00\x5e\
\x01\x1b\xb1\xa1\x03\x00\x00\x00\x19\x74\x45\x58\x74\x53\x6f\x66\
\x74\x77\x61\x72\x65\x00\x77\x77\x77\x2e\x69\x6e\x6b\x73\x63\x61\
\x70\x65\x2e\x6f\x72\x67\x9b\xee\x3c\x1a\x00\x00\x00\x9c\x49\x44\
\x41\x54\x38\x8d\x63\x7c\xab\x69\xf9\x9f\x01\x0b\xe0\x5f\xbf\x88\
\xc1\xba\x76\x15\xc3\xc9\x8b\xf7\x19\xb6\xcf\xc9\x67\xb0\x59\xb5\
\x84\xe1\xd7\xde\x43\xd8\x94\x62\x05\x4c\x44\xab\x24\x11\x0c\x3d\
\x83\x59\x38\xb3\x93\xb1\xdb\x28\x22\x84\xc2\x67\xf3\x72\x61\x60\
\xd6\x50\x25\xda\x60\x46\xfb\x98\x2e\xac\x91\xc7\xc0\xc0\xc0\x70\
\xfe\xda\x23\x86\x4f\x5f\x7e\x30\xe8\xaa\x4b\x33\x08\xf1\x73\x13\
\x6d\x28\x03\x03\x2d\x83\x62\xbb\x85\x10\x56\x09\x8e\x88\x40\x06\
\xcb\xcc\x19\x0c\x27\x2f\xde\x67\xe8\x2a\x0d\x61\x70\xfa\xf2\x82\
\xe1\xef\xbd\x87\xc4\x1b\xfc\x7d\xea\x5c\xac\x12\x6c\x2e\xf6\x28\
\xfc\x5f\xdb\xf6\x8c\xa6\x63\xf2\x00\x00\x6b\x6c\x2a\x9b\x5e\xfb\
\xc5\x97\x00\x00\x00\x00\x49\x45\x4e\x44\xae\x42\x60\x82\
\x00\x00\x01\x0f\
\x89\
\x50\x4e\x47\x0d\x0a\x1a\x0a\x00\x00\x00\x0d\x49\x48\x44\x52\x00\
\x00\x00\x16\x00\x00\x00\x0c\x08\x06\x00\x00\x00\x66\xf9\x4d\xc6\
\x00\x00\x00\x09\x70\x48\x59\x73\x00\x00\x00\x81\x00\x00\x00\x5e\
\x01\x1b\xb1\xa1\x03\x00\x00\x00\x19\x74\x45\x58\x74\x53\x6f\x66\
\x74\x77\x61\x72\x65\x00\x77\x77\x77\x2e\x69\x6e\x6b\x73\x63\x61\
\x70\x65\x2e\x6f\x72\x67\x9b\xee\x3c\x1a\x00\x00\x00\x9c\x49\x44\
\x41\x54\x38\x8d\x63\x7c\xab\x69\xf9\x9f\x01\x0b\xe0\x5f\xbf\x88\
\xc1\xba\x76\x15\xc3\xc9\x8b\xf7\x19\xb6\xcf\xc9\x67\xb0\x59\xb5\
\x84\xe1\xd7\xde\x43\xd8\x94\x62\x05\x4c\x44\xab\x24\x11\x0c\x3d\
\x83\x59\x38\xb3\x93\xb1\xdb\x28\x22\x84\xc2\x67\xf3\x72\x61\x60\
\xd6\x50\x25\xda\x60\x46\xfb\x98\x2e\xac\x91\xc7\xc0\xc0\xc0\x70\
\xfe\xda\x23\x86\x4f\x5f\x7e\x30\xe8\xaa\x4b\x33\x08\xf1\x73\x13\
\x6d\x28\x03\x03\x2d\x83\x62\xbb\x85\x10\x56\x09\x8e\x88\x40\x06\
\xcb\xcc\x19\x0c\x27\x2f\xde\x67\xe8\x2a\x0d\x61\x70\xfa\xf2\x82\
\xe1\xef\xbd\x87\xc4\x1b\xfc\x7d\xea\x5c\xac\x12\x6c\x2e\xf6\x28\
\xfc\x5f\xdb\xf6\x8c\xa6\x63\xf2\x00\x00\x6b\x6c\x2a\x9b\x5e\xfb\
\xc5\x97\x00\x00\x00\x00\x49\x45\x4e\x44\xae\x42\x60\x82\
\x00\x00\x00\x96\
\x89\
\x50\x4e\x47\x0d\x0a\x1a\x0a\x00\x00\x00\x0d\x49\x48\x44\x52\x00\
\x00\x00\x16\x00\x00\x00\x0c\x08\x06\x00\x00\x00\x66\xf9\x4d\xc6\
\x00\x00\x00\x09\x70\x48\x59\x73\x00\x00\x00\x81\x00\x00\x00\x5e\
\x01\x1b\xb1\xa1\x03\x00\x00\x00\x19\x74\x45\x58\x74\x53\x6f\x66\
\x74\x77\x61\x72\x65\x00\x77\x77\x77\x2e\x69\x6e\x6b\x73\x63\x61\
\x70\x65\x2e\x6f\x72\x67\x9b\xee\x3c\x1a\x00\x00\x00\x23\x49\x44\
\x41\x54\x38\x8d\x63\xfc\xff\xff\xff\x7f\x06\x1a\x00\x26\x5a\x18\
\x3a\x6a\x30\x7d\x0c\x66\xbc\x23\x62\x33\x9a\x2a\x46\x0d\x46\x05\
\x00\x4a\xb9\x06\x3e\x65\x74\xc7\xb2\x00\x00\x00\x00\x49\x45\x4e\
\x44\xae\x42\x60\x82\
\x00\x00\x01\x59\
\x89\
\x50\x4e\x47\x0d\x0a\x1a\x0a\x00\x00\x00\x0d\x49\x48\x44\x52\x00\
\x00\x00\x16\x00\x00\x00\x0c\x08\x06\x00\x00\x00\x66\xf9\x4d\xc6\
\x00\x00\x00\x09\x70\x48\x59\x73\x00\x00\x00\x81\x00\x00\x00\x5e\
\x01\x1b\xb1\xa1\x03\x00\x00\x00\x19\x74\x45\x58\x74\x53\x6f\x66\
\x74\x77\x61\x72\x65\x00\x77\x77\x77\x2e\x69\x6e\x6b\x73\x63\x61\
\x70\x65\x2e\x6f\x72\x67\x9b\xee\x3c\x1a\x00\x00\x00\xe6\x49\x44\
\x41\x54\x38\x8d\xe5\xd3\x3d\x2f\x43\x71\x14\xc7\xf1\xcf\xbd\x4a\
\xda\x28\x92\x46\x27\x11\x83\x05\x91\x58\x24\x9e\x3a\xeb\x22\x26\
\xa3\x49\xa2\xbb\xc4\x1b\xf0\x36\x44\x82\x84\xc9\x20\xe1\x35\x60\
\x30\x4b\x18\x0c\x22\x91\x08\xd7\xe2\xa1\x83\xb6\x7f\x93\xed\xb6\
\x2a\x1d\x0c\xbe\xeb\x39\xe7\x9b\x93\x5f\xce\x89\x54\x04\x2d\xc8\
\x7f\xba\x7e\xdd\x35\xd6\xaa\x27\x8d\xf8\xb7\x03\x7f\x2e\xce\x34\
\x2b\x14\xf3\x94\x27\x29\x8d\x28\xaa\xe2\x1d\xa7\x1d\x8a\xb7\x57\
\x59\xae\xcf\x1a\x38\x6e\x88\xee\x7b\x0b\xb2\xfd\x1a\xa3\x0f\xe2\
\x8d\x4b\x96\xf0\xf1\xb3\x38\x35\x8a\x5c\x0f\xe1\x29\xab\x36\x38\
\xe5\x64\x6e\x27\xba\xd9\xda\x17\x5f\x25\xec\xa1\xd2\xde\xc6\xa9\
\xe2\x4c\x17\x67\x49\x8d\xbb\x44\x2d\x04\xe1\xf9\x91\xb7\x1c\xd3\
\xe8\x6b\x4f\x9c\x1a\xc5\xc5\x2d\xe5\xd2\xb9\x24\xcc\x5b\x39\xd8\
\x0c\xdd\x71\x12\x59\x8b\x59\xc0\x44\x7b\xe2\xa8\xd9\x1d\x0f\x17\
\x58\x1c\x67\x66\xc8\xcb\xfa\xa1\x82\x2a\x8e\x50\xef\x50\xfc\xcd\
\xff\x79\x90\x2f\x49\x37\x3c\xe4\x64\xfe\xb7\xbf\x00\x00\x00\x00\
\x49\x45\x4e\x44\xae\x42\x60\x82\
\x00\x00\x02\x84\
\x89\
\x50\x4e\x47\x0d\x0a\x1a\x0a\x00\x00\x00\x0d\x49\x48\x44\x52\x00\
\x00\x00\x16\x00\x00\x00\x0c\x08\x06\x00\x00\x00\x66\xf9\x4d\xc6\
\x00\x00\x00\x09\x70\x48\x59\x73\x00\x00\x00\x81\x00\x00\x00\x5e\
\x01\x1b\xb1\xa1\x03\x00\x00\x00\x19\x74\x45\x58\x74\x53\x6f\x66\
\x74\x77\x61\x72\x65\x00\x77\x77\x77\x2e\x69\x6e\x6b\x73\x63\x61\
\x70\x65\x2e\x6f\x72\x67\x9b\xee\x3c\x1a\x00\x00\x02\x11\x49\x44\
\x41\x54\x38\x8d\xb5\x92\xdb\x4b\x93\x71\x1c\xc6\x3f\xbf\x77\x27\
\xe7\xe6\x3b\xdd\xf6\x26\xae\x25\x6d\x4c\x04\x41\x90\xa2\xa8\xa0\
\x14\x32\x10\x83\x22\xa8\x9b\x2e\x22\x2a\xbd\xf1\x1f\x08\xba\xc8\
\xa8\xfb\xba\xa9\xab\x19\x23\x28\x30\x6f\x3b\x12\x54\x77\x5d\x45\
\x68\x65\xa9\xb9\x3c\xac\x66\x5b\x3b\x6f\xbe\x3b\xbd\x7b\xbb\xa8\
\x15\x1d\x2c\x29\x7a\xae\x9f\xe7\xf3\x85\xe7\xf9\x0a\xff\xd5\x7d\
\x3a\xff\x41\xc6\xf5\x98\xba\xe4\x3c\x43\xfe\x08\x9a\x2e\x18\x0b\
\x7b\x79\x95\xb3\xfd\x1b\x78\x4b\x4b\x96\x53\xbe\x08\x7b\xdc\x29\
\x3e\x24\x9d\xe4\x55\x0b\x37\xb6\xbd\x60\xba\x60\x25\x18\xf6\xf2\
\x28\xee\x5c\x3f\x58\x00\x7d\x4a\x92\x61\xff\x32\xdd\x72\x81\xd0\
\xdd\x01\xce\x3f\xe8\x27\x9d\xb7\x7f\x0e\x18\x34\x7a\x7b\x26\x39\
\x73\x64\x82\x91\xc0\x12\xd7\x16\x3d\xdc\x8a\x2a\xd4\x74\xf1\x3d\
\xa7\xde\xb1\x24\x74\x7a\xdd\x29\x46\x02\x4b\x74\xc9\x79\x00\xc6\
\x9f\x5d\xe2\xe5\x7b\x37\xa5\xa2\x44\xf2\x9d\x99\xd9\x70\x06\x55\
\xad\xa1\x69\x3a\x2d\x72\x8e\xf1\xb3\xe7\x70\x39\xb2\xcc\xe5\x1a\
\x19\x5b\xf0\x72\x27\xaa\x50\xfd\x72\xc0\xd0\x7a\xc8\x37\xba\xbf\
\x2d\xce\xc5\x9e\x19\x8e\xb6\x47\x51\x2c\x65\x00\xe2\xe9\x66\x2e\
\x04\x0f\xb3\xb2\x2c\x91\x8a\xeb\x28\x6e\x2b\xdb\x77\x58\xd9\xb5\
\x53\xc6\xb5\xc1\xc0\xeb\x59\x70\xd8\x72\xf4\x04\xe6\x71\x59\x2a\
\xf4\xb7\x26\x38\xe8\x89\xa1\x23\x98\xcb\x37\x62\x34\x0a\x1d\x87\
\xa9\x8a\x45\xaa\xfd\xd4\x53\x2c\xa9\x62\x36\x1a\x10\x02\x56\x62\
\x45\xa6\x67\x8c\x24\x52\x25\x3a\x02\x76\x8e\x1d\x57\x68\x11\x1d\
\xc0\xfd\xaf\x7e\xb3\x54\x43\x36\x55\x31\x0a\x30\xd8\x0f\x04\x46\
\xa7\x32\x4d\x5c\x5f\xf2\xb0\xb8\x6a\x65\xb3\x4d\xc5\x69\xae\x60\
\x6b\x28\x92\xc8\x6f\xe2\x4d\xc4\x03\x02\xd4\xa2\x86\x24\x09\x74\
\x1d\xb2\x99\x2a\xa5\x74\x8c\xe1\xc1\xcb\x58\x2d\x2a\xcb\x6a\x03\
\x57\xe6\xdb\x39\xfd\xbc\x93\x27\x89\x66\xca\x35\xe9\x5b\xc7\x3f\
\x8e\x37\xe4\x8f\xd0\xdd\x54\x20\x74\x6f\x80\x9b\x0f\xfb\xf8\x98\
\x71\x20\x49\x02\xd9\xa6\xb3\x77\xeb\x53\x4e\x0e\x4e\x90\x32\x95\
\x08\x2d\x6c\xe4\x76\x54\x41\x5b\x6b\xbc\x5f\xa9\xfe\x6e\xbb\xdd\
\x29\x92\x19\x07\xe5\x8a\x89\x36\x57\x82\xc9\xac\x9d\x60\xd8\xcb\
\xe3\xb8\x93\xb5\xc2\xbf\x05\xd7\xd5\x69\x5f\xe5\x84\x2f\x82\xd5\
\xa0\x11\x7c\xeb\x65\x2a\xd3\xf4\xa7\xc8\xfa\xc0\x7f\xa3\x4f\x07\
\xb7\xce\xdd\x1d\xf9\x00\xe7\x00\x00\x00\x00\x49\x45\x4e\x44\xae\
\x42\x60\x82\
\x00\x00\x02\x3f\
\x89\
\x50\x4e\x47\x0d\x0a\x1a\x0a\x00\x00\x00\x0d\x49\x48\x44\x52\x00\
\x00\x00\x16\x00\x00\x00\x0c\x08\x06\x00\x00\x00\x66\xf9\x4d\xc6\
\x00\x00\x00\x09\x70\x48\x59\x73\x00\x00\x00\x81\x00\x00\x00\x5e\
\x01\x1b\xb1\xa1\x03\x00\x00\x00\x19\x74\x45\x58\x74\x53\x6f\x66\
\x74\x77\x61\x72\x65\x00\x77\x77\x77\x2e\x69\x6e\x6b\x73\x63\x61\
\x70\x65\x2e\x6f\x72\x67\x9b\xee\x3c\x1a\x00\x00\x01\xcc\x49\x44\
\x41\x54\x38\x8d\x63\x64\xa8\x70\xff\xcf\x00\x05\x96\x72\x9a\x37\
\x17\x05\x17\x7d\x54\xfc\xcf\x2a\xf2\x7e\x52\x97\xc0\xb7\xfd\x7b\
\x84\x18\xc8\x04\x8c\xa2\x35\xce\xe7\x5f\xff\x61\x31\x40\x16\xb4\
\x90\xd3\xb8\xb6\x24\xac\xec\xa3\xe2\x7f\x56\xe1\xf7\x93\xba\xb9\
\xbe\xee\xd9\x21\x43\xb2\xc1\x0f\x16\x0b\x9d\xb8\xc1\x2c\xc0\x9e\
\x7c\x43\xe1\xe7\xd3\x5f\xac\xe6\xc8\x92\xa6\xb2\x6a\xb7\xe7\x06\
\x16\xbc\xd6\xe2\x16\x16\xff\x38\xb5\xff\xef\x97\x2d\xeb\xd5\x18\
\xfe\xff\xc7\x65\x16\xaa\xc1\x0c\x0c\x8c\xff\x8d\x55\x59\xef\x2c\
\x28\xe5\x7e\xf9\x89\x9f\x5f\x28\xfe\xa6\xfc\x87\x3b\xdf\x38\x2c\
\x20\x72\x10\x60\x24\xad\x72\x67\x61\x68\xf1\x4b\x2d\x1e\x51\xb1\
\x4f\xf3\x67\x7e\xfd\xb4\x62\xb1\x3e\xc3\xbf\x7f\x8c\x78\xcc\x85\
\x18\x0c\xe3\x68\xca\xb2\xdc\x59\x5c\xce\xf3\xe4\x8b\x88\x80\x44\
\xe2\x0d\xf9\x2f\xf7\x7f\xb0\x1b\x23\x5b\x60\x28\xa5\x74\x77\x71\
\x78\xf9\x0b\x79\x01\x71\x82\x61\x8f\x62\x30\x0c\xa8\x4a\xb3\x3c\
\x9e\x5d\xc0\x7d\x9f\x43\x5e\x40\x24\xe5\xa6\xdc\xfb\x2b\x5f\x39\
\x2d\x18\x18\x18\x98\x89\x0a\x03\x28\x60\xc2\x2e\xfc\x9f\x11\x62\
\xeb\x7f\xbc\xde\xc5\x07\x50\x5c\xac\x2e\xc3\xf2\x78\x51\x19\xcf\
\x83\x9f\xe2\x02\x62\xf1\x37\xe4\x3f\xdd\xff\xce\x6e\xc2\x80\x14\
\x14\xfa\x92\x4a\xf7\x96\x84\x97\x3e\x57\x10\x94\x24\x18\x14\x2c\
\x0c\x0c\x0c\x0c\xb0\xc8\xfb\x2c\xc0\x2f\x14\x7d\x43\x9e\xe5\xce\
\x33\x0e\x35\x06\x2c\x91\xa7\xc8\x27\x23\xdc\xd6\x7d\x92\xa1\xa3\
\x77\xad\xfa\xbf\x7f\xff\x71\xf8\x16\x6a\xf0\xfd\x45\x82\x27\x6f\
\xb2\x0a\x70\x78\x5c\x57\x60\x79\x7a\x8f\x55\x03\xd9\x40\x53\x59\
\xb5\xdb\xf3\x82\x0b\x5f\x29\xf0\x48\x0b\x55\x35\x1c\x66\x9a\x32\
\x73\x8d\xfa\xff\xff\x0c\x44\x05\x0f\x8b\xd9\x6d\x43\xb6\xd7\xbf\
\x59\xf4\x91\x05\xcd\xe5\x34\xaf\x2e\x0b\x2f\xfb\x20\xc8\x24\xc4\
\x5b\x5c\xb5\x9f\x6d\xfe\xe2\x35\x9a\xc4\x18\x86\x62\xf0\xeb\xdf\
\x2c\x86\x30\x8e\xa5\x9c\xe6\xcd\x45\x61\xa5\xef\x84\x99\x85\xb9\
\x21\x06\x5e\xd6\x23\xd5\x40\x18\x00\x00\x67\xf2\x9f\x12\x89\xc7\
\x43\x08\x00\x00\x00\x00\x49\x45\x4e\x44\xae\x42\x60\x82\
\x00\x00\x01\x40\
\x89\
\x50\x4e\x47\x0d\x0a\x1a\x0a\x00\x00\x00\x0d\x49\x48\x44\x52\x00\
\x00\x00\x16\x00\x00\x00\x0c\x08\x06\x00\x00\x00\x66\xf9\x4d\xc6\
\x00\x00\x00\x09\x70\x48\x59\x73\x00\x00\x00\x81\x00\x00\x00\x5e\
\x01\x1b\xb1\xa1\x03\x00\x00\x00\x19\x74\x45\x58\x74\x53\x6f\x66\
\x74\x77\x61\x72\x65\x00\x77\x77\x77\x2e\x69\x6e\x6b\x73\x63\x61\
\x70\x65\x2e\x6f\x72\x67\x9b\xee\x3c\x1a\x00\x00\x00\xcd\x49\x44\
\x41\x54\x38\x8d\xb5\xd3\x21\x4e\x43\x51\x10\x85\xe1\x6f\x5a\x92\
\x86\x06\x0c\x0d\x95\x18\x34\x0e\x83\x87\x74\x01\x4d\x68\x30\x68\
\x76\xd0\x45\xb0\x01\x04\x18\x04\x5b\x41\x61\xe8\x2e\xea\x48\xa8\
\xa0\x66\x30\x13\x82\x79\xe5\xf1\x92\x37\xc9\xcd\xbd\x99\x33\x73\
\xee\x3f\x62\x22\x49\x3d\xc4\xa0\x0f\x53\xd8\x6b\x12\x56\x38\xc4\
\x1a\xcf\xc2\x5d\x0d\xf6\x20\xdc\x4a\xc7\xf8\xc4\x59\x43\x7f\x23\
\xf1\x08\x8f\xc2\xb5\x70\x22\xcd\x85\x79\xbd\x17\xc2\x93\x30\xea\
\x42\xbc\xc1\x57\x11\x2f\xc5\x4f\x7e\x29\xec\x97\xb6\xd9\x61\xdc\
\x48\x3c\xa8\x5f\xa7\x45\xff\x7b\x92\x69\x69\xc3\x2e\xc4\x13\x9c\
\x4a\xf7\x78\x11\xde\x2a\x7f\x8e\x1b\xe9\x03\x47\x5d\x88\xb7\x38\
\xc0\x18\x57\x52\x20\x70\x29\x8d\x4b\xdb\xee\x30\x96\xe4\x5f\xe7\
\x9d\x9c\x89\x9c\x89\x5c\xb5\xa8\x4f\x32\xda\x2e\xc8\x6b\xdd\x17\
\x6d\x8a\xd1\xda\xf8\xbf\xd1\xdb\xe6\x7d\x03\x83\x56\x4d\x6d\xf6\
\x46\x32\xee\x00\x00\x00\x00\x49\x45\x4e\x44\xae\x42\x60\x82\
\x00\x00\x01\xa8\
\x89\
\x50\x4e\x47\x0d\x0a\x1a\x0a\x00\x00\x00\x0d\x49\x48\x44\x52\x00\
\x00\x00\x16\x00\x00\x00\x0c\x08\x06\x00\x00\x00\x66\xf9\x4d\xc6\
\x00\x00\x00\x09\x70\x48\x59\x73\x00\x00\x00\x81\x00\x00\x00\x5e\
\x01\x1b\xb1\xa1\x03\x00\x00\x00\x19\x74\x45\x58\x74\x53\x6f\x66\
\x74\x77\x61\x72\x65\x00\x77\x77\x77\x2e\x69\x6e\x6b\x73\x63\x61\
\x70\x65\x2e\x6f\x72\x67\x9b\xee\x3c\x1a\x00\x00\x01\x35\x49\x44\
\x41\x54\x38\x8d\xb5\x93\xdb\x4a\x02\x51\x14\x86\xbf\x99\x3d\x5b\
\xcd\x63\x69\x18\x51\x52\x14\x58\x08\x91\xde\x74\x11\x5d\xd4\x45\
\x0f\xd0\x03\xf8\x7e\xdd\xf7\x06\x75\x15\x19\x84\x24\x1d\x34\x10\
\xe9\x88\x09\x15\xc3\x38\xa7\x66\xba\xb0\x24\xd2\x1a\x0c\xfc\xef\
\xf6\x5e\x6b\x7f\xeb\x67\xf1\x6f\x25\x5b\x2e\xf9\x8c\x41\xea\x38\
\xa0\x00\xda\xd0\x69\x4a\x6f\x9e\xe7\x7b\x48\xd1\x6b\x09\xcb\x10\
\x8e\xeb\x62\xb9\xf6\xff\xc0\x93\xb1\x14\xe5\x9d\x3d\x66\xd3\x59\
\x2a\xf5\x73\xec\x77\x9b\xb9\xf4\x0c\xd3\x89\x34\x1e\x3e\xa6\x6d\
\xa1\x02\x27\x8d\x2a\xbb\xc5\x2d\x6a\xad\x6b\xf6\x8f\x0e\x06\xcd\
\xfd\xbc\xd0\x4d\x9d\xbb\xce\x13\xba\xd1\xa5\xb4\x54\x40\x37\x74\
\x22\x32\x44\xeb\xf9\x1e\xa9\x0a\x32\xf1\x24\x8f\x2f\x6d\x34\x21\
\x30\x2c\x93\x42\x2e\x8f\x26\x44\x30\x38\x93\x98\x22\x1a\x8e\x90\
\x8c\xc5\xa8\x36\x2f\xd8\x5e\xdb\x04\x45\x65\x7d\x71\x95\xfa\x43\
\x93\xc3\x5a\x05\xdb\x75\x59\xc8\xe6\xb8\xbc\x6d\xd0\x7e\xed\x20\
\x85\x1c\x00\x2b\xa3\xa6\x42\x55\x54\x3c\xdf\xeb\x9f\xa5\x26\x71\
\x5c\x27\xd8\x71\x90\xbe\x43\x81\xa1\x50\xf8\x25\x15\x00\xa9\x68\
\x82\x8d\x7c\x11\xcb\xb1\x89\x47\xa2\x68\x42\xe3\xcd\xd0\xfb\x49\
\x59\x99\x5f\xe6\xf4\xa6\xca\xf1\xd5\xd9\xd0\xf7\x23\xaf\xe2\x4b\
\x13\xa1\x08\xfe\x67\x4a\x46\x72\x1c\xa4\xae\x6d\xfe\x59\x1f\xdb\
\xcf\xfb\x00\x4c\x2b\x6b\xac\x39\x52\x14\x42\x00\x00\x00\x00\x49\
\x45\x4e\x44\xae\x42\x60\x82\
\x00\x00\x01\x32\
\x89\
\x50\x4e\x47\x0d\x0a\x1a\x0a\x00\x00\x00\x0d\x49\x48\x44\x52\x00\
\x00\x00\x16\x00\x00\x00\x0c\x08\x06\x00\x00\x00\x66\xf9\x4d\xc6\
\x00\x00\x00\x09\x70\x48\x59\x73\x00\x00\x00\x81\x00\x00\x00\x5e\
\x01\x1b\xb1\xa1\x03\x00\x00\x00\x19\x74\x45\x58\x74\x53\x6f\x66\
\x74\x77\x61\x72\x65\x00\x77\x77\x77\x2e\x69\x6e\x6b\x73\x63\x61\
\x70\x65\x2e\x6f\x72\x67\x9b\xee\x3c\x1a\x00\x00\x00\xbf\x49\x44\
\x41\x54\x38\x8d\xed\xd3\x3b\x0f\xc1\x70\x14\xc6\xe1\xdf\xa9\xff\
\x42\x22\x8d\xc4\x35\x16\x9d\xc4\x65\x37\xf8\x1c\x0c\x3e\xa2\xef\
\x20\x16\xb1\x99\x84\x11\x03\x91\xb8\x34\xad\x54\x5d\xab\x26\x13\
\x22\x25\xdd\xbc\xe3\x19\x9e\x9c\xbc\x27\x47\xda\xa9\xbc\x4f\x08\
\xd1\xc2\x40\x43\x85\xc5\xee\xf2\xb6\x8a\xab\xaf\xa1\xe4\xf6\x15\
\xac\x5e\x0d\xad\x59\x94\xe5\x34\x8e\x27\x1a\xe9\xa4\x43\xba\xea\
\x04\x86\x9f\xaa\xd8\xec\x0c\xdc\x05\x9c\x97\x47\xf4\x52\x8b\x48\
\xb1\x81\x79\x28\xfc\x0e\xdb\xe3\x0a\xd6\x5c\x67\xb2\x37\xe8\x75\
\x6c\xdc\x59\x82\xf5\xa0\x84\x77\x92\x40\xf0\x53\x15\xd1\xb2\xc7\
\xe1\x92\x22\xb3\x9d\x73\x33\xcf\xac\xfa\x31\xb2\xcd\x1c\xbe\x08\
\xbc\x3f\xc7\x67\x18\x35\xa2\x58\x5f\xb1\xaf\xe5\x10\x11\xe2\x91\
\x21\x8b\x93\x8d\xa6\x82\x6d\x2c\xff\x07\x79\xe4\x0e\x42\xd9\x3b\
\xac\x66\x95\xc4\x76\x00\x00\x00\x00\x49\x45\x4e\x44\xae\x42\x60\
\x82\
\x00\x00\x00\x9c\
\x89\
\x50\x4e\x47\x0d\x0a\x1a\x0a\x00\x00\x00\x0d\x49\x48\x44\x52\x00\
\x00\x00\x16\x00\x00\x00\x0c\x08\x06\x00\x00\x00\x66\xf9\x4d\xc6\
\x00\x00\x00\x09\x70\x48\x59\x73\x00\x00\x00\x81\x00\x00\x00\x5e\
\x01\x1b\xb1\xa1\x03\x00\x00\x00\x19\x74\x45\x58\x74\x53\x6f\x66\
\x74\x77\x61\x72\x65\x00\x77\x77\x77\x2e\x69\x6e\x6b\x73\x63\x61\
\x70\x65\x2e\x6f\x72\x67\x9b\xee\x3c\x1a\x00\x00\x00\x29\x49\x44\
\x41\x54\x38\x8d\x63\xbc\xc9\x20\xf4\x9f\x81\x06\x80\x89\x16\x86\
\x0e\x4d\x83\x19\x19\x8c\x17\x8c\x86\x31\x6d\x0d\x66\xfc\xb4\x82\
\x61\x34\x8c\x69\x6b\x30\x00\xca\x81\x06\x6b\xd3\xdd\x0d\x0b\x00\
\x00\x00\x00\x49\x45\x4e\x44\xae\x42\x60\x82\
\x00\x00\x01\x3c\
\x89\
\x50\x4e\x47\x0d\x0a\x1a\x0a\x00\x00\x00\x0d\x49\x48\x44\x52\x00\
\x00\x00\x16\x00\x00\x00\x0c\x08\x06\x00\x00\x00\x66\xf9\x4d\xc6\
\x00\x00\x00\x09\x70\x48\x59\x73\x00\x00\x00\x81\x00\x00\x00\x5e\
\x01\x1b\xb1\xa1\x03\x00\x00\x00\x19\x74\x45\x58\x74\x53\x6f\x66\
\x74\x77\x61\x72\x65\x00\x77\x77\x77\x2e\x69\x6e\x6b\x73\x63\x61\
\x70\x65\x2e\x6f\x72\x67\x9b\xee\x3c\x1a\x00\x00\x00\xc9\x49\x44\
\x41\x54\x38\x8d\xad\xcc\x4d\x4a\xc3\x50\x14\x80\xd1\xef\xfd\xe4\
\x15\x4d\xa0\xa9\x8d\x03\x91\xee\x41\xdc\x4b\x97\xe0\xc8\x49\x97\
\x26\xb8\x8a\x42\x11\xc1\x61\x29\x08\x22\x4e\x52\x13\x6a\x6c\x82\
\xe6\xbd\xeb\xc0\x59\xc7\xf7\x2c\xe0\x98\xd7\xfb\x95\x98\x2c\x00\
\x90\xfa\x9e\xe6\xe1\x11\x0d\xde\xcd\x66\xb8\x3c\x47\x44\x48\x87\
\x2f\x95\x14\xc0\xc7\xb6\xc5\x64\x1e\x80\xb1\x6d\xf5\xe2\x9f\xb7\
\x77\x86\xed\x0e\x92\x60\xcf\x26\x7a\xf1\xf9\xed\x0d\xae\x28\x30\
\xce\xf2\x5b\xef\xe9\xd6\x1b\x95\xd8\x8e\x75\x0d\xc6\x20\x31\x31\
\xee\x3f\x55\x52\x00\xab\x36\x9d\xc6\xbe\xaa\x40\x04\xe3\x2c\x7e\
\x7e\xa1\x16\xfb\xe3\xd3\x33\x69\x18\x20\x09\x2f\x57\x81\xe5\x5d\
\xa9\x13\x87\xc5\x35\xfe\xb2\x02\x20\xeb\x3f\x80\x9d\x4e\xec\xca\
\x12\x1b\x26\x88\x08\x2e\x4c\xe1\x5b\xe5\xc5\xc7\xa6\x21\x75\xff\
\x5b\x0c\x1d\x04\x9d\xf8\x0f\x92\x96\x44\xd9\x06\x3e\x77\x82\x00\
\x00\x00\x00\x49\x45\x4e\x44\xae\x42\x60\x82\
\x00\x00\x01\x58\
\x89\
\x50\x4e\x47\x0d\x0a\x1a\x0a\x00\x00\x00\x0d\x49\x48\x44\x52\x00\
\x00\x00\x16\x00\x00\x00\x0c\x08\x06\x00\x00\x00\x66\xf9\x4d\xc6\
\x00\x00\x00\x09\x70\x48\x59\x73\x00\x00\x00\x81\x00\x00\x00\x5e\
\x01\x1b\xb1\xa1\x03\x00\x00\x00\x19\x74\x45\x58\x74\x53\x6f\x66\
\x74\x77\x61\x72\x65\x00\x77\x77\x77\x2e\x69\x6e\x6b\x73\x63\x61\
\x70\x65\x2e\x6f\x72\x67\x9b\xee\x3c\x1a\x00\x00\x00\xe5\x49\x44\
\x41\x54\x38\x8d\x63\x64\xc8\xf2\xfb\xcf\x40\x03\xc0\x44\x0b\x43\
\x19\x18\x18\x18\x58\x70\x49\x38\xbf\xff\xcb\x90\xfc\xf4\x17\x83\
\xe9\xe7\xbf\x0c\x62\xbf\xfe\x33\x7c\x62\x66\x64\xb8\xcc\xc3\xc4\
\xb0\x4a\x8c\x85\x61\x89\x24\x1b\xc3\x1f\x46\xfc\x06\x33\xa2\x07\
\x05\xd3\x7f\x06\x86\x29\xb7\x7e\x30\xc4\x3d\xff\x8d\x53\xd3\x19\
\x5e\x66\x86\x60\x3d\x4e\x86\xb7\xac\xb8\x4d\xc7\x08\x8a\xac\xa7\
\xbf\xf0\x1a\xca\xc0\xc0\xc0\x60\xf2\xf9\x2f\xc3\xe4\x5b\x3f\xf0\
\xaa\xc1\x30\x38\xe2\x25\x7e\x43\x61\xc0\xf7\xf5\x1f\x06\xde\x3f\
\x24\x18\x4c\x2c\xf8\x4f\x20\x8c\x31\x0c\x5e\x2e\xc6\x46\x94\xc1\
\x5b\x84\x59\x18\x3e\xe3\x8c\x7a\x2c\x06\x4f\x97\x61\x65\x58\x28\
\xc9\x8a\xd7\xd0\xd3\x7c\xcc\x0c\x39\xea\x1c\x78\xd5\x60\xa4\x0a\
\x18\x70\x78\xff\x97\x21\xe5\xd9\x6f\x06\xb3\x4f\x7f\x18\xc4\x7f\
\xfd\x67\xf8\xc0\x02\x49\x6e\x2b\xc5\x59\x19\x96\x8b\xb3\x12\x4c\
\x6e\x38\x3d\x73\x40\x90\x99\xe1\x80\x20\x33\x7e\xdd\x78\x00\xcd\
\x72\x1e\x00\x17\xf1\x3d\xe5\x4a\xdd\x6d\x7c\x00\x00\x00\x00\x49\
\x45\x4e\x44\xae\x42\x60\x82\
\x00\x00\x00\x9c\
\x89\
\x50\x4e\x47\x0d\x0a\x1a\x0a\x00\x00\x00\x0d\x49\x48\x44\x52\x00\
\x00\x00\x16\x00\x00\x00\x0c\x08\x06\x00\x00\x00\x66\xf9\x4d\xc6\
\x00\x00\x00\x09\x70\x48\x59\x73\x00\x00\x00\x81\x00\x00\x00\x5e\
\x01\x1b\xb1\xa1\x03\x00\x00\x00\x19\x74\x45\x58\x74\x53\x6f\x66\
\x74\x77\x61\x72\x65\x00\x77\x77\x77\x2e\x69\x6e\x6b\x73\x63\x61\
\x70\x65\x2e\x6f\x72\x67\x9b\xee\x3c\x1a\x00\x00\x00\x29\x49\x44\
\x41\x54\x38\x8d\x63\xfc\xff\xff\xff\x7f\x06\x1a\x00\x26\x5a\x18\
\x3a\x34\x0d\x66\x64\x98\x96\x37\x1a\xc6\xb4\x35\x98\xf1\x9a\x9a\
\xd0\x68\x18\xd3\xd6\x60\x00\x2f\x87\x08\x22\x9a\x38\xe2\xc9\x00\
\x00\x00\x00\x49\x45\x4e\x44\xae\x42\x60\x82\
\x00\x00\x01\x04\
\x89\
\x50\x4e\x47\x0d\x0a\x1a\x0a\x00\x00\x00\x0d\x49\x48\x44\x52\x00\
\x00\x00\x16\x00\x00\x00\x0c\x08\x06\x00\x00\x00\x66\xf9\x4d\xc6\
\x00\x00\x00\x09\x70\x48\x59\x73\x00\x00\x00\x81\x00\x00\x00\x5e\
\x01\x1b\xb1\xa1\x03\x00\x00\x00\x19\x74\x45\x58\x74\x53\x6f\x66\
\x74\x77\x61\x72\x65\x00\x77\x77\x77\x2e\x69\x6e\x6b\x73\x63\x61\
\x70\x65\x2e\x6f\x72\x67\x9b\xee\x3c\x1a\x00\x00\x00\x91\x49\x44\
\x41\x54\x38\x8d\x63\x64\xd8\xf9\xe4\x3f\x03\x0d\x00\x13\x2d\x0c\
\x1d\x9a\x06\x33\xbe\xd5\xb4\xc4\x1b\xc6\xcc\x72\x32\x0c\x1c\xb1\
\x61\x0c\x7f\x9f\x3c\x63\xf8\xf7\xfa\x0d\xc3\x9f\x93\xe7\x18\xfe\
\xbd\x7d\x47\xd0\x60\x16\x42\x0a\x78\x66\xf4\x30\x7c\x4e\x2f\x62\
\xf8\xf7\xf8\x19\x03\x03\x23\x23\x03\x47\x4c\x28\x03\xb3\x86\x2a\
\xc3\xb7\x8e\x89\x0c\xff\x3f\x7f\xc1\xa9\x8f\x70\x50\xfc\xff\xcf\
\xc0\xc0\xc0\x48\x50\x19\x3a\x20\x18\x14\x4c\xb2\xd2\x0c\x9c\xb1\
\x61\x0c\xff\x9e\xbd\x60\xf8\xf7\xf2\x35\xc3\xef\x93\x67\x19\xfe\
\xbd\x7b\x4f\xd8\x60\xfb\x39\xa6\xa3\xe9\x98\xb6\x06\x03\x00\x5f\
\xd3\x2f\x20\xa5\xae\xa9\x03\x00\x00\x00\x00\x49\x45\x4e\x44\xae\
\x42\x60\x82\
\x00\x00\x00\xaa\
\x89\
\x50\x4e\x47\x0d\x0a\x1a\x0a\x00\x00\x00\x0d\x49\x48\x44\x52\x00\
\x00\x00\x16\x00\x00\x00\x0c\x08\x06\x00\x00\x00\x66\xf9\x4d\xc6\
\x00\x00\x00\x09\x70\x48\x59\x73\x00\x00\x00\x81\x00\x00\x00\x5e\
\x01\x1b\xb1\xa1\x03\x00\x00\x00\x19\x74\x45\x58\x74\x53\x6f\x66\
\x74\x77\x61\x72\x65\x00\x77\x77\x77\x2e\x69\x6e\x6b\x73\x63\x61\
\x70\x65\x2e\x6f\x72\x67\x9b\xee\x3c\x1a\x00\x00\x00\x37\x49\x44\
\x41\x54\x38\x8d\x63\x64\x30\x9c\xf3\x9f\x01\x07\xb8\x3d\xa5\xea\
\x84\x8a\xe4\x2b\x0b\x6c\x72\x9f\xd6\xb3\x9d\x78\x3b\x85\x0b\xab\
\x1c\x03\x03\x03\x03\x13\x2e\x09\x4a\xc1\xa8\xc1\xa3\x06\x8f\x1a\
\x3c\x10\x06\x03\x00\xa8\x78\x0a\x26\x59\xef\xd9\x79\x00\x00\x00\
\x00\x49\x45\x4e\x44\xae\x42\x60\x82\
\x00\x00\x02\x39\
\x89\
\x50\x4e\x47\x0d\x0a\x1a\x0a\x00\x00\x00\x0d\x49\x48\x44\x52\x00\
\x00\x00\x16\x00\x00\x00\x0c\x08\x06\x00\x00\x00\x66\xf9\x4d\xc6\
\x00\x00\x00\x09\x70\x48\x59\x73\x00\x00\x00\x81\x00\x00\x00\x5e\
\x01\x1b\xb1\xa1\x03\x00\x00\x00\x19\x74\x45\x58\x74\x53\x6f\x66\
\x74\x77\x61\x72\x65\x00\x77\x77\x77\x2e\x69\x6e\x6b\x73\x63\x61\
\x70\x65\x2e\x6f\x72\x67\x9b\xee\x3c\x1a\x00\x00\x01\xc6\x49\x44\
\x41\x54\x38\x8d\xa5\x90\x5d\x48\x53\x01\x14\xc7\x7f\xce\xed\x8a\
\x1b\x15\x37\xa5\x26\xdb\x60\xf4\xa1\x31\x29\x08\x91\x24\x24\x24\
\x6c\x48\xf9\x30\x1f\x82\x51\x50\x6d\x4f\x3e\x06\x8a\xd8\x1e\x74\
\x43\xf0\x75\x98\x20\x96\xd9\x97\x05\x91\xe8\xd3\x7c\x70\x3e\x34\
\xd8\x8b\x60\x36\x58\xad\xb0\x08\xd9\x56\x0e\x83\xba\x32\x6f\x77\
\xe6\xe6\xd6\xd3\x04\x6f\x1f\xb4\xf5\x7b\x3b\x87\xff\xf9\x71\xce\
\xa9\x30\x1a\xa7\x0a\x4e\xe7\x51\x42\xa1\x35\x44\xb1\x8a\x57\x4b\
\x1f\x19\xf7\x3c\xc5\x69\x5f\xa2\x5c\x0c\xad\xa3\x54\xca\x72\x87\
\x77\x71\xf1\x0b\x56\xeb\x3e\x66\x67\xed\x68\x75\xd5\xf4\x0d\x5b\
\x78\x1f\xaf\xc1\xde\xf2\x0e\x41\xb7\x53\xb2\x78\xf8\xfe\x45\x34\
\xc5\x22\x1a\xfd\x86\xc9\xf4\x84\x40\x20\xc1\xf4\x74\x3b\x5b\x86\
\x2b\x9c\xb9\xe1\x21\xfa\xc1\x5c\xd6\xd6\xbb\x62\x45\xc9\x91\xcd\
\xe6\x89\xc5\x24\x16\x16\x3e\xb1\xbe\x9e\xa1\xd6\x7c\x9a\xb3\xee\
\x5b\xdc\x7e\x76\xbe\x64\xb1\x56\xdd\xc8\x64\x72\x8c\x8c\xbc\xa1\
\xbe\xfe\x00\xc1\xe0\x25\xe6\xe7\x93\xf4\xf4\x54\xf3\xe2\x65\x03\
\x93\x03\x8f\x39\xb8\xff\x7b\x69\x1b\xab\x59\x5d\xdd\xc4\x66\x7b\
\x8e\xdf\xff\x9a\x89\x89\x73\x98\x1a\xaf\xd2\x7c\xcd\x4b\x38\x72\
\xfc\xff\xc4\xd9\x6c\x1e\x45\xc9\xb1\xb2\xb2\x41\x38\x9c\x22\x99\
\x94\x11\x0f\x1f\xc1\xd1\xd7\x8f\xef\x6e\x27\x3b\xf9\x3f\x8e\x02\
\xbf\x79\x85\x9a\x42\x01\xc6\xc6\xde\x52\x57\xa7\x67\x6e\xae\x83\
\x44\x42\xc6\xe5\xaa\x24\xb4\x7c\x82\xa9\xa1\x49\xcc\x87\xa4\xf2\
\xc4\x45\x52\x29\x85\xb6\xb6\x00\xa2\x28\xe0\xf3\x35\x91\x4e\x9f\
\xa2\xc5\x6d\xc5\x7f\xf3\x01\x97\xdb\x97\x7f\xc9\xff\xfd\x1e\x15\
\xe9\xf4\x36\xf1\xb8\x4c\x24\xf2\x95\x58\x4c\x42\xa3\x13\xf1\xdc\
\xeb\xe5\xfa\xa0\x0b\x65\x4b\xd8\x93\xad\x80\x3b\x85\x52\xe4\x45\
\x44\xb1\x8a\x99\x99\x0b\x08\x82\x06\x87\x23\x88\xa5\x36\xc1\x23\
\xef\x38\x27\x8f\x7d\xc6\xd0\x3a\xfa\xef\xaf\x50\x23\x49\x3f\xe8\
\xea\x0a\xa2\xd7\x6b\xe9\xee\xb6\x61\xb1\x34\xd3\xd9\x6b\x64\xd0\
\xfd\x10\x80\x9f\xf4\xc0\x9b\xeb\x47\xc3\xb8\x29\x00\x00\x00\x00\
\x49\x45\x4e\x44\xae\x42\x60\x82\
\x00\x00\x01\x32\
\x89\
\x50\x4e\x47\x0d\x0a\x1a\x0a\x00\x00\x00\x0d\x49\x48\x44\x52\x00\
\x00\x00\x16\x00\x00\x00\x0c\x08\x06\x00\x00\x00\x66\xf9\x4d\xc6\
\x00\x00\x00\x09\x70\x48\x59\x73\x00\x00\x00\x81\x00\x00\x00\x5e\
\x01\x1b\xb1\xa1\x03\x00\x00\x00\x19\x74\x45\x58\x74\x53\x6f\x66\
\x74\x77\x61\x72\x65\x00\x77\x77\x77\x2e\x69\x6e\x6b\x73\x63\x61\
\x70\x65\x2e\x6f\x72\x67\x9b\xee\x3c\x1a\x00\x00\x00\xbf\x49\x44\
\x41\x54\x38\x8d\xed\xd3\x3b\x0f\xc1\x70\x14\xc6\xe1\xdf\xa9\xff\
\x42\x22\x8d\xc4\x35\x16\x9d\xc4\x65\x37\xf8\x1c\x0c\x3e\xa2\xef\
\x20\x16\xb1\x99\x84\x11\x03\x91\xb8\x34\xad\x54\x5d\xab\x26\x13\
\x22\x25\xdd\xbc\xe3\x19\x9e\x9c\xbc\x27\x47\xda\xa9\xbc\x4f\x08\
\xd1\xc2\x40\x43\x85\xc5\xee\xf2\xb6\x8a\xab\xaf\xa1\xe4\xf6\x15\
\xac\x5e\x0d\xad\x59\x94\xe5\x34\x8e\x27\x1a\xe9\xa4\x43\xba\xea\
\x04\x86\x9f\xaa\xd8\xec\x0c\xdc\x05\x9c\x97\x47\xf4\x52\x8b\x48\
\xb1\x81\x79\x28\xfc\x0e\xdb\xe3\x0a\xd6\x5c\x67\xb2\x37\xe8\x75\
\x6c\xdc\x59\x82\xf5\xa0\x84\x77\x92\x40\xf0\x53\x15\xd1\xb2\xc7\
\xe1\x92\x22\xb3\x9d\x73\x33\xcf\xac\xfa\x31\xb2\xcd\x1c\xbe\x08\
\xbc\x3f\xc7\x67\x18\x35\xa2\x58\x5f\xb1\xaf\xe5\x10\x11\xe2\x91\
\x21\x8b\x93\x8d\xa6\x82\x6d\x2c\xff\x07\x79\xe4\x0e\x42\xd9\x3b\
\xac\x66\x95\xc4\x76\x00\x00\x00\x00\x49\x45\x4e\x44\xae\x42\x60\
\x82\
\x00\x00\x00\x9c\
\x89\
\x50\x4e\x47\x0d\x0a\x1a\x0a\x00\x00\x00\x0d\x49\x48\x44\x52\x00\
\x00\x00\x16\x00\x00\x00\x0c\x08\x06\x00\x00\x00\x66\xf9\x4d\xc6\
\x00\x00\x00\x09\x70\x48\x59\x73\x00\x00\x00\x81\x00\x00\x00\x5e\
\x01\x1b\xb1\xa1\x03\x00\x00\x00\x19\x74\x45\x58\x74\x53\x6f\x66\
\x74\x77\x61\x72\x65\x00\x77\x77\x77\x2e\x69\x6e\x6b\x73\x63\x61\
\x70\x65\x2e\x6f\x72\x67\x9b\xee\x3c\x1a\x00\x00\x00\x29\x49\x44\
\x41\x54\x38\x8d\x63\xfc\xff\xff\xff\x7f\x06\x1a\x00\x26\x5a\x18\
\x3a\x34\x0d\x66\x64\xb0\x5c\x36\x1a\xc6\xb4\x35\x98\xf1\xaa\xb6\
\xdc\x68\x18\xd3\xd6\x60\x00\xde\xb5\x08\x0d\x6b\x5b\x21\xe1\x00\
\x00\x00\x00\x49\x45\x4e\x44\xae\x42\x60\x82\
\x00\x00\x01\x40\
\x89\
\x50\x4e\x47\x0d\x0a\x1a\x0a\x00\x00\x00\x0d\x49\x48\x44\x52\x00\
\x00\x00\x16\x00\x00\x00\x0c\x08\x06\x00\x00\x00\x66\xf9\x4d\xc6\
\x00\x00\x00\x09\x70\x48\x59\x73\x00\x00\x00\x81\x00\x00\x00\x5e\
\x01\x1b\xb1\xa1\x03\x00\x00\x00\x19\x74\x45\x58\x74\x53\x6f\x66\
\x74\x77\x61\x72\x65\x00\x77\x77\x77\x2e\x69\x6e\x6b\x73\x63\x61\
\x70\x65\x2e\x6f\x72\x67\x9b\xee\x3c\x1a\x00\x00\x00\xcd\x49\x44\
\x41\x54\x38\x8d\xed\x91\x2b\x6f\x42\x41\x10\x85\xbf\x5d\x76\x79\
\x17\xb0\x6d\x08\x0e\x89\x2c\x96\x84\xa6\x1e\xc5\xdf\xab\x44\xa2\
\xea\xd1\x95\x6d\x35\x06\x81\x01\x04\x8f\xc2\xbd\xdc\xdd\x41\x90\
\x02\x15\x9b\xf6\x8a\x26\x08\x8e\x9a\x49\x4e\xbe\x39\x33\xa3\x16\
\xf5\xa6\x10\x90\x2a\x08\x14\x3d\x32\xcf\x84\x2c\x41\xe9\x1f\xa0\
\x8a\xc7\x3c\x6e\xcf\x7d\xc9\x63\x3b\x5f\x60\x82\xb3\x83\x52\x8b\
\x7a\x53\xc8\x0a\xb9\xfe\x12\xdb\xdd\xa0\x1f\x12\xe2\xd7\x32\xd1\
\xa0\x8a\xcc\x8e\x49\xb3\xbd\x15\x6e\x6c\x71\xef\xf9\x94\x89\x63\
\x45\x3c\xbc\x23\xd3\x8a\x50\x55\x47\xf2\x56\x38\x41\x01\xf6\xa3\
\x22\xee\xf3\xef\x50\x00\x73\xaa\xf2\xc2\xf2\xb9\x81\xac\x35\xfa\
\x3e\xb9\x70\x08\xa6\xbd\xc3\x4f\x0d\xee\x23\x97\x1e\x7c\xf9\x20\
\x3f\xb1\xc7\x75\x1a\x7b\xec\xd3\x86\xe8\xa5\x96\x2a\x2d\x7c\xdf\
\xf8\x1f\xa4\x7f\xb7\xdc\xc0\xd7\x0a\x3e\x00\x6d\x6a\x3e\x9c\x15\
\x06\xb7\xe3\x00\x00\x00\x00\x49\x45\x4e\x44\xae\x42\x60\x82\
\x00\x00\x01\x2f\
\x89\
\x50\x4e\x47\x0d\x0a\x1a\x0a\x00\x00\x00\x0d\x49\x48\x44\x52\x00\
\x00\x00\x16\x00\x00\x00\x0c\x08\x06\x00\x00\x00\x66\xf9\x4d\xc6\
\x00\x00\x00\x09\x70\x48\x59\x73\x00\x00\x00\x81\x00\x00\x00\x5e\
\x01\x1b\xb1\xa1\x03\x00\x00\x00\x19\x74\x45\x58\x74\x53\x6f\x66\
\x74\x77\x61\x72\x65\x00\x77\x77\x77\x2e\x69\x6e\x6b\x73\x63\x61\
\x70\x65\x2e\x6f\x72\x67\x9b\xee\x3c\x1a\x00\x00\x00\xbc\x49\x44\
\x41\x54\x38\x8d\xed\x91\x3d\x0e\x82\x40\x10\x46\xdf\xa2\x01\x43\
\x63\x85\x84\x13\x58\x5a\x72\x1a\x12\xcf\xc0\x5d\xa4\xb5\xe0\x00\
\x14\xb6\x1c\xc0\x03\x58\x19\x92\xb5\x50\x2b\x1a\x4d\x8c\x3f\x09\
\xbb\x36\x16\x12\x40\xc0\xca\xc2\xd7\xcd\x64\xe6\xe5\x9b\x8c\x80\
\x85\xa6\x06\xd3\x34\x78\x3c\x54\xa5\xbf\x24\x66\xce\xba\x6e\xa5\
\xc4\xf0\xbd\xb0\xac\x01\x9e\x67\xe3\xfb\x2e\xae\x6b\x73\x3c\x5e\
\x58\xad\x76\xdc\xef\x45\xab\xe8\xa3\xd8\x71\x46\x04\xc1\x94\x30\
\x9c\x31\x1e\x5b\x44\xd1\x06\xad\x35\x49\x22\x51\xaa\xf6\xb0\x46\
\x8c\x72\x29\x10\x02\xf4\xcb\xa1\x94\xfe\x2a\x6d\x25\x71\x9e\x5f\
\x89\xe3\x2d\x59\x76\x62\x32\xb1\x39\x1c\x2e\xa4\xe9\xbe\x77\xda\
\x8a\xf8\x76\x2b\x90\xf2\x8c\x94\xe7\xc6\xe7\x75\x45\x68\xe8\x1f\
\xa7\x03\x46\xfb\xc8\x5f\xfc\xab\xe2\x27\xe3\x10\x41\xb7\xe7\xdc\
\x6c\x4c\x00\x00\x00\x00\x49\x45\x4e\x44\xae\x42\x60\x82\
\x00\x00\x01\x8a\
\x89\
\x50\x4e\x47\x0d\x0a\x1a\x0a\x00\x00\x00\x0d\x49\x48\x44\x52\x00\
\x00\x00\x16\x00\x00\x00\x0c\x08\x06\x00\x00\x00\x66\xf9\x4d\xc6\
\x00\x00\x00\x09\x70\x48\x59\x73\x00\x00\x00\x81\x00\x00\x00\x5e\
\x01\x1b\xb1\xa1\x03\x00\x00\x00\x19\x74\x45\x58\x74\x53\x6f\x66\
\x74\x77\x61\x72\x65\x00\x77\x77\x77\x2e\x69\x6e\x6b\x73\x63\x61\
\x70\x65\x2e\x6f\x72\x67\x9b\xee\x3c\x1a\x00\x00\x01\x17\x49\x44\
\x41\x54\x38\x8d\xb5\xd3\xbd\x4a\x03\x51\x10\x86\xe1\xf7\x9c\xb3\
\x49\x48\xb2\x5b\x45\x22\x82\x20\x08\x82\x4a\x44\x41\xb0\x10\x02\
\x0a\x41\xd0\x42\x2d\x05\xc1\xc2\x3b\xb0\x4a\x65\x3a\xb1\xb4\xb6\
\x12\x4c\x63\xa3\x95\x08\x06\x2c\x04\x2f\x40\x51\x8c\x95\x85\x9d\
\xe0\x1f\x2e\xa2\x59\x37\x19\xab\x88\x31\x0a\x87\xc0\x7e\xe5\x0c\
\x3c\x0c\xc3\x8c\x12\x11\x21\x82\xe8\x28\xd0\x48\x61\xe7\x77\xa1\
\x7e\x75\xcd\xeb\xec\x22\x00\xb1\x99\x02\xca\x31\x04\x47\xc7\x00\
\x78\x87\xfb\x38\xa3\x23\x76\xb0\xbb\x50\x6e\x29\x6c\xe7\x93\xcc\
\x01\x89\x95\x65\x9c\x89\x71\xd0\x1a\xd5\x9d\xa5\xb6\x53\xe6\xa0\
\x52\x65\xb5\x74\xde\xd9\xc4\x29\xf9\x04\xc0\xe4\x86\x21\x0c\x41\
\x6b\xcc\xd0\x20\x18\x43\x8a\xba\x15\xfa\x27\x7c\x83\xc7\x94\x52\
\xf8\xc5\x75\x2e\x72\x93\x88\xd2\x8c\x5d\x9e\x61\x10\xaa\x78\xc0\
\xb3\x15\xac\xd2\xf3\xbb\x2d\xe7\x96\x8c\x1b\x4a\x3d\x2f\x6c\xde\
\xc6\x78\xd7\x71\x04\x48\x37\x6a\x14\xfb\x03\x36\xee\x33\xbc\x7d\
\x84\x76\xf0\x53\xef\x40\xdb\x1d\x2b\xd7\xe5\xb4\xb0\xc4\xd6\x5d\
\x82\x86\xc0\x5a\x5f\xc0\xf4\xc9\x1e\xe2\xfb\x56\xe8\xbf\xf0\x77\
\xb3\x2b\x03\x80\x3c\x3c\x5a\x83\xcd\xb4\xed\xf8\x67\x3a\x01\x9b\
\x89\xec\x41\xbe\x00\x89\x58\x4a\x96\x53\x00\xc3\xe9\x00\x00\x00\
\x00\x49\x45\x4e\x44\xae\x42\x60\x82\
\x00\x00\x01\x1f\
\x89\
\x50\x4e\x47\x0d\x0a\x1a\x0a\x00\x00\x00\x0d\x49\x48\x44\x52\x00\
\x00\x00\x16\x00\x00\x00\x0c\x08\x06\x00\x00\x00\x66\xf9\x4d\xc6\
\x00\x00\x00\x09\x70\x48\x59\x73\x00\x00\x00\x81\x00\x00\x00\x5e\
\x01\x1b\xb1\xa1\x03\x00\x00\x00\x19\x74\x45\x58\x74\x53\x6f\x66\
\x74\x77\x61\x72\x65\x00\x77\x77\x77\x2e\x69\x6e\x6b\x73\x63\x61\
\x70\x65\x2e\x6f\x72\x67\x9b\xee\x3c\x1a\x00\x00\x00\xac\x49\x44\
\x41\x54\x38\x8d\x63\xfc\xff\xff\xff\x7f\x06\x1a\x00\x16\x64\xce\
\xff\x7f\xff\x19\x9e\x5d\x7b\xc6\xf0\xe5\xed\x57\x06\x61\x39\x21\
\x06\x11\x45\x11\xea\x18\x6c\xc9\x39\x8d\xe1\x3a\x9b\x22\x83\xb0\
\xe0\x27\x86\x27\xcf\x45\x18\xa2\x24\x2f\x30\x2c\x78\x54\x42\xb9\
\xc1\x82\x6c\x3f\x18\x5c\xdc\xe4\x19\x8c\x8c\x78\x18\x8e\x1c\xf9\
\xc8\x20\x74\xff\x0f\xf9\x2e\x66\x64\x3c\x00\xe7\x64\xe9\xb2\x33\
\xc4\x94\xc8\x30\x30\x31\x31\x32\xd8\xd9\x09\x30\xf4\x78\x33\x30\
\x20\xcb\x93\x02\x18\x19\x18\xf6\xc3\x23\x8f\x8d\xe1\x37\x43\xac\
\xd6\x5d\x06\x03\x57\x65\x86\x43\x6b\x6f\x31\xac\x79\xa2\xc5\xf0\
\x9f\x81\x91\x72\x83\xa9\x09\x98\x68\x61\x28\x03\x03\x03\x03\xe3\
\x55\x06\x86\xa1\xe5\xe2\xa1\x67\x30\x00\xb5\x41\x2d\x71\xd1\x3f\
\x15\x20\x00\x00\x00\x00\x49\x45\x4e\x44\xae\x42\x60\x82\
\x00\x00\x00\xf5\
\x89\
\x50\x4e\x47\x0d\x0a\x1a\x0a\x00\x00\x00\x0d\x49\x48\x44\x52\x00\
\x00\x00\x16\x00\x00\x00\x0c\x08\x06\x00\x00\x00\x66\xf9\x4d\xc6\
\x00\x00\x00\x09\x70\x48\x59\x73\x00\x00\x00\x81\x00\x00\x00\x5e\
\x01\x1b\xb1\xa1\x03\x00\x00\x00\x19\x74\x45\x58\x74\x53\x6f\x66\
\x74\x77\x61\x72\x65\x00\x77\x77\x77\x2e\x69\x6e\x6b\x73\x63\x61\
\x70\x65\x2e\x6f\x72\x67\x9b\xee\x3c\x1a\x00\x00\x00\x82\x49\x44\
\x41\x54\x38\x8d\xed\xd2\x31\x0a\x83\x50\x10\x84\xe1\x7f\xa3\x10\
\xeb\xb5\x88\xe4\x08\x56\x62\x3a\x4f\x98\x2b\x78\x23\x4b\x2d\xbc\
\x82\x90\xc0\xb3\x4d\x40\x64\x72\x84\x27\x84\x57\x04\xb2\x07\xf8\
\x98\x19\xd6\xd4\xdf\x44\x82\x3b\xa5\x40\x7f\x13\x36\x49\xd1\x8d\
\xe7\x39\x30\x0c\x0b\x12\x74\xdd\x95\xba\x2e\xa3\x70\x34\x71\x08\
\x2f\xa6\xe9\x49\x96\x19\x79\x0e\xe3\xf8\x60\x5d\xdf\xdf\xc3\x66\
\x06\x08\x49\x98\xc1\x81\x82\xc7\x60\xf7\x82\xa6\xb9\xb0\xef\xb0\
\x6d\xd0\xb6\x15\xee\x45\x14\x36\xbf\x9f\xff\x7f\x9c\x16\xfe\x00\
\xf8\xdd\x27\x7e\xc8\x3b\x06\xea\x00\x00\x00\x00\x49\x45\x4e\x44\
\xae\x42\x60\x82\
\x00\x00\x00\xbf\
\x89\
\x50\x4e\x47\x0d\x0a\x1a\x0a\x00\x00\x00\x0d\x49\x48\x44\x52\x00\
\x00\x00\x16\x00\x00\x00\x0c\x08\x06\x00\x00\x00\x66\xf9\x4d\xc6\
\x00\x00\x00\x09\x70\x48\x59\x73\x00\x00\x00\x81\x00\x00\x00\x5e\
\x01\x1b\xb1\xa1\x03\x00\x00\x00\x19\x74\x45\x58\x74\x53\x6f\x66\
\x74\x77\x61\x72\x65\x00\x77\x77\x77\x2e\x69\x6e\x6b\x73\x63\x61\
\x70\x65\x2e\x6f\x72\x67\x9b\xee\x3c\x1a\x00\x00\x00\x4c\x49\x44\
\x41\x54\x38\x8d\x63\x3c\x21\xa0\xf7\x9f\x01\x07\x30\xbe\x7f\x98\
\x81\x45\x80\x8f\xe1\x61\x45\x27\xc3\x8b\x99\xcb\x70\x29\xc3\x0a\
\x98\x48\x52\x3d\x6a\x30\x39\x80\xf1\xfb\xbd\x47\x38\x23\x8f\x5d\
\x5e\x9a\x81\x91\x89\x89\xe1\xcf\xdb\x0f\x0c\x7f\x3e\x7d\x26\xc9\
\x60\xda\xb9\x78\x34\xb9\x0d\x5d\x83\x01\x81\x12\x19\xd6\x13\x05\
\x91\x36\x00\x00\x00\x00\x49\x45\x4e\x44\xae\x42\x60\x82\
\x00\x00\x01\xad\
\x89\
\x50\x4e\x47\x0d\x0a\x1a\x0a\x00\x00\x00\x0d\x49\x48\x44\x52\x00\
\x00\x00\x16\x00\x00\x00\x0c\x08\x06\x00\x00\x00\x66\xf9\x4d\xc6\
\x00\x00\x00\x09\x70\x48\x59\x73\x00\x00\x00\x81\x00\x00\x00\x5e\
\x01\x1b\xb1\xa1\x03\x00\x00\x00\x19\x74\x45\x58\x74\x53\x6f\x66\
\x74\x77\x61\x72\x65\x00\x77\x77\x77\x2e\x69\x6e\x6b\x73\x63\x61\
\x70\x65\x2e\x6f\x72\x67\x9b\xee\x3c\x1a\x00\x00\x01\x3a\x49\x44\
\x41\x54\x38\x8d\xb5\x93\x3d\x4b\xc3\x50\x14\x86\xdf\xa4\x69\x6b\
\xb4\x92\x41\xf0\xb3\x82\xd8\xa1\x28\x08\x2e\x16\x2c\x0e\x0e\xea\
\xa2\xc5\x55\x9c\x1c\xc5\x51\x27\x7f\x82\xbf\xc2\x45\x70\x75\x15\
\x17\x41\xe8\xd6\xad\x15\x14\x74\x10\x21\xb6\x36\x5e\x4d\x6f\x6e\
\x92\x26\xe9\x71\xb6\x09\x92\x60\x7d\xc6\x97\xc3\xc3\xe1\xe5\x1c\
\xa9\x5a\x5a\x23\xfc\x03\x4a\x54\x48\xb2\x0c\x27\x3f\x0a\x36\xd6\
\x43\xae\xe9\x63\xc8\x95\x90\x31\x44\x22\xb1\x1c\x15\xf2\xd5\x1c\
\x50\x34\x31\x31\xce\xa1\x28\x02\xfe\x4a\x00\xbb\xa8\xfd\x5d\x1c\
\x3c\x1a\x90\xd3\x02\x5e\xda\x42\x66\x49\xa0\x2b\x38\xd4\x87\xaf\
\x44\x62\x65\x6b\xb8\xfc\x23\xd8\x1e\x71\x70\xb6\xbb\x0c\xbd\x71\
\x85\xe9\x85\x0a\x38\xe9\xd0\xd8\x2b\xd8\xc6\x2c\x76\xaa\x9d\xf8\
\xe2\xfe\x60\x6e\x7e\x06\x4a\xb9\x04\xcd\x77\x60\xa9\x59\x88\xa7\
\x1e\xa6\x0e\x8e\xa0\xbc\x1b\x40\xf5\x3a\xb6\x38\x54\x05\xef\x58\
\xe8\xba\x2e\x5c\x93\x63\xb2\x50\x80\x9a\xc9\xc2\xf1\x3c\xd8\x1f\
\xc9\xaa\x08\x89\x5b\x6d\x13\x69\xdf\x03\xc9\x12\x1c\xfd\x0d\x0e\
\xfb\x04\x18\x43\x60\xf1\x44\x62\x50\x1f\x6e\xdb\xa0\xfa\xe9\x1e\
\xd5\x0e\x2b\xe4\xdb\x36\xb5\xee\x6e\xa9\x76\xb2\x4e\x2f\x97\xe7\
\xfd\xa3\xbf\x22\x11\x51\xe8\x41\xf8\x7d\x03\xcd\x9b\x0b\x68\x8b\
\x9b\x08\x4c\x86\xae\x78\x46\x7e\xff\x18\x52\x2a\x15\x7b\xe1\x48\
\xf1\x20\x88\xbc\xe3\x41\xf0\x0d\x44\x7b\xbc\x3c\x8f\x93\x98\x6c\
\x00\x00\x00\x00\x49\x45\x4e\x44\xae\x42\x60\x82\
\x00\x00\x01\xad\
\x89\
\x50\x4e\x47\x0d\x0a\x1a\x0a\x00\x00\x00\x0d\x49\x48\x44\x52\x00\
\x00\x00\x16\x00\x00\x00\x0c\x08\x06\x00\x00\x00\x66\xf9\x4d\xc6\
\x00\x00\x00\x09\x70\x48\x59\x73\x00\x00\x00\x81\x00\x00\x00\x5e\
\x01\x1b\xb1\xa1\x03\x00\x00\x00\x19\x74\x45\x58\x74\x53\x6f\x66\
\x74\x77\x61\x72\x65\x00\x77\x77\x77\x2e\x69\x6e\x6b\x73\x63\x61\
\x70\x65\x2e\x6f\x72\x67\x9b\xee\x3c\x1a\x00\x00\x01\x3a\x49\x44\
\x41\x54\x38\x8d\xb5\x93\x3d\x4b\xc3\x50\x14\x86\xdf\xa4\x69\x6b\
\xb4\x92\x41\xf0\xb3\x82\xd8\xa1\x28\x08\x2e\x16\x2c\x0e\x0e\xea\
\xa2\xc5\x55\x9c\x1c\xc5\x51\x27\x7f\x82\xbf\xc2\x45\x70\x75\x15\
\x17\x41\xe8\xd6\xad\x15\x14\x74\x10\x21\xb6\x36\x5e\x4d\x6f\x6e\
\x92\x26\xe9\x71\xb6\x09\x92\x60\x7d\xc6\x97\xc3\xc3\xe1\xe5\x1c\
\xa9\x5a\x5a\x23\xfc\x03\x4a\x54\x48\xb2\x0c\x27\x3f\x0a\x36\xd6\
\x43\xae\xe9\x63\xc8\x95\x90\x31\x44\x22\xb1\x1c\x15\xf2\xd5\x1c\
\x50\x34\x31\x31\xce\xa1\x28\x02\xfe\x4a\x00\xbb\xa8\xfd\x5d\x1c\
\x3c\x1a\x90\xd3\x02\x5e\xda\x42\x66\x49\xa0\x2b\x38\xd4\x87\xaf\
\x44\x62\x65\x6b\xb8\xfc\x23\xd8\x1e\x71\x70\xb6\xbb\x0c\xbd\x71\
\x85\xe9\x85\x0a\x38\xe9\xd0\xd8\x2b\xd8\xc6\x2c\x76\xaa\x9d\xf8\
\xe2\xfe\x60\x6e\x7e\x06\x4a\xb9\x04\xcd\x77\x60\xa9\x59\x88\xa7\
\x1e\xa6\x0e\x8e\xa0\xbc\x1b\x40\xf5\x3a\xb6\x38\x54\x05\xef\x58\
\xe8\xba\x2e\x5c\x93\x63\xb2\x50\x80\x9a\xc9\xc2\xf1\x3c\xd8\x1f\
\xc9\xaa\x08\x89\x5b\x6d\x13\x69\xdf\x03\xc9\x12\x1c\xfd\x0d\x0e\
\xfb\x04\x18\x43\x60\xf1\x44\x62\x50\x1f\x6e\xdb\xa0\xfa\xe9\x1e\
\xd5\x0e\x2b\xe4\xdb\x36\xb5\xee\x6e\xa9\x76\xb2\x4e\x2f\x97\xe7\
\xfd\xa3\xbf\x22\x11\x51\xe8\x41\xf8\x7d\x03\xcd\x9b\x0b\x68\x8b\
\x9b\x08\x4c\x86\xae\x78\x46\x7e\xff\x18\x52\x2a\x15\x7b\xe1\x48\
\xf1\x20\x88\xbc\xe3\x41\xf0\x0d\x44\x7b\xbc\x3c\x8f\x93\x98\x6c\
\x00\x00\x00\x00\x49\x45\x4e\x44\xae\x42\x60\x82\
\x00\x00\x01\x78\
\x89\
\x50\x4e\x47\x0d\x0a\x1a\x0a\x00\x00\x00\x0d\x49\x48\x44\x52\x00\
\x00\x00\x16\x00\x00\x00\x0c\x08\x06\x00\x00\x00\x66\xf9\x4d\xc6\
\x00\x00\x00\x09\x70\x48\x59\x73\x00\x00\x00\x81\x00\x00\x00\x5e\
\x01\x1b\xb1\xa1\x03\x00\x00\x00\x19\x74\x45\x58\x74\x53\x6f\x66\
\x74\x77\x61\x72\x65\x00\x77\x77\x77\x2e\x69\x6e\x6b\x73\x63\x61\
\x70\x65\x2e\x6f\x72\x67\x9b\xee\x3c\x1a\x00\x00\x01\x05\x49\x44\
\x41\x54\x38\x8d\x63\xf0\x28\x98\xf3\x7f\xfb\xf1\x1b\xff\xff\xfd\
\xfb\xf7\x9f\x9a\x80\xf9\x2d\xaf\x41\xc3\xda\xfd\x97\x19\xb6\x1f\
\xbf\xc1\x20\xc4\xc7\xc5\xa0\x2e\x27\xca\xc0\xc8\xc8\xc8\x40\x29\
\x60\x14\x74\xad\xfb\x8f\x2c\xa0\xa5\x28\xce\x90\x13\x62\xc5\x10\
\xea\xac\xc7\xc0\xcc\xc4\x44\x3d\x83\x61\x40\x51\x4a\x88\x21\x2f\
\xcc\x9a\x21\xda\xdd\x88\x81\x85\x99\x74\x0b\x98\x39\x95\xed\x1b\
\xb0\x49\x7c\xf8\xfc\x9d\x61\xe7\x89\x5b\x0c\x2b\xf7\x5c\x64\x60\
\x60\x64\x64\xd0\x55\x96\x20\xc9\x02\x9c\x2e\x46\x07\xa2\x82\x3c\
\x0c\x59\x41\x96\x0c\x69\x01\xe6\x0c\x9c\xec\xac\x04\xd5\xb3\x10\
\xed\x82\x97\x2f\x19\x3e\x34\x36\x33\xdc\xca\xbd\xce\xc0\xfe\xff\
\x2f\xe5\x06\x4b\xfe\xfa\xcc\x10\xf6\xea\x2a\x43\xe0\x9b\xeb\x0c\
\x6c\x44\x18\x48\xd0\x60\x99\x5f\x9f\x19\xa2\x5f\x5e\x64\xf0\x79\
\x7b\x8b\x81\xf9\xff\x3f\xa2\x0d\xc4\x69\xb0\xf2\x8f\xf7\x0c\x51\
\x2f\x2f\x32\xb8\xbd\xbf\xcb\xc0\xfc\x9f\xa8\xe0\xc7\x6f\xb0\xea\
\xf7\xb7\x0c\xf1\x2f\x2e\x30\x38\x7e\xb8\xcf\x40\x79\xf6\x60\x60\
\x60\x31\xf8\xf2\x9c\x21\xe1\xe5\x45\x06\xb3\x4f\x4f\xa8\x60\x1c\
\x02\x00\x00\x74\x12\x9d\xd7\x1a\x1c\x06\x48\x00\x00\x00\x00\x49\
\x45\x4e\x44\xae\x42\x60\x82\
\x00\x00\x00\xf5\
\x89\
\x50\x4e\x47\x0d\x0a\x1a\x0a\x00\x00\x00\x0d\x49\x48\x44\x52\x00\
\x00\x00\x16\x00\x00\x00\x0c\x08\x06\x00\x00\x00\x66\xf9\x4d\xc6\
\x00\x00\x00\x09\x70\x48\x59\x73\x00\x00\x00\x81\x00\x00\x00\x5e\
\x01\x1b\xb1\xa1\x03\x00\x00\x00\x19\x74\x45\x58\x74\x53\x6f\x66\
\x74\x77\x61\x72\x65\x00\x77\x77\x77\x2e\x69\x6e\x6b\x73\x63\x61\
\x70\x65\x2e\x6f\x72\x67\x9b\xee\x3c\x1a\x00\x00\x00\x82\x49\x44\
\x41\x54\x38\x8d\xed\xd2\x31\x0a\x83\x50\x10\x84\xe1\x7f\xa3\x10\
\xeb\xb5\x88\xe4\x08\x56\x62\x3a\x4f\x98\x2b\x78\x23\x4b\x2d\xbc\
\x82\x90\xc0\xb3\x4d\x40\x64\x72\x84\x27\x84\x57\x04\xb2\x07\xf8\
\x98\x19\xd6\xd4\xdf\x44\x82\x3b\xa5\x40\x7f\x13\x36\x49\xd1\x8d\
\xe7\x39\x30\x0c\x0b\x12\x74\xdd\x95\xba\x2e\xa3\x70\x34\x71\x08\
\x2f\xa6\xe9\x49\x96\x19\x79\x0e\xe3\xf8\x60\x5d\xdf\xdf\xc3\x66\
\x06\x08\x49\x98\xc1\x81\x82\xc7\x60\xf7\x82\xa6\xb9\xb0\xef\xb0\
\x6d\xd0\xb6\x15\xee\x45\x14\x36\xbf\x9f\xff\x7f\x9c\x16\xfe\x00\
\xf8\xdd\x27\x7e\xc8\x3b\x06\xea\x00\x00\x00\x00\x49\x45\x4e\x44\
\xae\x42\x60\x82\
\x00\x00\x00\x9e\
\x89\
\x50\x4e\x47\x0d\x0a\x1a\x0a\x00\x00\x00\x0d\x49\x48\x44\x52\x00\
\x00\x00\x16\x00\x00\x00\x0c\x08\x06\x00\x00\x00\x66\xf9\x4d\xc6\
\x00\x00\x00\x09\x70\x48\x59\x73\x00\x00\x00\x81\x00\x00\x00\x5e\
\x01\x1b\xb1\xa1\x03\x00\x00\x00\x19\x74\x45\x58\x74\x53\x6f\x66\
\x74\x77\x61\x72\x65\x00\x77\x77\x77\x2e\x69\x6e\x6b\x73\x63\x61\
\x70\x65\x2e\x6f\x72\x67\x9b\xee\x3c\x1a\x00\x00\x00\x2b\x49\x44\
\x41\x54\x38\x8d\x63\x64\x60\x60\xfc\xcf\x40\x03\xc0\x44\x0b\x43\
\x87\xa6\xc1\x8c\xff\x19\x18\x46\xc3\x98\xb6\x06\xb3\x30\x9c\xa1\
\x8d\xc1\x43\x2f\x28\x68\x66\x30\x00\xfe\x60\x03\xe3\xa2\x08\x6a\
\x9c\x00\x00\x00\x00\x49\x45\x4e\x44\xae\x42\x60\x82\
\x00\x00\x00\xf2\
\x89\
\x50\x4e\x47\x0d\x0a\x1a\x0a\x00\x00\x00\x0d\x49\x48\x44\x52\x00\
\x00\x00\x16\x00\x00\x00\x0c\x08\x06\x00\x00\x00\x66\xf9\x4d\xc6\
\x00\x00\x00\x09\x70\x48\x59\x73\x00\x00\x00\x81\x00\x00\x00\x5e\
\x01\x1b\xb1\xa1\x03\x00\x00\x00\x19\x74\x45\x58\x74\x53\x6f\x66\
\x74\x77\x61\x72\x65\x00\x77\x77\x77\x2e\x69\x6e\x6b\x73\x63\x61\
\x70\x65\x2e\x6f\x72\x67\x9b\xee\x3c\x1a\x00\x00\x00\x7f\x49\x44\
\x41\x54\x38\x8d\x63\x64\x08\x9a\xfc\x9f\x01\x0b\xf8\x54\x5c\xc2\
\xc0\xc3\xf6\x93\x81\x81\x81\x81\x21\x66\x53\x3c\xc3\xb2\xab\x26\
\xd8\x94\xe1\x04\x4c\x24\xa9\x1e\xd6\x06\xb3\x18\x4b\x3e\xc6\x6e\
\x23\x23\x22\xe8\x15\xf9\xdf\x32\xe0\x52\x87\x0b\x30\xfe\x3b\xcd\
\x80\x35\xf2\x28\x05\xb4\x0b\x0a\xd3\x05\x65\x58\x25\x0e\x46\x4f\
\x60\xe0\x62\xfd\xc5\xc0\xc0\xc0\xc0\x50\x7b\xd0\x87\x61\xc7\x7d\
\x2d\xd2\x0c\x3e\xfb\x5c\x16\xab\xc4\xbf\xff\x8c\x70\xf6\xfd\x8f\
\xc2\x0c\xb8\xd4\xe1\x02\x43\x2f\xb9\xd1\xcc\x60\x00\xa0\x4e\x1e\
\x14\xcb\x60\x74\x39\x00\x00\x00\x00\x49\x45\x4e\x44\xae\x42\x60\
\x82\
\x00\x00\x02\x07\
\x89\
\x50\x4e\x47\x0d\x0a\x1a\x0a\x00\x00\x00\x0d\x49\x48\x44\x52\x00\
\x00\x00\x16\x00\x00\x00\x0c\x08\x06\x00\x00\x00\x66\xf9\x4d\xc6\
\x00\x00\x00\x09\x70\x48\x59\x73\x00\x00\x00\x81\x00\x00\x00\x5e\
\x01\x1b\xb1\xa1\x03\x00\x00\x00\x19\x74\x45\x58\x74\x53\x6f\x66\
\x74\x77\x61\x72\x65\x00\x77\x77\x77\x2e\x69\x6e\x6b\x73\x63\x61\
\x70\x65\x2e\x6f\x72\x67\x9b\xee\x3c\x1a\x00\x00\x01\x94\x49\x44\
\x41\x54\x38\x8d\x9d\xd1\x4f\x28\xc3\x71\x1c\xc6\xf1\xf7\x77\x36\
\xdb\xfc\x29\x62\xb5\x31\x6c\x29\x6b\x31\x5c\x48\x6b\x24\xb9\xb8\
\xad\x1c\x38\x88\x93\x5c\x24\x61\xd3\x46\xfe\x14\x6a\xb3\x1c\xdc\
\xf6\x73\xd8\xc5\xc5\x4d\x71\x5e\x6a\x17\x89\x13\x11\xf9\xd7\x12\
\x76\x70\x23\x4a\x36\x07\x6d\xb5\x7e\x3f\x8c\xe7\xfa\x3c\xbd\x3e\
\x87\x8f\x20\x4c\x8a\x7f\xa6\x5c\x0b\xa3\x06\x70\x5b\x21\x12\x16\
\x48\x12\xbc\xbe\x7e\x75\xea\xff\x80\x26\x3d\x4c\x55\x42\x97\x11\
\xd6\x43\x82\x96\x4d\x78\x7f\xcf\xde\xfc\x09\xae\x2e\x04\x6f\x05\
\xb4\x95\xc1\x5a\x40\xe0\xdd\x82\x8f\x0f\xf9\xce\x66\xcb\x11\xae\
\x2d\x02\x5f\x15\x34\x14\x42\x70\x59\x30\xb6\x0d\xc9\xa4\x7c\xe7\
\x70\x80\x7f\x41\x8f\xc9\x5e\xf1\x33\x5c\x5b\x0c\x5e\x33\xd8\x35\
\xb0\xba\x22\x18\xde\x85\x94\xc2\x47\x9a\x9a\x60\xd2\x57\x40\x4d\
\xa3\x91\xd0\x75\x80\x9d\x58\xaf\x32\xec\x28\x01\x8f\x19\x6a\x54\
\x10\x5a\x11\x8c\xec\x28\x1f\x76\x3a\xc1\x37\xaf\x47\x6b\xac\x62\
\xee\x42\x62\x3f\xd6\x91\xe9\xb2\xe0\xe6\x52\xf0\x5b\xc0\x94\x84\
\x79\xbf\x20\x1a\x55\x06\x5d\x2e\xf0\xcc\xe8\x11\x06\x2b\x8b\x37\
\x12\x87\xb7\x4e\xd9\x46\x0d\xe0\x32\x80\xc7\x0a\x22\x01\x4b\xa3\
\x82\x83\x03\x65\xb0\xbb\x1b\x16\x96\xb5\xdc\x53\x8f\xef\x26\xc2\
\x69\xdc\xa1\x3c\x04\xd4\x7b\xed\xf0\x70\x06\xb3\x83\x82\xe3\x63\
\xf9\x40\xa5\x02\xb7\x1b\xbc\x33\x3a\x4e\x5e\x5a\x19\xba\x94\xb8\
\x7a\xae\xfb\x16\x4c\x47\xd8\x6c\x22\x75\x7e\x2e\x2f\xf2\xf2\xa0\
\xaf\x0f\x26\xa6\x75\xec\x3f\xb5\x13\xbc\x0f\x13\x7f\xb1\xfc\x0a\
\x66\x60\x10\x59\x7f\xd6\x68\x60\x60\x00\xc6\x26\xb5\x44\xef\x3a\
\x09\x25\x36\x78\x78\x33\xe7\x0c\xa6\x93\x79\x5e\x7e\x3e\xf4\xf7\
\xc3\xb8\x47\x47\xec\xd1\x45\xcf\x51\x84\xc7\xb7\xca\x3f\x83\xe9\
\x7c\x02\xd4\xf6\x67\x72\x27\x31\xda\x04\x00\x00\x00\x00\x49\x45\
\x4e\x44\xae\x42\x60\x82\
\x00\x00\x00\xbc\
\x89\
\x50\x4e\x47\x0d\x0a\x1a\x0a\x00\x00\x00\x0d\x49\x48\x44\x52\x00\
\x00\x00\x16\x00\x00\x00\x0c\x08\x06\x00\x00\x00\x66\xf9\x4d\xc6\
\x00\x00\x00\x09\x70\x48\x59\x73\x00\x00\x00\x81\x00\x00\x00\x5e\
\x01\x1b\xb1\xa1\x03\x00\x00\x00\x19\x74\x45\x58\x74\x53\x6f\x66\
\x74\x77\x61\x72\x65\x00\x77\x77\x77\x2e\x69\x6e\x6b\x73\x63\x61\
\x70\x65\x2e\x6f\x72\x67\x9b\xee\x3c\x1a\x00\x00\x00\x49\x49\x44\
\x41\x54\x38\x8d\x63\x5c\x2a\x69\xf8\x9f\x81\x06\x80\x89\x16\x86\
\x32\x30\x30\x30\x30\xbe\x7f\xf1\x9a\x26\x2e\x66\x61\xe5\xe5\xa5\
\x85\xb9\x0c\x8c\x16\x66\xa1\xb4\x71\xf1\xd7\x2f\x5f\x69\x61\x2e\
\xed\x22\x8f\x76\xa9\xe2\xc5\xcb\xb7\x34\x09\x63\xc6\x2f\x5f\x7f\
\xd0\xc6\xe0\x21\x97\xf3\x00\xf4\xf9\x14\x10\xd8\xb1\xe6\x08\x00\
\x00\x00\x00\x49\x45\x4e\x44\xae\x42\x60\x82\
\x00\x00\x01\x92\
\x89\
\x50\x4e\x47\x0d\x0a\x1a\x0a\x00\x00\x00\x0d\x49\x48\x44\x52\x00\
\x00\x00\x16\x00\x00\x00\x0c\x08\x06\x00\x00\x00\x66\xf9\x4d\xc6\
\x00\x00\x00\x09\x70\x48\x59\x73\x00\x00\x00\x81\x00\x00\x00\x5e\
\x01\x1b\xb1\xa1\x03\x00\x00\x00\x19\x74\x45\x58\x74\x53\x6f\x66\
\x74\x77\x61\x72\x65\x00\x77\x77\x77\x2e\x69\x6e\x6b\x73\x63\x61\
\x70\x65\x2e\x6f\x72\x67\x9b\xee\x3c\x1a\x00\x00\x01\x1f\x49\x44\
\x41\x54\x38\x8d\xb5\xd3\x3b\x4b\xc3\x60\x14\xc6\xf1\x7f\x93\x48\
\x6f\xc6\x1b\xc4\x28\x52\x41\x9c\x1d\x14\x9c\x44\x71\x13\x2f\x78\
\xc1\x0e\x2e\x0e\x4e\x7e\x02\x17\xc1\xc1\xc9\x4d\x27\xbf\x83\x4b\
\x07\x85\x92\xa1\x9b\x5f\x40\x6a\xd7\x5a\x45\x51\xd4\xd6\xa2\x8d\
\xa4\xc5\xe4\x4d\x1c\x04\x41\x9a\xda\x50\xc8\xb3\xbe\x9c\x1f\xcf\
\xe1\xe5\x44\x1e\x12\xba\x47\x08\x91\xc2\x40\x43\x85\x95\xff\x1e\
\xa3\xf3\xb3\x24\xb6\x36\x91\x47\x53\x38\xc5\x12\xa2\x78\x83\x75\
\x96\x41\xbc\x96\x3b\x87\xfb\x8e\x8f\xe8\xde\xdd\xc1\x3c\x39\xe5\
\x63\xef\x00\xd7\x34\x7f\x06\xc6\xc7\x50\x06\xfa\x11\xa5\x5b\xbc\
\x2f\xbb\x25\x1c\xf1\xfb\xbc\xe8\xdc\x0c\x9a\x91\xa1\x61\xe4\xa8\
\xa4\xb7\x9b\x86\xa4\x64\x92\xae\xc9\x09\x62\xcb\x0b\xd8\x57\xd7\
\x58\x99\x0b\x10\xa2\x7d\x63\x59\xd7\x00\x10\x8f\x4f\xfe\x6d\x7a\
\x54\xe2\x1b\xab\xc4\xd7\x96\xf8\xac\x54\x9b\xd0\x96\x8d\x25\x55\
\x65\xf0\xd2\x40\xd2\x35\xca\x8b\x69\xec\x7c\xe1\xef\x46\xd3\x53\
\x38\xcf\x2f\x78\xef\x35\xdc\x7a\x1d\x1c\x27\x18\x0c\x20\x0f\x0f\
\xd1\x7b\xb8\x4f\x6c\x7d\x85\x86\x91\xc3\xce\x17\xf0\x84\xc0\xbd\
\xbb\xc7\x3a\xcf\xfa\x6e\x12\x08\xfe\x8d\xa2\xa0\xa4\x46\x70\x6b\
\x26\xee\x5b\xb5\x2d\x18\x1c\xee\x30\xa1\x1d\xc8\x37\x7e\x5e\x64\
\x44\x9b\x0e\xd4\x6a\x00\x00\x00\x00\x49\x45\x4e\x44\xae\x42\x60\
\x82\
\x00\x00\x00\x96\
\x89\
\x50\x4e\x47\x0d\x0a\x1a\x0a\x00\x00\x00\x0d\x49\x48\x44\x52\x00\
\x00\x00\x16\x00\x00\x00\x0c\x08\x06\x00\x00\x00\x66\xf9\x4d\xc6\
\x00\x00\x00\x09\x70\x48\x59\x73\x00\x00\x00\x81\x00\x00\x00\x5e\
\x01\x1b\xb1\xa1\x03\x00\x00\x00\x19\x74\x45\x58\x74\x53\x6f\x66\
\x74\x77\x61\x72\x65\x00\x77\x77\x77\x2e\x69\x6e\x6b\x73\x63\x61\
\x70\x65\x2e\x6f\x72\x67\x9b\xee\x3c\x1a\x00\x00\x00\x23\x49\x44\
\x41\x54\x38\x8d\x63\x64\x08\xdf\xf1\x9f\x81\x06\x80\x89\x16\x86\
\x8e\x1a\x4c\x1f\x83\x19\xff\x5f\x67\x18\x4d\x15\xa3\x06\xa3\x02\
\x00\xa2\x33\x04\xfa\x36\x2d\x06\xd2\x00\x00\x00\x00\x49\x45\x4e\
\x44\xae\x42\x60\x82\
\x00\x00\x01\x2a\
\x89\
\x50\x4e\x47\x0d\x0a\x1a\x0a\x00\x00\x00\x0d\x49\x48\x44\x52\x00\
\x00\x00\x16\x00\x00\x00\x0c\x08\x06\x00\x00\x00\x66\xf9\x4d\xc6\
\x00\x00\x00\x09\x70\x48\x59\x73\x00\x00\x00\x81\x00\x00\x00\x5e\
\x01\x1b\xb1\xa1\x03\x00\x00\x00\x19\x74\x45\x58\x74\x53\x6f\x66\
\x74\x77\x61\x72\x65\x00\x77\x77\x77\x2e\x69\x6e\x6b\x73\x63\x61\
\x70\x65\x2e\x6f\x72\x67\x9b\xee\x3c\x1a\x00\x00\x00\xb7\x49\x44\
\x41\x54\x38\x8d\x63\xe4\x8d\x5b\xff\x9f\x01\x0a\x02\xcd\xa4\x19\
\x16\x66\x9b\x32\xb4\x6f\xb8\xc1\xd0\xbe\xfe\x06\x03\x25\x80\x85\
\x18\x45\x4b\xf3\xcc\x2f\x6a\xc9\xf0\x7e\x27\xc9\xe0\x40\x33\x69\
\x38\xc7\x4c\x45\x88\x81\x81\x81\x81\x41\x43\x9a\x97\x01\x59\xfc\
\xd2\xc3\x0f\xcc\x4f\xdf\x7d\x23\xc5\x5c\x06\xc6\xff\xff\xff\xff\
\x27\xa4\xc8\xbc\x6a\x2f\xc3\xf5\xa7\x9f\x49\x33\x98\x98\x30\x3e\
\xd9\xe6\xcc\xa0\x29\xcd\x4b\x92\xc1\x44\x85\x71\x50\xcf\xd1\x4b\
\xec\xac\xcc\x24\x85\x05\x4b\xb8\x95\xec\x5b\x18\x47\x55\x82\x87\
\xe5\xc2\xfd\x0f\x9c\xa2\x7c\xec\x3f\xc3\xad\x64\x7f\xc1\xc4\x79\
\x39\x58\xfe\xb0\x30\x33\x92\x62\x2e\x71\x61\x4c\x0e\x40\x09\x63\
\xaa\x1a\x7c\xe7\xc5\xe7\xe3\xb4\x30\x98\x65\xf7\xa5\x97\xb4\x30\
\x97\x76\x41\x01\x00\x26\xda\x3f\x32\x29\xdb\xa3\x64\x00\x00\x00\
\x00\x49\x45\x4e\x44\xae\x42\x60\x82\
\x00\x00\x02\xde\
\x89\
\x50\x4e\x47\x0d\x0a\x1a\x0a\x00\x00\x00\x0d\x49\x48\x44\x52\x00\
\x00\x00\x16\x00\x00\x00\x0c\x08\x06\x00\x00\x00\x66\xf9\x4d\xc6\
\x00\x00\x00\x09\x70\x48\x59\x73\x00\x00\x00\x81\x00\x00\x00\x5e\
\x01\x1b\xb1\xa1\x03\x00\x00\x00\x19\x74\x45\x58\x74\x53\x6f\x66\
\x74\x77\x61\x72\x65\x00\x77\x77\x77\x2e\x69\x6e\x6b\x73\x63\x61\
\x70\x65\x2e\x6f\x72\x67\x9b\xee\x3c\x1a\x00\x00\x02\x6b\x49\x44\
\x41\x54\x38\x8d\xb5\x90\x6d\x2c\x14\x00\x1c\x87\x9f\x3b\x77\xb7\
\x68\x5e\x9b\xd8\x72\x2b\xc6\x79\x4b\x7d\xb0\xcc\xcb\x2a\xdd\xa2\
\x0f\xda\x3a\x4d\x25\x29\xdd\x34\xeb\x22\x5a\x45\x48\xb9\x2f\x61\
\x5a\xa5\xf5\x26\x23\x12\x53\x29\x9b\xe2\x5a\xac\x63\x58\xf8\x40\
\x6d\xce\xd0\x66\xab\xa6\x53\x4a\x71\xde\xce\xeb\xf5\xc1\xaa\x35\
\x1f\x6e\x6b\xeb\xf9\xfc\xfb\x3f\xfb\xfd\x7f\x82\x3e\x45\x82\x49\
\x9a\x9d\x02\x32\x77\x6e\x96\x37\x93\x77\xe7\x25\xe3\x13\x33\xfc\
\x42\x53\x9a\x84\xac\xfa\x21\x5f\x2b\x6b\x01\xb0\x8f\x90\x33\x96\
\x9a\x42\x60\x64\xfe\xef\x8c\x83\xdd\x6a\x32\x63\x82\xd8\x33\xdc\
\xcf\x64\x4b\x07\x2e\xe9\x2a\x84\x8b\xbb\x77\x31\x98\x90\xc9\x70\
\xd2\x79\x52\xc2\xbc\x18\xd0\xaa\x49\x3a\x12\x8a\x44\x2c\xc2\x1c\
\x56\x96\x12\x2e\x1c\xdb\x41\xe7\xde\x0d\xc8\xcb\x8b\xb0\x72\x93\
\xe2\xd7\xf6\x84\x21\x1f\x3f\x2c\x8a\xfb\xd6\xaa\x17\x23\xc2\x09\
\x92\x39\xa1\x3f\x7b\x09\x8b\x4f\x7a\xa2\x4e\xed\x43\x19\x27\x67\
\x7a\x66\x0e\x6f\x77\x67\xd6\xf4\xea\x98\xee\x19\x00\xc0\x52\xe6\
\xca\x6c\x48\x20\x13\xe3\xd3\x54\x86\xb9\xe0\x51\x51\x8e\xa5\xb3\
\x23\xee\x25\xf9\x18\x3c\x65\xa4\x5f\x7e\x86\x2a\xab\x0a\xd1\xfc\
\xc2\x22\x77\x1f\xbd\xa6\xc2\x4a\x42\xca\xc1\x78\x94\x8b\x5f\xd0\
\x6d\x3f\x80\x63\x6c\x24\xb7\xce\x29\x99\xb1\x10\x33\xf2\xf8\xef\
\xa6\xbe\x52\x7b\x32\xba\x34\x48\x16\xbc\x71\xab\x2f\x65\xca\xda\
\x86\x8b\x45\x8d\x5c\x2f\x6d\xc2\x38\x3b\x0f\x80\x60\xaa\xf7\x9d\
\xc9\xdc\xcb\x43\x39\xb7\xf9\x51\xaf\x05\xc0\x66\x5b\x00\xeb\x73\
\xd3\xcc\xce\x24\xe8\xb0\xdb\x64\x56\xfc\x2f\x08\xff\x87\x14\x40\
\x60\xe8\x7c\x63\xb6\xb1\xfe\x4a\x31\x63\x0d\xad\x00\x58\x07\xfb\
\x23\xcd\x4e\x36\x2b\x16\xd9\x46\x17\x01\x20\x14\x0a\x88\x55\x04\
\x90\x93\xaa\xc0\xc9\xd2\x02\x7d\xc1\x3d\xbe\xd7\xbd\xc2\x43\x53\
\x86\xd8\xd1\xe1\xcf\x81\xbd\x2d\xe2\xcd\xbe\x88\x8d\xc6\xe5\x4c\
\x6d\x23\xd6\xf1\xd1\x94\x18\xac\xb8\x7a\xbf\x99\xd9\xb9\x85\x65\
\x1f\xc0\xce\x10\x2f\xba\xeb\x32\x29\xcd\x3d\x84\xe8\x45\x23\xba\
\xd0\x68\x8c\x4b\x50\xad\x38\x4c\x5b\xdf\xe7\x15\x6d\x7a\x06\xf4\
\x24\xe6\x3f\x47\x7c\x42\x89\x4f\xc3\x03\xc4\xdf\x46\xd9\x5f\x53\
\x46\xf7\x71\x7f\xe2\x22\x03\x10\x08\x04\x08\x5b\xab\xcf\xd0\x50\
\x7e\x12\x97\xfe\x5e\x7a\x42\xa2\x18\xef\xea\xa5\x31\xfa\x28\x5b\
\x6a\xde\x93\x53\xac\x65\x69\x69\xe5\x52\x26\x93\x89\xa2\xaa\x36\
\x3c\xe5\x6a\xf2\xaa\xda\x71\x48\x55\xe1\xf5\xb4\x90\x55\x1f\x3e\
\x72\xba\xb3\x9e\xf6\xe4\x60\x84\x1b\x0d\x23\xe8\xe4\x31\x8c\xd6\
\x35\x31\x98\xa8\x22\xfc\xed\x3c\x69\x85\x5a\x0c\x93\x46\xb3\x3b\
\x4e\x4c\x19\xc9\xbe\x56\x87\xeb\xd6\x2c\x0a\x34\x3a\xd6\xe5\x67\
\xe0\x76\x43\x8d\x4d\x73\x0b\x3f\x01\x0f\x05\xe5\xcc\x10\xa3\x21\
\x25\x00\x00\x00\x00\x49\x45\x4e\x44\xae\x42\x60\x82\
\x00\x00\x01\xf4\
\x89\
\x50\x4e\x47\x0d\x0a\x1a\x0a\x00\x00\x00\x0d\x49\x48\x44\x52\x00\
\x00\x00\x16\x00\x00\x00\x0c\x08\x06\x00\x00\x00\x66\xf9\x4d\xc6\
\x00\x00\x00\x09\x70\x48\x59\x73\x00\x00\x00\x81\x00\x00\x00\x5e\
\x01\x1b\xb1\xa1\x03\x00\x00\x00\x19\x74\x45\x58\x74\x53\x6f\x66\
\x74\x77\x61\x72\x65\x00\x77\x77\x77\x2e\x69\x6e\x6b\x73\x63\x61\
\x70\x65\x2e\x6f\x72\x67\x9b\xee\x3c\x1a\x00\x00\x01\x81\x49\x44\
\x41\x54\x38\x8d\xb5\xce\x3b\x6b\x14\x61\x14\xc6\xf1\xff\x3b\xef\
\xdc\x33\x37\x76\xb3\xd9\x9d\x5d\x8c\x2c\x22\xc4\x80\x49\xca\x88\
\x08\x62\x65\x25\x28\x62\x63\x65\x67\x61\xef\x57\x12\xfc\x18\x22\
\x88\x56\x5a\x24\x86\x14\xc6\x4d\x16\x0b\xc3\x66\x77\xe7\x9e\x30\
\xf3\x5a\x8a\x36\xa3\xc5\x3e\xcd\xe1\x3c\x1c\x7e\x1c\xb1\xf3\xe0\
\x95\x32\x0d\x9d\x65\x9a\xd3\xef\x45\x4c\xa6\xe7\xdc\x1c\xc7\x1c\
\x1e\x9f\x71\x7b\xeb\x3a\x5f\x0e\x4f\xd8\xdd\x1e\xf3\xf9\xe0\x1b\
\xbb\xdb\x63\x36\x27\x47\x3c\x8f\xae\x68\x8b\xd8\xba\xf7\x52\x75\
\x22\x1f\xdb\x32\x28\xaa\x4b\x3c\xd7\x26\xcb\x4b\x7c\xcf\x25\xcd\
\x0a\x7c\xcf\x21\xcb\x4b\x5c\xc7\xa2\x28\x2e\xb9\xbf\x77\x83\xd7\
\x2f\x1e\xb6\xc2\x7a\x55\x5d\x51\x95\x15\xa6\xa1\x93\x67\x05\x6b\
\x8e\x4d\x9a\x16\x84\xfe\x1a\xcb\x24\x27\xf4\x5d\x2e\xe6\x29\x81\
\xe7\x32\x9b\x27\xcc\x3e\x7e\xe2\xeb\xcf\x83\x76\xd8\xf7\x1c\x2c\
\xdb\xa4\x6e\x6a\xc2\xd0\xa3\x28\x2b\x7a\xbd\x88\x45\x92\x13\xf7\
\x3b\xcc\x97\x39\xa3\xb8\xcb\xc5\x22\x63\x14\x77\x09\xe2\x90\xcd\
\xc7\x77\xda\x61\x00\xa5\x14\x69\x56\x11\x7a\x0e\xb3\x24\xc7\xb1\
\x4d\x96\x49\x46\xe8\xbb\xcc\x17\x29\x51\xf0\x7b\x16\xd3\x1f\x9c\
\xbf\xff\xd0\x0e\x0b\x01\x8e\x6d\xe1\xd8\x26\x52\x4a\x36\xd6\x43\
\x74\x29\x19\xf4\x3b\x08\x01\xc3\x41\x17\x21\x04\xc3\x41\x07\x4d\
\xd3\xd0\x03\x0f\xe7\xda\xa8\x1d\x7e\xb6\x33\xfc\xa3\x50\x4a\xa1\
\x09\x8d\xa6\x69\x90\x52\x52\xd7\x35\x9a\xd4\x68\x6a\x03\x4d\x6a\
\xdc\xda\x08\x5a\x51\x00\xfd\x49\xdf\x6a\x39\x31\xfe\xda\x4b\x8a\
\xd3\x69\x3b\xbc\x7e\x77\xff\x9f\x3e\xf8\xdf\xe8\x93\x37\x6f\x57\
\x02\x8b\xf4\xe4\xbb\x5a\x09\xfc\xee\xd1\xd3\x95\xc0\xbf\x00\x02\
\x12\x83\x88\xb6\xf7\x7c\xa4\x00\x00\x00\x00\x49\x45\x4e\x44\xae\
\x42\x60\x82\
\x00\x00\x01\x9e\
\x89\
\x50\x4e\x47\x0d\x0a\x1a\x0a\x00\x00\x00\x0d\x49\x48\x44\x52\x00\
\x00\x00\x16\x00\x00\x00\x0c\x08\x06\x00\x00\x00\x66\xf9\x4d\xc6\
\x00\x00\x00\x09\x70\x48\x59\x73\x00\x00\x00\x81\x00\x00\x00\x5e\
\x01\x1b\xb1\xa1\x03\x00\x00\x00\x19\x74\x45\x58\x74\x53\x6f\x66\
\x74\x77\x61\x72\x65\x00\x77\x77\x77\x2e\x69\x6e\x6b\x73\x63\x61\
\x70\x65\x2e\x6f\x72\x67\x9b\xee\x3c\x1a\x00\x00\x01\x2b\x49\x44\
\x41\x54\x38\x8d\xed\x93\x41\x4e\xc2\x50\x10\x86\xbf\xf7\x0a\x4d\
\x6d\xa9\x5a\x6b\x82\x31\x4d\x88\xf1\x22\x2e\x5c\xb9\x71\xcd\x35\
\x3c\x88\x57\xf0\x12\x9c\xc6\x15\x8b\x12\x2a\xa0\x55\xa4\xc4\xd2\
\xf7\xde\xb8\x30\x51\x02\x09\xac\xd8\x39\xbb\x2f\xf9\xe7\x9f\xc9\
\x3f\x19\x75\xfd\x74\x23\x1c\xa0\xf4\x21\x4c\x0f\x6a\xdc\xba\xbf\
\xba\x65\xfa\xf5\x8a\xa0\x38\xf6\x43\xe6\x4d\x45\xd4\x0a\x69\x9c\
\x61\x65\x6b\xce\x82\x84\xf7\xfa\x13\xe7\x0c\x49\x70\x4a\x51\xcd\
\x38\x0f\x4f\xa8\xcc\x17\xe2\x20\xf2\x03\x3e\xea\x05\x1d\x3f\x44\
\xac\xf0\x5e\xcf\x49\x8e\x62\x94\x71\x56\x00\x3c\xa5\xb1\xe2\x7e\
\x27\xae\x73\x33\x1c\x22\xc5\x0b\xa2\x15\xba\xdb\xa5\xdd\xeb\x6d\
\x69\x36\x59\x89\xc8\xce\xe3\x55\x83\x01\x76\x3c\xc6\xcb\x32\x10\
\xc1\xe4\x39\xad\x2c\x23\xba\xbb\xdb\x19\xc5\xde\x8c\xbd\x34\xc5\
\xd5\x35\x76\x3a\xc5\x16\x05\xb2\x5a\xe1\x25\xc9\xbe\x36\x94\x18\
\xf3\xb3\xb1\xe7\x81\xb5\x6b\x8e\x7f\xec\x96\x4b\xca\xc7\x47\x10\
\x21\x79\x78\x40\x47\xd1\x96\x66\x93\x55\xd1\xef\x8b\x19\x8d\xa0\
\xd3\x41\xfb\x3e\xae\x2c\x69\x5f\x5e\x62\xca\x12\xea\x1a\x9d\xa6\
\xb8\xb7\x37\x08\x02\x74\x1c\x63\x27\x13\x5a\x17\x17\x34\x79\x8e\
\x8a\x63\x74\x18\xe2\x66\x33\xda\xdd\x2e\xcd\x62\x01\xcb\x25\x5e\
\x9a\xa2\x9e\xe1\xff\x41\x00\xf8\x06\x94\xc1\x8c\xcc\x68\x26\x32\
\x55\x00\x00\x00\x00\x49\x45\x4e\x44\xae\x42\x60\x82\
\x00\x00\x01\x53\
\x89\
\x50\x4e\x47\x0d\x0a\x1a\x0a\x00\x00\x00\x0d\x49\x48\x44\x52\x00\
\x00\x00\x16\x00\x00\x00\x0c\x08\x06\x00\x00\x00\x66\xf9\x4d\xc6\
\x00\x00\x00\x09\x70\x48\x59\x73\x00\x00\x00\x81\x00\x00\x00\x5e\
\x01\x1b\xb1\xa1\x03\x00\x00\x00\x19\x74\x45\x58\x74\x53\x6f\x66\
\x74\x77\x61\x72\x65\x00\x77\x77\x77\x2e\x69\x6e\x6b\x73\x63\x61\
\x70\x65\x2e\x6f\x72\x67\x9b\xee\x3c\x1a\x00\x00\x00\xe0\x49\x44\
\x41\x54\x38\x8d\x63\xfc\xff\xff\xff\x7f\x06\x24\x70\xfd\xc9\x75\
\x06\xb3\x32\x53\x06\x4a\x01\x13\xc5\x26\x0c\x3a\x83\x39\xd9\x38\
\x19\xec\xb5\xed\x19\x98\x18\x21\x4a\x99\x99\x98\xe1\x6c\xb2\x0d\
\x66\x63\x61\x63\x58\x55\xb2\x9a\xe1\xd1\x9b\x47\x0c\xff\xfe\xff\
\x63\x60\x60\x60\x60\xb0\x54\xb7\x64\xd8\xdf\x7c\x80\x41\x4f\x5e\
\x8f\x7c\x83\xbd\x8c\xbd\x18\x4c\x55\x4c\x19\x1e\xbd\x7e\x04\x17\
\x3b\x72\xfd\x08\x43\xdf\xa6\x5e\x86\x77\x5f\xde\x91\x6f\xf0\xa7\
\x6f\x9f\x18\xb8\x39\xb8\x19\x12\x9d\x12\x51\xc4\x37\x9e\xda\xc8\
\xf0\xe4\xed\x13\xbc\x06\xb3\xe0\x93\x3c\x78\xf5\x20\xc3\xf6\x73\
\xdb\x18\x7a\x13\xfb\x18\xf4\x15\xf4\x19\x16\x1f\x5c\xc2\xf0\xf0\
\xf5\x03\x06\x09\x01\x09\x06\x61\x5e\x61\x86\x7d\x97\xf7\xe1\xd4\
\xcb\x48\x28\x1d\x33\x31\x32\x31\x84\x59\x87\x31\x78\x1b\xfb\x30\
\xc8\x8a\xc8\x30\xbc\xf8\xf0\x82\x61\xf3\xe9\x2d\x0c\xab\x8f\xad\
\x62\xf8\xf5\xe7\x17\xf9\x06\x93\x0b\x86\x5e\x06\x01\x00\x62\x21\
\x4f\xb1\x42\x04\x52\xf4\x00\x00\x00\x00\x49\x45\x4e\x44\xae\x42\
\x60\x82\
\x00\x00\x01\x32\
\x89\
\x50\x4e\x47\x0d\x0a\x1a\x0a\x00\x00\x00\x0d\x49\x48\x44\x52\x00\
\x00\x00\x16\x00\x00\x00\x0c\x08\x06\x00\x00\x00\x66\xf9\x4d\xc6\
\x00\x00\x00\x09\x70\x48\x59\x73\x00\x00\x00\x81\x00\x00\x00\x5e\
\x01\x1b\xb1\xa1\x03\x00\x00\x00\x19\x74\x45\x58\x74\x53\x6f\x66\
\x74\x77\x61\x72\x65\x00\x77\x77\x77\x2e\x69\x6e\x6b\x73\x63\x61\
\x70\x65\x2e\x6f\x72\x67\x9b\xee\x3c\x1a\x00\x00\x00\xbf\x49\x44\
\x41\x54\x38\x8d\xed\xd3\x3b\x0f\xc1\x70\x14\xc6\xe1\xdf\xa9\xff\
\x42\x22\x8d\xc4\x35\x16\x9d\xc4\x65\x37\xf8\x1c\x0c\x3e\xa2\xef\
\x20\x16\xb1\x99\x84\x11\x03\x91\xb8\x34\xad\x54\x5d\xab\x26\x13\
\x22\x25\xdd\xbc\xe3\x19\x9e\x9c\xbc\x27\x47\xda\xa9\xbc\x4f\x08\
\xd1\xc2\x40\x43\x85\xc5\xee\xf2\xb6\x8a\xab\xaf\xa1\xe4\xf6\x15\
\xac\x5e\x0d\xad\x59\x94\xe5\x34\x8e\x27\x1a\xe9\xa4\x43\xba\xea\
\x04\x86\x9f\xaa\xd8\xec\x0c\xdc\x05\x9c\x97\x47\xf4\x52\x8b\x48\
\xb1\x81\x79\x28\xfc\x0e\xdb\xe3\x0a\xd6\x5c\x67\xb2\x37\xe8\x75\
\x6c\xdc\x59\x82\xf5\xa0\x84\x77\x92\x40\xf0\x53\x15\xd1\xb2\xc7\
\xe1\x92\x22\xb3\x9d\x73\x33\xcf\xac\xfa\x31\xb2\xcd\x1c\xbe\x08\
\xbc\x3f\xc7\x67\x18\x35\xa2\x58\x5f\xb1\xaf\xe5\x10\x11\xe2\x91\
\x21\x8b\x93\x8d\xa6\x82\x6d\x2c\xff\x07\x79\xe4\x0e\x42\xd9\x3b\
\xac\x66\x95\xc4\x76\x00\x00\x00\x00\x49\x45\x4e\x44\xae\x42\x60\
\x82\
\x00\x00\x00\x9b\
\x89\
\x50\x4e\x47\x0d\x0a\x1a\x0a\x00\x00\x00\x0d\x49\x48\x44\x52\x00\
\x00\x00\x16\x00\x00\x00\x0c\x08\x06\x00\x00\x00\x66\xf9\x4d\xc6\
\x00\x00\x00\x09\x70\x48\x59\x73\x00\x00\x00\x81\x00\x00\x00\x5e\
\x01\x1b\xb1\xa1\x03\x00\x00\x00\x19\x74\x45\x58\x74\x53\x6f\x66\
\x74\x77\x61\x72\x65\x00\x77\x77\x77\x2e\x69\x6e\x6b\x73\x63\x61\
\x70\x65\x2e\x6f\x72\x67\x9b\xee\x3c\x1a\x00\x00\x00\x28\x49\x44\
\x41\x54\x38\x8d\x63\x14\x9f\xf8\xff\x3f\x03\x0d\x00\x13\x2d\x0c\
\x1d\x9a\x06\x33\x32\x30\x30\x8e\x86\x31\x6d\x0d\x66\xfc\xff\x7f\
\x34\x1d\xd3\xd8\x60\x00\x7b\xfe\x07\xb8\xd7\x22\xf6\x68\x00\x00\
\x00\x00\x49\x45\x4e\x44\xae\x42\x60\x82\
\x00\x00\x00\xde\
\x89\
\x50\x4e\x47\x0d\x0a\x1a\x0a\x00\x00\x00\x0d\x49\x48\x44\x52\x00\
\x00\x00\x16\x00\x00\x00\x0c\x08\x06\x00\x00\x00\x66\xf9\x4d\xc6\
\x00\x00\x00\x09\x70\x48\x59\x73\x00\x00\x00\x81\x00\x00\x00\x5e\
\x01\x1b\xb1\xa1\x03\x00\x00\x00\x19\x74\x45\x58\x74\x53\x6f\x66\
\x74\x77\x61\x72\x65\x00\x77\x77\x77\x2e\x69\x6e\x6b\x73\x63\x61\
\x70\x65\x2e\x6f\x72\x67\x9b\xee\x3c\x1a\x00\x00\x00\x6b\x49\x44\
\x41\x54\x38\x8d\x63\xfc\xff\xff\xff\x7f\x06\x2c\x80\xc3\xac\x90\
\xe1\xe7\xaf\x3f\x70\x7e\x79\xa2\x2b\x43\x47\xbe\x1f\x36\xa5\x58\
\x01\x13\xd1\x2a\x49\x04\x43\xcf\x60\x96\xd8\xea\x45\x58\x25\xfe\
\xfc\xf9\x8b\xc2\xdf\x72\xe8\x0a\xc3\xd3\x57\x1f\x88\x36\x98\x91\
\x41\x3f\x07\x6b\xe4\x51\x0a\x68\x17\x14\x31\xde\xa6\x58\x25\x96\
\x6f\x3f\xc3\xf0\xf7\x1f\xc2\x33\xda\xca\x92\x0c\x86\x1a\x32\x44\
\x1b\xcc\x38\x9a\x8e\x69\x6e\x30\x00\x4b\x73\x26\x00\xf6\xb6\x0f\
\x98\x00\x00\x00\x00\x49\x45\x4e\x44\xae\x42\x60\x82\
\x00\x00\x01\x53\
\x89\
\x50\x4e\x47\x0d\x0a\x1a\x0a\x00\x00\x00\x0d\x49\x48\x44\x52\x00\
\x00\x00\x16\x00\x00\x00\x0c\x08\x06\x00\x00\x00\x66\xf9\x4d\xc6\
\x00\x00\x00\x09\x70\x48\x59\x73\x00\x00\x00\x81\x00\x00\x00\x5e\
\x01\x1b\xb1\xa1\x03\x00\x00\x00\x19\x74\x45\x58\x74\x53\x6f\x66\
\x74\x77\x61\x72\x65\x00\x77\x77\x77\x2e\x69\x6e\x6b\x73\x63\x61\
\x70\x65\x2e\x6f\x72\x67\x9b\xee\x3c\x1a\x00\x00\x00\xe0\x49\x44\
\x41\x54\x38\x8d\xc5\x93\xbf\x4a\xc3\x50\x14\xc6\x7f\x37\x4d\xca\
\x45\x92\x06\xc1\x82\x05\x23\x3a\xb8\x4a\xf7\xce\x15\xc1\xb9\x4b\
\x27\x17\x1f\xa1\x4f\xd3\x82\x8b\x2f\xe0\x2b\x74\xe9\x3b\x38\x94\
\x42\x11\x3a\x49\x5a\xf2\xcf\x7a\x7b\x6f\x17\x3b\x08\x86\x24\xc5\
\xe0\xb7\x7e\xe7\xfb\xc1\xf9\x0e\x47\xbc\xdd\x04\x86\x1a\x64\xd5\
\x01\xad\x04\xb6\x7c\x8d\xbc\xdd\xfe\x3d\xd8\x1f\xc4\x9c\x3e\x6d\
\x4a\x83\xed\x3c\xa3\xe1\x6b\xec\x40\x01\x20\x2c\xf0\x87\x11\x4e\
\x47\xe1\xde\xa5\xe8\x48\x00\xa0\x56\x0d\xb6\x73\xe7\xd7\xbc\xc8\
\x3d\x9e\x00\xf7\x3e\xe1\x6c\xb4\xc6\xb9\x50\x3f\x2c\x9d\x0a\xc2\
\x89\xc7\xc7\xb8\x85\xc9\x44\x45\xf0\x61\x40\x1a\x2e\x5f\x57\x34\
\xaf\xbf\xe1\x1a\x16\xfd\x0e\x5f\xcb\xdc\x65\x81\x12\x1d\xdb\xe7\
\x3b\x9a\x57\x8a\x78\x2a\x09\x5f\x5c\xcc\x4e\x70\xd2\xcb\x8a\x62\
\xf9\x1d\x1f\x24\xbb\x9f\xbc\x3f\xb6\x49\x66\x12\x80\xf0\xd9\xc3\
\x7b\x48\x0a\xc1\x85\x55\x1c\xab\xff\x7f\x90\xaa\xda\x03\xc7\xfb\
\x3c\x3a\xe6\xec\x2d\x0d\x00\x00\x00\x00\x49\x45\x4e\x44\xae\x42\
\x60\x82\
\x00\x00\x00\xa9\
\x89\
\x50\x4e\x47\x0d\x0a\x1a\x0a\x00\x00\x00\x0d\x49\x48\x44\x52\x00\
\x00\x00\x16\x00\x00\x00\x0c\x08\x06\x00\x00\x00\x66\xf9\x4d\xc6\
\x00\x00\x00\x09\x70\x48\x59\x73\x00\x00\x00\x81\x00\x00\x00\x5e\
\x01\x1b\xb1\xa1\x03\x00\x00\x00\x19\x74\x45\x58\x74\x53\x6f\x66\
\x74\x77\x61\x72\x65\x00\x77\x77\x77\x2e\x69\x6e\x6b\x73\x63\x61\
\x70\x65\x2e\x6f\x72\x67\x9b\xee\x3c\x1a\x00\x00\x00\x36\x49\x44\
\x41\x54\x38\x8d\x63\x64\x60\x98\xf8\x9f\x01\x07\xb8\x7d\x3b\xfe\
\x84\x8a\x0a\xbf\x05\x36\xb9\xcf\x93\x67\x9e\x78\x9f\x57\x8e\x55\
\x8e\x81\x81\x81\x81\x09\x97\x04\xa5\x60\xd4\xe0\x51\x83\x47\x0d\
\x1e\x08\x83\x01\x11\x3a\x0a\x07\x05\x57\x18\x3f\x00\x00\x00\x00\
\x49\x45\x4e\x44\xae\x42\x60\x82\
\x00\x00\x01\x3c\
\x89\
\x50\x4e\x47\x0d\x0a\x1a\x0a\x00\x00\x00\x0d\x49\x48\x44\x52\x00\
\x00\x00\x16\x00\x00\x00\x0c\x08\x06\x00\x00\x00\x66\xf9\x4d\xc6\
\x00\x00\x00\x09\x70\x48\x59\x73\x00\x00\x00\x81\x00\x00\x00\x5e\
\x01\x1b\xb1\xa1\x03\x00\x00\x00\x19\x74\x45\x58\x74\x53\x6f\x66\
\x74\x77\x61\x72\x65\x00\x77\x77\x77\x2e\x69\x6e\x6b\x73\x63\x61\
\x70\x65\x2e\x6f\x72\x67\x9b\xee\x3c\x1a\x00\x00\x00\xc9\x49\x44\
\x41\x54\x38\x8d\xb5\x93\xbd\x0d\x83\x30\x10\x85\x5f\x22\x26\x60\
\x04\x17\xac\xc2\x0c\xde\x82\x9e\x82\x1f\x89\x0d\xd8\x00\x89\x1d\
\xd8\x80\x02\x7a\x2a\x7a\x5b\xb2\x37\x40\x97\xe2\x8a\x04\x3b\x80\
\x85\x92\x27\x59\xf2\x9d\xfd\x3d\xdd\xf9\x64\x50\x88\xa4\x24\x02\
\x78\x49\x19\x84\x3c\xe1\xaa\xae\x01\xad\xbd\xf4\xa1\xb4\x66\xc6\
\x51\xb4\x8b\xca\x12\xe8\x3a\x60\x59\x80\xb6\x05\xe2\xf8\xdc\xd4\
\x5a\x20\xcb\x80\x71\x04\xb6\x0d\xa8\xaa\xf7\x99\xd7\x43\xdf\x13\
\x59\x1b\xfe\x14\xd6\x32\xe3\x28\xc2\x3c\xef\xab\x48\x12\x60\x5d\
\xfd\xca\x3e\xf7\xdf\x18\x27\xf7\x20\x80\xce\xfb\xbd\x27\x7f\x78\
\x3f\x52\x84\x69\xba\xbe\x95\xe7\xc0\x30\xf0\x3e\x4d\x81\xa6\xb9\
\x66\xfe\x35\xbc\xbd\x71\x51\x10\x09\xc1\xb0\x31\xd7\xc6\xc6\x70\
\x2c\x04\xb3\x87\xc6\x44\x44\x55\x45\xa4\x54\x78\xc5\x4a\x31\x73\
\x5a\xf1\x91\x6e\x7c\xe9\x17\x7d\xe6\xfd\x4f\x6f\x19\x90\x23\x00\
\x00\x00\x00\x49\x45\x4e\x44\xae\x42\x60\x82\
\x00\x00\x01\x32\
\x89\
\x50\x4e\x47\x0d\x0a\x1a\x0a\x00\x00\x00\x0d\x49\x48\x44\x52\x00\
\x00\x00\x16\x00\x00\x00\x0c\x08\x06\x00\x00\x00\x66\xf9\x4d\xc6\
\x00\x00\x00\x09\x70\x48\x59\x73\x00\x00\x00\x81\x00\x00\x00\x5e\
\x01\x1b\xb1\xa1\x03\x00\x00\x00\x19\x74\x45\x58\x74\x53\x6f\x66\
\x74\x77\x61\x72\x65\x00\x77\x77\x77\x2e\x69\x6e\x6b\x73\x63\x61\
\x70\x65\x2e\x6f\x72\x67\x9b\xee\x3c\x1a\x00\x00\x00\xbf\x49\x44\
\x41\x54\x38\x8d\xed\xd3\x3b\x0f\xc1\x70\x14\xc6\xe1\xdf\xa9\xff\
\x42\x22\x8d\xc4\x35\x16\x9d\xc4\x65\x37\xf8\x1c\x0c\x3e\xa2\xef\
\x20\x16\xb1\x99\x84\x11\x03\x91\xb8\x34\xad\x54\x5d\xab\x26\x13\
\x22\x25\xdd\xbc\xe3\x19\x9e\x9c\xbc\x27\x47\xda\xa9\xbc\x4f\x08\
\xd1\xc2\x40\x43\x85\xc5\xee\xf2\xb6\x8a\xab\xaf\xa1\xe4\xf6\x15\
\xac\x5e\x0d\xad\x59\x94\xe5\x34\x8e\x27\x1a\xe9\xa4\x43\xba\xea\
\x04\x86\x9f\xaa\xd8\xec\x0c\xdc\x05\x9c\x97\x47\xf4\x52\x8b\x48\
\xb1\x81\x79\x28\xfc\x0e\xdb\xe3\x0a\xd6\x5c\x67\xb2\x37\xe8\x75\
\x6c\xdc\x59\x82\xf5\xa0\x84\x77\x92\x40\xf0\x53\x15\xd1\xb2\xc7\
\xe1\x92\x22\xb3\x9d\x73\x33\xcf\xac\xfa\x31\xb2\xcd\x1c\xbe\x08\
\xbc\x3f\xc7\x67\x18\x35\xa2\x58\x5f\xb1\xaf\xe5\x10\x11\xe2\x91\
\x21\x8b\x93\x8d\xa6\x82\x6d\x2c\xff\x07\x79\xe4\x0e\x42\xd9\x3b\
\xac\x66\x95\xc4\x76\x00\x00\x00\x00\x49\x45\x4e\x44\xae\x42\x60\
\x82\
\x00\x00\x00\xa4\
\x89\
\x50\x4e\x47\x0d\x0a\x1a\x0a\x00\x00\x00\x0d\x49\x48\x44\x52\x00\
\x00\x00\x16\x00\x00\x00\x0c\x08\x06\x00\x00\x00\x66\xf9\x4d\xc6\
\x00\x00\x00\x09\x70\x48\x59\x73\x00\x00\x00\x81\x00\x00\x00\x5e\
\x01\x1b\xb1\xa1\x03\x00\x00\x00\x19\x74\x45\x58\x74\x53\x6f\x66\
\x74\x77\x61\x72\x65\x00\x77\x77\x77\x2e\x69\x6e\x6b\x73\x63\x61\
\x70\x65\x2e\x6f\x72\x67\x9b\xee\x3c\x1a\x00\x00\x00\x31\x49\x44\
\x41\x54\x38\x8d\x63\x64\x98\xe5\xf9\x9f\x01\x07\x58\xe5\x5c\xc9\
\x10\xaa\x64\x8b\x5d\xf2\xf2\x6a\x06\x86\xe5\x61\xb8\xb4\x32\x30\
\xe1\x94\xa1\x10\x8c\x1a\x3c\x6a\xf0\xa8\xc1\x03\x61\x30\x00\x53\
\xc5\x06\x8f\xd3\xfb\xe7\xd2\x00\x00\x00\x00\x49\x45\x4e\x44\xae\
\x42\x60\x82\
\x00\x00\x01\x4a\
\x89\
\x50\x4e\x47\x0d\x0a\x1a\x0a\x00\x00\x00\x0d\x49\x48\x44\x52\x00\
\x00\x00\x16\x00\x00\x00\x0c\x08\x06\x00\x00\x00\x66\xf9\x4d\xc6\
\x00\x00\x00\x09\x70\x48\x59\x73\x00\x00\x00\x81\x00\x00\x00\x5e\
\x01\x1b\xb1\xa1\x03\x00\x00\x00\x19\x74\x45\x58\x74\x53\x6f\x66\
\x74\x77\x61\x72\x65\x00\x77\x77\x77\x2e\x69\x6e\x6b\x73\x63\x61\
\x70\x65\x2e\x6f\x72\x67\x9b\xee\x3c\x1a\x00\x00\x00\xd7\x49\x44\
\x41\x54\x38\x8d\x63\xfc\xff\xff\xff\x7f\x06\x1a\x00\x46\xa5\xe0\
\x83\x34\x31\x98\x45\x49\x8a\x8b\x16\xe6\x32\x30\xfc\x27\x12\x54\
\xcf\xbc\xf5\xff\xd4\xb5\x0f\xc4\x2a\xff\xcf\x88\x2f\x8c\x37\x1d\
\x7e\xc5\x70\xff\xd9\x77\x86\x73\x37\x3f\x31\x18\x6b\xf0\x31\x1c\
\xbf\xf2\x81\x41\x4b\x81\x87\x81\x8f\x9b\x85\x21\xcc\x59\x82\x41\
\x52\x84\x1d\xa7\x83\x99\xf0\xf9\xc6\x46\x5f\x90\xe1\xf2\xbd\xcf\
\x0c\x81\x0e\xe2\x0c\x79\x61\xf2\x0c\x8b\xea\xf4\x18\x7e\xfe\xfe\
\xc7\x70\xef\xe9\x37\xbc\x86\x12\x34\xf8\xff\x7f\x06\x86\xdf\xbf\
\xff\x33\xc0\x3c\xf5\xef\xff\x7f\x86\xef\x3f\xff\x31\xb0\xb3\xe3\
\xd5\xc6\xc0\xc0\xc0\xc0\x40\x54\x50\x9c\xbe\xfe\x91\xe1\xd7\xef\
\xff\x0c\xcf\xde\xfc\x60\x70\x36\x15\x66\x60\x63\x61\x62\x88\xf7\
\x92\x62\x90\x11\xe3\xc0\xe7\x2a\xe2\x40\xd5\xf4\x5b\xff\x4f\x5e\
\x25\x21\xf2\x42\xab\x2e\xd0\x26\x1d\xef\x39\xfd\x96\x16\xe6\xe2\
\x0f\x63\x4a\x00\x00\x2f\x1f\xf8\xa5\x3c\x04\x45\x5a\x00\x00\x00\
\x00\x49\x45\x4e\x44\xae\x42\x60\x82\
\x00\x00\x00\xf5\
\x89\
\x50\x4e\x47\x0d\x0a\x1a\x0a\x00\x00\x00\x0d\x49\x48\x44\x52\x00\
\x00\x00\x16\x00\x00\x00\x0c\x08\x06\x00\x00\x00\x66\xf9\x4d\xc6\
\x00\x00\x00\x09\x70\x48\x59\x73\x00\x00\x00\x81\x00\x00\x00\x5e\
\x01\x1b\xb1\xa1\x03\x00\x00\x00\x19\x74\x45\x58\x74\x53\x6f\x66\
\x74\x77\x61\x72\x65\x00\x77\x77\x77\x2e\x69\x6e\x6b\x73\x63\x61\
\x70\x65\x2e\x6f\x72\x67\x9b\xee\x3c\x1a\x00\x00\x00\x82\x49\x44\
\x41\x54\x38\x8d\xed\xd2\x31\x0a\x83\x50\x10\x84\xe1\x7f\xa3\x10\
\xeb\xb5\x88\xe4\x08\x56\x62\x3a\x4f\x98\x2b\x78\x23\x4b\x2d\xbc\
\x82\x90\xc0\xb3\x4d\x40\x64\x72\x84\x27\x84\x57\x04\xb2\x07\xf8\
\x98\x19\xd6\xd4\xdf\x44\x82\x3b\xa5\x40\x7f\x13\x36\x49\xd1\x8d\
\xe7\x39\x30\x0c\x0b\x12\x74\xdd\x95\xba\x2e\xa3\x70\x34\x71\x08\
\x2f\xa6\xe9\x49\x96\x19\x79\x0e\xe3\xf8\x60\x5d\xdf\xdf\xc3\x66\
\x06\x08\x49\x98\xc1\x81\x82\xc7\x60\xf7\x82\xa6\xb9\xb0\xef\xb0\
\x6d\xd0\xb6\x15\xee\x45\x14\x36\xbf\x9f\xff\x7f\x9c\x16\xfe\x00\
\xf8\xdd\x27\x7e\xc8\x3b\x06\xea\x00\x00\x00\x00\x49\x45\x4e\x44\
\xae\x42\x60\x82\
\x00\x00\x01\x9a\
\x89\
\x50\x4e\x47\x0d\x0a\x1a\x0a\x00\x00\x00\x0d\x49\x48\x44\x52\x00\
\x00\x00\x16\x00\x00\x00\x0c\x08\x06\x00\x00\x00\x66\xf9\x4d\xc6\
\x00\x00\x00\x09\x70\x48\x59\x73\x00\x00\x00\x81\x00\x00\x00\x5e\
\x01\x1b\xb1\xa1\x03\x00\x00\x00\x19\x74\x45\x58\x74\x53\x6f\x66\
\x74\x77\x61\x72\x65\x00\x77\x77\x77\x2e\x69\x6e\x6b\x73\x63\x61\
\x70\x65\x2e\x6f\x72\x67\x9b\xee\x3c\x1a\x00\x00\x01\x27\x49\x44\
\x41\x54\x38\x8d\xb5\x93\xbf\x4b\x42\x51\x1c\xc5\x3f\x4f\xdf\x5b\
\x0c\xb7\x4a\x8a\x22\x43\x30\x70\x10\x83\xf0\x3f\x68\x0b\x84\xd6\
\x86\xe8\x3f\xd0\x47\x4b\x11\x34\x38\x34\xf8\x86\xa6\x06\x6d\x0a\
\xfa\x07\xa2\xa9\xfe\x01\x25\x9f\x93\x63\xe1\x20\xbd\xc1\x90\x06\
\x7b\x46\xd8\xf5\xdb\x70\x69\xbd\x3e\x92\x0e\x5c\xb8\x9c\x7b\xce\
\xb9\x87\xfb\xc3\x12\x10\xfe\x01\x76\x14\xd1\x68\x75\x13\xe5\xc4\
\x01\x88\x4f\x14\xc9\xa0\x37\xd3\x63\x99\x1a\x57\xbd\x5b\xde\x3e\
\x6c\x12\x97\x77\x3c\x9f\x6e\x13\x0e\x13\x24\x9e\x1e\x58\x39\x70\
\x59\x7a\x7f\xe1\xfc\xf8\xe8\x6f\x8d\x0b\xaf\x7d\xae\x8b\xfb\x94\
\x0a\x6d\xd6\x86\x36\x32\xfd\x62\xb0\x58\x64\xa3\xd7\x61\x6b\xf2\
\x69\xae\x2c\x26\xf8\xbe\x48\x3a\x2d\xd2\x6a\x89\x54\x2a\x7a\x34\
\x9b\x9a\xf3\x7d\xa3\x35\x66\xdc\xd5\x71\xa0\xd3\x81\x72\x19\x72\
\x39\xc8\x66\xc1\x75\x35\xe7\x38\x46\xab\x39\x58\x29\xc8\x64\xc0\
\xf3\x74\x58\xb7\x0b\xb5\x9a\xe6\x94\x9a\xe3\x28\xc6\x63\x91\x20\
\x10\xc9\xe7\x45\xea\x75\x91\x46\x43\xcf\x83\x40\xaf\x19\x60\xa5\
\x52\x57\xc6\x77\x7c\xb8\x3e\xe0\xec\x64\x87\xe4\xe3\x3d\x00\xa3\
\xdd\x3d\xaa\x17\x6d\x6e\xfa\xcb\xc6\xc2\x33\x83\x7f\xb1\x10\xfb\
\x06\xcb\x22\x54\xf1\x28\xf2\x68\x1f\x04\x20\x9c\x46\x96\x02\xb3\
\x2e\x6f\x0e\xfc\x00\x38\xa0\xe9\x51\x18\x2a\x1d\xb2\x00\x00\x00\
\x00\x49\x45\x4e\x44\xae\x42\x60\x82\
\x00\x00\x00\x9c\
\x89\
\x50\x4e\x47\x0d\x0a\x1a\x0a\x00\x00\x00\x0d\x49\x48\x44\x52\x00\
\x00\x00\x16\x00\x00\x00\x0c\x08\x06\x00\x00\x00\x66\xf9\x4d\xc6\
\x00\x00\x00\x09\x70\x48\x59\x73\x00\x00\x00\x81\x00\x00\x00\x5e\
\x01\x1b\xb1\xa1\x03\x00\x00\x00\x19\x74\x45\x58\x74\x53\x6f\x66\
\x74\x77\x61\x72\x65\x00\x77\x77\x77\x2e\x69\x6e\x6b\x73\x63\x61\
\x70\x65\x2e\x6f\x72\x67\x9b\xee\x3c\x1a\x00\x00\x00\x29\x49\x44\
\x41\x54\x38\x8d\x63\xbc\x62\x2a\xf6\x9f\x81\x06\x80\x89\x16\x86\
\x0e\x4d\x83\x19\xff\xff\xff\x3f\x1a\xc6\xb4\x35\x98\xd1\xa2\x97\
\x61\x34\x8c\x69\x6b\x30\x00\x7d\x32\x07\xf4\x17\xd2\x43\x66\x00\
\x00\x00\x00\x49\x45\x4e\x44\xae\x42\x60\x82\
"

qt_resource_name = b"\
\x00\x05\
\x00\x6d\x27\xe3\
\x00\x66\
\x00\x6c\x00\x61\x00\x67\x00\x73\
\x00\x07\
\x00\x47\x57\xa7\
\x00\x69\
\x00\x6e\x00\x64\x00\x2e\x00\x70\x00\x6e\x00\x67\
\x00\x07\
\x00\x9f\x57\xa7\
\x00\x69\
\x00\x73\x00\x6c\x00\x2e\x00\x70\x00\x6e\x00\x67\
\x00\x07\
\x00\xa4\x57\xa7\
\x00\x69\
\x00\x74\x00\x61\x00\x2e\x00\x70\x00\x6e\x00\x67\
\x00\x07\
\x01\x71\x57\xa7\
\x00\x6a\
\x00\x70\x00\x6e\x00\x2e\x00\x70\x00\x6e\x00\x67\
\x00\x07\
\x01\x81\x57\xa7\
\x00\x6b\
\x00\x61\x00\x6e\x00\x2e\x00\x70\x00\x6e\x00\x67\
\x00\x07\
\x01\x8d\x57\xa7\
\x00\x6b\
\x00\x61\x00\x7a\x00\x2e\x00\x70\x00\x6e\x00\x67\
\x00\x07\
\x02\x65\x57\xa7\
\x00\x6b\
\x00\x6f\x00\x72\x00\x2e\x00\x70\x00\x6e\x00\x67\
\x00\x07\
\x03\x7f\x57\xa7\
\x00\x6d\
\x00\x61\x00\x6c\x00\x2e\x00\x70\x00\x6e\x00\x67\
\x00\x07\
\x03\x85\x57\xa7\
\x00\x6d\
\x00\x61\x00\x72\x00\x2e\x00\x70\x00\x6e\x00\x67\
\x00\x07\
\x03\xab\x57\xa7\
\x00\x6c\
\x00\x74\x00\x68\x00\x2e\x00\x70\x00\x6e\x00\x67\
\x00\x07\
\x03\xcc\x57\xa7\
\x00\x6c\
\x00\x76\x00\x69\x00\x2e\x00\x70\x00\x6e\x00\x67\
\x00\x07\
\x04\x17\x57\xa7\
\x00\x6d\
\x00\x6b\x00\x64\x00\x2e\x00\x70\x00\x6e\x00\x67\
\x00\x07\
\x04\x61\x57\xa7\
\x00\x6d\
\x00\x6f\x00\x6e\x00\x2e\x00\x70\x00\x6e\x00\x67\
\x00\x07\
\x04\x9f\x57\xa7\
\x00\x6d\
\x00\x73\x00\x6c\x00\x2e\x00\x70\x00\x6e\x00\x67\
\x00\x07\
\x04\xc3\x57\xa7\
\x00\x6e\
\x00\x65\x00\x70\x00\x2e\x00\x70\x00\x6e\x00\x67\
\x00\x07\
\x05\x27\x57\xa7\
\x00\x6e\
\x00\x6c\x00\x64\x00\x2e\x00\x70\x00\x6e\x00\x67\
\x00\x07\
\x05\x52\x57\xa7\
\x00\x6e\
\x00\x6e\x00\x6f\x00\x2e\x00\x70\x00\x6e\x00\x67\
\x00\x07\
\x05\x55\x57\xa7\
\x00\x6e\
\x00\x6f\x00\x62\x00\x2e\x00\x70\x00\x6e\x00\x67\
\x00\x07\
\x05\x65\x57\xa7\
\x00\x6e\
\x00\x6f\x00\x72\x00\x2e\x00\x70\x00\x6e\x00\x67\
\x00\x07\
\x07\x2e\x57\xa7\
\x00\x70\
\x00\x6c\x00\x6b\x00\x2e\x00\x70\x00\x6e\x00\x67\
\x00\x07\
\x07\x65\x57\xa7\
\x00\x70\
\x00\x6f\x00\x72\x00\x2e\x00\x70\x00\x6e\x00\x67\
\x00\x07\
\x07\xa5\x57\xa7\
\x00\x70\
\x00\x74\x00\x62\x00\x2e\x00\x70\x00\x6e\x00\x67\
\x00\x07\
\x07\xd5\x57\x87\
\x00\x61\
\x00\x66\x00\x72\x00\x2e\x00\x70\x00\x6e\x00\x67\
\x00\x07\
\x08\x25\x57\x87\
\x00\x61\
\x00\x6c\x00\x62\x00\x2e\x00\x70\x00\x6e\x00\x67\
\x00\x07\
\x08\x84\x57\x87\
\x00\x61\
\x00\x72\x00\x61\x00\x2e\x00\x70\x00\x6e\x00\x67\
\x00\x07\
\x08\x84\x57\x87\
\x00\x62\
\x00\x61\x00\x71\x00\x2e\x00\x70\x00\x6e\x00\x67\
\x00\x07\
\x08\x90\x57\x87\
\x00\x61\
\x00\x72\x00\x6d\x00\x2e\x00\x70\x00\x6e\x00\x67\
\x00\x07\
\x08\xbf\x57\x87\
\x00\x62\
\x00\x65\x00\x6c\x00\x2e\x00\x70\x00\x6e\x00\x67\
\x00\x07\
\x08\xc1\x57\x87\
\x00\x62\
\x00\x65\x00\x6e\x00\x2e\x00\x70\x00\x6e\x00\x67\
\x00\x07\
\x08\xe5\x57\x87\
\x00\x62\
\x00\x67\x00\x72\x00\x2e\x00\x70\x00\x6e\x00\x67\
\x00\x07\
\x09\x08\x57\x87\
\x00\x61\
\x00\x7a\x00\x65\x00\x2e\x00\x70\x00\x6e\x00\x67\
\x00\x07\
\x09\x60\x57\xa7\
\x00\x72\
\x00\x6f\x00\x6d\x00\x2e\x00\x70\x00\x6e\x00\x67\
\x00\x07\
\x09\x66\x57\x87\
\x00\x62\
\x00\x6f\x00\x73\x00\x2e\x00\x70\x00\x6e\x00\x67\
\x00\x07\
\x09\x87\x57\x87\
\x00\x63\
\x00\x61\x00\x74\x00\x2e\x00\x70\x00\x6e\x00\x67\
\x00\x07\
\x09\xc6\x57\xa7\
\x00\x72\
\x00\x75\x00\x73\x00\x2e\x00\x70\x00\x6e\x00\x67\
\x00\x07\
\x09\xf6\x57\x87\
\x00\x63\
\x00\x68\x00\x73\x00\x2e\x00\x70\x00\x6e\x00\x67\
\x00\x07\
\x09\xf7\x57\x87\
\x00\x63\
\x00\x68\x00\x74\x00\x2e\x00\x70\x00\x6e\x00\x67\
\x00\x07\
\x0a\x2c\x57\xa7\
\x00\x73\
\x00\x6b\x00\x79\x00\x2e\x00\x70\x00\x6e\x00\x67\
\x00\x07\
\x0a\x39\x57\xa7\
\x00\x73\
\x00\x6c\x00\x76\x00\x2e\x00\x70\x00\x6e\x00\x67\
\x00\x07\
\x0a\x80\x57\xa7\
\x00\x74\
\x00\x61\x00\x6d\x00\x2e\x00\x70\x00\x6e\x00\x67\
\x00\x07\
\x0a\x81\x57\x87\
\x00\x64\
\x00\x61\x00\x6e\x00\x2e\x00\x70\x00\x6e\x00\x67\
\x00\x07\
\x0a\x85\x57\xa7\
\x00\x73\
\x00\x72\x00\x62\x00\x2e\x00\x70\x00\x6e\x00\x67\
\x00\x07\
\x0a\x8f\x57\xa7\
\x00\x73\
\x00\x72\x00\x6c\x00\x2e\x00\x70\x00\x6e\x00\x67\
\x00\x07\
\x0a\xac\x57\x87\
\x00\x63\
\x00\x73\x00\x79\x00\x2e\x00\x70\x00\x6e\x00\x67\
\x00\x07\
\x0a\xbf\x57\xa7\
\x00\x74\
\x00\x65\x00\x6c\x00\x2e\x00\x70\x00\x6e\x00\x67\
\x00\x07\
\x0a\xc8\x57\x87\
\x00\x64\
\x00\x65\x00\x75\x00\x2e\x00\x70\x00\x6e\x00\x67\
\x00\x07\
\x0a\xc8\x57\xa7\
\x00\x73\
\x00\x76\x00\x65\x00\x2e\x00\x70\x00\x6e\x00\x67\
\x00\x07\
\x0a\xd4\x57\xa7\
\x00\x73\
\x00\x77\x00\x61\x00\x2e\x00\x70\x00\x6e\x00\x67\
\x00\x07\
\x0a\xe4\x57\xa7\
\x00\x74\
\x00\x68\x00\x61\x00\x2e\x00\x70\x00\x6e\x00\x67\
\x00\x07\
\x0b\x8e\x57\xa7\
\x00\x74\
\x00\x72\x00\x6b\x00\x2e\x00\x70\x00\x6e\x00\x67\
\x00\x07\
\x0c\x25\x57\xa7\
\x00\x75\
\x00\x6b\x00\x72\x00\x2e\x00\x70\x00\x6e\x00\x67\
\x00\x07\
\x0c\x2f\x57\x87\
\x00\x65\
\x00\x6c\x00\x6c\x00\x2e\x00\x70\x00\x6e\x00\x67\
\x00\x07\
\x0c\x4a\x57\x87\
\x00\x65\
\x00\x6e\x00\x67\x00\x2e\x00\x70\x00\x6e\x00\x67\
\x00\x07\
\x0c\x58\x57\x87\
\x00\x65\
\x00\x6e\x00\x75\x00\x2e\x00\x70\x00\x6e\x00\x67\
\x00\x07\
\x0c\x85\x57\x87\
\x00\x66\
\x00\x61\x00\x72\x00\x2e\x00\x70\x00\x6e\x00\x67\
\x00\x07\
\x0c\x87\x57\xa7\
\x00\x75\
\x00\x72\x00\x64\x00\x2e\x00\x70\x00\x6e\x00\x67\
\x00\x07\
\x0c\xa3\x57\x87\
\x00\x65\
\x00\x73\x00\x70\x00\x2e\x00\x70\x00\x6e\x00\x67\
\x00\x07\
\x0c\xac\x57\x87\
\x00\x65\
\x00\x74\x00\x69\x00\x2e\x00\x70\x00\x6e\x00\x67\
\x00\x07\
\x0d\x01\x57\x87\
\x00\x66\
\x00\x69\x00\x6e\x00\x2e\x00\x70\x00\x6e\x00\x67\
\x00\x07\
\x0d\x07\x57\xa7\
\x00\x76\
\x00\x69\x00\x74\x00\x2e\x00\x70\x00\x6e\x00\x67\
\x00\x07\
\x0d\x84\x57\x87\
\x00\x66\
\x00\x72\x00\x61\x00\x2e\x00\x70\x00\x6e\x00\x67\
\x00\x07\
\x0d\xc2\x57\x87\
\x00\x67\
\x00\x65\x00\x6f\x00\x2e\x00\x70\x00\x6e\x00\x67\
\x00\x07\
\x0e\x26\x57\x87\
\x00\x67\
\x00\x6c\x00\x63\x00\x2e\x00\x70\x00\x6e\x00\x67\
\x00\x07\
\x0e\x28\x57\x87\
\x00\x67\
\x00\x6c\x00\x65\x00\x2e\x00\x70\x00\x6e\x00\x67\
\x00\x07\
\x0e\xb5\x57\x87\
\x00\x68\
\x00\x65\x00\x62\x00\x2e\x00\x70\x00\x6e\x00\x67\
\x00\x07\
\x0f\x01\x57\x87\
\x00\x68\
\x00\x69\x00\x6e\x00\x2e\x00\x70\x00\x6e\x00\x67\
\x00\x07\
\x0f\x99\x57\x87\
\x00\x68\
\x00\x72\x00\x76\x00\x2e\x00\x70\x00\x6e\x00\x67\
\x00\x07\
\x0f\xc1\x57\x87\
\x00\x68\
\x00\x75\x00\x6e\x00\x2e\x00\x70\x00\x6e\x00\x67\
"

qt_resource_struct_v1 = b"\
\x00\x00\x00\x00\x00\x02\x00\x00\x00\x01\x00\x00\x00\x01\
\x00\x00\x00\x00\x00\x02\x00\x00\x00\x44\x00\x00\x00\x02\
\x00\x00\x00\x10\x00\x00\x00\x00\x00\x01\x00\x00\x00\x00\
\x00\x00\x00\x24\x00\x00\x00\x00\x00\x01\x00\x00\x00\x9a\
\x00\x00\x00\x38\x00\x00\x00\x00\x00\x01\x00\x00\x01\xad\
\x00\x00\x00\x4c\x00\x00\x00\x00\x00\x01\x00\x00\x02\x56\
\x00\x00\x00\x60\x00\x00\x00\x00\x00\x01\x00\x00\x03\xa9\
\x00\x00\x00\x74\x00\x00\x00\x00\x00\x01\x00\x00\x04\xa2\
\x00\x00\x00\x88\x00\x00\x00\x00\x00\x01\x00\x00\x06\x9b\
\x00\x00\x00\x9c\x00\x00\x00\x00\x00\x01\x00\x00\x09\x0c\
\x00\x00\x00\xb0\x00\x00\x00\x00\x00\x01\x00\x00\x0a\x05\
\x00\x00\x00\xc4\x00\x00\x00\x00\x00\x01\x00\x00\x0a\xfe\
\x00\x00\x00\xd8\x00\x00\x00\x00\x00\x01\x00\x00\x0b\xad\
\x00\x00\x00\xec\x00\x00\x00\x00\x00\x01\x00\x00\x0c\x5f\
\x00\x00\x01\x00\x00\x00\x00\x00\x00\x01\x00\x00\x0e\xab\
\x00\x00\x01\x14\x00\x00\x00\x00\x00\x01\x00\x00\x10\x18\
\x00\x00\x01\x28\x00\x00\x00\x00\x00\x01\x00\x00\x11\xb1\
\x00\x00\x01\x3c\x00\x00\x00\x00\x00\x01\x00\x00\x13\xf4\
\x00\x00\x01\x50\x00\x00\x00\x00\x00\x01\x00\x00\x14\x94\
\x00\x00\x01\x64\x00\x00\x00\x00\x00\x01\x00\x00\x15\xa7\
\x00\x00\x01\x78\x00\x00\x00\x00\x00\x01\x00\x00\x16\xba\
\x00\x00\x01\x8c\x00\x00\x00\x00\x00\x01\x00\x00\x17\xcd\
\x00\x00\x01\xa0\x00\x00\x00\x00\x00\x01\x00\x00\x18\x67\
\x00\x00\x01\xb4\x00\x00\x00\x00\x00\x01\x00\x00\x19\xc4\
\x00\x00\x01\xc8\x00\x00\x00\x00\x00\x01\x00\x00\x1c\x4c\
\x00\x00\x01\xdc\x00\x00\x00\x00\x00\x01\x00\x00\x1e\x8f\
\x00\x00\x01\xf0\x00\x00\x00\x00\x00\x01\x00\x00\x1f\xd3\
\x00\x00\x02\x04\x00\x00\x00\x00\x00\x01\x00\x00\x21\x7f\
\x00\x00\x02\x18\x00\x00\x00\x00\x00\x01\x00\x00\x22\xb5\
\x00\x00\x02\x2c\x00\x00\x00\x00\x00\x01\x00\x00\x23\x55\
\x00\x00\x02\x40\x00\x00\x00\x00\x00\x01\x00\x00\x24\x95\
\x00\x00\x02\x54\x00\x00\x00\x00\x00\x01\x00\x00\x25\xf1\
\x00\x00\x02\x68\x00\x00\x00\x00\x00\x01\x00\x00\x26\x91\
\x00\x00\x02\x7c\x00\x00\x00\x00\x00\x01\x00\x00\x27\x99\
\x00\x00\x02\x90\x00\x00\x00\x00\x00\x01\x00\x00\x28\x47\
\x00\x00\x02\xa4\x00\x00\x00\x00\x00\x01\x00\x00\x2a\x84\
\x00\x00\x02\xb8\x00\x00\x00\x00\x00\x01\x00\x00\x2b\xba\
\x00\x00\x02\xcc\x00\x00\x00\x00\x00\x01\x00\x00\x2c\x5a\
\x00\x00\x02\xe0\x00\x00\x00\x00\x00\x01\x00\x00\x2d\x9e\
\x00\x00\x02\xf4\x00\x00\x00\x00\x00\x01\x00\x00\x2e\xd1\
\x00\x00\x03\x08\x00\x00\x00\x00\x00\x01\x00\x00\x30\x5f\
\x00\x00\x03\x1c\x00\x00\x00\x00\x00\x01\x00\x00\x31\x82\
\x00\x00\x03\x30\x00\x00\x00\x00\x00\x01\x00\x00\x32\x7b\
\x00\x00\x03\x44\x00\x00\x00\x00\x00\x01\x00\x00\x33\x3e\
\x00\x00\x03\x58\x00\x00\x00\x00\x00\x01\x00\x00\x34\xef\
\x00\x00\x03\x6c\x00\x00\x00\x00\x00\x01\x00\x00\x36\xa0\
\x00\x00\x03\x80\x00\x00\x00\x00\x00\x01\x00\x00\x38\x1c\
\x00\x00\x03\x94\x00\x00\x00\x00\x00\x01\x00\x00\x39\x15\
\x00\x00\x03\xa8\x00\x00\x00\x00\x00\x01\x00\x00\x39\xb7\
\x00\x00\x03\xbc\x00\x00\x00\x00\x00\x01\x00\x00\x3a\xad\
\x00\x00\x03\xd0\x00\x00\x00\x00\x00\x01\x00\x00\x3c\xb8\
\x00\x00\x03\xe4\x00\x00\x00\x00\x00\x01\x00\x00\x3d\x78\
\x00\x00\x03\xf8\x00\x00\x00\x00\x00\x01\x00\x00\x3f\x0e\
\x00\x00\x04\x0c\x00\x00\x00\x00\x00\x01\x00\x00\x3f\xa8\
\x00\x00\x04\x20\x00\x00\x00\x00\x00\x01\x00\x00\x40\xd6\
\x00\x00\x04\x34\x00\x00\x00\x00\x00\x01\x00\x00\x43\xb8\
\x00\x00\x04\x48\x00\x00\x00\x00\x00\x01\x00\x00\x45\xb0\
\x00\x00\x04\x5c\x00\x00\x00\x00\x00\x01\x00\x00\x47\x52\
\x00\x00\x04\x70\x00\x00\x00\x00\x00\x01\x00\x00\x48\xa9\
\x00\x00\x04\x84\x00\x00\x00\x00\x00\x01\x00\x00\x49\xdf\
\x00\x00\x04\x98\x00\x00\x00\x00\x00\x01\x00\x00\x4a\x7e\
\x00\x00\x04\xac\x00\x00\x00\x00\x00\x01\x00\x00\x4b\x60\
\x00\x00\x04\xc0\x00\x00\x00\x00\x00\x01\x00\x00\x4c\xb7\
\x00\x00\x04\xd4\x00\x00\x00\x00\x00\x01\x00\x00\x4d\x64\
\x00\x00\x04\xe8\x00\x00\x00\x00\x00\x01\x00\x00\x4e\xa4\
\x00\x00\x04\xfc\x00\x00\x00\x00\x00\x01\x00\x00\x4f\xda\
\x00\x00\x05\x10\x00\x00\x00\x00\x00\x01\x00\x00\x50\x82\
\x00\x00\x05\x24\x00\x00\x00\x00\x00\x01\x00\x00\x51\xd0\
\x00\x00\x05\x38\x00\x00\x00\x00\x00\x01\x00\x00\x52\xc9\
\x00\x00\x05\x4c\x00\x00\x00\x00\x00\x01\x00\x00\x54\x67\
"

qt_resource_struct_v2 = b"\
\x00\x00\x00\x00\x00\x02\x00\x00\x00\x01\x00\x00\x00\x01\
\x00\x00\x00\x00\x00\x00\x00\x00\
\x00\x00\x00\x00\x00\x02\x00\x00\x00\x44\x00\x00\x00\x02\
\x00\x00\x00\x00\x00\x00\x00\x00\
\x00\x00\x00\x10\x00\x00\x00\x00\x00\x01\x00\x00\x00\x00\
\x00\x00\x01\x9e\x12\xf6\xa2\xf0\
\x00\x00\x00\x24\x00\x00\x00\x00\x00\x01\x00\x00\x00\x9a\
\x00\x00\x01\x9e\x12\xf6\x9b\x20\
\x00\x00\x00\x38\x00\x00\x00\x00\x00\x01\x00\x00\x01\xad\
\x00\x00\x01\x9e\x12\xf6\x0e\x80\
\x00\x00\x00\x4c\x00\x00\x00\x00\x00\x01\x00\x00\x02\x56\
\x00\x00\x01\x9e\x12\xf6\xaa\xc0\
\x00\x00\x00\x60\x00\x00\x00\x00\x00\x01\x00\x00\x03\xa9\
\x00\x00\x01\x9e\x12\xf6\xb2\x90\
\x00\x00\x00\x74\x00\x00\x00\x00\x00\x01\x00\x00\x04\xa2\
\x00\x00\x01\x9e\x12\xf6\xb2\x90\
\x00\x00\x00\x88\x00\x00\x00\x00\x00\x01\x00\x00\x06\x9b\
\x00\x00\x01\x9e\x12\xf6\xba\x60\
\x00\x00\x00\x9c\x00\x00\x00\x00\x00\x01\x00\x00\x09\x0c\
\x00\x00\x01\x9e\x12\xf6\xd1\xd0\
\x00\x00\x00\xb0\x00\x00\x00\x00\x00\x01\x00\x00\x0a\x05\
\x00\x00\x01\x9e\x12\xf6\xd9\xa0\
\x00\x00\x00\xc4\x00\x00\x00\x00\x00\x01\x00\x00\x0a\xfe\
\x00\x00\x01\x9e\x12\xf6\xc2\x30\
\x00\x00\x00\xd8\x00\x00\x00\x00\x00\x01\x00\x00\x0b\xad\
\x00\x00\x01\x9e\x12\xf6\xc2\x30\
\x00\x00\x00\xec\x00\x00\x00\x00\x00\x01\x00\x00\x0c\x5f\
\x00\x00\x01\x9e\x12\xf6\xca\x00\
\x00\x00\x01\x00\x00\x00\x00\x00\x00\x01\x00\x00\x0e\xab\
\x00\x00\x01\x9e\x12\xf6\xd9\xa0\
\x00\x00\x01\x14\x00\x00\x00\x00\x00\x01\x00\x00\x10\x18\
\x00\x00\x01\x9e\x12\xf6\xca\x00\
\x00\x00\x01\x28\x00\x00\x00\x00\x00\x01\x00\x00\x11\xb1\
\x00\x00\x01\x9e\x12\xf6\xe1\x70\
\x00\x00\x01\x3c\x00\x00\x00\x00\x00\x01\x00\x00\x13\xf4\
\x00\x00\x01\x9e\x12\xf6\x16\x50\
\x00\x00\x01\x50\x00\x00\x00\x00\x00\x01\x00\x00\x14\x94\
\x00\x00\x01\x9e\x12\xf6\xe9\x40\
\x00\x00\x01\x64\x00\x00\x00\x00\x00\x01\x00\x00\x15\xa7\
\x00\x00\x01\x9e\x12\xf6\xe9\x40\
\x00\x00\x01\x78\x00\x00\x00\x00\x00\x01\x00\x00\x16\xba\
\x00\x00\x01\x9e\x12\xf6\xe1\x70\
\x00\x00\x01\x8c\x00\x00\x00\x00\x00\x01\x00\x00\x17\xcd\
\x00\x00\x01\x9e\x12\xf6\x25\xf0\
\x00\x00\x01\xa0\x00\x00\x00\x00\x00\x01\x00\x00\x18\x67\
\x00\x00\x01\x9e\x12\xf6\x1e\x20\
\x00\x00\x01\xb4\x00\x00\x00\x00\x00\x01\x00\x00\x19\xc4\
\x00\x00\x01\x9e\x12\xf6\x16\x50\
\x00\x00\x01\xc8\x00\x00\x00\x00\x00\x01\x00\x00\x1c\x4c\
\x00\x00\x01\x9e\x12\xf6\x2d\xc0\
\x00\x00\x01\xdc\x00\x00\x00\x00\x00\x01\x00\x00\x1e\x8f\
\x00\x00\x01\x9e\x12\xf6\x35\x90\
\x00\x00\x01\xf0\x00\x00\x00\x00\x00\x01\x00\x00\x1f\xd3\
\x00\x00\x01\x9e\x12\xf6\x35\x90\
\x00\x00\x02\x04\x00\x00\x00\x00\x00\x01\x00\x00\x21\x7f\
\x00\x00\x01\x9e\x12\xf6\x45\x30\
\x00\x00\x02\x18\x00\x00\x00\x00\x00\x01\x00\x00\x22\xb5\
\x00\x00\x01\x9e\x12\xf6\x3d\x60\
\x00\x00\x02\x2c\x00\x00\x00\x00\x00\x01\x00\x00\x23\x55\
\x00\x00\x01\x9e\x12\xf6\x4d\x00\
\x00\x00\x02\x40\x00\x00\x00\x00\x00\x01\x00\x00\x24\x95\
\x00\x00\x01\x9e\x12\xf6\x4d\x00\
\x00\x00\x02\x54\x00\x00\x00\x00\x00\x01\x00\x00\x25\xf1\
\x00\x00\x01\x9e\x12\xf6\x54\xd0\
\x00\x00\x02\x68\x00\x00\x00\x00\x00\x01\x00\x00\x26\x91\
\x00\x00\x01\x9e\x12\xf6\x3d\x60\
\x00\x00\x02\x7c\x00\x00\x00\x00\x00\x01\x00\x00\x27\x99\
\x00\x00\x01\x9e\x12\xf6\xf8\xe0\
\x00\x00\x02\x90\x00\x00\x00\x00\x00\x01\x00\x00\x28\x47\
\x00\x00\x01\x9e\x12\xf6\x54\xd0\
\x00\x00\x02\xa4\x00\x00\x00\x00\x00\x01\x00\x00\x2a\x84\
\x00\x00\x01\x9e\x12\xf6\x5c\xa0\
\x00\x00\x02\xb8\x00\x00\x00\x00\x00\x01\x00\x00\x2b\xba\
\x00\x00\x01\x9e\x12\xf6\x25\xf0\
\x00\x00\x02\xcc\x00\x00\x00\x00\x00\x01\x00\x00\x2c\x5a\
\x00\x00\x01\x9e\x12\xf6\x64\x70\
\x00\x00\x02\xe0\x00\x00\x00\x00\x00\x01\x00\x00\x2d\x9e\
\x00\x00\x01\x9e\x12\xf6\x64\x70\
\x00\x00\x02\xf4\x00\x00\x00\x00\x00\x01\x00\x00\x2e\xd1\
\x00\x00\x01\x9e\x12\xf7\x08\x80\
\x00\x00\x03\x08\x00\x00\x00\x00\x00\x01\x00\x00\x30\x5f\
\x00\x00\x01\x9e\x12\xf7\x08\x80\
\x00\x00\x03\x1c\x00\x00\x00\x00\x00\x01\x00\x00\x31\x82\
\x00\x00\x01\x9e\x12\xf7\x18\x20\
\x00\x00\x03\x30\x00\x00\x00\x00\x00\x01\x00\x00\x32\x7b\
\x00\x00\x01\x9e\x12\xf6\x74\x10\
\x00\x00\x03\x44\x00\x00\x00\x00\x00\x01\x00\x00\x33\x3e\
\x00\x00\x01\x9e\x12\xf6\xf8\xe0\
\x00\x00\x03\x58\x00\x00\x00\x00\x00\x01\x00\x00\x34\xef\
\x00\x00\x01\x9e\x12\xf7\x00\xb0\
\x00\x00\x03\x6c\x00\x00\x00\x00\x00\x01\x00\x00\x36\xa0\
\x00\x00\x01\x9e\x12\xf6\x6c\x40\
\x00\x00\x03\x80\x00\x00\x00\x00\x00\x01\x00\x00\x38\x1c\
\x00\x00\x01\x9e\x12\xf7\x1f\xf0\
\x00\x00\x03\x94\x00\x00\x00\x00\x00\x01\x00\x00\x39\x15\
\x00\x00\x01\x9e\x12\xf5\xfe\xe0\
\x00\x00\x03\xa8\x00\x00\x00\x00\x00\x01\x00\x00\x39\xb7\
\x00\x00\x01\x9e\x12\xf7\x10\x50\
\x00\x00\x03\xbc\x00\x00\x00\x00\x00\x01\x00\x00\x3a\xad\
\x00\x00\x01\x9e\x12\xf7\x10\x50\
\x00\x00\x03\xd0\x00\x00\x00\x00\x00\x01\x00\x00\x3c\xb8\
\x00\x00\x01\x9e\x12\xf7\x1f\xf0\
\x00\x00\x03\xe4\x00\x00\x00\x00\x00\x01\x00\x00\x3d\x78\
\x00\x00\x01\x9e\x12\xf7\x27\xc0\
\x00\x00\x03\xf8\x00\x00\x00\x00\x00\x01\x00\x00\x3f\x0e\
\x00\x00\x01\x9e\x12\xf7\x27\xc0\
\x00\x00\x04\x0c\x00\x00\x00\x00\x00\x01\x00\x00\x3f\xa8\
\x00\x00\x01\x9e\x12\xf6\x8b\x80\
\x00\x00\x04\x20\x00\x00\x00\x00\x00\x01\x00\x00\x40\xd6\
\x00\x00\x01\x9e\x12\xf5\xfe\xe0\
\x00\x00\x04\x34\x00\x00\x00\x00\x00\x01\x00\x00\x43\xb8\
\x00\x00\x01\x9e\x12\xf5\xf7\x10\
\x00\x00\x04\x48\x00\x00\x00\x00\x00\x01\x00\x00\x45\xb0\
\x00\x00\x01\x9e\x12\xf6\xf1\x10\
\x00\x00\x04\x5c\x00\x00\x00\x00\x00\x01\x00\x00\x47\x52\
\x00\x00\x01\x9e\x12\xf7\x2f\x90\
\x00\x00\x04\x70\x00\x00\x00\x00\x00\x01\x00\x00\x48\xa9\
\x00\x00\x01\x9e\x12\xf6\x0e\x80\
\x00\x00\x04\x84\x00\x00\x00\x00\x00\x01\x00\x00\x49\xdf\
\x00\x00\x01\x9e\x12\xf6\x7b\xe0\
\x00\x00\x04\x98\x00\x00\x00\x00\x00\x01\x00\x00\x4a\x7e\
\x00\x00\x01\x9e\x12\xf6\x7b\xe0\
\x00\x00\x04\xac\x00\x00\x00\x00\x00\x01\x00\x00\x4b\x60\
\x00\x00\x01\x9e\x12\xf7\x2f\x90\
\x00\x00\x04\xc0\x00\x00\x00\x00\x00\x01\x00\x00\x4c\xb7\
\x00\x00\x01\x9e\x12\xf6\x06\xb0\
\x00\x00\x04\xd4\x00\x00\x00\x00\x00\x01\x00\x00\x4d\x64\
\x00\x00\x01\x9e\x12\xf6\x83\xb0\
\x00\x00\x04\xe8\x00\x00\x00\x00\x00\x01\x00\x00\x4e\xa4\
\x00\x00\x01\x9e\x12\xf6\x83\xb0\
\x00\x00\x04\xfc\x00\x00\x00\x00\x00\x01\x00\x00\x4f\xda\
\x00\x00\x01\x9e\x12\xf6\xaa\xc0\
\x00\x00\x05\x10\x00\x00\x00\x00\x00\x01\x00\x00\x50\x82\
\x00\x00\x01\x9e\x12\xf6\x93\x50\
\x00\x00\x05\x24\x00\x00\x00\x00\x00\x01\x00\x00\x51\xd0\
\x00\x00\x01\x9e\x12\xf6\x93\x50\
\x00\x00\x05\x38\x00\x00\x00\x00\x00\x01\x00\x00\x52\xc9\
\x00\x00\x01\x9e\x12\xf6\x6c\x40\
\x00\x00\x05\x4c\x00\x00\x00\x00\x00\x01\x00\x00\x54\x67\
\x00\x00\x01\x9e\x12\xf6\x9b\x20\
"

qt_version = [int(v) for v in QtCore.qVersion().split('.')]
if qt_version < [5, 8, 0]:
    rcc_version = 1
    qt_resource_struct = qt_resource_struct_v1
else:
    rcc_version = 2
    qt_resource_struct = qt_resource_struct_v2

def qInitResources():
    QtCore.qRegisterResourceData(rcc_version, qt_resource_struct, qt_resource_name, qt_resource_data)

def qCleanupResources():
    QtCore.qUnregisterResourceData(rcc_version, qt_resource_struct, qt_resource_name, qt_resource_data)

qInitResources()
