# -*- coding: utf-8 -*-

# Resource object code
#
# Created by: The Resource Compiler for PyQt5 (Qt v5.15.2)
#
# WARNING! All changes made in this file will be lost!

from PyQt5 import QtCore

qt_resource_data = b"\
\x00\x00\x0e\xb8\
\xde\
\x12\x04\x95\x00\x00\x00\x00\x4e\x00\x00\x00\x1c\x00\x00\x00\x8c\
\x02\x00\x00\x00\x00\x00\x00\xfc\x04\x00\x00\x00\x00\x00\x00\xfc\
\x04\x00\x00\x0e\x00\x00\x00\xfd\x04\x00\x00\x10\x00\x00\x00\x0c\
\x05\x00\x00\x06\x00\x00\x00\x1d\x05\x00\x00\x09\x00\x00\x00\x24\
\x05\x00\x00\x0b\x00\x00\x00\x2e\x05\x00\x00\x05\x00\x00\x00\x3a\
\x05\x00\x00\x11\x00\x00\x00\x40\x05\x00\x00\x0f\x00\x00\x00\x52\
\x05\x00\x00\x12\x00\x00\x00\x62\x05\x00\x00\x07\x00\x00\x00\x75\
\x05\x00\x00\x04\x00\x00\x00\x7d\x05\x00\x00\x10\x00\x00\x00\x82\
\x05\x00\x00\x04\x00\x00\x00\x93\x05\x00\x00\x08\x00\x00\x00\x98\
\x05\x00\x00\x06\x00\x00\x00\xa1\x05\x00\x00\x04\x00\x00\x00\xa8\
\x05\x00\x00\x07\x00\x00\x00\xad\x05\x00\x00\x05\x00\x00\x00\xb5\
\x05\x00\x00\x07\x00\x00\x00\xbb\x05\x00\x00\x04\x00\x00\x00\xc3\
\x05\x00\x00\x04\x00\x00\x00\xc8\x05\x00\x00\x0c\x00\x00\x00\xcd\
\x05\x00\x00\x05\x00\x00\x00\xda\x05\x00\x00\x0d\x00\x00\x00\xe0\
\x05\x00\x00\x05\x00\x00\x00\xee\x05\x00\x00\x06\x00\x00\x00\xf4\
\x05\x00\x00\x07\x00\x00\x00\xfb\x05\x00\x00\x21\x00\x00\x00\x03\
\x06\x00\x00\x10\x00\x00\x00\x25\x06\x00\x00\x19\x00\x00\x00\x36\
\x06\x00\x00\x1a\x00\x00\x00\x50\x06\x00\x00\x06\x00\x00\x00\x6b\
\x06\x00\x00\x08\x00\x00\x00\x72\x06\x00\x00\x07\x00\x00\x00\x7b\
\x06\x00\x00\x05\x00\x00\x00\x83\x06\x00\x00\x0b\x00\x00\x00\x89\
\x06\x00\x00\x07\x00\x00\x00\x95\x06\x00\x00\x02\x00\x00\x00\x9d\
\x06\x00\x00\x15\x00\x00\x00\xa0\x06\x00\x00\x04\x00\x00\x00\xb6\
\x06\x00\x00\x0c\x00\x00\x00\xbb\x06\x00\x00\x0c\x00\x00\x00\xc8\
\x06\x00\x00\x11\x00\x00\x00\xd5\x06\x00\x00\x05\x00\x00\x00\xe7\
\x06\x00\x00\x0d\x00\x00\x00\xed\x06\x00\x00\x08\x00\x00\x00\xfb\
\x06\x00\x00\x0a\x00\x00\x00\x04\x07\x00\x00\x07\x00\x00\x00\x0f\
\x07\x00\x00\x0b\x00\x00\x00\x17\x07\x00\x00\x06\x00\x00\x00\x23\
\x07\x00\x00\x06\x00\x00\x00\x2a\x07\x00\x00\x07\x00\x00\x00\x31\
\x07\x00\x00\x08\x00\x00\x00\x39\x07\x00\x00\x0d\x00\x00\x00\x42\
\x07\x00\x00\x0f\x00\x00\x00\x50\x07\x00\x00\x04\x00\x00\x00\x60\
\x07\x00\x00\x09\x00\x00\x00\x65\x07\x00\x00\x0e\x00\x00\x00\x6f\
\x07\x00\x00\x06\x00\x00\x00\x7e\x07\x00\x00\x09\x00\x00\x00\x85\
\x07\x00\x00\x04\x00\x00\x00\x8f\x07\x00\x00\x04\x00\x00\x00\x94\
\x07\x00\x00\x26\x00\x00\x00\x99\x07\x00\x00\x14\x00\x00\x00\xc0\
\x07\x00\x00\x08\x00\x00\x00\xd5\x07\x00\x00\x0e\x00\x00\x00\xde\
\x07\x00\x00\x0f\x00\x00\x00\xed\x07\x00\x00\x18\x00\x00\x00\xfd\
\x07\x00\x00\x13\x00\x00\x00\x16\x08\x00\x00\x14\x00\x00\x00\x2a\
\x08\x00\x00\x10\x00\x00\x00\x3f\x08\x00\x00\x0e\x00\x00\x00\x50\
\x08\x00\x00\x0e\x00\x00\x00\x5f\x08\x00\x00\x10\x00\x00\x00\x6e\
\x08\x00\x00\x13\x00\x00\x00\x7f\x08\x00\x00\x07\x00\x00\x00\x93\
\x08\x00\x00\x1f\x00\x00\x00\x9b\x08\x00\x00\x5a\x01\x00\x00\xbb\
\x08\x00\x00\x10\x00\x00\x00\x16\x0a\x00\x00\x12\x00\x00\x00\x27\
\x0a\x00\x00\x09\x00\x00\x00\x3a\x0a\x00\x00\x07\x00\x00\x00\x44\
\x0a\x00\x00\x0f\x00\x00\x00\x4c\x0a\x00\x00\x0a\x00\x00\x00\x5c\
\x0a\x00\x00\x14\x00\x00\x00\x67\x0a\x00\x00\x12\x00\x00\x00\x7c\
\x0a\x00\x00\x14\x00\x00\x00\x8f\x0a\x00\x00\x0b\x00\x00\x00\xa4\
\x0a\x00\x00\x08\x00\x00\x00\xb0\x0a\x00\x00\x14\x00\x00\x00\xb9\
\x0a\x00\x00\x05\x00\x00\x00\xce\x0a\x00\x00\x09\x00\x00\x00\xd4\
\x0a\x00\x00\x08\x00\x00\x00\xde\x0a\x00\x00\x0a\x00\x00\x00\xe7\
\x0a\x00\x00\x08\x00\x00\x00\xf2\x0a\x00\x00\x05\x00\x00\x00\xfb\
\x0a\x00\x00\x08\x00\x00\x00\x01\x0b\x00\x00\x07\x00\x00\x00\x0a\
\x0b\x00\x00\x05\x00\x00\x00\x12\x0b\x00\x00\x0e\x00\x00\x00\x18\
\x0b\x00\x00\x06\x00\x00\x00\x27\x0b\x00\x00\x11\x00\x00\x00\x2e\
\x0b\x00\x00\x09\x00\x00\x00\x40\x0b\x00\x00\x07\x00\x00\x00\x4a\
\x0b\x00\x00\x09\x00\x00\x00\x52\x0b\x00\x00\x22\x00\x00\x00\x5c\
\x0b\x00\x00\x11\x00\x00\x00\x7f\x0b\x00\x00\x2b\x00\x00\x00\x91\
\x0b\x00\x00\x1e\x00\x00\x00\xbd\x0b\x00\x00\x0a\x00\x00\x00\xdc\
\x0b\x00\x00\x07\x00\x00\x00\xe7\x0b\x00\x00\x07\x00\x00\x00\xef\
\x0b\x00\x00\x06\x00\x00\x00\xf7\x0b\x00\x00\x0d\x00\x00\x00\xfe\
\x0b\x00\x00\x07\x00\x00\x00\x0c\x0c\x00\x00\x02\x00\x00\x00\x14\
\x0c\x00\x00\x13\x00\x00\x00\x17\x0c\x00\x00\x07\x00\x00\x00\x2b\
\x0c\x00\x00\x0d\x00\x00\x00\x33\x0c\x00\x00\x0f\x00\x00\x00\x41\
\x0c\x00\x00\x19\x00\x00\x00\x51\x0c\x00\x00\x07\x00\x00\x00\x6b\
\x0c\x00\x00\x0d\x00\x00\x00\x73\x0c\x00\x00\x09\x00\x00\x00\x81\
\x0c\x00\x00\x0d\x00\x00\x00\x8b\x0c\x00\x00\x08\x00\x00\x00\x99\
\x0c\x00\x00\x0c\x00\x00\x00\xa2\x0c\x00\x00\x09\x00\x00\x00\xaf\
\x0c\x00\x00\x0a\x00\x00\x00\xb9\x0c\x00\x00\x08\x00\x00\x00\xc4\
\x0c\x00\x00\x0f\x00\x00\x00\xcd\x0c\x00\x00\x0e\x00\x00\x00\xdd\
\x0c\x00\x00\x11\x00\x00\x00\xec\x0c\x00\x00\x09\x00\x00\x00\xfe\
\x0c\x00\x00\x08\x00\x00\x00\x08\x0d\x00\x00\x0f\x00\x00\x00\x11\
\x0d\x00\x00\x08\x00\x00\x00\x21\x0d\x00\x00\x09\x00\x00\x00\x2a\
\x0d\x00\x00\x04\x00\x00\x00\x34\x0d\x00\x00\x07\x00\x00\x00\x39\
\x0d\x00\x00\x2b\x00\x00\x00\x41\x0d\x00\x00\x17\x00\x00\x00\x6d\
\x0d\x00\x00\x12\x00\x00\x00\x85\x0d\x00\x00\x0f\x00\x00\x00\x98\
\x0d\x00\x00\x12\x00\x00\x00\xa8\x0d\x00\x00\x13\x00\x00\x00\xbb\
\x0d\x00\x00\x1a\x00\x00\x00\xcf\x0d\x00\x00\x17\x00\x00\x00\xea\
\x0d\x00\x00\x13\x00\x00\x00\x02\x0e\x00\x00\x16\x00\x00\x00\x16\
\x0e\x00\x00\x14\x00\x00\x00\x2d\x0e\x00\x00\x2d\x00\x00\x00\x42\
\x0e\x00\x00\x17\x00\x00\x00\x70\x0e\x00\x00\x09\x00\x00\x00\x88\
\x0e\x00\x00\x25\x00\x00\x00\x92\x0e\x00\x00\x00\x41\x63\x63\x65\
\x73\x73\x20\x45\x72\x72\x6f\x72\x3a\x20\x00\x41\x74\x74\x72\x69\
\x62\x75\x74\x20\x45\x72\x72\x6f\x72\x3a\x20\x00\x43\x61\x6e\x63\
\x65\x6c\x00\x43\x68\x61\x72\x61\x63\x74\x65\x72\x00\x43\x68\x6f\
\x6f\x73\x65\x20\x70\x61\x74\x68\x00\x43\x6c\x6f\x73\x65\x00\x43\
\x6c\x6f\x73\x65\x20\x41\x70\x70\x6c\x69\x63\x61\x74\x69\x6f\x6e\
\x00\x43\x6f\x6d\x6d\x65\x6e\x74\x20\x45\x72\x72\x6f\x72\x3a\x20\
\x00\x43\x6f\x6d\x6d\x6f\x6e\x20\x45\x78\x63\x65\x70\x74\x69\x6f\
\x6e\x3a\x20\x00\x43\x6f\x6d\x70\x69\x6c\x65\x00\x43\x6f\x70\x79\
\x00\x44\x61\x74\x61\x62\x61\x73\x65\x20\x4d\x61\x6e\x61\x67\x65\
\x72\x00\x44\x61\x74\x65\x00\x44\x61\x74\x65\x54\x69\x6d\x65\x00\
\x44\x65\x6c\x65\x74\x65\x00\x45\x64\x69\x74\x00\x45\x6e\x67\x6c\
\x69\x73\x68\x00\x45\x72\x72\x6f\x72\x00\x45\x72\x72\x6f\x72\x3a\
\x20\x00\x45\x78\x69\x74\x00\x46\x69\x6c\x65\x00\x46\x69\x6c\x65\
\x20\x45\x72\x72\x6f\x72\x3a\x20\x00\x46\x6c\x6f\x61\x74\x00\x46\
\x6f\x72\x6d\x2d\x44\x65\x73\x69\x67\x6e\x65\x72\x00\x46\x6f\x72\
\x6d\x73\x00\x47\x65\x72\x6d\x61\x6e\x00\x49\x6e\x74\x65\x67\x65\
\x72\x00\x49\x6e\x74\x65\x72\x6e\x61\x6c\x20\x45\x72\x72\x6f\x72\
\x20\x28\x50\x79\x74\x68\x6f\x6e\x20\x4e\x61\x6d\x65\x45\x72\x72\
\x6f\x72\x29\x00\x49\x6e\x74\x65\x72\x6e\x61\x6c\x20\x45\x72\x72\
\x6f\x72\x3a\x20\x00\x4c\x4f\x47\x20\x66\x69\x6c\x65\x20\x63\x6f\
\x75\x6c\x64\x20\x6e\x6f\x74\x20\x72\x65\x6d\x6f\x76\x65\x00\x4c\
\x4f\x47\x20\x66\x69\x6c\x65\x20\x68\x61\x76\x65\x20\x62\x65\x65\
\x6e\x20\x72\x65\x6d\x6f\x76\x65\x64\x00\x4c\x61\x62\x65\x6c\x73\
\x00\x4c\x61\x6e\x67\x75\x61\x67\x65\x00\x4c\x6f\x67\x69\x63\x61\
\x6c\x00\x4d\x65\x6e\x75\x65\x00\x4e\x65\x77\x20\x50\x72\x6f\x6a\
\x65\x63\x74\x00\x4e\x75\x6d\x65\x72\x69\x63\x00\x4f\x4b\x00\x4f\
\x6e\x65\x2d\x43\x6c\x69\x63\x6b\x20\x41\x70\x70\x6c\x69\x63\x61\
\x74\x69\x6f\x6e\x00\x4f\x70\x65\x6e\x00\x4f\x70\x65\x6e\x20\x46\
\x69\x6c\x65\x2e\x2e\x2e\x00\x4f\x70\x65\x6e\x20\x50\x72\x6f\x6a\
\x65\x63\x74\x00\x50\x6c\x65\x61\x73\x65\x20\x65\x6e\x74\x65\x72\
\x20\x74\x65\x78\x74\x00\x50\x72\x69\x6e\x74\x00\x50\x72\x69\x6e\
\x74\x20\x50\x72\x65\x76\x69\x65\x77\x00\x50\x72\x6f\x67\x72\x61\
\x6d\x73\x00\x50\x72\x6f\x70\x65\x72\x74\x69\x65\x73\x00\x51\x75\
\x65\x72\x69\x65\x73\x00\x52\x65\x67\x69\x65\x63\x65\x6e\x74\x65\
\x72\x00\x52\x65\x6d\x6f\x76\x65\x00\x52\x65\x6e\x61\x6d\x65\x00\
\x52\x65\x70\x6f\x72\x74\x73\x00\x52\x75\x6e\x20\x2d\x20\x46\x32\
\x00\x52\x75\x6e\x74\x69\x6d\x65\x20\x45\x72\x72\x6f\x72\x00\x52\
\x75\x6e\x74\x69\x6d\x65\x20\x45\x72\x72\x6f\x72\x3a\x20\x00\x53\
\x61\x76\x65\x00\x53\x74\x72\x75\x63\x74\x75\x72\x65\x00\x53\x79\
\x6e\x74\x61\x78\x20\x45\x72\x72\x6f\x72\x3a\x20\x00\x54\x61\x62\
\x6c\x65\x73\x00\x54\x68\x65\x20\x61\x6c\x69\x61\x73\x00\x54\x69\
\x6d\x65\x00\x56\x69\x65\x77\x00\x57\x6f\x75\x6c\x64\x20\x79\x6f\
\x75\x20\x72\x65\x61\x6c\x79\x20\x63\x6c\x6f\x73\x65\x20\x74\x68\
\x65\x20\x41\x70\x70\x6c\x69\x63\x61\x74\x69\x6f\x6e\x3f\x00\x61\
\x6c\x69\x61\x73\x20\x61\x6c\x72\x65\x61\x64\x79\x20\x65\x78\x69\
\x73\x74\x73\x00\x61\x6c\x6c\x46\x69\x6c\x65\x73\x00\x61\x6c\x72\
\x65\x61\x64\x79\x20\x65\x78\x69\x73\x74\x73\x00\x61\x6c\x72\x65\
\x61\x64\x79\x20\x65\x78\x69\x73\x74\x73\x2e\x00\x61\x72\x65\x20\
\x79\x6f\x75\x20\x73\x75\x72\x65\x2c\x20\x74\x6f\x20\x64\x65\x6c\
\x65\x74\x65\x3f\x00\x63\x6f\x75\x6c\x64\x20\x6e\x6f\x74\x20\x6f\
\x70\x65\x6e\x20\x66\x69\x6c\x65\x00\x64\x42\x61\x73\x65\x53\x6f\
\x75\x72\x63\x65\x63\x6f\x64\x65\x46\x69\x6c\x65\x73\x00\x64\x65\
\x6c\x65\x74\x65\x20\x4c\x4f\x47\x20\x66\x69\x6c\x65\x3f\x00\x66\
\x69\x6c\x65\x20\x69\x73\x20\x69\x6e\x20\x75\x73\x65\x00\x66\x69\
\x6c\x65\x20\x6e\x6f\x74\x20\x66\x6f\x75\x6e\x64\x00\x72\x65\x6d\
\x6f\x76\x65\x20\x4c\x4f\x47\x20\x66\x69\x6c\x65\x3f\x00\x72\x65\
\x6d\x6f\x76\x65\x20\x66\x69\x6c\x65\x20\x64\x69\x65\x6e\x65\x64\
\x2e\x00\x72\x65\x6d\x76\x6f\x65\x64\x00\x79\x6f\x75\x20\x68\x61\
\x76\x65\x20\x74\x6f\x20\x72\x65\x6d\x6f\x76\x65\x20\x69\x74\x20\
\x79\x6f\x75\x72\x20\x73\x65\x6c\x66\x00\x50\x72\x6f\x6a\x65\x63\
\x74\x2d\x49\x64\x2d\x56\x65\x72\x73\x69\x6f\x6e\x3a\x20\x61\x70\
\x70\x20\x31\x2e\x30\x0a\x52\x65\x70\x6f\x72\x74\x2d\x4d\x73\x67\
\x69\x64\x2d\x42\x75\x67\x73\x2d\x54\x6f\x3a\x20\x70\x61\x75\x6c\
\x65\x33\x32\x2e\x6a\x6b\x40\x67\x6d\x61\x69\x6c\x2e\x63\x6f\x6d\
\x0a\x50\x4f\x54\x2d\x43\x72\x65\x61\x74\x69\x6f\x6e\x2d\x44\x61\
\x74\x65\x3a\x20\x32\x30\x32\x36\x2d\x30\x32\x2d\x32\x34\x20\x30\
\x30\x3a\x30\x30\x2b\x30\x31\x30\x30\x0a\x50\x4f\x2d\x52\x65\x76\
\x69\x73\x69\x6f\x6e\x2d\x44\x61\x74\x65\x3a\x20\x32\x30\x32\x36\
\x2d\x30\x32\x2d\x32\x34\x20\x30\x30\x3a\x30\x30\x2b\x30\x31\x30\
\x30\x0a\x4c\x61\x73\x74\x2d\x54\x72\x61\x6e\x73\x6c\x61\x74\x6f\
\x72\x3a\x20\x70\x61\x75\x6c\x65\x33\x32\x0a\x4c\x61\x6e\x67\x75\
\x61\x67\x65\x2d\x54\x65\x61\x6d\x3a\x20\x70\x61\x75\x6c\x65\x33\
\x32\x0a\x4c\x61\x6e\x67\x75\x61\x67\x65\x3a\x20\x64\x65\x0a\x4d\
\x49\x4d\x45\x2d\x56\x65\x72\x73\x69\x6f\x6e\x3a\x20\x31\x2e\x30\
\x0a\x43\x6f\x6e\x74\x65\x6e\x74\x2d\x54\x79\x70\x65\x3a\x20\x74\
\x65\x78\x74\x2f\x70\x6c\x61\x69\x6e\x3b\x20\x63\x68\x61\x72\x73\
\x65\x74\x3d\x55\x54\x46\x2d\x38\x0a\x43\x6f\x6e\x74\x65\x6e\x74\
\x2d\x54\x72\x61\x6e\x73\x66\x65\x72\x2d\x45\x6e\x63\x6f\x64\x69\
\x6e\x67\x3a\x20\x38\x62\x69\x74\x0a\x50\x6c\x75\x72\x61\x6c\x2d\
\x46\x6f\x72\x6d\x73\x3a\x20\x6e\x70\x6c\x75\x72\x61\x6c\x73\x3d\
\x32\x3b\x20\x70\x6c\x75\x72\x61\x6c\x3d\x28\x6e\x20\x21\x3d\x20\
\x31\x29\x3b\x0a\x00\x5a\x75\x67\x72\x69\x66\x66\x2d\x46\x65\x68\
\x6c\x65\x72\x3a\x20\x00\x41\x74\x74\x72\x69\x62\x75\x74\x65\x2d\
\x46\x65\x68\x6c\x65\x72\x3a\x20\x00\x41\x62\x62\x72\x65\x63\x68\
\x65\x6e\x00\x5a\x65\x69\x63\x68\x65\x6e\x00\x50\x66\x61\x64\x20\
\x61\x75\x73\x77\xc3\xa4\x68\x6c\x65\x6e\x00\x53\x63\x68\x6c\x69\
\x65\xc3\x9f\x65\x6e\x00\x41\x6e\x77\x65\x6e\x64\x75\x6e\x67\x20\
\x73\x63\x68\x6c\x69\x65\xc3\x9f\x65\x6e\x00\x4b\x6f\x6d\x6d\x65\
\x6e\x74\x61\x72\x2d\x46\x65\x68\x6c\x65\x72\x3a\x20\x00\x41\x6c\
\x6c\x67\x65\x6d\x65\x69\x6e\x65\x72\x20\x46\x65\x68\x6c\x65\x72\
\x3a\x20\x00\x43\x6f\x6d\x70\x69\x6c\x69\x65\x72\x65\x6e\x00\x4b\
\x6f\x70\x69\x65\x72\x65\x6e\x00\x44\x61\x74\x65\x6e\x62\x61\x6e\
\x6b\x2d\x56\x65\x72\x77\x61\x6c\x74\x75\x6e\x67\x00\x44\x41\x54\
\x55\x4d\x00\x44\x41\x54\x55\x4d\x5a\x45\x49\x54\x00\x4c\xc3\xb6\
\x73\x63\x68\x65\x6e\x00\x42\x65\x61\x72\x62\x65\x69\x74\x65\x6e\
\x00\x45\x6e\x67\x6c\x69\x73\x63\x68\x00\x45\x72\x72\x6f\x72\x00\
\x46\x65\x68\x6c\x65\x72\x3a\x20\x00\x42\x65\x65\x6e\x64\x65\x6e\
\x00\x44\x61\x74\x65\x69\x00\x44\x61\x74\x65\x69\x2d\x46\x65\x68\
\x6c\x65\x72\x3a\x20\x00\x44\x4f\x55\x42\x4c\x45\x00\x46\x6f\x72\
\x6d\x75\x6c\x61\x72\x2d\x44\x65\x73\x69\x67\x6e\x65\x72\x00\x46\
\x6f\x72\x6d\x75\x6c\x61\x72\x65\x00\x44\x65\x75\x74\x73\x63\x68\
\x00\x4e\x75\x6d\x65\x72\x69\x73\x63\x68\x00\x49\x6e\x74\x65\x72\
\x6e\x65\x72\x20\x46\x65\x68\x6c\x65\x72\x20\x28\x50\x79\x68\x74\
\x6f\x6e\x20\x4e\x61\x6d\x65\x45\x72\x72\x6f\x72\x29\x00\x49\x6e\
\x74\x65\x72\x6e\x65\x72\x2d\x46\x65\x68\x6c\x65\x72\x3a\x20\x00\
\x44\x69\x65\x20\x4c\x4f\x47\x2d\x44\x61\x74\x65\x69\x20\x6b\x6f\
\x6e\x6e\x74\x65\x20\x6e\x69\x63\x68\x74\x20\x67\x65\x6c\xc3\xb6\
\x73\x63\x68\x74\x20\x77\x65\x72\x64\x65\x6e\x00\x44\x69\x65\x20\
\x4c\x4f\x47\x2d\x44\x61\x74\x65\x69\x20\x77\x75\x72\x64\x65\x20\
\x67\x65\x6c\xc3\xb6\x73\x63\x68\x74\x2e\x00\x45\x74\x74\x69\x6b\
\x65\x74\x74\x65\x6e\x00\x53\x70\x72\x61\x63\x68\x65\x00\x4c\x6f\
\x67\x69\x73\x63\x68\x00\x4d\x65\x6e\xc3\xbc\x73\x00\x4e\x65\x75\
\x65\x73\x20\x50\x72\x6f\x6a\x65\x6b\x74\x00\x44\x45\x5a\x49\x4d\
\x41\x4c\x00\x4f\x4b\x00\x45\x69\x6e\x2d\x6b\x6c\x69\x63\x6b\x20\
\x41\x6e\x77\x65\x6e\x64\x75\x6e\x67\x00\xc3\x96\x66\x66\x6e\x65\
\x6e\x00\x44\x61\x74\x65\x69\x20\xc3\xb6\x66\x66\x6e\x65\x6e\x00\
\x50\x72\x6f\x6a\x65\x63\x74\x20\xc3\xb6\x66\x66\x6e\x65\x6e\x00\
\x42\x69\x74\x74\x65\x20\x65\x72\x73\x74\x20\x54\x65\x78\x74\x20\
\x65\x69\x6e\x67\x65\x62\x65\x6e\x2e\x00\x44\x72\x75\x63\x6b\x65\
\x6e\x00\x44\x75\x72\x63\x6b\x76\x6f\x72\x73\x63\x68\x61\x75\x00\
\x50\x72\x6f\x67\x72\x61\x6d\x6d\x65\x00\x45\x69\x67\x65\x6e\x73\
\x63\x68\x61\x66\x74\x65\x6e\x00\x41\x62\x66\x72\x61\x67\x65\x6e\
\x00\x52\x65\x67\x69\x65\x7a\x65\x6e\x74\x72\x75\x6d\x00\x45\x6e\
\x74\x66\x65\x72\x6e\x65\x6e\x00\x55\x6d\x62\x65\x6e\x65\x6e\x6e\
\x65\x6e\x00\x42\x65\x72\x69\x63\x68\x74\x65\x00\x41\x75\x73\x66\
\xc3\xbc\x68\x72\x65\x6e\x20\x2d\x20\x46\x32\x00\x4c\x61\x75\x66\
\x7a\x65\x69\x74\x66\x65\x68\x6c\x65\x72\x00\x4c\x61\x75\x66\x7a\
\x65\x69\x74\x2d\x46\x65\x68\x6c\x65\x72\x3a\x20\x00\x53\x70\x65\
\x69\x63\x68\x65\x72\x6e\x00\x53\x74\x72\x75\x6b\x74\x75\x72\x00\
\x53\x79\x6e\x74\x61\x78\x2d\x46\x65\x68\x6c\x65\x72\x3a\x20\x00\
\x54\x61\x62\x65\x6c\x6c\x65\x6e\x00\x44\x65\x72\x20\x41\x6c\x69\
\x61\x73\x00\x5a\x45\x49\x54\x00\x41\x6e\x73\x69\x63\x68\x74\x00\
\x57\x6f\x6c\x6c\x65\x6e\x20\x53\x69\x65\x20\x64\x69\x65\x20\x41\
\x6e\x77\x65\x6e\x64\x75\x6e\x67\x20\x77\x69\x72\x6b\x6c\x69\x63\
\x68\x20\x62\x65\x65\x6e\x64\x65\x6e\x20\x3f\x00\x41\x6c\x69\x61\
\x73\x20\x65\x78\x69\x73\x74\x69\x65\x72\x74\x20\x62\x65\x72\x65\
\x69\x74\x73\x00\x41\x6c\x6c\x65\x20\x44\x61\x74\x65\x69\x65\x6e\
\x20\x28\x2a\x2e\x2a\x29\x00\x65\x78\x69\x73\x74\x69\x65\x72\x74\
\x20\x73\x63\x68\x6f\x6e\x00\x65\x78\x69\x73\x74\x69\x65\x72\x74\
\x20\x62\x65\x72\x65\x69\x74\x73\x2e\x00\x77\x69\x72\x6b\x6c\x69\
\x63\x68\x20\x65\x6e\x74\x66\x65\x72\x6e\x65\x6e\x3f\x00\x4b\x6f\
\x6e\x6e\x74\x65\x20\x44\x61\x74\x65\x69\x20\x6e\x69\x63\x68\x74\
\x20\xc3\xb6\x66\x66\x6e\x65\x6e\x00\x64\x42\x61\x73\x65\x20\x51\
\x75\x65\x6c\x6c\x63\x6f\x64\x65\x20\x28\x2a\x2e\x70\x72\x67\x29\
\x00\x4c\x4f\x47\x2d\x44\x61\x74\x65\x69\x20\x6c\xc3\xb6\x73\x63\
\x68\x65\x6e\x3f\x00\x44\x61\x74\x65\x69\x20\x69\x73\x74\x20\x69\
\x6e\x20\x62\x65\x6e\x75\x74\x7a\x75\x6e\x67\x00\x44\x61\x74\x65\
\x69\x20\x6e\x69\x63\x68\x74\x20\x67\x65\x66\x75\x6e\x64\x65\x6e\
\x00\x53\x6f\x6c\x6c\x20\x64\x69\x65\x20\x4c\x4f\x47\x2d\x44\x61\
\x74\x65\x69\x20\x77\x69\x72\x6b\x6c\x69\x63\x68\x20\x67\x65\x6c\
\xc3\xb6\x73\x63\x68\x74\x20\x77\x65\x72\x64\x65\x6e\x3f\x00\x4c\
\xc3\xb6\x73\x63\x68\x65\x6e\x20\x66\x65\x68\x6c\x67\x65\x73\x63\
\x68\x6c\x61\x67\x65\x6e\x00\x47\x65\x6c\xc3\xb6\x73\x63\x68\x74\
\x00\x53\x69\x65\x20\x6d\xc3\xbc\x73\x73\x65\x6e\x20\x64\x69\x65\
\x20\x44\x61\x74\x65\x69\x20\x73\x65\x6c\x62\x73\x74\x20\x6c\xc3\
\xb6\x73\x63\x68\x65\x6e\x00\
\x00\x00\x0e\xb8\
\xde\
\x12\x04\x95\x00\x00\x00\x00\x4e\x00\x00\x00\x1c\x00\x00\x00\x8c\
\x02\x00\x00\x00\x00\x00\x00\xfc\x04\x00\x00\x00\x00\x00\x00\xfc\
\x04\x00\x00\x0e\x00\x00\x00\xfd\x04\x00\x00\x10\x00\x00\x00\x0c\
\x05\x00\x00\x06\x00\x00\x00\x1d\x05\x00\x00\x09\x00\x00\x00\x24\
\x05\x00\x00\x0b\x00\x00\x00\x2e\x05\x00\x00\x05\x00\x00\x00\x3a\
\x05\x00\x00\x11\x00\x00\x00\x40\x05\x00\x00\x0f\x00\x00\x00\x52\
\x05\x00\x00\x12\x00\x00\x00\x62\x05\x00\x00\x07\x00\x00\x00\x75\
\x05\x00\x00\x04\x00\x00\x00\x7d\x05\x00\x00\x10\x00\x00\x00\x82\
\x05\x00\x00\x04\x00\x00\x00\x93\x05\x00\x00\x08\x00\x00\x00\x98\
\x05\x00\x00\x06\x00\x00\x00\xa1\x05\x00\x00\x04\x00\x00\x00\xa8\
\x05\x00\x00\x07\x00\x00\x00\xad\x05\x00\x00\x05\x00\x00\x00\xb5\
\x05\x00\x00\x07\x00\x00\x00\xbb\x05\x00\x00\x04\x00\x00\x00\xc3\
\x05\x00\x00\x04\x00\x00\x00\xc8\x05\x00\x00\x0c\x00\x00\x00\xcd\
\x05\x00\x00\x05\x00\x00\x00\xda\x05\x00\x00\x0d\x00\x00\x00\xe0\
\x05\x00\x00\x05\x00\x00\x00\xee\x05\x00\x00\x06\x00\x00\x00\xf4\
\x05\x00\x00\x07\x00\x00\x00\xfb\x05\x00\x00\x21\x00\x00\x00\x03\
\x06\x00\x00\x10\x00\x00\x00\x25\x06\x00\x00\x19\x00\x00\x00\x36\
\x06\x00\x00\x1a\x00\x00\x00\x50\x06\x00\x00\x06\x00\x00\x00\x6b\
\x06\x00\x00\x08\x00\x00\x00\x72\x06\x00\x00\x07\x00\x00\x00\x7b\
\x06\x00\x00\x05\x00\x00\x00\x83\x06\x00\x00\x0b\x00\x00\x00\x89\
\x06\x00\x00\x07\x00\x00\x00\x95\x06\x00\x00\x02\x00\x00\x00\x9d\
\x06\x00\x00\x15\x00\x00\x00\xa0\x06\x00\x00\x04\x00\x00\x00\xb6\
\x06\x00\x00\x0c\x00\x00\x00\xbb\x06\x00\x00\x0c\x00\x00\x00\xc8\
\x06\x00\x00\x11\x00\x00\x00\xd5\x06\x00\x00\x05\x00\x00\x00\xe7\
\x06\x00\x00\x0d\x00\x00\x00\xed\x06\x00\x00\x08\x00\x00\x00\xfb\
\x06\x00\x00\x0a\x00\x00\x00\x04\x07\x00\x00\x07\x00\x00\x00\x0f\
\x07\x00\x00\x0b\x00\x00\x00\x17\x07\x00\x00\x06\x00\x00\x00\x23\
\x07\x00\x00\x06\x00\x00\x00\x2a\x07\x00\x00\x07\x00\x00\x00\x31\
\x07\x00\x00\x08\x00\x00\x00\x39\x07\x00\x00\x0d\x00\x00\x00\x42\
\x07\x00\x00\x0f\x00\x00\x00\x50\x07\x00\x00\x04\x00\x00\x00\x60\
\x07\x00\x00\x09\x00\x00\x00\x65\x07\x00\x00\x0e\x00\x00\x00\x6f\
\x07\x00\x00\x06\x00\x00\x00\x7e\x07\x00\x00\x09\x00\x00\x00\x85\
\x07\x00\x00\x04\x00\x00\x00\x8f\x07\x00\x00\x04\x00\x00\x00\x94\
\x07\x00\x00\x26\x00\x00\x00\x99\x07\x00\x00\x14\x00\x00\x00\xc0\
\x07\x00\x00\x08\x00\x00\x00\xd5\x07\x00\x00\x0e\x00\x00\x00\xde\
\x07\x00\x00\x0f\x00\x00\x00\xed\x07\x00\x00\x18\x00\x00\x00\xfd\
\x07\x00\x00\x13\x00\x00\x00\x16\x08\x00\x00\x14\x00\x00\x00\x2a\
\x08\x00\x00\x10\x00\x00\x00\x3f\x08\x00\x00\x0e\x00\x00\x00\x50\
\x08\x00\x00\x0e\x00\x00\x00\x5f\x08\x00\x00\x10\x00\x00\x00\x6e\
\x08\x00\x00\x13\x00\x00\x00\x7f\x08\x00\x00\x07\x00\x00\x00\x93\
\x08\x00\x00\x1f\x00\x00\x00\x9b\x08\x00\x00\x5a\x01\x00\x00\xbb\
\x08\x00\x00\x10\x00\x00\x00\x16\x0a\x00\x00\x12\x00\x00\x00\x27\
\x0a\x00\x00\x09\x00\x00\x00\x3a\x0a\x00\x00\x07\x00\x00\x00\x44\
\x0a\x00\x00\x0f\x00\x00\x00\x4c\x0a\x00\x00\x0a\x00\x00\x00\x5c\
\x0a\x00\x00\x14\x00\x00\x00\x67\x0a\x00\x00\x12\x00\x00\x00\x7c\
\x0a\x00\x00\x14\x00\x00\x00\x8f\x0a\x00\x00\x0b\x00\x00\x00\xa4\
\x0a\x00\x00\x08\x00\x00\x00\xb0\x0a\x00\x00\x14\x00\x00\x00\xb9\
\x0a\x00\x00\x05\x00\x00\x00\xce\x0a\x00\x00\x09\x00\x00\x00\xd4\
\x0a\x00\x00\x08\x00\x00\x00\xde\x0a\x00\x00\x0a\x00\x00\x00\xe7\
\x0a\x00\x00\x08\x00\x00\x00\xf2\x0a\x00\x00\x05\x00\x00\x00\xfb\
\x0a\x00\x00\x08\x00\x00\x00\x01\x0b\x00\x00\x07\x00\x00\x00\x0a\
\x0b\x00\x00\x05\x00\x00\x00\x12\x0b\x00\x00\x0e\x00\x00\x00\x18\
\x0b\x00\x00\x06\x00\x00\x00\x27\x0b\x00\x00\x11\x00\x00\x00\x2e\
\x0b\x00\x00\x09\x00\x00\x00\x40\x0b\x00\x00\x07\x00\x00\x00\x4a\
\x0b\x00\x00\x09\x00\x00\x00\x52\x0b\x00\x00\x22\x00\x00\x00\x5c\
\x0b\x00\x00\x11\x00\x00\x00\x7f\x0b\x00\x00\x2b\x00\x00\x00\x91\
\x0b\x00\x00\x1e\x00\x00\x00\xbd\x0b\x00\x00\x0a\x00\x00\x00\xdc\
\x0b\x00\x00\x07\x00\x00\x00\xe7\x0b\x00\x00\x07\x00\x00\x00\xef\
\x0b\x00\x00\x06\x00\x00\x00\xf7\x0b\x00\x00\x0d\x00\x00\x00\xfe\
\x0b\x00\x00\x07\x00\x00\x00\x0c\x0c\x00\x00\x02\x00\x00\x00\x14\
\x0c\x00\x00\x13\x00\x00\x00\x17\x0c\x00\x00\x07\x00\x00\x00\x2b\
\x0c\x00\x00\x0d\x00\x00\x00\x33\x0c\x00\x00\x0f\x00\x00\x00\x41\
\x0c\x00\x00\x19\x00\x00\x00\x51\x0c\x00\x00\x07\x00\x00\x00\x6b\
\x0c\x00\x00\x0d\x00\x00\x00\x73\x0c\x00\x00\x09\x00\x00\x00\x81\
\x0c\x00\x00\x0d\x00\x00\x00\x8b\x0c\x00\x00\x08\x00\x00\x00\x99\
\x0c\x00\x00\x0c\x00\x00\x00\xa2\x0c\x00\x00\x09\x00\x00\x00\xaf\
\x0c\x00\x00\x0a\x00\x00\x00\xb9\x0c\x00\x00\x08\x00\x00\x00\xc4\
\x0c\x00\x00\x0f\x00\x00\x00\xcd\x0c\x00\x00\x0e\x00\x00\x00\xdd\
\x0c\x00\x00\x11\x00\x00\x00\xec\x0c\x00\x00\x09\x00\x00\x00\xfe\
\x0c\x00\x00\x08\x00\x00\x00\x08\x0d\x00\x00\x0f\x00\x00\x00\x11\
\x0d\x00\x00\x08\x00\x00\x00\x21\x0d\x00\x00\x09\x00\x00\x00\x2a\
\x0d\x00\x00\x04\x00\x00\x00\x34\x0d\x00\x00\x07\x00\x00\x00\x39\
\x0d\x00\x00\x2b\x00\x00\x00\x41\x0d\x00\x00\x17\x00\x00\x00\x6d\
\x0d\x00\x00\x12\x00\x00\x00\x85\x0d\x00\x00\x0f\x00\x00\x00\x98\
\x0d\x00\x00\x12\x00\x00\x00\xa8\x0d\x00\x00\x13\x00\x00\x00\xbb\
\x0d\x00\x00\x1a\x00\x00\x00\xcf\x0d\x00\x00\x17\x00\x00\x00\xea\
\x0d\x00\x00\x13\x00\x00\x00\x02\x0e\x00\x00\x16\x00\x00\x00\x16\
\x0e\x00\x00\x14\x00\x00\x00\x2d\x0e\x00\x00\x2d\x00\x00\x00\x42\
\x0e\x00\x00\x17\x00\x00\x00\x70\x0e\x00\x00\x09\x00\x00\x00\x88\
\x0e\x00\x00\x25\x00\x00\x00\x92\x0e\x00\x00\x00\x41\x63\x63\x65\
\x73\x73\x20\x45\x72\x72\x6f\x72\x3a\x20\x00\x41\x74\x74\x72\x69\
\x62\x75\x74\x20\x45\x72\x72\x6f\x72\x3a\x20\x00\x43\x61\x6e\x63\
\x65\x6c\x00\x43\x68\x61\x72\x61\x63\x74\x65\x72\x00\x43\x68\x6f\
\x6f\x73\x65\x20\x70\x61\x74\x68\x00\x43\x6c\x6f\x73\x65\x00\x43\
\x6c\x6f\x73\x65\x20\x41\x70\x70\x6c\x69\x63\x61\x74\x69\x6f\x6e\
\x00\x43\x6f\x6d\x6d\x65\x6e\x74\x20\x45\x72\x72\x6f\x72\x3a\x20\
\x00\x43\x6f\x6d\x6d\x6f\x6e\x20\x45\x78\x63\x65\x70\x74\x69\x6f\
\x6e\x3a\x20\x00\x43\x6f\x6d\x70\x69\x6c\x65\x00\x43\x6f\x70\x79\
\x00\x44\x61\x74\x61\x62\x61\x73\x65\x20\x4d\x61\x6e\x61\x67\x65\
\x72\x00\x44\x61\x74\x65\x00\x44\x61\x74\x65\x54\x69\x6d\x65\x00\
\x44\x65\x6c\x65\x74\x65\x00\x45\x64\x69\x74\x00\x45\x6e\x67\x6c\
\x69\x73\x68\x00\x45\x72\x72\x6f\x72\x00\x45\x72\x72\x6f\x72\x3a\
\x20\x00\x45\x78\x69\x74\x00\x46\x69\x6c\x65\x00\x46\x69\x6c\x65\
\x20\x45\x72\x72\x6f\x72\x3a\x20\x00\x46\x6c\x6f\x61\x74\x00\x46\
\x6f\x72\x6d\x2d\x44\x65\x73\x69\x67\x6e\x65\x72\x00\x46\x6f\x72\
\x6d\x73\x00\x47\x65\x72\x6d\x61\x6e\x00\x49\x6e\x74\x65\x67\x65\
\x72\x00\x49\x6e\x74\x65\x72\x6e\x61\x6c\x20\x45\x72\x72\x6f\x72\
\x20\x28\x50\x79\x74\x68\x6f\x6e\x20\x4e\x61\x6d\x65\x45\x72\x72\
\x6f\x72\x29\x00\x49\x6e\x74\x65\x72\x6e\x61\x6c\x20\x45\x72\x72\
\x6f\x72\x3a\x20\x00\x4c\x4f\x47\x20\x66\x69\x6c\x65\x20\x63\x6f\
\x75\x6c\x64\x20\x6e\x6f\x74\x20\x72\x65\x6d\x6f\x76\x65\x00\x4c\
\x4f\x47\x20\x66\x69\x6c\x65\x20\x68\x61\x76\x65\x20\x62\x65\x65\
\x6e\x20\x72\x65\x6d\x6f\x76\x65\x64\x00\x4c\x61\x62\x65\x6c\x73\
\x00\x4c\x61\x6e\x67\x75\x61\x67\x65\x00\x4c\x6f\x67\x69\x63\x61\
\x6c\x00\x4d\x65\x6e\x75\x65\x00\x4e\x65\x77\x20\x50\x72\x6f\x6a\
\x65\x63\x74\x00\x4e\x75\x6d\x65\x72\x69\x63\x00\x4f\x4b\x00\x4f\
\x6e\x65\x2d\x43\x6c\x69\x63\x6b\x20\x41\x70\x70\x6c\x69\x63\x61\
\x74\x69\x6f\x6e\x00\x4f\x70\x65\x6e\x00\x4f\x70\x65\x6e\x20\x46\
\x69\x6c\x65\x2e\x2e\x2e\x00\x4f\x70\x65\x6e\x20\x50\x72\x6f\x6a\
\x65\x63\x74\x00\x50\x6c\x65\x61\x73\x65\x20\x65\x6e\x74\x65\x72\
\x20\x74\x65\x78\x74\x00\x50\x72\x69\x6e\x74\x00\x50\x72\x69\x6e\
\x74\x20\x50\x72\x65\x76\x69\x65\x77\x00\x50\x72\x6f\x67\x72\x61\
\x6d\x73\x00\x50\x72\x6f\x70\x65\x72\x74\x69\x65\x73\x00\x51\x75\
\x65\x72\x69\x65\x73\x00\x52\x65\x67\x69\x65\x63\x65\x6e\x74\x65\
\x72\x00\x52\x65\x6d\x6f\x76\x65\x00\x52\x65\x6e\x61\x6d\x65\x00\
\x52\x65\x70\x6f\x72\x74\x73\x00\x52\x75\x6e\x20\x2d\x20\x46\x32\
\x00\x52\x75\x6e\x74\x69\x6d\x65\x20\x45\x72\x72\x6f\x72\x00\x52\
\x75\x6e\x74\x69\x6d\x65\x20\x45\x72\x72\x6f\x72\x3a\x20\x00\x53\
\x61\x76\x65\x00\x53\x74\x72\x75\x63\x74\x75\x72\x65\x00\x53\x79\
\x6e\x74\x61\x78\x20\x45\x72\x72\x6f\x72\x3a\x20\x00\x54\x61\x62\
\x6c\x65\x73\x00\x54\x68\x65\x20\x61\x6c\x69\x61\x73\x00\x54\x69\
\x6d\x65\x00\x56\x69\x65\x77\x00\x57\x6f\x75\x6c\x64\x20\x79\x6f\
\x75\x20\x72\x65\x61\x6c\x79\x20\x63\x6c\x6f\x73\x65\x20\x74\x68\
\x65\x20\x41\x70\x70\x6c\x69\x63\x61\x74\x69\x6f\x6e\x3f\x00\x61\
\x6c\x69\x61\x73\x20\x61\x6c\x72\x65\x61\x64\x79\x20\x65\x78\x69\
\x73\x74\x73\x00\x61\x6c\x6c\x46\x69\x6c\x65\x73\x00\x61\x6c\x72\
\x65\x61\x64\x79\x20\x65\x78\x69\x73\x74\x73\x00\x61\x6c\x72\x65\
\x61\x64\x79\x20\x65\x78\x69\x73\x74\x73\x2e\x00\x61\x72\x65\x20\
\x79\x6f\x75\x20\x73\x75\x72\x65\x2c\x20\x74\x6f\x20\x64\x65\x6c\
\x65\x74\x65\x3f\x00\x63\x6f\x75\x6c\x64\x20\x6e\x6f\x74\x20\x6f\
\x70\x65\x6e\x20\x66\x69\x6c\x65\x00\x64\x42\x61\x73\x65\x53\x6f\
\x75\x72\x63\x65\x63\x6f\x64\x65\x46\x69\x6c\x65\x73\x00\x64\x65\
\x6c\x65\x74\x65\x20\x4c\x4f\x47\x20\x66\x69\x6c\x65\x3f\x00\x66\
\x69\x6c\x65\x20\x69\x73\x20\x69\x6e\x20\x75\x73\x65\x00\x66\x69\
\x6c\x65\x20\x6e\x6f\x74\x20\x66\x6f\x75\x6e\x64\x00\x72\x65\x6d\
\x6f\x76\x65\x20\x4c\x4f\x47\x20\x66\x69\x6c\x65\x3f\x00\x72\x65\
\x6d\x6f\x76\x65\x20\x66\x69\x6c\x65\x20\x64\x69\x65\x6e\x65\x64\
\x2e\x00\x72\x65\x6d\x76\x6f\x65\x64\x00\x79\x6f\x75\x20\x68\x61\
\x76\x65\x20\x74\x6f\x20\x72\x65\x6d\x6f\x76\x65\x20\x69\x74\x20\
\x79\x6f\x75\x72\x20\x73\x65\x6c\x66\x00\x50\x72\x6f\x6a\x65\x63\
\x74\x2d\x49\x64\x2d\x56\x65\x72\x73\x69\x6f\x6e\x3a\x20\x61\x70\
\x70\x20\x31\x2e\x30\x0a\x52\x65\x70\x6f\x72\x74\x2d\x4d\x73\x67\
\x69\x64\x2d\x42\x75\x67\x73\x2d\x54\x6f\x3a\x20\x70\x61\x75\x6c\
\x65\x33\x32\x2e\x6a\x6b\x40\x67\x6d\x61\x69\x6c\x2e\x63\x6f\x6d\
\x0a\x50\x4f\x54\x2d\x43\x72\x65\x61\x74\x69\x6f\x6e\x2d\x44\x61\
\x74\x65\x3a\x20\x32\x30\x32\x36\x2d\x30\x32\x2d\x32\x34\x20\x30\
\x30\x3a\x30\x30\x2b\x30\x31\x30\x30\x0a\x50\x4f\x2d\x52\x65\x76\
\x69\x73\x69\x6f\x6e\x2d\x44\x61\x74\x65\x3a\x20\x32\x30\x32\x36\
\x2d\x30\x32\x2d\x32\x34\x20\x30\x30\x3a\x30\x30\x2b\x30\x31\x30\
\x30\x0a\x4c\x61\x73\x74\x2d\x54\x72\x61\x6e\x73\x6c\x61\x74\x6f\
\x72\x3a\x20\x70\x61\x75\x6c\x65\x33\x32\x0a\x4c\x61\x6e\x67\x75\
\x61\x67\x65\x2d\x54\x65\x61\x6d\x3a\x20\x70\x61\x75\x6c\x65\x33\
\x32\x0a\x4c\x61\x6e\x67\x75\x61\x67\x65\x3a\x20\x64\x65\x0a\x4d\
\x49\x4d\x45\x2d\x56\x65\x72\x73\x69\x6f\x6e\x3a\x20\x31\x2e\x30\
\x0a\x43\x6f\x6e\x74\x65\x6e\x74\x2d\x54\x79\x70\x65\x3a\x20\x74\
\x65\x78\x74\x2f\x70\x6c\x61\x69\x6e\x3b\x20\x63\x68\x61\x72\x73\
\x65\x74\x3d\x55\x54\x46\x2d\x38\x0a\x43\x6f\x6e\x74\x65\x6e\x74\
\x2d\x54\x72\x61\x6e\x73\x66\x65\x72\x2d\x45\x6e\x63\x6f\x64\x69\
\x6e\x67\x3a\x20\x38\x62\x69\x74\x0a\x50\x6c\x75\x72\x61\x6c\x2d\
\x46\x6f\x72\x6d\x73\x3a\x20\x6e\x70\x6c\x75\x72\x61\x6c\x73\x3d\
\x32\x3b\x20\x70\x6c\x75\x72\x61\x6c\x3d\x28\x6e\x20\x21\x3d\x20\
\x31\x29\x3b\x0a\x00\x5a\x75\x67\x72\x69\x66\x66\x2d\x46\x65\x68\
\x6c\x65\x72\x3a\x20\x00\x41\x74\x74\x72\x69\x62\x75\x74\x65\x2d\
\x46\x65\x68\x6c\x65\x72\x3a\x20\x00\x41\x62\x62\x72\x65\x63\x68\
\x65\x6e\x00\x5a\x65\x69\x63\x68\x65\x6e\x00\x50\x66\x61\x64\x20\
\x61\x75\x73\x77\xc3\xa4\x68\x6c\x65\x6e\x00\x53\x63\x68\x6c\x69\
\x65\xc3\x9f\x65\x6e\x00\x41\x6e\x77\x65\x6e\x64\x75\x6e\x67\x20\
\x73\x63\x68\x6c\x69\x65\xc3\x9f\x65\x6e\x00\x4b\x6f\x6d\x6d\x65\
\x6e\x74\x61\x72\x2d\x46\x65\x68\x6c\x65\x72\x3a\x20\x00\x41\x6c\
\x6c\x67\x65\x6d\x65\x69\x6e\x65\x72\x20\x46\x65\x68\x6c\x65\x72\
\x3a\x20\x00\x43\x6f\x6d\x70\x69\x6c\x69\x65\x72\x65\x6e\x00\x4b\
\x6f\x70\x69\x65\x72\x65\x6e\x00\x44\x61\x74\x65\x6e\x62\x61\x6e\
\x6b\x2d\x56\x65\x72\x77\x61\x6c\x74\x75\x6e\x67\x00\x44\x41\x54\
\x55\x4d\x00\x44\x41\x54\x55\x4d\x5a\x45\x49\x54\x00\x4c\xc3\xb6\
\x73\x63\x68\x65\x6e\x00\x42\x65\x61\x72\x62\x65\x69\x74\x65\x6e\
\x00\x45\x6e\x67\x6c\x69\x73\x63\x68\x00\x45\x72\x72\x6f\x72\x00\
\x46\x65\x68\x6c\x65\x72\x3a\x20\x00\x42\x65\x65\x6e\x64\x65\x6e\
\x00\x44\x61\x74\x65\x69\x00\x44\x61\x74\x65\x69\x2d\x46\x65\x68\
\x6c\x65\x72\x3a\x20\x00\x44\x4f\x55\x42\x4c\x45\x00\x46\x6f\x72\
\x6d\x75\x6c\x61\x72\x2d\x44\x65\x73\x69\x67\x6e\x65\x72\x00\x46\
\x6f\x72\x6d\x75\x6c\x61\x72\x65\x00\x44\x65\x75\x74\x73\x63\x68\
\x00\x4e\x75\x6d\x65\x72\x69\x73\x63\x68\x00\x49\x6e\x74\x65\x72\
\x6e\x65\x72\x20\x46\x65\x68\x6c\x65\x72\x20\x28\x50\x79\x68\x74\
\x6f\x6e\x20\x4e\x61\x6d\x65\x45\x72\x72\x6f\x72\x29\x00\x49\x6e\
\x74\x65\x72\x6e\x65\x72\x2d\x46\x65\x68\x6c\x65\x72\x3a\x20\x00\
\x44\x69\x65\x20\x4c\x4f\x47\x2d\x44\x61\x74\x65\x69\x20\x6b\x6f\
\x6e\x6e\x74\x65\x20\x6e\x69\x63\x68\x74\x20\x67\x65\x6c\xc3\xb6\
\x73\x63\x68\x74\x20\x77\x65\x72\x64\x65\x6e\x00\x44\x69\x65\x20\
\x4c\x4f\x47\x2d\x44\x61\x74\x65\x69\x20\x77\x75\x72\x64\x65\x20\
\x67\x65\x6c\xc3\xb6\x73\x63\x68\x74\x2e\x00\x45\x74\x74\x69\x6b\
\x65\x74\x74\x65\x6e\x00\x53\x70\x72\x61\x63\x68\x65\x00\x4c\x6f\
\x67\x69\x73\x63\x68\x00\x4d\x65\x6e\xc3\xbc\x73\x00\x4e\x65\x75\
\x65\x73\x20\x50\x72\x6f\x6a\x65\x6b\x74\x00\x44\x45\x5a\x49\x4d\
\x41\x4c\x00\x4f\x4b\x00\x45\x69\x6e\x2d\x6b\x6c\x69\x63\x6b\x20\
\x41\x6e\x77\x65\x6e\x64\x75\x6e\x67\x00\xc3\x96\x66\x66\x6e\x65\
\x6e\x00\x44\x61\x74\x65\x69\x20\xc3\xb6\x66\x66\x6e\x65\x6e\x00\
\x50\x72\x6f\x6a\x65\x63\x74\x20\xc3\xb6\x66\x66\x6e\x65\x6e\x00\
\x42\x69\x74\x74\x65\x20\x65\x72\x73\x74\x20\x54\x65\x78\x74\x20\
\x65\x69\x6e\x67\x65\x62\x65\x6e\x2e\x00\x44\x72\x75\x63\x6b\x65\
\x6e\x00\x44\x75\x72\x63\x6b\x76\x6f\x72\x73\x63\x68\x61\x75\x00\
\x50\x72\x6f\x67\x72\x61\x6d\x6d\x65\x00\x45\x69\x67\x65\x6e\x73\
\x63\x68\x61\x66\x74\x65\x6e\x00\x41\x62\x66\x72\x61\x67\x65\x6e\
\x00\x52\x65\x67\x69\x65\x7a\x65\x6e\x74\x72\x75\x6d\x00\x45\x6e\
\x74\x66\x65\x72\x6e\x65\x6e\x00\x55\x6d\x62\x65\x6e\x65\x6e\x6e\
\x65\x6e\x00\x42\x65\x72\x69\x63\x68\x74\x65\x00\x41\x75\x73\x66\
\xc3\xbc\x68\x72\x65\x6e\x20\x2d\x20\x46\x32\x00\x4c\x61\x75\x66\
\x7a\x65\x69\x74\x66\x65\x68\x6c\x65\x72\x00\x4c\x61\x75\x66\x7a\
\x65\x69\x74\x2d\x46\x65\x68\x6c\x65\x72\x3a\x20\x00\x53\x70\x65\
\x69\x63\x68\x65\x72\x6e\x00\x53\x74\x72\x75\x6b\x74\x75\x72\x00\
\x53\x79\x6e\x74\x61\x78\x2d\x46\x65\x68\x6c\x65\x72\x3a\x20\x00\
\x54\x61\x62\x65\x6c\x6c\x65\x6e\x00\x44\x65\x72\x20\x41\x6c\x69\
\x61\x73\x00\x5a\x45\x49\x54\x00\x41\x6e\x73\x69\x63\x68\x74\x00\
\x57\x6f\x6c\x6c\x65\x6e\x20\x53\x69\x65\x20\x64\x69\x65\x20\x41\
\x6e\x77\x65\x6e\x64\x75\x6e\x67\x20\x77\x69\x72\x6b\x6c\x69\x63\
\x68\x20\x62\x65\x65\x6e\x64\x65\x6e\x20\x3f\x00\x41\x6c\x69\x61\
\x73\x20\x65\x78\x69\x73\x74\x69\x65\x72\x74\x20\x62\x65\x72\x65\
\x69\x74\x73\x00\x41\x6c\x6c\x65\x20\x44\x61\x74\x65\x69\x65\x6e\
\x20\x28\x2a\x2e\x2a\x29\x00\x65\x78\x69\x73\x74\x69\x65\x72\x74\
\x20\x73\x63\x68\x6f\x6e\x00\x65\x78\x69\x73\x74\x69\x65\x72\x74\
\x20\x62\x65\x72\x65\x69\x74\x73\x2e\x00\x77\x69\x72\x6b\x6c\x69\
\x63\x68\x20\x65\x6e\x74\x66\x65\x72\x6e\x65\x6e\x3f\x00\x4b\x6f\
\x6e\x6e\x74\x65\x20\x44\x61\x74\x65\x69\x20\x6e\x69\x63\x68\x74\
\x20\xc3\xb6\x66\x66\x6e\x65\x6e\x00\x64\x42\x61\x73\x65\x20\x51\
\x75\x65\x6c\x6c\x63\x6f\x64\x65\x20\x28\x2a\x2e\x70\x72\x67\x29\
\x00\x4c\x4f\x47\x2d\x44\x61\x74\x65\x69\x20\x6c\xc3\xb6\x73\x63\
\x68\x65\x6e\x3f\x00\x44\x61\x74\x65\x69\x20\x69\x73\x74\x20\x69\
\x6e\x20\x62\x65\x6e\x75\x74\x7a\x75\x6e\x67\x00\x44\x61\x74\x65\
\x69\x20\x6e\x69\x63\x68\x74\x20\x67\x65\x66\x75\x6e\x64\x65\x6e\
\x00\x53\x6f\x6c\x6c\x20\x64\x69\x65\x20\x4c\x4f\x47\x2d\x44\x61\
\x74\x65\x69\x20\x77\x69\x72\x6b\x6c\x69\x63\x68\x20\x67\x65\x6c\
\xc3\xb6\x73\x63\x68\x74\x20\x77\x65\x72\x64\x65\x6e\x3f\x00\x4c\
\xc3\xb6\x73\x63\x68\x65\x6e\x20\x66\x65\x68\x6c\x67\x65\x73\x63\
\x68\x6c\x61\x67\x65\x6e\x00\x47\x65\x6c\xc3\xb6\x73\x63\x68\x74\
\x00\x53\x69\x65\x20\x6d\xc3\xbc\x73\x73\x65\x6e\x20\x64\x69\x65\
\x20\x44\x61\x74\x65\x69\x20\x73\x65\x6c\x62\x73\x74\x20\x6c\xc3\
\xb6\x73\x63\x68\x65\x6e\x00\
\x00\x00\x0e\xb8\
\xde\
\x12\x04\x95\x00\x00\x00\x00\x4e\x00\x00\x00\x1c\x00\x00\x00\x8c\
\x02\x00\x00\x00\x00\x00\x00\xfc\x04\x00\x00\x00\x00\x00\x00\xfc\
\x04\x00\x00\x0e\x00\x00\x00\xfd\x04\x00\x00\x10\x00\x00\x00\x0c\
\x05\x00\x00\x06\x00\x00\x00\x1d\x05\x00\x00\x09\x00\x00\x00\x24\
\x05\x00\x00\x0b\x00\x00\x00\x2e\x05\x00\x00\x05\x00\x00\x00\x3a\
\x05\x00\x00\x11\x00\x00\x00\x40\x05\x00\x00\x0f\x00\x00\x00\x52\
\x05\x00\x00\x12\x00\x00\x00\x62\x05\x00\x00\x07\x00\x00\x00\x75\
\x05\x00\x00\x04\x00\x00\x00\x7d\x05\x00\x00\x10\x00\x00\x00\x82\
\x05\x00\x00\x04\x00\x00\x00\x93\x05\x00\x00\x08\x00\x00\x00\x98\
\x05\x00\x00\x06\x00\x00\x00\xa1\x05\x00\x00\x04\x00\x00\x00\xa8\
\x05\x00\x00\x07\x00\x00\x00\xad\x05\x00\x00\x05\x00\x00\x00\xb5\
\x05\x00\x00\x07\x00\x00\x00\xbb\x05\x00\x00\x04\x00\x00\x00\xc3\
\x05\x00\x00\x04\x00\x00\x00\xc8\x05\x00\x00\x0c\x00\x00\x00\xcd\
\x05\x00\x00\x05\x00\x00\x00\xda\x05\x00\x00\x0d\x00\x00\x00\xe0\
\x05\x00\x00\x05\x00\x00\x00\xee\x05\x00\x00\x06\x00\x00\x00\xf4\
\x05\x00\x00\x07\x00\x00\x00\xfb\x05\x00\x00\x21\x00\x00\x00\x03\
\x06\x00\x00\x10\x00\x00\x00\x25\x06\x00\x00\x19\x00\x00\x00\x36\
\x06\x00\x00\x1a\x00\x00\x00\x50\x06\x00\x00\x06\x00\x00\x00\x6b\
\x06\x00\x00\x08\x00\x00\x00\x72\x06\x00\x00\x07\x00\x00\x00\x7b\
\x06\x00\x00\x05\x00\x00\x00\x83\x06\x00\x00\x0b\x00\x00\x00\x89\
\x06\x00\x00\x07\x00\x00\x00\x95\x06\x00\x00\x02\x00\x00\x00\x9d\
\x06\x00\x00\x15\x00\x00\x00\xa0\x06\x00\x00\x04\x00\x00\x00\xb6\
\x06\x00\x00\x0c\x00\x00\x00\xbb\x06\x00\x00\x0c\x00\x00\x00\xc8\
\x06\x00\x00\x11\x00\x00\x00\xd5\x06\x00\x00\x05\x00\x00\x00\xe7\
\x06\x00\x00\x0d\x00\x00\x00\xed\x06\x00\x00\x08\x00\x00\x00\xfb\
\x06\x00\x00\x0a\x00\x00\x00\x04\x07\x00\x00\x07\x00\x00\x00\x0f\
\x07\x00\x00\x0b\x00\x00\x00\x17\x07\x00\x00\x06\x00\x00\x00\x23\
\x07\x00\x00\x06\x00\x00\x00\x2a\x07\x00\x00\x07\x00\x00\x00\x31\
\x07\x00\x00\x08\x00\x00\x00\x39\x07\x00\x00\x0d\x00\x00\x00\x42\
\x07\x00\x00\x0f\x00\x00\x00\x50\x07\x00\x00\x04\x00\x00\x00\x60\
\x07\x00\x00\x09\x00\x00\x00\x65\x07\x00\x00\x0e\x00\x00\x00\x6f\
\x07\x00\x00\x06\x00\x00\x00\x7e\x07\x00\x00\x09\x00\x00\x00\x85\
\x07\x00\x00\x04\x00\x00\x00\x8f\x07\x00\x00\x04\x00\x00\x00\x94\
\x07\x00\x00\x26\x00\x00\x00\x99\x07\x00\x00\x14\x00\x00\x00\xc0\
\x07\x00\x00\x08\x00\x00\x00\xd5\x07\x00\x00\x0e\x00\x00\x00\xde\
\x07\x00\x00\x0f\x00\x00\x00\xed\x07\x00\x00\x18\x00\x00\x00\xfd\
\x07\x00\x00\x13\x00\x00\x00\x16\x08\x00\x00\x14\x00\x00\x00\x2a\
\x08\x00\x00\x10\x00\x00\x00\x3f\x08\x00\x00\x0e\x00\x00\x00\x50\
\x08\x00\x00\x0e\x00\x00\x00\x5f\x08\x00\x00\x10\x00\x00\x00\x6e\
\x08\x00\x00\x13\x00\x00\x00\x7f\x08\x00\x00\x07\x00\x00\x00\x93\
\x08\x00\x00\x1f\x00\x00\x00\x9b\x08\x00\x00\x5a\x01\x00\x00\xbb\
\x08\x00\x00\x10\x00\x00\x00\x16\x0a\x00\x00\x12\x00\x00\x00\x27\
\x0a\x00\x00\x09\x00\x00\x00\x3a\x0a\x00\x00\x07\x00\x00\x00\x44\
\x0a\x00\x00\x0f\x00\x00\x00\x4c\x0a\x00\x00\x0a\x00\x00\x00\x5c\
\x0a\x00\x00\x14\x00\x00\x00\x67\x0a\x00\x00\x12\x00\x00\x00\x7c\
\x0a\x00\x00\x14\x00\x00\x00\x8f\x0a\x00\x00\x0b\x00\x00\x00\xa4\
\x0a\x00\x00\x08\x00\x00\x00\xb0\x0a\x00\x00\x14\x00\x00\x00\xb9\
\x0a\x00\x00\x05\x00\x00\x00\xce\x0a\x00\x00\x09\x00\x00\x00\xd4\
\x0a\x00\x00\x08\x00\x00\x00\xde\x0a\x00\x00\x0a\x00\x00\x00\xe7\
\x0a\x00\x00\x08\x00\x00\x00\xf2\x0a\x00\x00\x05\x00\x00\x00\xfb\
\x0a\x00\x00\x08\x00\x00\x00\x01\x0b\x00\x00\x07\x00\x00\x00\x0a\
\x0b\x00\x00\x05\x00\x00\x00\x12\x0b\x00\x00\x0e\x00\x00\x00\x18\
\x0b\x00\x00\x06\x00\x00\x00\x27\x0b\x00\x00\x11\x00\x00\x00\x2e\
\x0b\x00\x00\x09\x00\x00\x00\x40\x0b\x00\x00\x07\x00\x00\x00\x4a\
\x0b\x00\x00\x09\x00\x00\x00\x52\x0b\x00\x00\x22\x00\x00\x00\x5c\
\x0b\x00\x00\x11\x00\x00\x00\x7f\x0b\x00\x00\x2b\x00\x00\x00\x91\
\x0b\x00\x00\x1e\x00\x00\x00\xbd\x0b\x00\x00\x0a\x00\x00\x00\xdc\
\x0b\x00\x00\x07\x00\x00\x00\xe7\x0b\x00\x00\x07\x00\x00\x00\xef\
\x0b\x00\x00\x06\x00\x00\x00\xf7\x0b\x00\x00\x0d\x00\x00\x00\xfe\
\x0b\x00\x00\x07\x00\x00\x00\x0c\x0c\x00\x00\x02\x00\x00\x00\x14\
\x0c\x00\x00\x13\x00\x00\x00\x17\x0c\x00\x00\x07\x00\x00\x00\x2b\
\x0c\x00\x00\x0d\x00\x00\x00\x33\x0c\x00\x00\x0f\x00\x00\x00\x41\
\x0c\x00\x00\x19\x00\x00\x00\x51\x0c\x00\x00\x07\x00\x00\x00\x6b\
\x0c\x00\x00\x0d\x00\x00\x00\x73\x0c\x00\x00\x09\x00\x00\x00\x81\
\x0c\x00\x00\x0d\x00\x00\x00\x8b\x0c\x00\x00\x08\x00\x00\x00\x99\
\x0c\x00\x00\x0c\x00\x00\x00\xa2\x0c\x00\x00\x09\x00\x00\x00\xaf\
\x0c\x00\x00\x0a\x00\x00\x00\xb9\x0c\x00\x00\x08\x00\x00\x00\xc4\
\x0c\x00\x00\x0f\x00\x00\x00\xcd\x0c\x00\x00\x0e\x00\x00\x00\xdd\
\x0c\x00\x00\x11\x00\x00\x00\xec\x0c\x00\x00\x09\x00\x00\x00\xfe\
\x0c\x00\x00\x08\x00\x00\x00\x08\x0d\x00\x00\x0f\x00\x00\x00\x11\
\x0d\x00\x00\x08\x00\x00\x00\x21\x0d\x00\x00\x09\x00\x00\x00\x2a\
\x0d\x00\x00\x04\x00\x00\x00\x34\x0d\x00\x00\x07\x00\x00\x00\x39\
\x0d\x00\x00\x2b\x00\x00\x00\x41\x0d\x00\x00\x17\x00\x00\x00\x6d\
\x0d\x00\x00\x12\x00\x00\x00\x85\x0d\x00\x00\x0f\x00\x00\x00\x98\
\x0d\x00\x00\x12\x00\x00\x00\xa8\x0d\x00\x00\x13\x00\x00\x00\xbb\
\x0d\x00\x00\x1a\x00\x00\x00\xcf\x0d\x00\x00\x17\x00\x00\x00\xea\
\x0d\x00\x00\x13\x00\x00\x00\x02\x0e\x00\x00\x16\x00\x00\x00\x16\
\x0e\x00\x00\x14\x00\x00\x00\x2d\x0e\x00\x00\x2d\x00\x00\x00\x42\
\x0e\x00\x00\x17\x00\x00\x00\x70\x0e\x00\x00\x09\x00\x00\x00\x88\
\x0e\x00\x00\x25\x00\x00\x00\x92\x0e\x00\x00\x00\x41\x63\x63\x65\
\x73\x73\x20\x45\x72\x72\x6f\x72\x3a\x20\x00\x41\x74\x74\x72\x69\
\x62\x75\x74\x20\x45\x72\x72\x6f\x72\x3a\x20\x00\x43\x61\x6e\x63\
\x65\x6c\x00\x43\x68\x61\x72\x61\x63\x74\x65\x72\x00\x43\x68\x6f\
\x6f\x73\x65\x20\x70\x61\x74\x68\x00\x43\x6c\x6f\x73\x65\x00\x43\
\x6c\x6f\x73\x65\x20\x41\x70\x70\x6c\x69\x63\x61\x74\x69\x6f\x6e\
\x00\x43\x6f\x6d\x6d\x65\x6e\x74\x20\x45\x72\x72\x6f\x72\x3a\x20\
\x00\x43\x6f\x6d\x6d\x6f\x6e\x20\x45\x78\x63\x65\x70\x74\x69\x6f\
\x6e\x3a\x20\x00\x43\x6f\x6d\x70\x69\x6c\x65\x00\x43\x6f\x70\x79\
\x00\x44\x61\x74\x61\x62\x61\x73\x65\x20\x4d\x61\x6e\x61\x67\x65\
\x72\x00\x44\x61\x74\x65\x00\x44\x61\x74\x65\x54\x69\x6d\x65\x00\
\x44\x65\x6c\x65\x74\x65\x00\x45\x64\x69\x74\x00\x45\x6e\x67\x6c\
\x69\x73\x68\x00\x45\x72\x72\x6f\x72\x00\x45\x72\x72\x6f\x72\x3a\
\x20\x00\x45\x78\x69\x74\x00\x46\x69\x6c\x65\x00\x46\x69\x6c\x65\
\x20\x45\x72\x72\x6f\x72\x3a\x20\x00\x46\x6c\x6f\x61\x74\x00\x46\
\x6f\x72\x6d\x2d\x44\x65\x73\x69\x67\x6e\x65\x72\x00\x46\x6f\x72\
\x6d\x73\x00\x47\x65\x72\x6d\x61\x6e\x00\x49\x6e\x74\x65\x67\x65\
\x72\x00\x49\x6e\x74\x65\x72\x6e\x61\x6c\x20\x45\x72\x72\x6f\x72\
\x20\x28\x50\x79\x74\x68\x6f\x6e\x20\x4e\x61\x6d\x65\x45\x72\x72\
\x6f\x72\x29\x00\x49\x6e\x74\x65\x72\x6e\x61\x6c\x20\x45\x72\x72\
\x6f\x72\x3a\x20\x00\x4c\x4f\x47\x20\x66\x69\x6c\x65\x20\x63\x6f\
\x75\x6c\x64\x20\x6e\x6f\x74\x20\x72\x65\x6d\x6f\x76\x65\x00\x4c\
\x4f\x47\x20\x66\x69\x6c\x65\x20\x68\x61\x76\x65\x20\x62\x65\x65\
\x6e\x20\x72\x65\x6d\x6f\x76\x65\x64\x00\x4c\x61\x62\x65\x6c\x73\
\x00\x4c\x61\x6e\x67\x75\x61\x67\x65\x00\x4c\x6f\x67\x69\x63\x61\
\x6c\x00\x4d\x65\x6e\x75\x65\x00\x4e\x65\x77\x20\x50\x72\x6f\x6a\
\x65\x63\x74\x00\x4e\x75\x6d\x65\x72\x69\x63\x00\x4f\x4b\x00\x4f\
\x6e\x65\x2d\x43\x6c\x69\x63\x6b\x20\x41\x70\x70\x6c\x69\x63\x61\
\x74\x69\x6f\x6e\x00\x4f\x70\x65\x6e\x00\x4f\x70\x65\x6e\x20\x46\
\x69\x6c\x65\x2e\x2e\x2e\x00\x4f\x70\x65\x6e\x20\x50\x72\x6f\x6a\
\x65\x63\x74\x00\x50\x6c\x65\x61\x73\x65\x20\x65\x6e\x74\x65\x72\
\x20\x74\x65\x78\x74\x00\x50\x72\x69\x6e\x74\x00\x50\x72\x69\x6e\
\x74\x20\x50\x72\x65\x76\x69\x65\x77\x00\x50\x72\x6f\x67\x72\x61\
\x6d\x73\x00\x50\x72\x6f\x70\x65\x72\x74\x69\x65\x73\x00\x51\x75\
\x65\x72\x69\x65\x73\x00\x52\x65\x67\x69\x65\x63\x65\x6e\x74\x65\
\x72\x00\x52\x65\x6d\x6f\x76\x65\x00\x52\x65\x6e\x61\x6d\x65\x00\
\x52\x65\x70\x6f\x72\x74\x73\x00\x52\x75\x6e\x20\x2d\x20\x46\x32\
\x00\x52\x75\x6e\x74\x69\x6d\x65\x20\x45\x72\x72\x6f\x72\x00\x52\
\x75\x6e\x74\x69\x6d\x65\x20\x45\x72\x72\x6f\x72\x3a\x20\x00\x53\
\x61\x76\x65\x00\x53\x74\x72\x75\x63\x74\x75\x72\x65\x00\x53\x79\
\x6e\x74\x61\x78\x20\x45\x72\x72\x6f\x72\x3a\x20\x00\x54\x61\x62\
\x6c\x65\x73\x00\x54\x68\x65\x20\x61\x6c\x69\x61\x73\x00\x54\x69\
\x6d\x65\x00\x56\x69\x65\x77\x00\x57\x6f\x75\x6c\x64\x20\x79\x6f\
\x75\x20\x72\x65\x61\x6c\x79\x20\x63\x6c\x6f\x73\x65\x20\x74\x68\
\x65\x20\x41\x70\x70\x6c\x69\x63\x61\x74\x69\x6f\x6e\x3f\x00\x61\
\x6c\x69\x61\x73\x20\x61\x6c\x72\x65\x61\x64\x79\x20\x65\x78\x69\
\x73\x74\x73\x00\x61\x6c\x6c\x46\x69\x6c\x65\x73\x00\x61\x6c\x72\
\x65\x61\x64\x79\x20\x65\x78\x69\x73\x74\x73\x00\x61\x6c\x72\x65\
\x61\x64\x79\x20\x65\x78\x69\x73\x74\x73\x2e\x00\x61\x72\x65\x20\
\x79\x6f\x75\x20\x73\x75\x72\x65\x2c\x20\x74\x6f\x20\x64\x65\x6c\
\x65\x74\x65\x3f\x00\x63\x6f\x75\x6c\x64\x20\x6e\x6f\x74\x20\x6f\
\x70\x65\x6e\x20\x66\x69\x6c\x65\x00\x64\x42\x61\x73\x65\x53\x6f\
\x75\x72\x63\x65\x63\x6f\x64\x65\x46\x69\x6c\x65\x73\x00\x64\x65\
\x6c\x65\x74\x65\x20\x4c\x4f\x47\x20\x66\x69\x6c\x65\x3f\x00\x66\
\x69\x6c\x65\x20\x69\x73\x20\x69\x6e\x20\x75\x73\x65\x00\x66\x69\
\x6c\x65\x20\x6e\x6f\x74\x20\x66\x6f\x75\x6e\x64\x00\x72\x65\x6d\
\x6f\x76\x65\x20\x4c\x4f\x47\x20\x66\x69\x6c\x65\x3f\x00\x72\x65\
\x6d\x6f\x76\x65\x20\x66\x69\x6c\x65\x20\x64\x69\x65\x6e\x65\x64\
\x2e\x00\x72\x65\x6d\x76\x6f\x65\x64\x00\x79\x6f\x75\x20\x68\x61\
\x76\x65\x20\x74\x6f\x20\x72\x65\x6d\x6f\x76\x65\x20\x69\x74\x20\
\x79\x6f\x75\x72\x20\x73\x65\x6c\x66\x00\x50\x72\x6f\x6a\x65\x63\
\x74\x2d\x49\x64\x2d\x56\x65\x72\x73\x69\x6f\x6e\x3a\x20\x61\x70\
\x70\x20\x31\x2e\x30\x0a\x52\x65\x70\x6f\x72\x74\x2d\x4d\x73\x67\
\x69\x64\x2d\x42\x75\x67\x73\x2d\x54\x6f\x3a\x20\x70\x61\x75\x6c\
\x65\x33\x32\x2e\x6a\x6b\x40\x67\x6d\x61\x69\x6c\x2e\x63\x6f\x6d\
\x0a\x50\x4f\x54\x2d\x43\x72\x65\x61\x74\x69\x6f\x6e\x2d\x44\x61\
\x74\x65\x3a\x20\x32\x30\x32\x36\x2d\x30\x32\x2d\x32\x34\x20\x30\
\x30\x3a\x30\x30\x2b\x30\x31\x30\x30\x0a\x50\x4f\x2d\x52\x65\x76\
\x69\x73\x69\x6f\x6e\x2d\x44\x61\x74\x65\x3a\x20\x32\x30\x32\x36\
\x2d\x30\x32\x2d\x32\x34\x20\x30\x30\x3a\x30\x30\x2b\x30\x31\x30\
\x30\x0a\x4c\x61\x73\x74\x2d\x54\x72\x61\x6e\x73\x6c\x61\x74\x6f\
\x72\x3a\x20\x70\x61\x75\x6c\x65\x33\x32\x0a\x4c\x61\x6e\x67\x75\
\x61\x67\x65\x2d\x54\x65\x61\x6d\x3a\x20\x70\x61\x75\x6c\x65\x33\
\x32\x0a\x4c\x61\x6e\x67\x75\x61\x67\x65\x3a\x20\x64\x65\x0a\x4d\
\x49\x4d\x45\x2d\x56\x65\x72\x73\x69\x6f\x6e\x3a\x20\x31\x2e\x30\
\x0a\x43\x6f\x6e\x74\x65\x6e\x74\x2d\x54\x79\x70\x65\x3a\x20\x74\
\x65\x78\x74\x2f\x70\x6c\x61\x69\x6e\x3b\x20\x63\x68\x61\x72\x73\
\x65\x74\x3d\x55\x54\x46\x2d\x38\x0a\x43\x6f\x6e\x74\x65\x6e\x74\
\x2d\x54\x72\x61\x6e\x73\x66\x65\x72\x2d\x45\x6e\x63\x6f\x64\x69\
\x6e\x67\x3a\x20\x38\x62\x69\x74\x0a\x50\x6c\x75\x72\x61\x6c\x2d\
\x46\x6f\x72\x6d\x73\x3a\x20\x6e\x70\x6c\x75\x72\x61\x6c\x73\x3d\
\x32\x3b\x20\x70\x6c\x75\x72\x61\x6c\x3d\x28\x6e\x20\x21\x3d\x20\
\x31\x29\x3b\x0a\x00\x5a\x75\x67\x72\x69\x66\x66\x2d\x46\x65\x68\
\x6c\x65\x72\x3a\x20\x00\x41\x74\x74\x72\x69\x62\x75\x74\x65\x2d\
\x46\x65\x68\x6c\x65\x72\x3a\x20\x00\x41\x62\x62\x72\x65\x63\x68\
\x65\x6e\x00\x5a\x65\x69\x63\x68\x65\x6e\x00\x50\x66\x61\x64\x20\
\x61\x75\x73\x77\xc3\xa4\x68\x6c\x65\x6e\x00\x53\x63\x68\x6c\x69\
\x65\xc3\x9f\x65\x6e\x00\x41\x6e\x77\x65\x6e\x64\x75\x6e\x67\x20\
\x73\x63\x68\x6c\x69\x65\xc3\x9f\x65\x6e\x00\x4b\x6f\x6d\x6d\x65\
\x6e\x74\x61\x72\x2d\x46\x65\x68\x6c\x65\x72\x3a\x20\x00\x41\x6c\
\x6c\x67\x65\x6d\x65\x69\x6e\x65\x72\x20\x46\x65\x68\x6c\x65\x72\
\x3a\x20\x00\x43\x6f\x6d\x70\x69\x6c\x69\x65\x72\x65\x6e\x00\x4b\
\x6f\x70\x69\x65\x72\x65\x6e\x00\x44\x61\x74\x65\x6e\x62\x61\x6e\
\x6b\x2d\x56\x65\x72\x77\x61\x6c\x74\x75\x6e\x67\x00\x44\x41\x54\
\x55\x4d\x00\x44\x41\x54\x55\x4d\x5a\x45\x49\x54\x00\x4c\xc3\xb6\
\x73\x63\x68\x65\x6e\x00\x42\x65\x61\x72\x62\x65\x69\x74\x65\x6e\
\x00\x45\x6e\x67\x6c\x69\x73\x63\x68\x00\x45\x72\x72\x6f\x72\x00\
\x46\x65\x68\x6c\x65\x72\x3a\x20\x00\x42\x65\x65\x6e\x64\x65\x6e\
\x00\x44\x61\x74\x65\x69\x00\x44\x61\x74\x65\x69\x2d\x46\x65\x68\
\x6c\x65\x72\x3a\x20\x00\x44\x4f\x55\x42\x4c\x45\x00\x46\x6f\x72\
\x6d\x75\x6c\x61\x72\x2d\x44\x65\x73\x69\x67\x6e\x65\x72\x00\x46\
\x6f\x72\x6d\x75\x6c\x61\x72\x65\x00\x44\x65\x75\x74\x73\x63\x68\
\x00\x4e\x75\x6d\x65\x72\x69\x73\x63\x68\x00\x49\x6e\x74\x65\x72\
\x6e\x65\x72\x20\x46\x65\x68\x6c\x65\x72\x20\x28\x50\x79\x68\x74\
\x6f\x6e\x20\x4e\x61\x6d\x65\x45\x72\x72\x6f\x72\x29\x00\x49\x6e\
\x74\x65\x72\x6e\x65\x72\x2d\x46\x65\x68\x6c\x65\x72\x3a\x20\x00\
\x44\x69\x65\x20\x4c\x4f\x47\x2d\x44\x61\x74\x65\x69\x20\x6b\x6f\
\x6e\x6e\x74\x65\x20\x6e\x69\x63\x68\x74\x20\x67\x65\x6c\xc3\xb6\
\x73\x63\x68\x74\x20\x77\x65\x72\x64\x65\x6e\x00\x44\x69\x65\x20\
\x4c\x4f\x47\x2d\x44\x61\x74\x65\x69\x20\x77\x75\x72\x64\x65\x20\
\x67\x65\x6c\xc3\xb6\x73\x63\x68\x74\x2e\x00\x45\x74\x74\x69\x6b\
\x65\x74\x74\x65\x6e\x00\x53\x70\x72\x61\x63\x68\x65\x00\x4c\x6f\
\x67\x69\x73\x63\x68\x00\x4d\x65\x6e\xc3\xbc\x73\x00\x4e\x65\x75\
\x65\x73\x20\x50\x72\x6f\x6a\x65\x6b\x74\x00\x44\x45\x5a\x49\x4d\
\x41\x4c\x00\x4f\x4b\x00\x45\x69\x6e\x2d\x6b\x6c\x69\x63\x6b\x20\
\x41\x6e\x77\x65\x6e\x64\x75\x6e\x67\x00\xc3\x96\x66\x66\x6e\x65\
\x6e\x00\x44\x61\x74\x65\x69\x20\xc3\xb6\x66\x66\x6e\x65\x6e\x00\
\x50\x72\x6f\x6a\x65\x63\x74\x20\xc3\xb6\x66\x66\x6e\x65\x6e\x00\
\x42\x69\x74\x74\x65\x20\x65\x72\x73\x74\x20\x54\x65\x78\x74\x20\
\x65\x69\x6e\x67\x65\x62\x65\x6e\x2e\x00\x44\x72\x75\x63\x6b\x65\
\x6e\x00\x44\x75\x72\x63\x6b\x76\x6f\x72\x73\x63\x68\x61\x75\x00\
\x50\x72\x6f\x67\x72\x61\x6d\x6d\x65\x00\x45\x69\x67\x65\x6e\x73\
\x63\x68\x61\x66\x74\x65\x6e\x00\x41\x62\x66\x72\x61\x67\x65\x6e\
\x00\x52\x65\x67\x69\x65\x7a\x65\x6e\x74\x72\x75\x6d\x00\x45\x6e\
\x74\x66\x65\x72\x6e\x65\x6e\x00\x55\x6d\x62\x65\x6e\x65\x6e\x6e\
\x65\x6e\x00\x42\x65\x72\x69\x63\x68\x74\x65\x00\x41\x75\x73\x66\
\xc3\xbc\x68\x72\x65\x6e\x20\x2d\x20\x46\x32\x00\x4c\x61\x75\x66\
\x7a\x65\x69\x74\x66\x65\x68\x6c\x65\x72\x00\x4c\x61\x75\x66\x7a\
\x65\x69\x74\x2d\x46\x65\x68\x6c\x65\x72\x3a\x20\x00\x53\x70\x65\
\x69\x63\x68\x65\x72\x6e\x00\x53\x74\x72\x75\x6b\x74\x75\x72\x00\
\x53\x79\x6e\x74\x61\x78\x2d\x46\x65\x68\x6c\x65\x72\x3a\x20\x00\
\x54\x61\x62\x65\x6c\x6c\x65\x6e\x00\x44\x65\x72\x20\x41\x6c\x69\
\x61\x73\x00\x5a\x45\x49\x54\x00\x41\x6e\x73\x69\x63\x68\x74\x00\
\x57\x6f\x6c\x6c\x65\x6e\x20\x53\x69\x65\x20\x64\x69\x65\x20\x41\
\x6e\x77\x65\x6e\x64\x75\x6e\x67\x20\x77\x69\x72\x6b\x6c\x69\x63\
\x68\x20\x62\x65\x65\x6e\x64\x65\x6e\x20\x3f\x00\x41\x6c\x69\x61\
\x73\x20\x65\x78\x69\x73\x74\x69\x65\x72\x74\x20\x62\x65\x72\x65\
\x69\x74\x73\x00\x41\x6c\x6c\x65\x20\x44\x61\x74\x65\x69\x65\x6e\
\x20\x28\x2a\x2e\x2a\x29\x00\x65\x78\x69\x73\x74\x69\x65\x72\x74\
\x20\x73\x63\x68\x6f\x6e\x00\x65\x78\x69\x73\x74\x69\x65\x72\x74\
\x20\x62\x65\x72\x65\x69\x74\x73\x2e\x00\x77\x69\x72\x6b\x6c\x69\
\x63\x68\x20\x65\x6e\x74\x66\x65\x72\x6e\x65\x6e\x3f\x00\x4b\x6f\
\x6e\x6e\x74\x65\x20\x44\x61\x74\x65\x69\x20\x6e\x69\x63\x68\x74\
\x20\xc3\xb6\x66\x66\x6e\x65\x6e\x00\x64\x42\x61\x73\x65\x20\x51\
\x75\x65\x6c\x6c\x63\x6f\x64\x65\x20\x28\x2a\x2e\x70\x72\x67\x29\
\x00\x4c\x4f\x47\x2d\x44\x61\x74\x65\x69\x20\x6c\xc3\xb6\x73\x63\
\x68\x65\x6e\x3f\x00\x44\x61\x74\x65\x69\x20\x69\x73\x74\x20\x69\
\x6e\x20\x62\x65\x6e\x75\x74\x7a\x75\x6e\x67\x00\x44\x61\x74\x65\
\x69\x20\x6e\x69\x63\x68\x74\x20\x67\x65\x66\x75\x6e\x64\x65\x6e\
\x00\x53\x6f\x6c\x6c\x20\x64\x69\x65\x20\x4c\x4f\x47\x2d\x44\x61\
\x74\x65\x69\x20\x77\x69\x72\x6b\x6c\x69\x63\x68\x20\x67\x65\x6c\
\xc3\xb6\x73\x63\x68\x74\x20\x77\x65\x72\x64\x65\x6e\x3f\x00\x4c\
\xc3\xb6\x73\x63\x68\x65\x6e\x20\x66\x65\x68\x6c\x67\x65\x73\x63\
\x68\x6c\x61\x67\x65\x6e\x00\x47\x65\x6c\xc3\xb6\x73\x63\x68\x74\
\x00\x53\x69\x65\x20\x6d\xc3\xbc\x73\x73\x65\x6e\x20\x64\x69\x65\
\x20\x44\x61\x74\x65\x69\x20\x73\x65\x6c\x62\x73\x74\x20\x6c\xc3\
\xb6\x73\x63\x68\x65\x6e\x00\
\x00\x00\x0e\xb8\
\xde\
\x12\x04\x95\x00\x00\x00\x00\x4e\x00\x00\x00\x1c\x00\x00\x00\x8c\
\x02\x00\x00\x00\x00\x00\x00\xfc\x04\x00\x00\x00\x00\x00\x00\xfc\
\x04\x00\x00\x0e\x00\x00\x00\xfd\x04\x00\x00\x10\x00\x00\x00\x0c\
\x05\x00\x00\x06\x00\x00\x00\x1d\x05\x00\x00\x09\x00\x00\x00\x24\
\x05\x00\x00\x0b\x00\x00\x00\x2e\x05\x00\x00\x05\x00\x00\x00\x3a\
\x05\x00\x00\x11\x00\x00\x00\x40\x05\x00\x00\x0f\x00\x00\x00\x52\
\x05\x00\x00\x12\x00\x00\x00\x62\x05\x00\x00\x07\x00\x00\x00\x75\
\x05\x00\x00\x04\x00\x00\x00\x7d\x05\x00\x00\x10\x00\x00\x00\x82\
\x05\x00\x00\x04\x00\x00\x00\x93\x05\x00\x00\x08\x00\x00\x00\x98\
\x05\x00\x00\x06\x00\x00\x00\xa1\x05\x00\x00\x04\x00\x00\x00\xa8\
\x05\x00\x00\x07\x00\x00\x00\xad\x05\x00\x00\x05\x00\x00\x00\xb5\
\x05\x00\x00\x07\x00\x00\x00\xbb\x05\x00\x00\x04\x00\x00\x00\xc3\
\x05\x00\x00\x04\x00\x00\x00\xc8\x05\x00\x00\x0c\x00\x00\x00\xcd\
\x05\x00\x00\x05\x00\x00\x00\xda\x05\x00\x00\x0d\x00\x00\x00\xe0\
\x05\x00\x00\x05\x00\x00\x00\xee\x05\x00\x00\x06\x00\x00\x00\xf4\
\x05\x00\x00\x07\x00\x00\x00\xfb\x05\x00\x00\x21\x00\x00\x00\x03\
\x06\x00\x00\x10\x00\x00\x00\x25\x06\x00\x00\x19\x00\x00\x00\x36\
\x06\x00\x00\x1a\x00\x00\x00\x50\x06\x00\x00\x06\x00\x00\x00\x6b\
\x06\x00\x00\x08\x00\x00\x00\x72\x06\x00\x00\x07\x00\x00\x00\x7b\
\x06\x00\x00\x05\x00\x00\x00\x83\x06\x00\x00\x0b\x00\x00\x00\x89\
\x06\x00\x00\x07\x00\x00\x00\x95\x06\x00\x00\x02\x00\x00\x00\x9d\
\x06\x00\x00\x15\x00\x00\x00\xa0\x06\x00\x00\x04\x00\x00\x00\xb6\
\x06\x00\x00\x0c\x00\x00\x00\xbb\x06\x00\x00\x0c\x00\x00\x00\xc8\
\x06\x00\x00\x11\x00\x00\x00\xd5\x06\x00\x00\x05\x00\x00\x00\xe7\
\x06\x00\x00\x0d\x00\x00\x00\xed\x06\x00\x00\x08\x00\x00\x00\xfb\
\x06\x00\x00\x0a\x00\x00\x00\x04\x07\x00\x00\x07\x00\x00\x00\x0f\
\x07\x00\x00\x0b\x00\x00\x00\x17\x07\x00\x00\x06\x00\x00\x00\x23\
\x07\x00\x00\x06\x00\x00\x00\x2a\x07\x00\x00\x07\x00\x00\x00\x31\
\x07\x00\x00\x08\x00\x00\x00\x39\x07\x00\x00\x0d\x00\x00\x00\x42\
\x07\x00\x00\x0f\x00\x00\x00\x50\x07\x00\x00\x04\x00\x00\x00\x60\
\x07\x00\x00\x09\x00\x00\x00\x65\x07\x00\x00\x0e\x00\x00\x00\x6f\
\x07\x00\x00\x06\x00\x00\x00\x7e\x07\x00\x00\x09\x00\x00\x00\x85\
\x07\x00\x00\x04\x00\x00\x00\x8f\x07\x00\x00\x04\x00\x00\x00\x94\
\x07\x00\x00\x26\x00\x00\x00\x99\x07\x00\x00\x14\x00\x00\x00\xc0\
\x07\x00\x00\x08\x00\x00\x00\xd5\x07\x00\x00\x0e\x00\x00\x00\xde\
\x07\x00\x00\x0f\x00\x00\x00\xed\x07\x00\x00\x18\x00\x00\x00\xfd\
\x07\x00\x00\x13\x00\x00\x00\x16\x08\x00\x00\x14\x00\x00\x00\x2a\
\x08\x00\x00\x10\x00\x00\x00\x3f\x08\x00\x00\x0e\x00\x00\x00\x50\
\x08\x00\x00\x0e\x00\x00\x00\x5f\x08\x00\x00\x10\x00\x00\x00\x6e\
\x08\x00\x00\x13\x00\x00\x00\x7f\x08\x00\x00\x07\x00\x00\x00\x93\
\x08\x00\x00\x1f\x00\x00\x00\x9b\x08\x00\x00\x5a\x01\x00\x00\xbb\
\x08\x00\x00\x10\x00\x00\x00\x16\x0a\x00\x00\x12\x00\x00\x00\x27\
\x0a\x00\x00\x09\x00\x00\x00\x3a\x0a\x00\x00\x07\x00\x00\x00\x44\
\x0a\x00\x00\x0f\x00\x00\x00\x4c\x0a\x00\x00\x0a\x00\x00\x00\x5c\
\x0a\x00\x00\x14\x00\x00\x00\x67\x0a\x00\x00\x12\x00\x00\x00\x7c\
\x0a\x00\x00\x14\x00\x00\x00\x8f\x0a\x00\x00\x0b\x00\x00\x00\xa4\
\x0a\x00\x00\x08\x00\x00\x00\xb0\x0a\x00\x00\x14\x00\x00\x00\xb9\
\x0a\x00\x00\x05\x00\x00\x00\xce\x0a\x00\x00\x09\x00\x00\x00\xd4\
\x0a\x00\x00\x08\x00\x00\x00\xde\x0a\x00\x00\x0a\x00\x00\x00\xe7\
\x0a\x00\x00\x08\x00\x00\x00\xf2\x0a\x00\x00\x05\x00\x00\x00\xfb\
\x0a\x00\x00\x08\x00\x00\x00\x01\x0b\x00\x00\x07\x00\x00\x00\x0a\
\x0b\x00\x00\x05\x00\x00\x00\x12\x0b\x00\x00\x0e\x00\x00\x00\x18\
\x0b\x00\x00\x06\x00\x00\x00\x27\x0b\x00\x00\x11\x00\x00\x00\x2e\
\x0b\x00\x00\x09\x00\x00\x00\x40\x0b\x00\x00\x07\x00\x00\x00\x4a\
\x0b\x00\x00\x09\x00\x00\x00\x52\x0b\x00\x00\x22\x00\x00\x00\x5c\
\x0b\x00\x00\x11\x00\x00\x00\x7f\x0b\x00\x00\x2b\x00\x00\x00\x91\
\x0b\x00\x00\x1e\x00\x00\x00\xbd\x0b\x00\x00\x0a\x00\x00\x00\xdc\
\x0b\x00\x00\x07\x00\x00\x00\xe7\x0b\x00\x00\x07\x00\x00\x00\xef\
\x0b\x00\x00\x06\x00\x00\x00\xf7\x0b\x00\x00\x0d\x00\x00\x00\xfe\
\x0b\x00\x00\x07\x00\x00\x00\x0c\x0c\x00\x00\x02\x00\x00\x00\x14\
\x0c\x00\x00\x13\x00\x00\x00\x17\x0c\x00\x00\x07\x00\x00\x00\x2b\
\x0c\x00\x00\x0d\x00\x00\x00\x33\x0c\x00\x00\x0f\x00\x00\x00\x41\
\x0c\x00\x00\x19\x00\x00\x00\x51\x0c\x00\x00\x07\x00\x00\x00\x6b\
\x0c\x00\x00\x0d\x00\x00\x00\x73\x0c\x00\x00\x09\x00\x00\x00\x81\
\x0c\x00\x00\x0d\x00\x00\x00\x8b\x0c\x00\x00\x08\x00\x00\x00\x99\
\x0c\x00\x00\x0c\x00\x00\x00\xa2\x0c\x00\x00\x09\x00\x00\x00\xaf\
\x0c\x00\x00\x0a\x00\x00\x00\xb9\x0c\x00\x00\x08\x00\x00\x00\xc4\
\x0c\x00\x00\x0f\x00\x00\x00\xcd\x0c\x00\x00\x0e\x00\x00\x00\xdd\
\x0c\x00\x00\x11\x00\x00\x00\xec\x0c\x00\x00\x09\x00\x00\x00\xfe\
\x0c\x00\x00\x08\x00\x00\x00\x08\x0d\x00\x00\x0f\x00\x00\x00\x11\
\x0d\x00\x00\x08\x00\x00\x00\x21\x0d\x00\x00\x09\x00\x00\x00\x2a\
\x0d\x00\x00\x04\x00\x00\x00\x34\x0d\x00\x00\x07\x00\x00\x00\x39\
\x0d\x00\x00\x2b\x00\x00\x00\x41\x0d\x00\x00\x17\x00\x00\x00\x6d\
\x0d\x00\x00\x12\x00\x00\x00\x85\x0d\x00\x00\x0f\x00\x00\x00\x98\
\x0d\x00\x00\x12\x00\x00\x00\xa8\x0d\x00\x00\x13\x00\x00\x00\xbb\
\x0d\x00\x00\x1a\x00\x00\x00\xcf\x0d\x00\x00\x17\x00\x00\x00\xea\
\x0d\x00\x00\x13\x00\x00\x00\x02\x0e\x00\x00\x16\x00\x00\x00\x16\
\x0e\x00\x00\x14\x00\x00\x00\x2d\x0e\x00\x00\x2d\x00\x00\x00\x42\
\x0e\x00\x00\x17\x00\x00\x00\x70\x0e\x00\x00\x09\x00\x00\x00\x88\
\x0e\x00\x00\x25\x00\x00\x00\x92\x0e\x00\x00\x00\x41\x63\x63\x65\
\x73\x73\x20\x45\x72\x72\x6f\x72\x3a\x20\x00\x41\x74\x74\x72\x69\
\x62\x75\x74\x20\x45\x72\x72\x6f\x72\x3a\x20\x00\x43\x61\x6e\x63\
\x65\x6c\x00\x43\x68\x61\x72\x61\x63\x74\x65\x72\x00\x43\x68\x6f\
\x6f\x73\x65\x20\x70\x61\x74\x68\x00\x43\x6c\x6f\x73\x65\x00\x43\
\x6c\x6f\x73\x65\x20\x41\x70\x70\x6c\x69\x63\x61\x74\x69\x6f\x6e\
\x00\x43\x6f\x6d\x6d\x65\x6e\x74\x20\x45\x72\x72\x6f\x72\x3a\x20\
\x00\x43\x6f\x6d\x6d\x6f\x6e\x20\x45\x78\x63\x65\x70\x74\x69\x6f\
\x6e\x3a\x20\x00\x43\x6f\x6d\x70\x69\x6c\x65\x00\x43\x6f\x70\x79\
\x00\x44\x61\x74\x61\x62\x61\x73\x65\x20\x4d\x61\x6e\x61\x67\x65\
\x72\x00\x44\x61\x74\x65\x00\x44\x61\x74\x65\x54\x69\x6d\x65\x00\
\x44\x65\x6c\x65\x74\x65\x00\x45\x64\x69\x74\x00\x45\x6e\x67\x6c\
\x69\x73\x68\x00\x45\x72\x72\x6f\x72\x00\x45\x72\x72\x6f\x72\x3a\
\x20\x00\x45\x78\x69\x74\x00\x46\x69\x6c\x65\x00\x46\x69\x6c\x65\
\x20\x45\x72\x72\x6f\x72\x3a\x20\x00\x46\x6c\x6f\x61\x74\x00\x46\
\x6f\x72\x6d\x2d\x44\x65\x73\x69\x67\x6e\x65\x72\x00\x46\x6f\x72\
\x6d\x73\x00\x47\x65\x72\x6d\x61\x6e\x00\x49\x6e\x74\x65\x67\x65\
\x72\x00\x49\x6e\x74\x65\x72\x6e\x61\x6c\x20\x45\x72\x72\x6f\x72\
\x20\x28\x50\x79\x74\x68\x6f\x6e\x20\x4e\x61\x6d\x65\x45\x72\x72\
\x6f\x72\x29\x00\x49\x6e\x74\x65\x72\x6e\x61\x6c\x20\x45\x72\x72\
\x6f\x72\x3a\x20\x00\x4c\x4f\x47\x20\x66\x69\x6c\x65\x20\x63\x6f\
\x75\x6c\x64\x20\x6e\x6f\x74\x20\x72\x65\x6d\x6f\x76\x65\x00\x4c\
\x4f\x47\x20\x66\x69\x6c\x65\x20\x68\x61\x76\x65\x20\x62\x65\x65\
\x6e\x20\x72\x65\x6d\x6f\x76\x65\x64\x00\x4c\x61\x62\x65\x6c\x73\
\x00\x4c\x61\x6e\x67\x75\x61\x67\x65\x00\x4c\x6f\x67\x69\x63\x61\
\x6c\x00\x4d\x65\x6e\x75\x65\x00\x4e\x65\x77\x20\x50\x72\x6f\x6a\
\x65\x63\x74\x00\x4e\x75\x6d\x65\x72\x69\x63\x00\x4f\x4b\x00\x4f\
\x6e\x65\x2d\x43\x6c\x69\x63\x6b\x20\x41\x70\x70\x6c\x69\x63\x61\
\x74\x69\x6f\x6e\x00\x4f\x70\x65\x6e\x00\x4f\x70\x65\x6e\x20\x46\
\x69\x6c\x65\x2e\x2e\x2e\x00\x4f\x70\x65\x6e\x20\x50\x72\x6f\x6a\
\x65\x63\x74\x00\x50\x6c\x65\x61\x73\x65\x20\x65\x6e\x74\x65\x72\
\x20\x74\x65\x78\x74\x00\x50\x72\x69\x6e\x74\x00\x50\x72\x69\x6e\
\x74\x20\x50\x72\x65\x76\x69\x65\x77\x00\x50\x72\x6f\x67\x72\x61\
\x6d\x73\x00\x50\x72\x6f\x70\x65\x72\x74\x69\x65\x73\x00\x51\x75\
\x65\x72\x69\x65\x73\x00\x52\x65\x67\x69\x65\x63\x65\x6e\x74\x65\
\x72\x00\x52\x65\x6d\x6f\x76\x65\x00\x52\x65\x6e\x61\x6d\x65\x00\
\x52\x65\x70\x6f\x72\x74\x73\x00\x52\x75\x6e\x20\x2d\x20\x46\x32\
\x00\x52\x75\x6e\x74\x69\x6d\x65\x20\x45\x72\x72\x6f\x72\x00\x52\
\x75\x6e\x74\x69\x6d\x65\x20\x45\x72\x72\x6f\x72\x3a\x20\x00\x53\
\x61\x76\x65\x00\x53\x74\x72\x75\x63\x74\x75\x72\x65\x00\x53\x79\
\x6e\x74\x61\x78\x20\x45\x72\x72\x6f\x72\x3a\x20\x00\x54\x61\x62\
\x6c\x65\x73\x00\x54\x68\x65\x20\x61\x6c\x69\x61\x73\x00\x54\x69\
\x6d\x65\x00\x56\x69\x65\x77\x00\x57\x6f\x75\x6c\x64\x20\x79\x6f\
\x75\x20\x72\x65\x61\x6c\x79\x20\x63\x6c\x6f\x73\x65\x20\x74\x68\
\x65\x20\x41\x70\x70\x6c\x69\x63\x61\x74\x69\x6f\x6e\x3f\x00\x61\
\x6c\x69\x61\x73\x20\x61\x6c\x72\x65\x61\x64\x79\x20\x65\x78\x69\
\x73\x74\x73\x00\x61\x6c\x6c\x46\x69\x6c\x65\x73\x00\x61\x6c\x72\
\x65\x61\x64\x79\x20\x65\x78\x69\x73\x74\x73\x00\x61\x6c\x72\x65\
\x61\x64\x79\x20\x65\x78\x69\x73\x74\x73\x2e\x00\x61\x72\x65\x20\
\x79\x6f\x75\x20\x73\x75\x72\x65\x2c\x20\x74\x6f\x20\x64\x65\x6c\
\x65\x74\x65\x3f\x00\x63\x6f\x75\x6c\x64\x20\x6e\x6f\x74\x20\x6f\
\x70\x65\x6e\x20\x66\x69\x6c\x65\x00\x64\x42\x61\x73\x65\x53\x6f\
\x75\x72\x63\x65\x63\x6f\x64\x65\x46\x69\x6c\x65\x73\x00\x64\x65\
\x6c\x65\x74\x65\x20\x4c\x4f\x47\x20\x66\x69\x6c\x65\x3f\x00\x66\
\x69\x6c\x65\x20\x69\x73\x20\x69\x6e\x20\x75\x73\x65\x00\x66\x69\
\x6c\x65\x20\x6e\x6f\x74\x20\x66\x6f\x75\x6e\x64\x00\x72\x65\x6d\
\x6f\x76\x65\x20\x4c\x4f\x47\x20\x66\x69\x6c\x65\x3f\x00\x72\x65\
\x6d\x6f\x76\x65\x20\x66\x69\x6c\x65\x20\x64\x69\x65\x6e\x65\x64\
\x2e\x00\x72\x65\x6d\x76\x6f\x65\x64\x00\x79\x6f\x75\x20\x68\x61\
\x76\x65\x20\x74\x6f\x20\x72\x65\x6d\x6f\x76\x65\x20\x69\x74\x20\
\x79\x6f\x75\x72\x20\x73\x65\x6c\x66\x00\x50\x72\x6f\x6a\x65\x63\
\x74\x2d\x49\x64\x2d\x56\x65\x72\x73\x69\x6f\x6e\x3a\x20\x61\x70\
\x70\x20\x31\x2e\x30\x0a\x52\x65\x70\x6f\x72\x74\x2d\x4d\x73\x67\
\x69\x64\x2d\x42\x75\x67\x73\x2d\x54\x6f\x3a\x20\x70\x61\x75\x6c\
\x65\x33\x32\x2e\x6a\x6b\x40\x67\x6d\x61\x69\x6c\x2e\x63\x6f\x6d\
\x0a\x50\x4f\x54\x2d\x43\x72\x65\x61\x74\x69\x6f\x6e\x2d\x44\x61\
\x74\x65\x3a\x20\x32\x30\x32\x36\x2d\x30\x32\x2d\x32\x34\x20\x30\
\x30\x3a\x30\x30\x2b\x30\x31\x30\x30\x0a\x50\x4f\x2d\x52\x65\x76\
\x69\x73\x69\x6f\x6e\x2d\x44\x61\x74\x65\x3a\x20\x32\x30\x32\x36\
\x2d\x30\x32\x2d\x32\x34\x20\x30\x30\x3a\x30\x30\x2b\x30\x31\x30\
\x30\x0a\x4c\x61\x73\x74\x2d\x54\x72\x61\x6e\x73\x6c\x61\x74\x6f\
\x72\x3a\x20\x70\x61\x75\x6c\x65\x33\x32\x0a\x4c\x61\x6e\x67\x75\
\x61\x67\x65\x2d\x54\x65\x61\x6d\x3a\x20\x70\x61\x75\x6c\x65\x33\
\x32\x0a\x4c\x61\x6e\x67\x75\x61\x67\x65\x3a\x20\x64\x65\x0a\x4d\
\x49\x4d\x45\x2d\x56\x65\x72\x73\x69\x6f\x6e\x3a\x20\x31\x2e\x30\
\x0a\x43\x6f\x6e\x74\x65\x6e\x74\x2d\x54\x79\x70\x65\x3a\x20\x74\
\x65\x78\x74\x2f\x70\x6c\x61\x69\x6e\x3b\x20\x63\x68\x61\x72\x73\
\x65\x74\x3d\x55\x54\x46\x2d\x38\x0a\x43\x6f\x6e\x74\x65\x6e\x74\
\x2d\x54\x72\x61\x6e\x73\x66\x65\x72\x2d\x45\x6e\x63\x6f\x64\x69\
\x6e\x67\x3a\x20\x38\x62\x69\x74\x0a\x50\x6c\x75\x72\x61\x6c\x2d\
\x46\x6f\x72\x6d\x73\x3a\x20\x6e\x70\x6c\x75\x72\x61\x6c\x73\x3d\
\x32\x3b\x20\x70\x6c\x75\x72\x61\x6c\x3d\x28\x6e\x20\x21\x3d\x20\
\x31\x29\x3b\x0a\x00\x5a\x75\x67\x72\x69\x66\x66\x2d\x46\x65\x68\
\x6c\x65\x72\x3a\x20\x00\x41\x74\x74\x72\x69\x62\x75\x74\x65\x2d\
\x46\x65\x68\x6c\x65\x72\x3a\x20\x00\x41\x62\x62\x72\x65\x63\x68\
\x65\x6e\x00\x5a\x65\x69\x63\x68\x65\x6e\x00\x50\x66\x61\x64\x20\
\x61\x75\x73\x77\xc3\xa4\x68\x6c\x65\x6e\x00\x53\x63\x68\x6c\x69\
\x65\xc3\x9f\x65\x6e\x00\x41\x6e\x77\x65\x6e\x64\x75\x6e\x67\x20\
\x73\x63\x68\x6c\x69\x65\xc3\x9f\x65\x6e\x00\x4b\x6f\x6d\x6d\x65\
\x6e\x74\x61\x72\x2d\x46\x65\x68\x6c\x65\x72\x3a\x20\x00\x41\x6c\
\x6c\x67\x65\x6d\x65\x69\x6e\x65\x72\x20\x46\x65\x68\x6c\x65\x72\
\x3a\x20\x00\x43\x6f\x6d\x70\x69\x6c\x69\x65\x72\x65\x6e\x00\x4b\
\x6f\x70\x69\x65\x72\x65\x6e\x00\x44\x61\x74\x65\x6e\x62\x61\x6e\
\x6b\x2d\x56\x65\x72\x77\x61\x6c\x74\x75\x6e\x67\x00\x44\x41\x54\
\x55\x4d\x00\x44\x41\x54\x55\x4d\x5a\x45\x49\x54\x00\x4c\xc3\xb6\
\x73\x63\x68\x65\x6e\x00\x42\x65\x61\x72\x62\x65\x69\x74\x65\x6e\
\x00\x45\x6e\x67\x6c\x69\x73\x63\x68\x00\x45\x72\x72\x6f\x72\x00\
\x46\x65\x68\x6c\x65\x72\x3a\x20\x00\x42\x65\x65\x6e\x64\x65\x6e\
\x00\x44\x61\x74\x65\x69\x00\x44\x61\x74\x65\x69\x2d\x46\x65\x68\
\x6c\x65\x72\x3a\x20\x00\x44\x4f\x55\x42\x4c\x45\x00\x46\x6f\x72\
\x6d\x75\x6c\x61\x72\x2d\x44\x65\x73\x69\x67\x6e\x65\x72\x00\x46\
\x6f\x72\x6d\x75\x6c\x61\x72\x65\x00\x44\x65\x75\x74\x73\x63\x68\
\x00\x4e\x75\x6d\x65\x72\x69\x73\x63\x68\x00\x49\x6e\x74\x65\x72\
\x6e\x65\x72\x20\x46\x65\x68\x6c\x65\x72\x20\x28\x50\x79\x68\x74\
\x6f\x6e\x20\x4e\x61\x6d\x65\x45\x72\x72\x6f\x72\x29\x00\x49\x6e\
\x74\x65\x72\x6e\x65\x72\x2d\x46\x65\x68\x6c\x65\x72\x3a\x20\x00\
\x44\x69\x65\x20\x4c\x4f\x47\x2d\x44\x61\x74\x65\x69\x20\x6b\x6f\
\x6e\x6e\x74\x65\x20\x6e\x69\x63\x68\x74\x20\x67\x65\x6c\xc3\xb6\
\x73\x63\x68\x74\x20\x77\x65\x72\x64\x65\x6e\x00\x44\x69\x65\x20\
\x4c\x4f\x47\x2d\x44\x61\x74\x65\x69\x20\x77\x75\x72\x64\x65\x20\
\x67\x65\x6c\xc3\xb6\x73\x63\x68\x74\x2e\x00\x45\x74\x74\x69\x6b\
\x65\x74\x74\x65\x6e\x00\x53\x70\x72\x61\x63\x68\x65\x00\x4c\x6f\
\x67\x69\x73\x63\x68\x00\x4d\x65\x6e\xc3\xbc\x73\x00\x4e\x65\x75\
\x65\x73\x20\x50\x72\x6f\x6a\x65\x6b\x74\x00\x44\x45\x5a\x49\x4d\
\x41\x4c\x00\x4f\x4b\x00\x45\x69\x6e\x2d\x6b\x6c\x69\x63\x6b\x20\
\x41\x6e\x77\x65\x6e\x64\x75\x6e\x67\x00\xc3\x96\x66\x66\x6e\x65\
\x6e\x00\x44\x61\x74\x65\x69\x20\xc3\xb6\x66\x66\x6e\x65\x6e\x00\
\x50\x72\x6f\x6a\x65\x63\x74\x20\xc3\xb6\x66\x66\x6e\x65\x6e\x00\
\x42\x69\x74\x74\x65\x20\x65\x72\x73\x74\x20\x54\x65\x78\x74\x20\
\x65\x69\x6e\x67\x65\x62\x65\x6e\x2e\x00\x44\x72\x75\x63\x6b\x65\
\x6e\x00\x44\x75\x72\x63\x6b\x76\x6f\x72\x73\x63\x68\x61\x75\x00\
\x50\x72\x6f\x67\x72\x61\x6d\x6d\x65\x00\x45\x69\x67\x65\x6e\x73\
\x63\x68\x61\x66\x74\x65\x6e\x00\x41\x62\x66\x72\x61\x67\x65\x6e\
\x00\x52\x65\x67\x69\x65\x7a\x65\x6e\x74\x72\x75\x6d\x00\x45\x6e\
\x74\x66\x65\x72\x6e\x65\x6e\x00\x55\x6d\x62\x65\x6e\x65\x6e\x6e\
\x65\x6e\x00\x42\x65\x72\x69\x63\x68\x74\x65\x00\x41\x75\x73\x66\
\xc3\xbc\x68\x72\x65\x6e\x20\x2d\x20\x46\x32\x00\x4c\x61\x75\x66\
\x7a\x65\x69\x74\x66\x65\x68\x6c\x65\x72\x00\x4c\x61\x75\x66\x7a\
\x65\x69\x74\x2d\x46\x65\x68\x6c\x65\x72\x3a\x20\x00\x53\x70\x65\
\x69\x63\x68\x65\x72\x6e\x00\x53\x74\x72\x75\x6b\x74\x75\x72\x00\
\x53\x79\x6e\x74\x61\x78\x2d\x46\x65\x68\x6c\x65\x72\x3a\x20\x00\
\x54\x61\x62\x65\x6c\x6c\x65\x6e\x00\x44\x65\x72\x20\x41\x6c\x69\
\x61\x73\x00\x5a\x45\x49\x54\x00\x41\x6e\x73\x69\x63\x68\x74\x00\
\x57\x6f\x6c\x6c\x65\x6e\x20\x53\x69\x65\x20\x64\x69\x65\x20\x41\
\x6e\x77\x65\x6e\x64\x75\x6e\x67\x20\x77\x69\x72\x6b\x6c\x69\x63\
\x68\x20\x62\x65\x65\x6e\x64\x65\x6e\x20\x3f\x00\x41\x6c\x69\x61\
\x73\x20\x65\x78\x69\x73\x74\x69\x65\x72\x74\x20\x62\x65\x72\x65\
\x69\x74\x73\x00\x41\x6c\x6c\x65\x20\x44\x61\x74\x65\x69\x65\x6e\
\x20\x28\x2a\x2e\x2a\x29\x00\x65\x78\x69\x73\x74\x69\x65\x72\x74\
\x20\x73\x63\x68\x6f\x6e\x00\x65\x78\x69\x73\x74\x69\x65\x72\x74\
\x20\x62\x65\x72\x65\x69\x74\x73\x2e\x00\x77\x69\x72\x6b\x6c\x69\
\x63\x68\x20\x65\x6e\x74\x66\x65\x72\x6e\x65\x6e\x3f\x00\x4b\x6f\
\x6e\x6e\x74\x65\x20\x44\x61\x74\x65\x69\x20\x6e\x69\x63\x68\x74\
\x20\xc3\xb6\x66\x66\x6e\x65\x6e\x00\x64\x42\x61\x73\x65\x20\x51\
\x75\x65\x6c\x6c\x63\x6f\x64\x65\x20\x28\x2a\x2e\x70\x72\x67\x29\
\x00\x4c\x4f\x47\x2d\x44\x61\x74\x65\x69\x20\x6c\xc3\xb6\x73\x63\
\x68\x65\x6e\x3f\x00\x44\x61\x74\x65\x69\x20\x69\x73\x74\x20\x69\
\x6e\x20\x62\x65\x6e\x75\x74\x7a\x75\x6e\x67\x00\x44\x61\x74\x65\
\x69\x20\x6e\x69\x63\x68\x74\x20\x67\x65\x66\x75\x6e\x64\x65\x6e\
\x00\x53\x6f\x6c\x6c\x20\x64\x69\x65\x20\x4c\x4f\x47\x2d\x44\x61\
\x74\x65\x69\x20\x77\x69\x72\x6b\x6c\x69\x63\x68\x20\x67\x65\x6c\
\xc3\xb6\x73\x63\x68\x74\x20\x77\x65\x72\x64\x65\x6e\x3f\x00\x4c\
\xc3\xb6\x73\x63\x68\x65\x6e\x20\x66\x65\x68\x6c\x67\x65\x73\x63\
\x68\x6c\x61\x67\x65\x6e\x00\x47\x65\x6c\xc3\xb6\x73\x63\x68\x74\
\x00\x53\x69\x65\x20\x6d\xc3\xbc\x73\x73\x65\x6e\x20\x64\x69\x65\
\x20\x44\x61\x74\x65\x69\x20\x73\x65\x6c\x62\x73\x74\x20\x6c\xc3\
\xb6\x73\x63\x68\x65\x6e\x00\
\x00\x00\x68\xbd\
\xde\
\x12\x04\x95\x00\x00\x00\x00\x37\x00\x00\x00\x1c\x00\x00\x00\xd4\
\x01\x00\x00\x00\x00\x00\x00\x8c\x03\x00\x00\x00\x00\x00\x00\x8c\
\x03\x00\x00\x10\x00\x00\x00\x8d\x03\x00\x00\x07\x00\x00\x00\x9e\
\x03\x00\x00\x13\x00\x00\x00\xa6\x03\x00\x00\x13\x00\x00\x00\xba\
\x03\x00\x00\x15\x00\x00\x00\xce\x03\x00\x00\x10\x00\x00\x00\xe4\
\x03\x00\x00\x11\x00\x00\x00\xf5\x03\x00\x00\x13\x00\x00\x00\x07\
\x04\x00\x00\x0f\x00\x00\x00\x1b\x04\x00\x00\x0e\x00\x00\x00\x2b\
\x04\x00\x00\x14\x00\x00\x00\x3a\x04\x00\x00\x14\x00\x00\x00\x4f\
\x04\x00\x00\x11\x00\x00\x00\x64\x04\x00\x00\x11\x00\x00\x00\x76\
\x04\x00\x00\x0f\x00\x00\x00\x88\x04\x00\x00\x16\x00\x00\x00\x98\
\x04\x00\x00\x14\x00\x00\x00\xaf\x04\x00\x00\x0c\x00\x00\x00\xc4\
\x04\x00\x00\x16\x00\x00\x00\xd1\x04\x00\x00\x15\x00\x00\x00\xe8\
\x04\x00\x00\x15\x00\x00\x00\xfe\x04\x00\x00\x11\x00\x00\x00\x14\
\x05\x00\x00\x0e\x00\x00\x00\x26\x05\x00\x00\x11\x00\x00\x00\x35\
\x05\x00\x00\x11\x00\x00\x00\x47\x05\x00\x00\x0f\x00\x00\x00\x59\
\x05\x00\x00\x10\x00\x00\x00\x69\x05\x00\x00\x16\x00\x00\x00\x7a\
\x05\x00\x00\x10\x00\x00\x00\x91\x05\x00\x00\x14\x00\x00\x00\xa2\
\x05\x00\x00\x15\x00\x00\x00\xb7\x05\x00\x00\x14\x00\x00\x00\xcd\
\x05\x00\x00\x15\x00\x00\x00\xe2\x05\x00\x00\x14\x00\x00\x00\xf8\
\x05\x00\x00\x10\x00\x00\x00\x0d\x06\x00\x00\x0f\x00\x00\x00\x1e\
\x06\x00\x00\x0d\x00\x00\x00\x2e\x06\x00\x00\x0c\x00\x00\x00\x3c\
\x06\x00\x00\x0c\x00\x00\x00\x49\x06\x00\x00\x0c\x00\x00\x00\x56\
\x06\x00\x00\x0e\x00\x00\x00\x63\x06\x00\x00\x10\x00\x00\x00\x72\
\x06\x00\x00\x0c\x00\x00\x00\x83\x06\x00\x00\x0c\x00\x00\x00\x90\
\x06\x00\x00\x15\x00\x00\x00\x9d\x06\x00\x00\x0b\x00\x00\x00\xb3\
\x06\x00\x00\x0b\x00\x00\x00\xbf\x06\x00\x00\x13\x00\x00\x00\xcb\
\x06\x00\x00\x0f\x00\x00\x00\xdf\x06\x00\x00\x0b\x00\x00\x00\xef\
\x06\x00\x00\x08\x00\x00\x00\xfb\x06\x00\x00\x09\x00\x00\x00\x04\
\x07\x00\x00\x14\x00\x00\x00\x0e\x07\x00\x00\x14\x00\x00\x00\x23\
\x07\x00\x00\x28\x01\x00\x00\x38\x07\x00\x00\x8b\x02\x00\x00\x61\
\x08\x00\x00\x7f\x03\x00\x00\xed\x0a\x00\x00\x52\x01\x00\x00\x6d\
\x0e\x00\x00\x00\x01\x00\x00\xc0\x0f\x00\x00\x91\x01\x00\x00\xc1\
\x10\x00\x00\xc1\x01\x00\x00\x53\x12\x00\x00\x33\x01\x00\x00\x15\
\x14\x00\x00\x1a\x02\x00\x00\x49\x15\x00\x00\xc4\x00\x00\x00\x64\
\x17\x00\x00\x4b\x02\x00\x00\x29\x18\x00\x00\x45\x02\x00\x00\x75\
\x1a\x00\x00\x7b\x01\x00\x00\xbb\x1c\x00\x00\x77\x02\x00\x00\x37\
\x1e\x00\x00\xe3\x04\x00\x00\xaf\x20\x00\x00\x34\x01\x00\x00\x93\
\x25\x00\x00\x4c\x01\x00\x00\xc8\x26\x00\x00\xfe\x01\x00\x00\x15\
\x28\x00\x00\xeb\x00\x00\x00\x14\x2a\x00\x00\xa9\x01\x00\x00\x00\
\x2b\x00\x00\x75\x01\x00\x00\xaa\x2c\x00\x00\x08\x02\x00\x00\x20\
\x2e\x00\x00\xb8\x01\x00\x00\x29\x30\x00\x00\x70\x01\x00\x00\xe2\
\x31\x00\x00\x17\x03\x00\x00\x53\x33\x00\x00\x1f\x02\x00\x00\x6b\
\x36\x00\x00\x2d\x03\x00\x00\x8b\x38\x00\x00\x03\x02\x00\x00\xb9\
\x3b\x00\x00\x2f\x02\x00\x00\xbd\x3d\x00\x00\xee\x02\x00\x00\xed\
\x3f\x00\x00\xf8\x00\x00\x00\xdc\x42\x00\x00\x67\x01\x00\x00\xd5\
\x43\x00\x00\x62\x01\x00\x00\x3d\x45\x00\x00\x6e\x01\x00\x00\xa0\
\x46\x00\x00\xf2\x00\x00\x00\x0f\x48\x00\x00\x58\x01\x00\x00\x02\
\x49\x00\x00\x6b\x03\x00\x00\x5b\x4a\x00\x00\x74\x01\x00\x00\xc7\
\x4d\x00\x00\xe4\x00\x00\x00\x3c\x4f\x00\x00\x6f\x01\x00\x00\x21\
\x50\x00\x00\xa2\x01\x00\x00\x91\x51\x00\x00\x1b\x01\x00\x00\x34\
\x53\x00\x00\x76\x01\x00\x00\x50\x54\x00\x00\xa4\x01\x00\x00\xc7\
\x55\x00\x00\x63\x01\x00\x00\x6c\x57\x00\x00\x30\x01\x00\x00\xd0\
\x58\x00\x00\x22\x01\x00\x00\x01\x5a\x00\x00\x45\x01\x00\x00\x24\
\x5b\x00\x00\xda\x01\x00\x00\x6a\x5c\x00\x00\x4c\x02\x00\x00\x45\
\x5e\x00\x00\x94\x01\x00\x00\x92\x60\x00\x00\xfc\x00\x00\x00\x27\
\x62\x00\x00\x5d\x01\x00\x00\x24\x63\x00\x00\xbc\x01\x00\x00\x82\
\x64\x00\x00\x7d\x02\x00\x00\x3f\x66\x00\x00\x00\x41\x42\x42\x52\
\x45\x56\x49\x41\x54\x45\x5f\x42\x52\x49\x45\x46\x00\x41\x4c\x49\
\x41\x53\x45\x53\x00\x41\x4c\x4c\x4f\x57\x5f\x55\x4e\x49\x43\x4f\
\x44\x45\x5f\x4e\x41\x4d\x45\x53\x00\x41\x4c\x57\x41\x59\x53\x5f\
\x44\x45\x54\x41\x49\x4c\x45\x44\x5f\x53\x45\x43\x00\x41\x55\x54\
\x4f\x4c\x49\x4e\x4b\x5f\x49\x47\x4e\x4f\x52\x45\x5f\x57\x4f\x52\
\x44\x53\x00\x41\x55\x54\x4f\x4c\x49\x4e\x4b\x5f\x53\x55\x50\x50\
\x4f\x52\x54\x00\x42\x52\x49\x45\x46\x5f\x4d\x45\x4d\x42\x45\x52\
\x5f\x44\x45\x53\x43\x00\x42\x55\x49\x4c\x54\x49\x4e\x5f\x53\x54\
\x4c\x5f\x53\x55\x50\x50\x4f\x52\x54\x00\x43\x50\x50\x5f\x43\x4c\
\x49\x5f\x53\x55\x50\x50\x4f\x52\x54\x00\x43\x52\x45\x41\x54\x45\
\x5f\x53\x55\x42\x44\x49\x52\x53\x00\x43\x52\x45\x41\x54\x45\x5f\
\x53\x55\x42\x44\x49\x52\x53\x5f\x4c\x45\x56\x45\x4c\x00\x44\x49\
\x53\x54\x52\x49\x42\x55\x54\x45\x5f\x47\x52\x4f\x55\x50\x5f\x44\
\x4f\x43\x00\x44\x4f\x58\x59\x46\x49\x4c\x45\x5f\x45\x4e\x43\x4f\
\x44\x49\x4e\x47\x00\x45\x58\x54\x45\x4e\x53\x49\x4f\x4e\x5f\x4d\
\x41\x50\x50\x49\x4e\x47\x00\x46\x55\x4c\x4c\x5f\x50\x41\x54\x48\
\x5f\x4e\x41\x4d\x45\x53\x00\x47\x52\x4f\x55\x50\x5f\x4e\x45\x53\
\x54\x45\x44\x5f\x43\x4f\x4d\x50\x4f\x55\x4e\x44\x53\x00\x49\x44\
\x4c\x5f\x50\x52\x4f\x50\x45\x52\x54\x59\x5f\x53\x55\x50\x50\x4f\
\x52\x54\x00\x49\x4e\x48\x45\x52\x49\x54\x5f\x44\x4f\x43\x53\x00\
\x49\x4e\x4c\x49\x4e\x45\x5f\x47\x52\x4f\x55\x50\x45\x44\x5f\x43\
\x4c\x41\x53\x53\x45\x53\x00\x49\x4e\x4c\x49\x4e\x45\x5f\x49\x4e\
\x48\x45\x52\x49\x54\x45\x44\x5f\x4d\x45\x4d\x42\x00\x49\x4e\x4c\
\x49\x4e\x45\x5f\x53\x49\x4d\x50\x4c\x45\x5f\x53\x54\x52\x55\x43\
\x54\x53\x00\x4a\x41\x56\x41\x44\x4f\x43\x5f\x41\x55\x54\x4f\x42\
\x52\x49\x45\x46\x00\x4a\x41\x56\x41\x44\x4f\x43\x5f\x42\x41\x4e\
\x4e\x45\x52\x00\x4c\x4f\x4f\x4b\x55\x50\x5f\x43\x41\x43\x48\x45\
\x5f\x53\x49\x5a\x45\x00\x4d\x41\x52\x4b\x44\x4f\x57\x4e\x5f\x49\
\x44\x5f\x53\x54\x59\x4c\x45\x00\x4d\x41\x52\x4b\x44\x4f\x57\x4e\
\x5f\x53\x54\x52\x49\x43\x54\x00\x4d\x41\x52\x4b\x44\x4f\x57\x4e\
\x5f\x53\x55\x50\x50\x4f\x52\x54\x00\x4d\x55\x4c\x54\x49\x4c\x49\
\x4e\x45\x5f\x43\x50\x50\x5f\x49\x53\x5f\x42\x52\x49\x45\x46\x00\
\x4e\x55\x4d\x5f\x50\x52\x4f\x43\x5f\x54\x48\x52\x45\x41\x44\x53\
\x00\x4f\x50\x54\x49\x4d\x49\x5a\x45\x5f\x46\x4f\x52\x5f\x46\x4f\
\x52\x54\x52\x41\x4e\x00\x4f\x50\x54\x49\x4d\x49\x5a\x45\x5f\x4f\
\x55\x54\x50\x55\x54\x5f\x46\x4f\x52\x5f\x43\x00\x4f\x50\x54\x49\
\x4d\x49\x5a\x45\x5f\x4f\x55\x54\x50\x55\x54\x5f\x4a\x41\x56\x41\
\x00\x4f\x50\x54\x49\x4d\x49\x5a\x45\x5f\x4f\x55\x54\x50\x55\x54\
\x5f\x53\x4c\x49\x43\x45\x00\x4f\x50\x54\x49\x4d\x49\x5a\x45\x5f\
\x4f\x55\x54\x50\x55\x54\x5f\x56\x48\x44\x4c\x00\x4f\x55\x54\x50\
\x55\x54\x5f\x44\x49\x52\x45\x43\x54\x4f\x52\x59\x00\x4f\x55\x54\
\x50\x55\x54\x5f\x4c\x41\x4e\x47\x55\x41\x47\x45\x00\x50\x52\x4f\
\x4a\x45\x43\x54\x5f\x42\x52\x49\x45\x46\x00\x50\x52\x4f\x4a\x45\
\x43\x54\x5f\x49\x43\x4f\x4e\x00\x50\x52\x4f\x4a\x45\x43\x54\x5f\
\x4c\x4f\x47\x4f\x00\x50\x52\x4f\x4a\x45\x43\x54\x5f\x4e\x41\x4d\
\x45\x00\x50\x52\x4f\x4a\x45\x43\x54\x5f\x4e\x55\x4d\x42\x45\x52\
\x00\x50\x59\x54\x48\x4f\x4e\x5f\x44\x4f\x43\x53\x54\x52\x49\x4e\
\x47\x00\x51\x54\x5f\x41\x55\x54\x4f\x42\x52\x49\x45\x46\x00\x52\
\x45\x50\x45\x41\x54\x5f\x42\x52\x49\x45\x46\x00\x53\x45\x50\x41\
\x52\x41\x54\x45\x5f\x4d\x45\x4d\x42\x45\x52\x5f\x50\x41\x47\x45\
\x53\x00\x53\x48\x4f\x52\x54\x5f\x4e\x41\x4d\x45\x53\x00\x53\x49\
\x50\x5f\x53\x55\x50\x50\x4f\x52\x54\x00\x53\x54\x52\x49\x50\x5f\
\x46\x52\x4f\x4d\x5f\x49\x4e\x43\x5f\x50\x41\x54\x48\x00\x53\x54\
\x52\x49\x50\x5f\x46\x52\x4f\x4d\x5f\x50\x41\x54\x48\x00\x53\x55\
\x42\x47\x52\x4f\x55\x50\x49\x4e\x47\x00\x54\x41\x42\x5f\x53\x49\
\x5a\x45\x00\x54\x49\x4d\x45\x53\x54\x41\x4d\x50\x00\x54\x4f\x43\
\x5f\x49\x4e\x43\x4c\x55\x44\x45\x5f\x48\x45\x41\x44\x49\x4e\x47\
\x53\x00\x54\x59\x50\x45\x44\x45\x46\x5f\x48\x49\x44\x45\x53\x5f\
\x53\x54\x52\x55\x43\x54\x00\x50\x72\x6f\x6a\x65\x63\x74\x2d\x49\
\x64\x2d\x56\x65\x72\x73\x69\x6f\x6e\x3a\x20\x31\x2e\x30\x0a\x52\
\x65\x70\x6f\x72\x74\x2d\x4d\x73\x67\x69\x64\x2d\x42\x75\x67\x73\
\x2d\x54\x6f\x3a\x20\x70\x61\x75\x6c\x65\x33\x32\x2e\x6a\x6b\x40\
\x65\x6d\x61\x69\x6c\x2e\x63\x6f\x6d\x0a\x50\x4f\x54\x2d\x43\x72\
\x65\x61\x74\x69\x6f\x6e\x2d\x44\x61\x74\x65\x3a\x20\x32\x30\x32\
\x36\x2d\x30\x34\x2d\x31\x31\x20\x31\x39\x3a\x32\x33\x5a\x0a\x50\
\x4f\x2d\x52\x65\x76\x69\x73\x69\x6f\x6e\x2d\x44\x61\x74\x65\x3a\
\x20\x32\x30\x32\x36\x2d\x30\x34\x2d\x31\x31\x20\x31\x39\x3a\x32\
\x33\x5a\x0a\x4c\x61\x73\x74\x2d\x54\x72\x61\x6e\x73\x6c\x61\x74\
\x6f\x72\x3a\x20\x70\x61\x75\x6c\x65\x33\x32\x0a\x4c\x61\x6e\x67\
\x75\x61\x67\x65\x2d\x54\x65\x61\x6d\x3a\x20\x70\x61\x75\x6c\x65\
\x33\x32\x0a\x4c\x61\x6e\x67\x75\x61\x67\x65\x3a\x20\x45\x4e\x55\
\x3a\x44\x45\x55\x0a\x4d\x49\x4d\x45\x2d\x56\x65\x72\x73\x69\x6f\
\x6e\x3a\x20\x31\x2e\x30\x0a\x43\x6f\x6e\x74\x65\x6e\x74\x2d\x54\
\x79\x70\x65\x3a\x20\x74\x65\x78\x74\x2f\x70\x6c\x61\x69\x6e\x3b\
\x20\x63\x68\x61\x72\x73\x65\x74\x3d\x55\x54\x46\x2d\x38\x0a\x43\
\x6f\x6e\x74\x65\x6e\x74\x2d\x54\x72\x61\x6e\x73\x66\x65\x72\x2d\
\x45\x6e\x63\x6f\x64\x69\x6e\x67\x3a\x20\x38\x62\x69\x74\x0a\x00\
\x3c\x70\x3e\x3c\x73\x70\x61\x6e\x20\x73\x74\x79\x6c\x65\x3d\x22\
\x63\x6f\x6c\x6f\x72\x3a\x79\x65\x6c\x6c\x6f\x77\x3b\x22\x3b\x3e\
\x3c\x62\x3e\x41\x42\x42\x52\x45\x56\x49\x41\x54\x45\x5f\x42\x52\
\x49\x45\x46\x3c\x2f\x62\x3e\x3c\x2f\x73\x70\x61\x6e\x3e\x3c\x2f\
\x70\x3e\x0a\x0a\x54\x68\x69\x73\x20\x74\x61\x67\x20\x69\x6d\x70\
\x6c\x65\x6d\x65\x6e\x74\x73\x20\x61\x20\x71\x75\x61\x73\x69\x2d\
\x69\x6e\x74\x65\x6c\x6c\x69\x67\x65\x6e\x74\x20\x62\x72\x69\x65\
\x66\x20\x64\x65\x73\x63\x72\x69\x70\x74\x69\x6f\x6e\x20\x61\x62\
\x62\x72\x65\x76\x69\x61\x74\x6f\x72\x20\x74\x68\x61\x74\x20\x69\
\x73\x20\x75\x73\x65\x64\x20\x74\x6f\x20\x66\x6f\x72\x6d\x20\x74\
\x68\x65\x20\x74\x65\x78\x74\x20\x69\x6e\x20\x76\x61\x72\x69\x6f\
\x75\x73\x20\x6c\x69\x73\x74\x69\x6e\x67\x73\x2e\x20\x45\x61\x63\
\x68\x20\x73\x74\x72\x69\x6e\x67\x20\x69\x6e\x20\x74\x68\x69\x73\
\x20\x6c\x69\x73\x74\x2c\x20\x69\x66\x20\x66\x6f\x75\x6e\x64\x20\
\x61\x73\x20\x74\x68\x65\x20\x6c\x65\x61\x64\x69\x6e\x67\x20\x74\
\x65\x78\x74\x20\x6f\x66\x20\x74\x68\x65\x20\x62\x72\x69\x65\x66\
\x20\x64\x65\x73\x63\x72\x69\x70\x74\x69\x6f\x6e\x2c\x20\x77\x69\
\x6c\x6c\x20\x62\x65\x20\x73\x74\x72\x69\x70\x70\x65\x64\x20\x66\
\x72\x6f\x6d\x20\x74\x68\x65\x20\x74\x65\x78\x74\x20\x61\x6e\x64\
\x20\x74\x68\x65\x20\x72\x65\x73\x75\x6c\x74\x2c\x20\x61\x66\x74\
\x65\x72\x20\x70\x72\x6f\x63\x65\x73\x73\x69\x6e\x67\x20\x74\x68\
\x65\x20\x77\x68\x6f\x6c\x65\x20\x6c\x69\x73\x74\x2c\x20\x69\x73\
\x20\x75\x73\x65\x64\x20\x61\x73\x20\x74\x68\x65\x20\x61\x6e\x6e\
\x6f\x74\x61\x74\x65\x64\x20\x74\x65\x78\x74\x2e\x20\x4f\x74\x68\
\x65\x72\x77\x69\x73\x65\x2c\x20\x74\x68\x65\x20\x62\x72\x69\x65\
\x66\x20\x64\x65\x73\x63\x72\x69\x70\x74\x69\x6f\x6e\x20\x69\x73\
\x20\x75\x73\x65\x64\x20\x61\x73\x2d\x69\x73\x2e\x20\x49\x66\x20\
\x6c\x65\x66\x74\x20\x62\x6c\x61\x6e\x6b\x2c\x20\x74\x68\x65\x20\
\x66\x6f\x6c\x6c\x6f\x77\x69\x6e\x67\x20\x76\x61\x6c\x75\x65\x73\
\x20\x61\x72\x65\x20\x75\x73\x65\x64\x20\x28\x24\x6e\x61\x6d\x65\
\x20\x69\x73\x20\x61\x75\x74\x6f\x6d\x61\x74\x69\x63\x61\x6c\x6c\
\x79\x20\x72\x65\x70\x6c\x61\x63\x65\x64\x20\x77\x69\x74\x68\x20\
\x74\x68\x65\x20\x6e\x61\x6d\x65\x20\x6f\x66\x20\x74\x68\x65\x20\
\x65\x6e\x74\x69\x74\x79\x29\x3a\x20\x0a\x54\x68\x65\x20\x24\x6e\
\x61\x6d\x65\x20\x63\x6c\x61\x73\x73\x2c\x20\x54\x68\x65\x20\x24\
\x6e\x61\x6d\x65\x20\x77\x69\x64\x67\x65\x74\x2c\x20\x54\x68\x65\
\x20\x24\x6e\x61\x6d\x65\x20\x66\x69\x6c\x65\x2c\x20\x69\x73\x2c\
\x20\x70\x72\x6f\x76\x69\x64\x65\x73\x2c\x20\x73\x70\x65\x63\x69\
\x66\x69\x65\x73\x2c\x20\x63\x6f\x6e\x74\x61\x69\x6e\x73\x2c\x20\
\x72\x65\x70\x72\x65\x73\x65\x6e\x74\x73\x2c\x20\x61\x2c\x20\x61\
\x6e\x20\x61\x6e\x64\x20\x74\x68\x65\x2e\x0a\x00\x3c\x70\x3e\x3c\
\x73\x70\x61\x6e\x20\x73\x74\x79\x6c\x65\x3d\x22\x63\x6f\x6c\x6f\
\x72\x3a\x79\x65\x6c\x6c\x6f\x77\x3b\x22\x3b\x3e\x3c\x62\x3e\x41\
\x4c\x49\x41\x53\x45\x53\x3c\x2f\x62\x3e\x3c\x2f\x73\x70\x61\x6e\
\x3e\x3c\x2f\x70\x3e\x0a\x0a\x54\x68\x69\x73\x20\x74\x61\x67\x20\
\x63\x61\x6e\x20\x62\x65\x20\x75\x73\x65\x64\x20\x74\x6f\x20\x73\
\x70\x65\x63\x69\x66\x79\x20\x61\x20\x6e\x75\x6d\x62\x65\x72\x20\
\x6f\x66\x20\x61\x6c\x69\x61\x73\x65\x73\x20\x74\x68\x61\x74\x20\
\x61\x63\x74\x20\x61\x73\x20\x63\x6f\x6d\x6d\x61\x6e\x64\x73\x20\
\x69\x6e\x20\x74\x68\x65\x20\x64\x6f\x63\x75\x6d\x65\x6e\x74\x61\
\x74\x69\x6f\x6e\x2e\x20\x41\x6e\x20\x61\x6c\x69\x61\x73\x20\x68\
\x61\x73\x20\x74\x68\x65\x20\x66\x6f\x72\x6d\x3a\x20\x0a\x20\x20\
\x6e\x61\x6d\x65\x3d\x76\x61\x6c\x75\x65\x20\x0a\x46\x6f\x72\x20\
\x65\x78\x61\x6d\x70\x6c\x65\x20\x61\x64\x64\x69\x6e\x67\x20\x0a\
\x20\x20\x22\x73\x69\x64\x65\x65\x66\x66\x65\x63\x74\x3d\x40\x70\
\x61\x72\x20\x53\x69\x64\x65\x20\x45\x66\x66\x65\x63\x74\x73\x3a\
\x5e\x5e\x22\x20\x0a\x77\x69\x6c\x6c\x20\x61\x6c\x6c\x6f\x77\x20\
\x79\x6f\x75\x20\x74\x6f\x20\x70\x75\x74\x20\x74\x68\x65\x20\x63\
\x6f\x6d\x6d\x61\x6e\x64\x20\x5c\x73\x69\x64\x65\x65\x66\x66\x65\
\x63\x74\x20\x28\x6f\x72\x20\x40\x73\x69\x64\x65\x65\x66\x66\x65\
\x63\x74\x29\x20\x69\x6e\x20\x74\x68\x65\x20\x64\x6f\x63\x75\x6d\
\x65\x6e\x74\x61\x74\x69\x6f\x6e\x2c\x20\x77\x68\x69\x63\x68\x20\
\x77\x69\x6c\x6c\x20\x72\x65\x73\x75\x6c\x74\x20\x69\x6e\x20\x61\
\x20\x75\x73\x65\x72\x2d\x64\x65\x66\x69\x6e\x65\x64\x20\x70\x61\
\x72\x61\x67\x72\x61\x70\x68\x20\x77\x69\x74\x68\x20\x68\x65\x61\
\x64\x69\x6e\x67\x20\x22\x53\x69\x64\x65\x20\x45\x66\x66\x65\x63\
\x74\x73\x3a\x22\x2e\x20\x4e\x6f\x74\x65\x20\x74\x68\x61\x74\x20\
\x79\x6f\x75\x20\x63\x61\x6e\x6e\x6f\x74\x20\x70\x75\x74\x20\x5c\
\x6e\x20\x27\x73\x20\x69\x6e\x20\x74\x68\x65\x20\x76\x61\x6c\x75\
\x65\x20\x70\x61\x72\x74\x20\x6f\x66\x20\x61\x6e\x20\x61\x6c\x69\
\x61\x73\x20\x74\x6f\x20\x69\x6e\x73\x65\x72\x74\x20\x6e\x65\x77\
\x6c\x69\x6e\x65\x73\x20\x28\x69\x6e\x20\x74\x68\x65\x20\x72\x65\
\x73\x75\x6c\x74\x69\x6e\x67\x20\x6f\x75\x74\x70\x75\x74\x29\x2e\
\x20\x59\x6f\x75\x20\x63\x61\x6e\x20\x70\x75\x74\x20\x5e\x5e\x20\
\x69\x6e\x20\x74\x68\x65\x20\x76\x61\x6c\x75\x65\x20\x70\x61\x72\
\x74\x20\x6f\x66\x20\x61\x6e\x20\x61\x6c\x69\x61\x73\x20\x74\x6f\
\x20\x69\x6e\x73\x65\x72\x74\x20\x61\x20\x6e\x65\x77\x6c\x69\x6e\
\x65\x20\x61\x73\x20\x69\x66\x20\x61\x20\x70\x68\x79\x73\x69\x63\
\x61\x6c\x20\x6e\x65\x77\x6c\x69\x6e\x65\x20\x77\x61\x73\x20\x69\
\x6e\x20\x74\x68\x65\x20\x6f\x72\x69\x67\x69\x6e\x61\x6c\x20\x66\
\x69\x6c\x65\x2e\x20\x0a\x57\x68\x65\x6e\x20\x79\x6f\x75\x20\x6e\
\x65\x65\x64\x20\x61\x20\x6c\x69\x74\x65\x72\x61\x6c\x20\x7b\x20\
\x6f\x72\x20\x7d\x20\x6f\x72\x20\x2c\x20\x69\x6e\x20\x74\x68\x65\
\x20\x76\x61\x6c\x75\x65\x20\x70\x61\x72\x74\x20\x6f\x66\x20\x61\
\x6e\x20\x61\x6c\x69\x61\x73\x20\x79\x6f\x75\x20\x68\x61\x76\x65\
\x20\x74\x6f\x20\x65\x73\x63\x61\x70\x65\x20\x74\x68\x65\x6d\x20\
\x62\x79\x20\x6d\x65\x61\x6e\x73\x20\x6f\x66\x20\x61\x20\x62\x61\
\x63\x6b\x73\x6c\x61\x73\x68\x2c\x20\x74\x68\x69\x73\x20\x63\x61\
\x6e\x20\x6c\x65\x61\x64\x20\x74\x6f\x20\x63\x6f\x6e\x66\x6c\x69\
\x63\x74\x73\x20\x77\x69\x74\x68\x20\x74\x68\x65\x20\x63\x6f\x6d\
\x6d\x61\x6e\x64\x73\x20\x5c\x7b\x20\x61\x6e\x64\x20\x5c\x7d\x20\
\x66\x6f\x72\x20\x74\x68\x65\x73\x65\x20\x69\x74\x20\x69\x73\x20\
\x61\x64\x76\x69\x73\x65\x64\x20\x74\x6f\x20\x75\x73\x65\x20\x74\
\x68\x65\x20\x76\x65\x72\x73\x69\x6f\x6e\x20\x40\x7b\x20\x61\x6e\
\x64\x20\x40\x7d\x20\x6f\x72\x20\x75\x73\x65\x20\x61\x20\x64\x6f\
\x75\x62\x6c\x65\x20\x65\x73\x63\x61\x70\x65\x20\x28\x5c\x5c\x7b\
\x20\x61\x6e\x64\x20\x5c\x5c\x7d\x29\x20\x0a\x00\x3c\x70\x3e\x3c\
\x73\x70\x61\x6e\x20\x73\x74\x79\x6c\x65\x3d\x22\x63\x6f\x6c\x6f\
\x72\x3a\x79\x65\x6c\x6c\x6f\x77\x3b\x22\x3b\x3e\x3c\x62\x3e\x41\
\x4c\x4c\x4f\x57\x5f\x55\x4e\x49\x43\x4f\x44\x45\x5f\x4e\x41\x4d\
\x45\x53\x3c\x2f\x62\x3e\x3c\x2f\x73\x70\x61\x6e\x3e\x3c\x2f\x70\
\x3e\x0a\x0a\x49\x66\x20\x74\x68\x65\x20\x41\x4c\x4c\x4f\x57\x5f\
\x55\x4e\x49\x43\x4f\x44\x45\x5f\x4e\x41\x4d\x45\x53\x20\x74\x61\
\x67\x20\x69\x73\x20\x73\x65\x74\x20\x74\x6f\x20\x59\x45\x53\x2c\
\x20\x44\x6f\x78\x79\x67\x65\x6e\x20\x77\x69\x6c\x6c\x20\x61\x6c\
\x6c\x6f\x77\x20\x6e\x6f\x6e\x2d\x41\x53\x43\x49\x49\x20\x63\x68\
\x61\x72\x61\x63\x74\x65\x72\x73\x20\x74\x6f\x20\x61\x70\x70\x65\
\x61\x72\x20\x69\x6e\x20\x74\x68\x65\x20\x6e\x61\x6d\x65\x73\x20\
\x6f\x66\x20\x67\x65\x6e\x65\x72\x61\x74\x65\x64\x20\x66\x69\x6c\
\x65\x73\x2e\x20\x49\x66\x20\x73\x65\x74\x20\x74\x6f\x20\x4e\x4f\
\x2c\x20\x6e\x6f\x6e\x2d\x41\x53\x43\x49\x49\x20\x63\x68\x61\x72\
\x61\x63\x74\x65\x72\x73\x20\x77\x69\x6c\x6c\x20\x62\x65\x20\x65\
\x73\x63\x61\x70\x65\x64\x2c\x20\x66\x6f\x72\x20\x65\x78\x61\x6d\
\x70\x6c\x65\x20\x5f\x78\x45\x33\x5f\x78\x38\x31\x5f\x78\x38\x34\
\x20\x77\x69\x6c\x6c\x20\x62\x65\x20\x75\x73\x65\x64\x20\x66\x6f\
\x72\x20\x55\x6e\x69\x63\x6f\x64\x65\x20\x55\x2b\x33\x30\x34\x34\
\x2e\x20\x0a\x0a\x54\x68\x65\x20\x64\x65\x66\x61\x75\x6c\x74\x20\
\x76\x61\x6c\x75\x65\x20\x69\x73\x3a\x20\x4e\x4f\x2e\x0a\x00\x3c\
\x70\x3e\x3c\x73\x70\x61\x6e\x20\x73\x74\x79\x6c\x65\x3d\x22\x63\
\x6f\x6c\x6f\x72\x3a\x79\x65\x6c\x6c\x6f\x77\x3b\x22\x3e\x3c\x62\
\x3e\x41\x4c\x57\x41\x59\x53\x5f\x44\x45\x54\x41\x49\x4c\x45\x44\
\x5f\x53\x45\x43\x3c\x2f\x62\x3e\x3c\x2f\x73\x70\x61\x6e\x3e\x3c\
\x2f\x70\x3e\x0a\x0a\x49\x66\x20\x74\x68\x65\x20\x41\x4c\x57\x41\
\x59\x53\x5f\x44\x45\x54\x41\x49\x4c\x45\x44\x5f\x53\x45\x43\x20\
\x61\x6e\x64\x20\x52\x45\x50\x45\x41\x54\x5f\x42\x52\x49\x45\x46\
\x20\x74\x61\x67\x73\x20\x61\x72\x65\x20\x62\x6f\x74\x68\x20\x73\
\x65\x74\x20\x74\x6f\x20\x59\x45\x53\x20\x74\x68\x65\x6e\x20\x44\
\x6f\x78\x79\x67\x65\x6e\x20\x77\x69\x6c\x6c\x20\x67\x65\x6e\x65\
\x72\x61\x74\x65\x20\x61\x20\x64\x65\x74\x61\x69\x6c\x65\x64\x20\
\x73\x65\x63\x74\x69\x6f\x6e\x20\x65\x76\x65\x6e\x20\x69\x66\x20\
\x74\x68\x65\x72\x65\x20\x69\x73\x20\x6f\x6e\x6c\x79\x20\x61\x20\
\x62\x72\x69\x65\x66\x20\x64\x65\x73\x63\x72\x69\x70\x74\x69\x6f\
\x6e\x2e\x20\x0a\x0a\x54\x68\x65\x20\x64\x65\x66\x61\x75\x6c\x74\
\x20\x76\x61\x6c\x75\x65\x20\x69\x73\x3a\x20\x4e\x4f\x2e\x0a\x00\
\x3c\x70\x3e\x3c\x73\x70\x61\x6e\x20\x73\x74\x79\x6c\x65\x3d\x22\
\x63\x6f\x6c\x6f\x72\x3a\x79\x65\x6c\x6c\x6f\x77\x3b\x22\x3b\x3e\
\x3c\x62\x3e\x41\x55\x54\x4f\x4c\x49\x4e\x4b\x5f\x49\x47\x4e\x4f\
\x52\x45\x5f\x57\x4f\x52\x44\x53\x3c\x2f\x62\x3e\x3c\x2f\x73\x70\
\x61\x6e\x3e\x3c\x2f\x70\x3e\x0a\x0a\x54\x68\x69\x73\x20\x74\x61\
\x67\x20\x73\x70\x65\x63\x69\x66\x69\x65\x73\x20\x61\x20\x6c\x69\
\x73\x74\x20\x6f\x66\x20\x77\x6f\x72\x64\x73\x20\x74\x68\x61\x74\
\x2c\x20\x77\x68\x65\x6e\x20\x6d\x61\x74\x63\x68\x69\x6e\x67\x20\
\x74\x68\x65\x20\x73\x74\x61\x72\x74\x20\x6f\x66\x20\x61\x20\x77\
\x6f\x72\x64\x20\x69\x6e\x20\x74\x68\x65\x20\x64\x6f\x63\x75\x6d\
\x65\x6e\x74\x61\x74\x69\x6f\x6e\x2c\x20\x77\x69\x6c\x6c\x20\x73\
\x75\x70\x70\x72\x65\x73\x73\x20\x61\x75\x74\x6f\x20\x6c\x69\x6e\
\x6b\x73\x20\x67\x65\x6e\x65\x72\x61\x74\x69\x6f\x6e\x2c\x20\x69\
\x66\x20\x69\x74\x20\x69\x73\x20\x65\x6e\x61\x62\x6c\x65\x64\x20\
\x76\x69\x61\x20\x41\x55\x54\x4f\x4c\x49\x4e\x4b\x5f\x53\x55\x50\
\x50\x4f\x52\x54\x2e\x20\x54\x68\x69\x73\x20\x6c\x69\x73\x74\x20\
\x64\x6f\x65\x73\x20\x6e\x6f\x74\x20\x61\x66\x66\x65\x63\x74\x20\
\x6c\x69\x6e\x6b\x73\x20\x65\x78\x70\x6c\x69\x63\x69\x74\x6c\x79\
\x20\x63\x72\x65\x61\x74\x65\x64\x20\x75\x73\x69\x6e\x67\x20\x23\
\x20\x6f\x72\x20\x74\x68\x65\x20\x5c\x6c\x69\x6e\x6b\x20\x6f\x72\
\x20\x5c\x72\x65\x66\x20\x63\x6f\x6d\x6d\x61\x6e\x64\x73\x2e\x20\
\x0a\x0a\x54\x68\x69\x73\x20\x74\x61\x67\x20\x72\x65\x71\x75\x69\
\x72\x65\x73\x20\x74\x68\x61\x74\x20\x74\x68\x65\x20\x74\x61\x67\
\x20\x41\x55\x54\x4f\x4c\x49\x4e\x4b\x5f\x53\x55\x50\x50\x4f\x52\
\x54\x20\x69\x73\x20\x73\x65\x74\x20\x74\x6f\x20\x59\x45\x53\x2e\
\x0a\x00\x3c\x70\x3e\x3c\x73\x70\x61\x6e\x20\x73\x74\x79\x6c\x65\
\x3d\x22\x63\x6f\x6c\x6f\x72\x3a\x79\x65\x6c\x6c\x6f\x77\x3b\x22\
\x3b\x3e\x3c\x62\x3e\x41\x55\x54\x4f\x4c\x49\x4e\x4b\x5f\x53\x55\
\x50\x50\x4f\x52\x54\x3c\x2f\x62\x3e\x3c\x2f\x73\x70\x61\x6e\x3e\
\x3c\x2f\x70\x3e\x0a\x0a\x57\x68\x65\x6e\x20\x65\x6e\x61\x62\x6c\
\x65\x64\x20\x44\x6f\x78\x79\x67\x65\x6e\x20\x74\x72\x69\x65\x73\
\x20\x74\x6f\x20\x6c\x69\x6e\x6b\x20\x77\x6f\x72\x64\x73\x20\x74\
\x68\x61\x74\x20\x63\x6f\x72\x72\x65\x73\x70\x6f\x6e\x64\x20\x74\
\x6f\x20\x64\x6f\x63\x75\x6d\x65\x6e\x74\x65\x64\x20\x63\x6c\x61\
\x73\x73\x65\x73\x2c\x20\x6f\x72\x20\x6e\x61\x6d\x65\x73\x70\x61\
\x63\x65\x73\x20\x74\x6f\x20\x74\x68\x65\x69\x72\x20\x63\x6f\x72\
\x72\x65\x73\x70\x6f\x6e\x64\x69\x6e\x67\x20\x64\x6f\x63\x75\x6d\
\x65\x6e\x74\x61\x74\x69\x6f\x6e\x2e\x20\x53\x75\x63\x68\x20\x61\
\x20\x6c\x69\x6e\x6b\x20\x63\x61\x6e\x20\x62\x65\x20\x70\x72\x65\
\x76\x65\x6e\x74\x65\x64\x20\x69\x6e\x20\x69\x6e\x64\x69\x76\x69\
\x64\x75\x61\x6c\x20\x63\x61\x73\x65\x73\x20\x62\x79\x20\x70\x75\
\x74\x74\x69\x6e\x67\x20\x61\x20\x25\x20\x73\x69\x67\x6e\x20\x69\
\x6e\x20\x66\x72\x6f\x6e\x74\x20\x6f\x66\x20\x74\x68\x65\x20\x77\
\x6f\x72\x64\x20\x6f\x72\x20\x67\x6c\x6f\x62\x61\x6c\x6c\x79\x20\
\x62\x79\x20\x73\x65\x74\x74\x69\x6e\x67\x20\x41\x55\x54\x4f\x4c\
\x49\x4e\x4b\x5f\x53\x55\x50\x50\x4f\x52\x54\x20\x74\x6f\x20\x4e\
\x4f\x2e\x20\x57\x6f\x72\x64\x73\x20\x6c\x69\x73\x74\x65\x64\x20\
\x69\x6e\x20\x74\x68\x65\x20\x41\x55\x54\x4f\x4c\x49\x4e\x4b\x5f\
\x49\x47\x4e\x4f\x52\x45\x5f\x57\x4f\x52\x44\x53\x20\x74\x61\x67\
\x20\x61\x72\x65\x20\x65\x78\x63\x6c\x75\x64\x65\x64\x20\x66\x72\
\x6f\x6d\x20\x61\x75\x74\x6f\x6d\x61\x74\x69\x63\x20\x6c\x69\x6e\
\x6b\x69\x6e\x67\x2e\x20\x0a\x0a\x54\x68\x65\x20\x64\x65\x66\x61\
\x75\x6c\x74\x20\x76\x61\x6c\x75\x65\x20\x69\x73\x3a\x20\x59\x45\
\x53\x2e\x0a\x00\x3c\x70\x3e\x3c\x73\x70\x61\x6e\x20\x73\x74\x79\
\x6c\x65\x3d\x22\x63\x6f\x6c\x6f\x72\x3a\x79\x65\x6c\x6c\x6f\x77\
\x3b\x22\x3e\x3c\x62\x3e\x42\x52\x49\x45\x46\x5f\x4d\x45\x4d\x42\
\x45\x52\x5f\x44\x45\x53\x43\x3c\x2f\x62\x3e\x3c\x2f\x73\x70\x61\
\x6e\x3e\x3c\x2f\x70\x3e\x0a\x0a\x49\x66\x20\x74\x68\x65\x20\x42\
\x52\x49\x45\x46\x5f\x4d\x45\x4d\x42\x45\x52\x5f\x44\x45\x53\x43\
\x20\x74\x61\x67\x20\x69\x73\x20\x73\x65\x74\x20\x74\x6f\x20\x59\
\x45\x53\x2c\x20\x44\x6f\x78\x79\x67\x65\x6e\x20\x77\x69\x6c\x6c\
\x20\x69\x6e\x63\x6c\x75\x64\x65\x20\x62\x72\x69\x65\x66\x20\x6d\
\x65\x6d\x62\x65\x72\x20\x64\x65\x73\x63\x72\x69\x70\x74\x69\x6f\
\x6e\x73\x20\x61\x66\x74\x65\x72\x20\x74\x68\x65\x20\x6d\x65\x6d\
\x62\x65\x72\x73\x20\x74\x68\x61\x74\x20\x61\x72\x65\x20\x6c\x69\
\x73\x74\x65\x64\x20\x69\x6e\x20\x74\x68\x65\x20\x66\x69\x6c\x65\
\x20\x61\x6e\x64\x20\x63\x6c\x61\x73\x73\x20\x64\x6f\x63\x75\x6d\
\x65\x6e\x74\x61\x74\x69\x6f\x6e\x20\x28\x73\x69\x6d\x69\x6c\x61\
\x72\x20\x74\x6f\x20\x4a\x61\x76\x61\x64\x6f\x63\x29\x2e\x20\x53\
\x65\x74\x20\x74\x6f\x20\x4e\x4f\x20\x74\x6f\x20\x64\x69\x73\x61\
\x62\x6c\x65\x20\x74\x68\x69\x73\x2e\x20\x0a\x0a\x54\x68\x65\x20\
\x64\x65\x66\x61\x75\x6c\x74\x20\x76\x61\x6c\x75\x65\x20\x69\x73\
\x3a\x20\x59\x45\x53\x2e\x0a\x00\x3c\x70\x3e\x3c\x73\x70\x61\x6e\
\x20\x73\x74\x79\x6c\x65\x3d\x22\x63\x6f\x6c\x6f\x72\x3a\x79\x65\
\x6c\x6c\x6f\x77\x3b\x22\x3b\x3e\x3c\x62\x3e\x42\x55\x49\x4c\x54\
\x49\x4e\x5f\x53\x54\x4c\x5f\x53\x55\x50\x50\x4f\x52\x54\x3c\x2f\
\x62\x3e\x3c\x2f\x73\x70\x61\x6e\x3e\x3c\x2f\x70\x3e\x0a\x0a\x49\
\x66\x20\x79\x6f\x75\x20\x75\x73\x65\x20\x53\x54\x4c\x20\x63\x6c\
\x61\x73\x73\x65\x73\x20\x28\x69\x2e\x65\x2e\x20\x73\x74\x64\x3a\
\x3a\x73\x74\x72\x69\x6e\x67\x2c\x20\x73\x74\x64\x3a\x3a\x76\x65\
\x63\x74\x6f\x72\x2c\x20\x65\x74\x63\x2e\x29\x20\x62\x75\x74\x20\
\x64\x6f\x20\x6e\x6f\x74\x20\x77\x61\x6e\x74\x20\x74\x6f\x20\x69\
\x6e\x63\x6c\x75\x64\x65\x20\x28\x61\x20\x74\x61\x67\x20\x66\x69\
\x6c\x65\x20\x66\x6f\x72\x29\x20\x74\x68\x65\x20\x53\x54\x4c\x20\
\x73\x6f\x75\x72\x63\x65\x73\x20\x61\x73\x20\x69\x6e\x70\x75\x74\
\x2c\x20\x74\x68\x65\x6e\x20\x79\x6f\x75\x20\x73\x68\x6f\x75\x6c\
\x64\x20\x73\x65\x74\x20\x74\x68\x69\x73\x20\x74\x61\x67\x20\x74\
\x6f\x20\x59\x45\x53\x20\x69\x6e\x20\x6f\x72\x64\x65\x72\x20\x74\
\x6f\x20\x6c\x65\x74\x20\x44\x6f\x78\x79\x67\x65\x6e\x20\x6d\x61\
\x74\x63\x68\x20\x66\x75\x6e\x63\x74\x69\x6f\x6e\x73\x20\x64\x65\
\x63\x6c\x61\x72\x61\x74\x69\x6f\x6e\x73\x20\x61\x6e\x64\x20\x64\
\x65\x66\x69\x6e\x69\x74\x69\x6f\x6e\x73\x20\x77\x68\x6f\x73\x65\
\x20\x61\x72\x67\x75\x6d\x65\x6e\x74\x73\x20\x63\x6f\x6e\x74\x61\
\x69\x6e\x20\x53\x54\x4c\x20\x63\x6c\x61\x73\x73\x65\x73\x20\x28\
\x65\x2e\x67\x2e\x20\x66\x75\x6e\x63\x28\x73\x74\x64\x3a\x3a\x73\
\x74\x72\x69\x6e\x67\x29\x3b\x20\x76\x65\x72\x73\x75\x73\x20\x66\
\x75\x6e\x63\x28\x73\x74\x64\x3a\x3a\x73\x74\x72\x69\x6e\x67\x29\
\x20\x7b\x7d\x29\x2e\x20\x54\x68\x69\x73\x20\x61\x6c\x73\x6f\x20\
\x6d\x61\x6b\x65\x73\x20\x74\x68\x65\x20\x69\x6e\x68\x65\x72\x69\
\x74\x61\x6e\x63\x65\x20\x61\x6e\x64\x20\x63\x6f\x6c\x6c\x61\x62\
\x6f\x72\x61\x74\x69\x6f\x6e\x20\x64\x69\x61\x67\x72\x61\x6d\x73\
\x20\x74\x68\x61\x74\x20\x69\x6e\x76\x6f\x6c\x76\x65\x20\x53\x54\
\x4c\x20\x63\x6c\x61\x73\x73\x65\x73\x20\x6d\x6f\x72\x65\x20\x63\
\x6f\x6d\x70\x6c\x65\x74\x65\x20\x61\x6e\x64\x20\x61\x63\x63\x75\
\x72\x61\x74\x65\x2e\x20\x0a\x0a\x54\x68\x65\x20\x64\x65\x66\x61\
\x75\x6c\x74\x20\x76\x61\x6c\x75\x65\x20\x69\x73\x3a\x20\x4e\x4f\
\x2e\x0a\x00\x3c\x70\x3e\x3c\x73\x70\x61\x6e\x20\x73\x74\x79\x6c\
\x65\x3d\x22\x63\x6f\x6c\x6f\x72\x3a\x79\x65\x6c\x6c\x6f\x77\x3b\
\x22\x3e\x3c\x62\x3e\x43\x50\x50\x5f\x43\x4c\x49\x5f\x53\x55\x50\
\x50\x4f\x52\x54\x3c\x2f\x62\x3e\x3c\x2f\x73\x70\x61\x6e\x3e\x3c\
\x2f\x70\x3e\x0a\x0a\x49\x66\x20\x79\x6f\x75\x20\x75\x73\x65\x20\
\x4d\x69\x63\x72\x6f\x73\x6f\x66\x74\x27\x73\x20\x43\x2b\x2b\x2f\
\x43\x4c\x49\x20\x6c\x61\x6e\x67\x75\x61\x67\x65\x2c\x20\x79\x6f\
\x75\x20\x73\x68\x6f\x75\x6c\x64\x20\x73\x65\x74\x20\x74\x68\x69\
\x73\x20\x6f\x70\x74\x69\x6f\x6e\x20\x74\x6f\x20\x59\x45\x53\x20\
\x74\x6f\x20\x65\x6e\x61\x62\x6c\x65\x20\x70\x61\x72\x73\x69\x6e\
\x67\x20\x73\x75\x70\x70\x6f\x72\x74\x2e\x20\x0a\x0a\x54\x68\x65\
\x20\x64\x65\x66\x61\x75\x6c\x74\x20\x76\x61\x6c\x75\x65\x20\x69\
\x73\x3a\x20\x4e\x4f\x2e\x0a\x00\x3c\x70\x3e\x3c\x73\x70\x61\x6e\
\x20\x73\x74\x79\x6c\x65\x3d\x22\x63\x6f\x6c\x6f\x72\x3a\x79\x65\
\x6c\x6c\x6f\x77\x3b\x22\x3e\x3c\x62\x3e\x43\x52\x45\x41\x54\x45\
\x5f\x53\x55\x42\x44\x49\x52\x53\x3c\x2f\x62\x3e\x3c\x2f\x73\x70\
\x61\x6e\x3e\x3c\x2f\x70\x3e\x0a\x0a\x49\x66\x20\x74\x68\x65\x20\
\x43\x52\x45\x41\x54\x45\x5f\x53\x55\x42\x44\x49\x52\x53\x20\x74\
\x61\x67\x20\x69\x73\x20\x73\x65\x74\x20\x74\x6f\x20\x59\x45\x53\
\x20\x74\x68\x65\x6e\x20\x44\x6f\x78\x79\x67\x65\x6e\x20\x77\x69\
\x6c\x6c\x20\x63\x72\x65\x61\x74\x65\x20\x75\x70\x20\x74\x6f\x20\
\x34\x30\x39\x36\x20\x73\x75\x62\x2d\x64\x69\x72\x65\x63\x74\x6f\
\x72\x69\x65\x73\x20\x28\x69\x6e\x20\x32\x20\x6c\x65\x76\x65\x6c\
\x73\x29\x20\x75\x6e\x64\x65\x72\x20\x74\x68\x65\x20\x6f\x75\x74\
\x70\x75\x74\x20\x64\x69\x72\x65\x63\x74\x6f\x72\x79\x20\x6f\x66\
\x20\x65\x61\x63\x68\x20\x6f\x75\x74\x70\x75\x74\x20\x66\x6f\x72\
\x6d\x61\x74\x20\x61\x6e\x64\x20\x77\x69\x6c\x6c\x20\x64\x69\x73\
\x74\x72\x69\x62\x75\x74\x65\x20\x74\x68\x65\x20\x67\x65\x6e\x65\
\x72\x61\x74\x65\x64\x20\x66\x69\x6c\x65\x73\x20\x6f\x76\x65\x72\
\x20\x74\x68\x65\x73\x65\x20\x64\x69\x72\x65\x63\x74\x6f\x72\x69\
\x65\x73\x2e\x20\x45\x6e\x61\x62\x6c\x69\x6e\x67\x20\x74\x68\x69\
\x73\x20\x6f\x70\x74\x69\x6f\x6e\x20\x63\x61\x6e\x20\x62\x65\x20\
\x75\x73\x65\x66\x75\x6c\x20\x77\x68\x65\x6e\x20\x66\x65\x65\x64\
\x69\x6e\x67\x20\x44\x6f\x78\x79\x67\x65\x6e\x20\x61\x20\x68\x75\
\x67\x65\x20\x61\x6d\x6f\x75\x6e\x74\x20\x6f\x66\x20\x73\x6f\x75\
\x72\x63\x65\x20\x66\x69\x6c\x65\x73\x2c\x20\x77\x68\x65\x72\x65\
\x20\x70\x75\x74\x74\x69\x6e\x67\x20\x61\x6c\x6c\x20\x67\x65\x6e\
\x65\x72\x61\x74\x65\x64\x20\x66\x69\x6c\x65\x73\x20\x69\x6e\x20\
\x74\x68\x65\x20\x73\x61\x6d\x65\x20\x64\x69\x72\x65\x63\x74\x6f\
\x72\x79\x20\x77\x6f\x75\x6c\x64\x20\x6f\x74\x68\x65\x72\x77\x69\
\x73\x65\x20\x63\x61\x75\x73\x65\x20\x70\x65\x72\x66\x6f\x72\x6d\
\x61\x6e\x63\x65\x20\x70\x72\x6f\x62\x6c\x65\x6d\x73\x20\x66\x6f\
\x72\x20\x74\x68\x65\x20\x66\x69\x6c\x65\x20\x73\x79\x73\x74\x65\
\x6d\x2e\x20\x41\x64\x61\x70\x74\x20\x43\x52\x45\x41\x54\x45\x5f\
\x53\x55\x42\x44\x49\x52\x53\x5f\x4c\x45\x56\x45\x4c\x20\x74\x6f\
\x20\x63\x6f\x6e\x74\x72\x6f\x6c\x20\x74\x68\x65\x20\x6e\x75\x6d\
\x62\x65\x72\x20\x6f\x66\x20\x73\x75\x62\x2d\x64\x69\x72\x65\x63\
\x74\x6f\x72\x69\x65\x73\x2e\x20\x0a\x0a\x54\x68\x65\x20\x64\x65\
\x66\x61\x75\x6c\x74\x20\x76\x61\x6c\x75\x65\x20\x69\x73\x3a\x20\
\x4e\x4f\x2e\x00\x3c\x70\x3e\x3c\x73\x70\x61\x6e\x20\x73\x74\x79\
\x6c\x65\x3d\x22\x63\x6f\x6c\x6f\x72\x3a\x79\x65\x6c\x6c\x6f\x77\
\x3b\x22\x3e\x3c\x62\x3e\x43\x52\x45\x41\x54\x45\x5f\x53\x55\x42\
\x44\x49\x52\x53\x5f\x4c\x45\x56\x45\x4c\x3c\x2f\x62\x3e\x3c\x2f\
\x73\x70\x61\x6e\x3e\x3c\x2f\x70\x3e\x0a\x0a\x43\x6f\x6e\x74\x72\
\x6f\x6c\x73\x20\x74\x68\x65\x20\x6e\x75\x6d\x62\x65\x72\x20\x6f\
\x66\x20\x73\x75\x62\x2d\x64\x69\x72\x65\x63\x74\x6f\x72\x69\x65\
\x73\x20\x74\x68\x61\x74\x20\x77\x69\x6c\x6c\x20\x62\x65\x20\x63\
\x72\x65\x61\x74\x65\x64\x20\x77\x68\x65\x6e\x20\x43\x52\x45\x41\
\x54\x45\x5f\x53\x55\x42\x44\x49\x52\x53\x20\x74\x61\x67\x20\x69\
\x73\x20\x73\x65\x74\x20\x74\x6f\x20\x59\x45\x53\x2e\x20\x4c\x65\
\x76\x65\x6c\x20\x30\x20\x72\x65\x70\x72\x65\x73\x65\x6e\x74\x73\
\x20\x31\x36\x20\x64\x69\x72\x65\x63\x74\x6f\x72\x69\x65\x73\x2c\
\x20\x61\x6e\x64\x20\x65\x76\x65\x72\x79\x20\x6c\x65\x76\x65\x6c\
\x20\x69\x6e\x63\x72\x65\x6d\x65\x6e\x74\x20\x64\x6f\x75\x62\x6c\
\x65\x73\x20\x74\x68\x65\x20\x6e\x75\x6d\x62\x65\x72\x20\x6f\x66\
\x20\x64\x69\x72\x65\x63\x74\x6f\x72\x69\x65\x73\x2c\x20\x72\x65\
\x73\x75\x6c\x74\x69\x6e\x67\x20\x69\x6e\x20\x34\x30\x39\x36\x20\
\x64\x69\x72\x65\x63\x74\x6f\x72\x69\x65\x73\x20\x61\x74\x20\x6c\
\x65\x76\x65\x6c\x20\x38\x20\x77\x68\x69\x63\x68\x20\x69\x73\x20\
\x74\x68\x65\x20\x64\x65\x66\x61\x75\x6c\x74\x20\x61\x6e\x64\x20\
\x61\x6c\x73\x6f\x20\x74\x68\x65\x20\x6d\x61\x78\x69\x6d\x75\x6d\
\x20\x76\x61\x6c\x75\x65\x2e\x20\x54\x68\x65\x20\x73\x75\x62\x2d\
\x64\x69\x72\x65\x63\x74\x6f\x72\x69\x65\x73\x20\x61\x72\x65\x20\
\x6f\x72\x67\x61\x6e\x69\x7a\x65\x64\x20\x69\x6e\x20\x32\x20\x6c\
\x65\x76\x65\x6c\x73\x2c\x20\x74\x68\x65\x20\x66\x69\x72\x73\x74\
\x20\x6c\x65\x76\x65\x6c\x20\x61\x6c\x77\x61\x79\x73\x20\x68\x61\
\x73\x20\x61\x20\x66\x69\x78\x65\x64\x20\x6e\x75\x6d\x62\x65\x72\
\x20\x6f\x66\x20\x31\x36\x20\x64\x69\x72\x65\x63\x74\x6f\x72\x69\
\x65\x73\x2e\x20\x0a\x0a\x4d\x69\x6e\x69\x6d\x75\x6d\x20\x76\x61\
\x6c\x75\x65\x3a\x20\x30\x2c\x20\x6d\x61\x78\x69\x6d\x75\x6d\x20\
\x76\x61\x6c\x75\x65\x3a\x20\x38\x2c\x20\x64\x65\x66\x61\x75\x6c\
\x74\x20\x76\x61\x6c\x75\x65\x3a\x20\x38\x2e\x0a\x0a\x54\x68\x69\
\x73\x20\x74\x61\x67\x20\x72\x65\x71\x75\x69\x72\x65\x73\x20\x74\
\x68\x61\x74\x20\x74\x68\x65\x20\x74\x61\x67\x20\x43\x52\x45\x41\
\x54\x45\x5f\x53\x55\x42\x44\x49\x52\x53\x20\x69\x73\x20\x73\x65\
\x74\x20\x74\x6f\x20\x59\x45\x53\x2e\x00\x3c\x70\x3e\x3c\x73\x70\
\x61\x6e\x20\x73\x74\x79\x6c\x65\x3d\x22\x63\x6f\x6c\x6f\x72\x3a\
\x79\x65\x6c\x6c\x6f\x77\x3b\x22\x3e\x3c\x62\x3e\x44\x49\x53\x54\
\x52\x49\x42\x55\x54\x45\x5f\x47\x52\x4f\x55\x50\x5f\x44\x4f\x43\
\x3c\x2f\x62\x3e\x3c\x2f\x73\x70\x61\x6e\x3e\x3c\x2f\x70\x3e\x0a\
\x0a\x49\x66\x20\x6d\x65\x6d\x62\x65\x72\x20\x67\x72\x6f\x75\x70\
\x69\x6e\x67\x20\x69\x73\x20\x75\x73\x65\x64\x20\x69\x6e\x20\x74\
\x68\x65\x20\x64\x6f\x63\x75\x6d\x65\x6e\x74\x61\x74\x69\x6f\x6e\
\x20\x61\x6e\x64\x20\x74\x68\x65\x20\x44\x49\x53\x54\x52\x49\x42\
\x55\x54\x45\x5f\x47\x52\x4f\x55\x50\x5f\x44\x4f\x43\x20\x74\x61\
\x67\x20\x69\x73\x20\x73\x65\x74\x20\x74\x6f\x20\x59\x45\x53\x20\
\x74\x68\x65\x6e\x20\x44\x6f\x78\x79\x67\x65\x6e\x20\x77\x69\x6c\
\x6c\x20\x72\x65\x75\x73\x65\x20\x74\x68\x65\x20\x64\x6f\x63\x75\
\x6d\x65\x6e\x74\x61\x74\x69\x6f\x6e\x20\x6f\x66\x20\x74\x68\x65\
\x20\x66\x69\x72\x73\x74\x20\x6d\x65\x6d\x62\x65\x72\x20\x69\x6e\
\x20\x74\x68\x65\x20\x67\x72\x6f\x75\x70\x20\x28\x69\x66\x20\x61\
\x6e\x79\x29\x20\x66\x6f\x72\x20\x74\x68\x65\x20\x6f\x74\x68\x65\
\x72\x20\x6d\x65\x6d\x62\x65\x72\x73\x20\x6f\x66\x20\x74\x68\x65\
\x20\x67\x72\x6f\x75\x70\x2e\x20\x42\x79\x20\x64\x65\x66\x61\x75\
\x6c\x74\x20\x61\x6c\x6c\x20\x6d\x65\x6d\x62\x65\x72\x73\x20\x6f\
\x66\x20\x61\x20\x67\x72\x6f\x75\x70\x20\x6d\x75\x73\x74\x20\x62\
\x65\x20\x64\x6f\x63\x75\x6d\x65\x6e\x74\x65\x64\x20\x65\x78\x70\
\x6c\x69\x63\x69\x74\x6c\x79\x2e\x20\x0a\x0a\x54\x68\x65\x20\x64\
\x65\x66\x61\x75\x6c\x74\x20\x76\x61\x6c\x75\x65\x20\x69\x73\x3a\
\x20\x4e\x4f\x2e\x0a\x00\x3c\x70\x3e\x3c\x62\x3e\x3c\x73\x70\x61\
\x6e\x20\x73\x74\x79\x6c\x65\x3d\x22\x63\x6f\x6c\x6f\x72\x3a\x79\
\x65\x6c\x6c\x6f\x77\x3b\x22\x3e\x44\x4f\x58\x59\x46\x49\x4c\x45\
\x5f\x45\x4e\x43\x4f\x44\x49\x4e\x47\x3c\x2f\x73\x70\x61\x6e\x3e\
\x3c\x2f\x62\x3e\x3c\x2f\x70\x3e\x0a\x0a\x44\x69\x65\x73\x65\x72\
\x20\x54\x61\x67\x20\x6c\x65\x67\x74\x20\x64\x61\x73\x20\x45\x6e\
\x63\x6f\x64\x69\x6e\x67\x20\x61\x6e\x2c\x20\x64\x61\x73\x20\x66\
\xc3\xbc\x72\x20\x61\x6c\x6c\x65\x20\x5a\x65\x69\x63\x68\x65\x6e\
\x20\x69\x6e\x20\x64\x65\x72\x20\x4b\x6f\x6e\x66\x69\x67\x75\x72\
\x61\x74\x69\x6f\x6e\x73\x2d\x44\x61\x74\x65\x69\x20\x7a\x75\x20\
\x47\x72\x75\x6e\x64\x65\x20\x6c\x69\x65\x67\x74\x2e\x0a\x44\x65\
\x72\x20\x53\x74\x61\x6e\x64\x61\x72\x64\x77\x65\x72\x74\x20\x69\
\x73\x74\x20\x3c\x73\x70\x61\x6e\x20\x73\x74\x79\x6c\x65\x3d\x22\
\x63\x6f\x6c\x6f\x72\x3a\x79\x65\x6c\x6c\x6f\x77\x22\x3e\x3c\x62\
\x3e\x55\x54\x46\x2d\x38\x3c\x2f\x62\x3e\x3c\x2f\x73\x70\x61\x6e\
\x3e\x2e\x0a\x44\x65\x72\x20\x57\x65\x72\x74\x20\x77\x69\x72\x6b\
\x74\x20\x73\x69\x63\x68\x20\x65\x72\x73\x74\x20\x6e\x61\x63\x68\
\x20\x64\x65\x6d\x20\x56\x6f\x72\x6b\x6f\x6d\x6d\x65\x6e\x20\x64\
\x69\x65\x73\x65\x73\x20\x54\x61\x67\x73\x20\x61\x75\x73\x2e\x0a\
\x44\x6f\x78\x79\x47\x65\x6e\x20\x62\x65\x6e\x75\x74\x7a\x74\x20\
\x66\xc3\xbc\x72\x20\x64\x61\x73\x20\x54\x72\x61\x6e\x73\x63\x6f\
\x64\x69\x6e\x67\x20\x6c\x69\x62\x69\x63\x6f\x6e\x76\x20\x28\x6f\
\x64\x65\x72\x20\x64\x69\x65\x20\x65\x69\x6e\x67\x65\x62\x61\x75\
\x74\x65\x20\x69\x63\x6f\x6e\x76\x2c\x20\x64\x69\x65\x20\x6d\x69\
\x74\x20\x64\x65\x72\x20\x6c\x69\x62\x63\x20\x61\x75\x73\x67\x65\
\x6c\x69\x65\x66\x65\x72\x74\x20\x77\x69\x72\x64\x29\x2e\x0a\x46\
\xc3\xbc\x72\x20\x6d\x65\x68\x72\x20\x49\x6e\x66\x6f\x72\x6d\x61\
\x74\x69\x6f\x6e\x65\x6e\x20\xc3\xbc\x62\x65\x72\x20\x64\x69\x65\
\x20\x76\x65\x72\x66\xc3\xbc\x67\x62\x61\x72\x65\x6e\x20\x45\x6e\
\x63\x6f\x64\x69\x6e\x67\x73\x2c\x20\x66\x6f\x6c\x67\x65\x6e\x20\
\x53\x69\x65\x20\x64\x65\x6e\x20\x4c\x69\x6e\x6b\x3a\x0a\x3c\x73\
\x70\x61\x6e\x20\x73\x74\x79\x6c\x65\x3d\x22\x63\x6f\x6c\x6f\x72\
\x3a\x6c\x69\x6d\x65\x3b\x22\x3e\x68\x74\x74\x70\x73\x3a\x2f\x2f\
\x77\x77\x77\x2e\x67\x6e\x75\x2e\x6f\x72\x67\x2f\x73\x6f\x66\x74\
\x77\x61\x72\x65\x2f\x6c\x69\x62\x69\x63\x6f\x6e\x76\x3c\x2f\x73\
\x70\x61\x6e\x3e\x0a\x3c\x70\x3e\x0a\x44\x65\x72\x20\x53\x74\x61\
\x6e\x64\x61\x72\x64\x77\x65\x72\x74\x20\x69\x73\x74\x20\x3c\x73\
\x70\x61\x6e\x20\x73\x74\x79\x6c\x65\x3d\x22\x63\x6f\x6c\x6f\x72\
\x3a\x79\x65\x6c\x6c\x6f\x77\x3b\x22\x3e\x55\x49\x54\x46\x2d\x38\
\x3c\x2f\x73\x70\x61\x6e\x3e\x0a\x3c\x2f\x70\x3e\x0a\x00\x3c\x70\
\x3e\x3c\x73\x70\x61\x6e\x20\x73\x74\x79\x6c\x65\x3d\x22\x63\x6f\
\x6c\x6f\x72\x3a\x79\x65\x6c\x6c\x6f\x77\x3b\x22\x3e\x3c\x62\x3e\
\x45\x58\x54\x45\x4e\x53\x49\x4f\x4e\x5f\x4d\x41\x50\x50\x49\x4e\
\x47\x3c\x2f\x62\x3e\x3c\x2f\x73\x70\x61\x6e\x3e\x3c\x2f\x70\x3e\
\x0a\x0a\x44\x6f\x78\x79\x67\x65\x6e\x20\x73\x65\x6c\x65\x63\x74\
\x73\x20\x74\x68\x65\x20\x70\x61\x72\x73\x65\x72\x20\x74\x6f\x20\
\x75\x73\x65\x20\x64\x65\x70\x65\x6e\x64\x69\x6e\x67\x20\x6f\x6e\
\x20\x74\x68\x65\x20\x65\x78\x74\x65\x6e\x73\x69\x6f\x6e\x20\x6f\
\x66\x20\x74\x68\x65\x20\x66\x69\x6c\x65\x73\x20\x69\x74\x20\x70\
\x61\x72\x73\x65\x73\x2e\x20\x57\x69\x74\x68\x20\x74\x68\x69\x73\
\x20\x74\x61\x67\x20\x79\x6f\x75\x20\x63\x61\x6e\x20\x61\x73\x73\
\x69\x67\x6e\x20\x77\x68\x69\x63\x68\x20\x70\x61\x72\x73\x65\x72\
\x20\x74\x6f\x20\x75\x73\x65\x20\x66\x6f\x72\x20\x61\x20\x67\x69\
\x76\x65\x6e\x20\x65\x78\x74\x65\x6e\x73\x69\x6f\x6e\x2e\x20\x44\
\x6f\x78\x79\x67\x65\x6e\x20\x68\x61\x73\x20\x61\x20\x62\x75\x69\
\x6c\x74\x2d\x69\x6e\x20\x6d\x61\x70\x70\x69\x6e\x67\x2c\x20\x62\
\x75\x74\x20\x79\x6f\x75\x20\x63\x61\x6e\x20\x6f\x76\x65\x72\x72\
\x69\x64\x65\x20\x6f\x72\x20\x65\x78\x74\x65\x6e\x64\x20\x69\x74\
\x20\x75\x73\x69\x6e\x67\x20\x74\x68\x69\x73\x20\x74\x61\x67\x2e\
\x20\x54\x68\x65\x20\x66\x6f\x72\x6d\x61\x74\x20\x69\x73\x20\x65\
\x78\x74\x3d\x6c\x61\x6e\x67\x75\x61\x67\x65\x2c\x20\x77\x68\x65\
\x72\x65\x20\x65\x78\x74\x20\x69\x73\x20\x61\x20\x66\x69\x6c\x65\
\x20\x65\x78\x74\x65\x6e\x73\x69\x6f\x6e\x2c\x20\x61\x6e\x64\x20\
\x6c\x61\x6e\x67\x75\x61\x67\x65\x20\x69\x73\x20\x6f\x6e\x65\x20\
\x6f\x66\x20\x74\x68\x65\x20\x70\x61\x72\x73\x65\x72\x73\x20\x73\
\x75\x70\x70\x6f\x72\x74\x65\x64\x20\x62\x79\x20\x44\x6f\x78\x79\
\x67\x65\x6e\x3a\x20\x49\x44\x4c\x2c\x20\x4a\x61\x76\x61\x2c\x20\
\x4a\x61\x76\x61\x53\x63\x72\x69\x70\x74\x2c\x20\x43\x73\x68\x61\
\x72\x70\x20\x28\x43\x23\x29\x2c\x20\x43\x2c\x20\x43\x2b\x2b\x2c\
\x20\x4c\x65\x78\x2c\x20\x44\x2c\x20\x50\x48\x50\x2c\x20\x6d\x64\
\x20\x28\x4d\x61\x72\x6b\x64\x6f\x77\x6e\x29\x2c\x20\x4f\x62\x6a\
\x65\x63\x74\x69\x76\x65\x2d\x43\x2c\x20\x50\x79\x74\x68\x6f\x6e\
\x2c\x20\x53\x6c\x69\x63\x65\x2c\x20\x56\x48\x44\x4c\x2c\x20\x46\
\x6f\x72\x74\x72\x61\x6e\x20\x28\x66\x69\x78\x65\x64\x20\x66\x6f\
\x72\x6d\x61\x74\x20\x46\x6f\x72\x74\x72\x61\x6e\x3a\x20\x46\x6f\
\x72\x74\x72\x61\x6e\x46\x69\x78\x65\x64\x2c\x20\x66\x72\x65\x65\
\x20\x66\x6f\x72\x6d\x61\x74\x74\x65\x64\x20\x46\x6f\x72\x74\x72\
\x61\x6e\x3a\x20\x46\x6f\x72\x74\x72\x61\x6e\x46\x72\x65\x65\x2c\
\x20\x75\x6e\x6b\x6e\x6f\x77\x6e\x20\x66\x6f\x72\x6d\x61\x74\x74\
\x65\x64\x20\x46\x6f\x72\x74\x72\x61\x6e\x3a\x20\x46\x6f\x72\x74\
\x72\x61\x6e\x2e\x20\x49\x6e\x20\x74\x68\x65\x20\x6c\x61\x74\x65\
\x72\x20\x63\x61\x73\x65\x20\x74\x68\x65\x20\x70\x61\x72\x73\x65\
\x72\x20\x74\x72\x69\x65\x73\x20\x74\x6f\x20\x67\x75\x65\x73\x73\
\x20\x77\x68\x65\x74\x68\x65\x72\x20\x74\x68\x65\x20\x63\x6f\x64\
\x65\x20\x69\x73\x20\x66\x69\x78\x65\x64\x20\x6f\x72\x20\x66\x72\
\x65\x65\x20\x66\x6f\x72\x6d\x61\x74\x74\x65\x64\x20\x63\x6f\x64\
\x65\x2c\x20\x74\x68\x69\x73\x20\x69\x73\x20\x74\x68\x65\x20\x64\
\x65\x66\x61\x75\x6c\x74\x20\x66\x6f\x72\x20\x46\x6f\x72\x74\x72\
\x61\x6e\x20\x74\x79\x70\x65\x20\x66\x69\x6c\x65\x73\x29\x2e\x20\
\x46\x6f\x72\x20\x69\x6e\x73\x74\x61\x6e\x63\x65\x20\x74\x6f\x20\
\x6d\x61\x6b\x65\x20\x44\x6f\x78\x79\x67\x65\x6e\x20\x74\x72\x65\
\x61\x74\x20\x2e\x69\x6e\x63\x20\x66\x69\x6c\x65\x73\x20\x61\x73\
\x20\x46\x6f\x72\x74\x72\x61\x6e\x20\x66\x69\x6c\x65\x73\x20\x28\
\x64\x65\x66\x61\x75\x6c\x74\x20\x69\x73\x20\x50\x48\x50\x29\x2c\
\x20\x61\x6e\x64\x20\x2e\x66\x20\x66\x69\x6c\x65\x73\x20\x61\x73\
\x20\x43\x20\x28\x64\x65\x66\x61\x75\x6c\x74\x20\x69\x73\x20\x46\
\x6f\x72\x74\x72\x61\x6e\x29\x2c\x20\x75\x73\x65\x3a\x20\x69\x6e\
\x63\x3d\x46\x6f\x72\x74\x72\x61\x6e\x20\x66\x3d\x43\x2e\x20\x0a\
\x4e\x6f\x74\x65\x3a\x20\x46\x6f\x72\x20\x66\x69\x6c\x65\x73\x20\
\x77\x69\x74\x68\x6f\x75\x74\x20\x65\x78\x74\x65\x6e\x73\x69\x6f\
\x6e\x20\x79\x6f\x75\x20\x63\x61\x6e\x20\x75\x73\x65\x20\x6e\x6f\
\x5f\x65\x78\x74\x65\x6e\x73\x69\x6f\x6e\x20\x61\x73\x20\x61\x20\
\x70\x6c\x61\x63\x65\x68\x6f\x6c\x64\x65\x72\x2e\x20\x0a\x4e\x6f\
\x74\x65\x20\x74\x68\x61\x74\x20\x66\x6f\x72\x20\x63\x75\x73\x74\
\x6f\x6d\x20\x65\x78\x74\x65\x6e\x73\x69\x6f\x6e\x73\x20\x79\x6f\
\x75\x20\x61\x6c\x73\x6f\x20\x6e\x65\x65\x64\x20\x74\x6f\x20\x73\
\x65\x74\x20\x46\x49\x4c\x45\x5f\x50\x41\x54\x54\x45\x52\x4e\x53\
\x20\x6f\x74\x68\x65\x72\x77\x69\x73\x65\x20\x74\x68\x65\x20\x66\
\x69\x6c\x65\x73\x20\x61\x72\x65\x20\x6e\x6f\x74\x20\x72\x65\x61\
\x64\x20\x62\x79\x20\x44\x6f\x78\x79\x67\x65\x6e\x2e\x20\x57\x68\
\x65\x6e\x20\x73\x70\x65\x63\x69\x66\x79\x69\x6e\x67\x20\x6e\x6f\
\x5f\x65\x78\x74\x65\x6e\x73\x69\x6f\x6e\x20\x79\x6f\x75\x20\x73\
\x68\x6f\x75\x6c\x64\x20\x61\x64\x64\x20\x2a\x20\x74\x6f\x20\x74\
\x68\x65\x20\x46\x49\x4c\x45\x5f\x50\x41\x54\x54\x45\x52\x4e\x53\
\x20\x2e\x20\x0a\x4e\x6f\x74\x65\x20\x73\x65\x65\x20\x61\x6c\x73\
\x6f\x20\x74\x68\x65\x20\x6c\x69\x73\x74\x20\x6f\x66\x20\x64\x65\
\x66\x61\x75\x6c\x74\x20\x66\x69\x6c\x65\x20\x65\x78\x74\x65\x6e\
\x73\x69\x6f\x6e\x20\x6d\x61\x70\x70\x69\x6e\x67\x73\x20\x2e\x20\
\x0a\x00\x3c\x70\x3e\x3c\x73\x70\x61\x6e\x20\x73\x74\x79\x6c\x65\
\x3d\x22\x63\x6f\x6c\x6f\x72\x3a\x79\x65\x6c\x6c\x6f\x77\x3b\x22\
\x3e\x3c\x62\x3e\x46\x55\x4c\x4c\x5f\x50\x41\x54\x48\x5f\x4e\x41\
\x4d\x45\x53\x3c\x2f\x62\x3e\x3c\x2f\x73\x70\x61\x6e\x3e\x3c\x2f\
\x70\x3e\x0a\x0a\x49\x66\x20\x74\x68\x65\x20\x46\x55\x4c\x4c\x5f\
\x50\x41\x54\x48\x5f\x4e\x41\x4d\x45\x53\x20\x74\x61\x67\x20\x69\
\x73\x20\x73\x65\x74\x20\x74\x6f\x20\x59\x45\x53\x2c\x20\x44\x6f\
\x78\x79\x67\x65\x6e\x20\x77\x69\x6c\x6c\x20\x70\x72\x65\x70\x65\
\x6e\x64\x20\x74\x68\x65\x20\x66\x75\x6c\x6c\x20\x70\x61\x74\x68\
\x20\x62\x65\x66\x6f\x72\x65\x20\x66\x69\x6c\x65\x73\x20\x6e\x61\
\x6d\x65\x20\x69\x6e\x20\x74\x68\x65\x20\x66\x69\x6c\x65\x20\x6c\
\x69\x73\x74\x20\x61\x6e\x64\x20\x69\x6e\x20\x74\x68\x65\x20\x68\
\x65\x61\x64\x65\x72\x20\x66\x69\x6c\x65\x73\x2e\x20\x49\x66\x20\
\x73\x65\x74\x20\x74\x6f\x20\x4e\x4f\x20\x74\x68\x65\x20\x73\x68\
\x6f\x72\x74\x65\x73\x74\x20\x70\x61\x74\x68\x20\x74\x68\x61\x74\
\x20\x6d\x61\x6b\x65\x73\x20\x74\x68\x65\x20\x66\x69\x6c\x65\x20\
\x6e\x61\x6d\x65\x20\x75\x6e\x69\x71\x75\x65\x20\x77\x69\x6c\x6c\
\x20\x62\x65\x20\x75\x73\x65\x64\x20\x0a\x0a\x54\x68\x65\x20\x64\
\x65\x66\x61\x75\x6c\x74\x20\x76\x61\x6c\x75\x65\x20\x69\x73\x3a\
\x20\x59\x45\x53\x2e\x0a\x00\x3c\x70\x3e\x3c\x73\x70\x61\x6e\x20\
\x73\x74\x79\x6c\x65\x3d\x22\x63\x6f\x6c\x6f\x72\x3a\x79\x65\x6c\
\x6c\x6f\x77\x3b\x22\x3e\x3c\x62\x3e\x47\x52\x4f\x55\x50\x5f\x4e\
\x45\x53\x54\x45\x44\x5f\x43\x4f\x4d\x50\x4f\x55\x4e\x44\x53\x3c\
\x2f\x62\x3e\x3c\x2f\x73\x70\x61\x6e\x3e\x3c\x2f\x70\x3e\x0a\x0a\
\x49\x66\x20\x6f\x6e\x65\x20\x61\x64\x64\x73\x20\x61\x20\x73\x74\
\x72\x75\x63\x74\x20\x6f\x72\x20\x63\x6c\x61\x73\x73\x20\x74\x6f\
\x20\x61\x20\x67\x72\x6f\x75\x70\x20\x61\x6e\x64\x20\x74\x68\x69\
\x73\x20\x6f\x70\x74\x69\x6f\x6e\x20\x69\x73\x20\x65\x6e\x61\x62\
\x6c\x65\x64\x2c\x20\x74\x68\x65\x6e\x20\x61\x6c\x73\x6f\x20\x61\
\x6e\x79\x20\x6e\x65\x73\x74\x65\x64\x20\x63\x6c\x61\x73\x73\x20\
\x6f\x72\x20\x73\x74\x72\x75\x63\x74\x20\x69\x73\x20\x61\x64\x64\
\x65\x64\x20\x74\x6f\x20\x74\x68\x65\x20\x73\x61\x6d\x65\x20\x67\
\x72\x6f\x75\x70\x2e\x20\x42\x79\x20\x64\x65\x66\x61\x75\x6c\x74\
\x20\x74\x68\x69\x73\x20\x6f\x70\x74\x69\x6f\x6e\x20\x69\x73\x20\
\x64\x69\x73\x61\x62\x6c\x65\x64\x20\x61\x6e\x64\x20\x6f\x6e\x65\
\x20\x68\x61\x73\x20\x74\x6f\x20\x61\x64\x64\x20\x6e\x65\x73\x74\
\x65\x64\x20\x63\x6f\x6d\x70\x6f\x75\x6e\x64\x73\x20\x65\x78\x70\
\x6c\x69\x63\x69\x74\x6c\x79\x20\x76\x69\x61\x20\x5c\x69\x6e\x67\
\x72\x6f\x75\x70\x20\x2e\x20\x0a\x0a\x54\x68\x65\x20\x64\x65\x66\
\x61\x75\x6c\x74\x20\x76\x61\x6c\x75\x65\x20\x69\x73\x3a\x20\x4e\
\x4f\x2e\x0a\x00\x3c\x70\x3e\x3c\x73\x70\x61\x6e\x20\x73\x74\x79\
\x6c\x65\x3d\x22\x63\x6f\x6c\x6f\x72\x3a\x79\x65\x6c\x6c\x6f\x77\
\x3b\x22\x3e\x3c\x62\x3e\x49\x44\x4c\x5f\x50\x52\x4f\x50\x45\x52\
\x54\x59\x5f\x53\x55\x50\x50\x4f\x52\x54\x3c\x2f\x62\x3e\x3c\x2f\
\x73\x70\x61\x6e\x3e\x3c\x2f\x70\x3e\x0a\x0a\x46\x6f\x72\x20\x4d\
\x69\x63\x72\x6f\x73\x6f\x66\x74\x27\x73\x20\x49\x44\x4c\x20\x74\
\x68\x65\x72\x65\x20\x61\x72\x65\x20\x70\x72\x6f\x70\x67\x65\x74\
\x20\x61\x6e\x64\x20\x70\x72\x6f\x70\x70\x75\x74\x20\x61\x74\x74\
\x72\x69\x62\x75\x74\x65\x73\x20\x74\x6f\x20\x69\x6e\x64\x69\x63\
\x61\x74\x65\x20\x67\x65\x74\x74\x65\x72\x20\x61\x6e\x64\x20\x73\
\x65\x74\x74\x65\x72\x20\x6d\x65\x74\x68\x6f\x64\x73\x20\x66\x6f\
\x72\x20\x61\x20\x70\x72\x6f\x70\x65\x72\x74\x79\x2e\x20\x53\x65\
\x74\x74\x69\x6e\x67\x20\x74\x68\x69\x73\x20\x6f\x70\x74\x69\x6f\
\x6e\x20\x74\x6f\x20\x59\x45\x53\x20\x77\x69\x6c\x6c\x20\x6d\x61\
\x6b\x65\x20\x44\x6f\x78\x79\x67\x65\x6e\x20\x74\x6f\x20\x72\x65\
\x70\x6c\x61\x63\x65\x20\x74\x68\x65\x20\x67\x65\x74\x20\x61\x6e\
\x64\x20\x73\x65\x74\x20\x6d\x65\x74\x68\x6f\x64\x73\x20\x62\x79\
\x20\x61\x20\x70\x72\x6f\x70\x65\x72\x74\x79\x20\x69\x6e\x20\x74\
\x68\x65\x20\x64\x6f\x63\x75\x6d\x65\x6e\x74\x61\x74\x69\x6f\x6e\
\x2e\x20\x54\x68\x69\x73\x20\x77\x69\x6c\x6c\x20\x6f\x6e\x6c\x79\
\x20\x77\x6f\x72\x6b\x20\x69\x66\x20\x74\x68\x65\x20\x6d\x65\x74\
\x68\x6f\x64\x73\x20\x61\x72\x65\x20\x69\x6e\x64\x65\x65\x64\x20\
\x67\x65\x74\x74\x69\x6e\x67\x20\x6f\x72\x20\x73\x65\x74\x74\x69\
\x6e\x67\x20\x61\x20\x73\x69\x6d\x70\x6c\x65\x20\x74\x79\x70\x65\
\x2e\x20\x49\x66\x20\x74\x68\x69\x73\x20\x69\x73\x20\x6e\x6f\x74\
\x20\x74\x68\x65\x20\x63\x61\x73\x65\x2c\x20\x6f\x72\x20\x79\x6f\
\x75\x20\x77\x61\x6e\x74\x20\x74\x6f\x20\x73\x68\x6f\x77\x20\x74\
\x68\x65\x20\x6d\x65\x74\x68\x6f\x64\x73\x20\x61\x6e\x79\x77\x61\
\x79\x2c\x20\x79\x6f\x75\x20\x73\x68\x6f\x75\x6c\x64\x20\x73\x65\
\x74\x20\x74\x68\x69\x73\x20\x6f\x70\x74\x69\x6f\x6e\x20\x74\x6f\
\x20\x4e\x4f\x2e\x20\x0a\x0a\x54\x68\x65\x20\x64\x65\x66\x61\x75\
\x6c\x74\x20\x76\x61\x6c\x75\x65\x20\x69\x73\x3a\x20\x59\x45\x53\
\x2e\x0a\x00\x3c\x70\x3e\x3c\x73\x70\x61\x6e\x20\x73\x74\x79\x6c\
\x65\x3d\x22\x63\x6f\x6c\x6f\x72\x3a\x79\x65\x6c\x6c\x6f\x77\x3b\
\x22\x3e\x3c\x62\x3e\x49\x4e\x48\x45\x52\x49\x54\x5f\x44\x4f\x43\
\x53\x3c\x2f\x62\x3e\x3c\x2f\x73\x70\x61\x6e\x3e\x3c\x2f\x70\x3e\
\x0a\x0a\x49\x66\x20\x74\x68\x65\x20\x49\x4e\x48\x45\x52\x49\x54\
\x5f\x44\x4f\x43\x53\x20\x74\x61\x67\x20\x69\x73\x20\x73\x65\x74\
\x20\x74\x6f\x20\x59\x45\x53\x20\x74\x68\x65\x6e\x20\x61\x6e\x20\
\x75\x6e\x64\x6f\x63\x75\x6d\x65\x6e\x74\x65\x64\x20\x6d\x65\x6d\
\x62\x65\x72\x20\x69\x6e\x68\x65\x72\x69\x74\x73\x20\x74\x68\x65\
\x20\x64\x6f\x63\x75\x6d\x65\x6e\x74\x61\x74\x69\x6f\x6e\x20\x66\
\x72\x6f\x6d\x20\x61\x6e\x79\x20\x64\x6f\x63\x75\x6d\x65\x6e\x74\
\x65\x64\x20\x6d\x65\x6d\x62\x65\x72\x20\x74\x68\x61\x74\x20\x69\
\x74\x20\x72\x65\x2d\x69\x6d\x70\x6c\x65\x6d\x65\x6e\x74\x73\x2e\
\x20\x0a\x0a\x54\x68\x65\x20\x64\x65\x66\x61\x75\x6c\x74\x20\x76\
\x61\x6c\x75\x65\x20\x69\x73\x3a\x20\x59\x45\x53\x2e\x0a\x00\x3c\
\x70\x3e\x3c\x73\x70\x61\x6e\x20\x73\x74\x79\x6c\x65\x3d\x22\x63\
\x6f\x6c\x6f\x72\x3a\x79\x65\x6c\x6c\x6f\x77\x3b\x22\x3e\x3c\x62\
\x3e\x49\x4e\x4c\x49\x4e\x45\x5f\x47\x52\x4f\x55\x50\x45\x44\x5f\
\x43\x4c\x41\x53\x53\x45\x53\x3c\x2f\x62\x3e\x3c\x2f\x73\x70\x61\
\x6e\x3e\x3c\x2f\x70\x3e\x0a\x0a\x57\x68\x65\x6e\x20\x74\x68\x65\
\x20\x49\x4e\x4c\x49\x4e\x45\x5f\x47\x52\x4f\x55\x50\x45\x44\x5f\
\x43\x4c\x41\x53\x53\x45\x53\x20\x74\x61\x67\x20\x69\x73\x20\x73\
\x65\x74\x20\x74\x6f\x20\x59\x45\x53\x2c\x20\x63\x6c\x61\x73\x73\
\x65\x73\x2c\x20\x73\x74\x72\x75\x63\x74\x73\x20\x61\x6e\x64\x20\
\x75\x6e\x69\x6f\x6e\x73\x20\x61\x72\x65\x20\x73\x68\x6f\x77\x6e\
\x20\x69\x6e\x73\x69\x64\x65\x20\x74\x68\x65\x20\x67\x72\x6f\x75\
\x70\x20\x69\x6e\x20\x77\x68\x69\x63\x68\x20\x74\x68\x65\x79\x20\
\x61\x72\x65\x20\x69\x6e\x63\x6c\x75\x64\x65\x64\x20\x28\x65\x2e\
\x67\x2e\x20\x75\x73\x69\x6e\x67\x20\x5c\x69\x6e\x67\x72\x6f\x75\
\x70\x20\x29\x20\x69\x6e\x73\x74\x65\x61\x64\x20\x6f\x66\x20\x6f\
\x6e\x20\x61\x20\x73\x65\x70\x61\x72\x61\x74\x65\x20\x70\x61\x67\
\x65\x20\x28\x66\x6f\x72\x20\x48\x54\x4d\x4c\x20\x61\x6e\x64\x20\
\x4d\x61\x6e\x20\x70\x61\x67\x65\x73\x29\x20\x6f\x72\x20\x73\x65\
\x63\x74\x69\x6f\x6e\x20\x28\x66\x6f\x72\x20\x4c\x61\x54\x65\x58\
\x20\x61\x6e\x64\x20\x52\x54\x46\x29\x2e\x20\x0a\x4e\x6f\x74\x65\
\x20\x74\x68\x61\x74\x20\x74\x68\x69\x73\x20\x66\x65\x61\x74\x75\
\x72\x65\x20\x64\x6f\x65\x73\x20\x6e\x6f\x74\x20\x77\x6f\x72\x6b\
\x20\x69\x6e\x20\x63\x6f\x6d\x62\x69\x6e\x61\x74\x69\x6f\x6e\x20\
\x77\x69\x74\x68\x20\x53\x45\x50\x41\x52\x41\x54\x45\x5f\x4d\x45\
\x4d\x42\x45\x52\x5f\x50\x41\x47\x45\x53\x20\x2e\x20\x0a\x0a\x54\
\x68\x65\x20\x64\x65\x66\x61\x75\x6c\x74\x20\x76\x61\x6c\x75\x65\
\x20\x69\x73\x3a\x20\x4e\x4f\x2e\x00\x3c\x70\x3e\x3c\x73\x70\x61\
\x6e\x20\x73\x74\x79\x6c\x65\x3d\x22\x63\x6f\x6c\x6f\x72\x3a\x79\
\x65\x6c\x6c\x6f\x77\x3b\x22\x3e\x3c\x62\x3e\x49\x4e\x4c\x49\x4e\
\x45\x5f\x49\x4e\x48\x45\x52\x49\x54\x45\x44\x5f\x4d\x45\x4d\x42\
\x3c\x2f\x62\x3e\x3c\x2f\x73\x70\x61\x6e\x3e\x3c\x2f\x70\x3e\x0a\
\x0a\x49\x66\x20\x74\x68\x65\x20\x49\x4e\x4c\x49\x4e\x45\x5f\x49\
\x4e\x48\x45\x52\x49\x54\x45\x44\x5f\x4d\x45\x4d\x42\x20\x74\x61\
\x67\x20\x69\x73\x20\x73\x65\x74\x20\x74\x6f\x20\x59\x45\x53\x2c\
\x20\x44\x6f\x78\x79\x67\x65\x6e\x20\x77\x69\x6c\x6c\x20\x73\x68\
\x6f\x77\x20\x61\x6c\x6c\x20\x69\x6e\x68\x65\x72\x69\x74\x65\x64\
\x20\x6d\x65\x6d\x62\x65\x72\x73\x20\x6f\x66\x20\x61\x20\x63\x6c\
\x61\x73\x73\x20\x69\x6e\x20\x74\x68\x65\x20\x64\x6f\x63\x75\x6d\
\x65\x6e\x74\x61\x74\x69\x6f\x6e\x20\x6f\x66\x20\x74\x68\x61\x74\
\x20\x63\x6c\x61\x73\x73\x20\x61\x73\x20\x69\x66\x20\x74\x68\x6f\
\x73\x65\x20\x6d\x65\x6d\x62\x65\x72\x73\x20\x77\x65\x72\x65\x20\
\x6f\x72\x64\x69\x6e\x61\x72\x79\x20\x63\x6c\x61\x73\x73\x20\x6d\
\x65\x6d\x62\x65\x72\x73\x2e\x20\x43\x6f\x6e\x73\x74\x72\x75\x63\
\x74\x6f\x72\x73\x2c\x20\x64\x65\x73\x74\x72\x75\x63\x74\x6f\x72\
\x73\x20\x61\x6e\x64\x20\x61\x73\x73\x69\x67\x6e\x6d\x65\x6e\x74\
\x20\x6f\x70\x65\x72\x61\x74\x6f\x72\x73\x20\x6f\x66\x20\x74\x68\
\x65\x20\x62\x61\x73\x65\x20\x63\x6c\x61\x73\x73\x65\x73\x20\x77\
\x69\x6c\x6c\x20\x6e\x6f\x74\x20\x62\x65\x20\x73\x68\x6f\x77\x6e\
\x2e\x20\x0a\x0a\x54\x68\x65\x20\x64\x65\x66\x61\x75\x6c\x74\x20\
\x76\x61\x6c\x75\x65\x20\x69\x73\x3a\x20\x4e\x4f\x2e\x0a\x00\x3c\
\x70\x3e\x3c\x73\x70\x61\x6e\x20\x63\x6f\x6c\x6f\x72\x3d\x22\x79\
\x65\x6c\x6c\x6f\x77\x22\x3b\x3e\x3c\x62\x3e\x49\x4e\x4c\x49\x4e\
\x45\x5f\x53\x49\x4d\x50\x4c\x45\x5f\x53\x54\x52\x55\x43\x54\x53\
\x3c\x2f\x62\x3e\x3c\x2f\x73\x70\x61\x6e\x3e\x3c\x2f\x70\x3e\x0a\
\x0a\x57\x68\x65\x6e\x20\x74\x68\x65\x20\x49\x4e\x4c\x49\x4e\x45\
\x5f\x53\x49\x4d\x50\x4c\x45\x5f\x53\x54\x52\x55\x43\x54\x53\x20\
\x74\x61\x67\x20\x69\x73\x20\x73\x65\x74\x20\x74\x6f\x20\x59\x45\
\x53\x2c\x20\x73\x74\x72\x75\x63\x74\x73\x2c\x20\x63\x6c\x61\x73\
\x73\x65\x73\x2c\x20\x61\x6e\x64\x20\x75\x6e\x69\x6f\x6e\x73\x20\
\x77\x69\x74\x68\x20\x6f\x6e\x6c\x79\x20\x70\x75\x62\x6c\x69\x63\
\x20\x64\x61\x74\x61\x20\x66\x69\x65\x6c\x64\x73\x20\x6f\x72\x20\
\x73\x69\x6d\x70\x6c\x65\x20\x74\x79\x70\x65\x64\x65\x66\x20\x66\
\x69\x65\x6c\x64\x73\x20\x77\x69\x6c\x6c\x20\x62\x65\x20\x73\x68\
\x6f\x77\x6e\x20\x69\x6e\x6c\x69\x6e\x65\x20\x69\x6e\x20\x74\x68\
\x65\x20\x64\x6f\x63\x75\x6d\x65\x6e\x74\x61\x74\x69\x6f\x6e\x20\
\x6f\x66\x20\x74\x68\x65\x20\x73\x63\x6f\x70\x65\x20\x69\x6e\x20\
\x77\x68\x69\x63\x68\x20\x74\x68\x65\x79\x20\x61\x72\x65\x20\x64\
\x65\x66\x69\x6e\x65\x64\x20\x28\x69\x2e\x65\x2e\x20\x66\x69\x6c\
\x65\x2c\x20\x6e\x61\x6d\x65\x73\x70\x61\x63\x65\x2c\x20\x6f\x72\
\x20\x67\x72\x6f\x75\x70\x20\x64\x6f\x63\x75\x6d\x65\x6e\x74\x61\
\x74\x69\x6f\x6e\x29\x2c\x20\x70\x72\x6f\x76\x69\x64\x65\x64\x20\
\x74\x68\x69\x73\x20\x73\x63\x6f\x70\x65\x20\x69\x73\x20\x64\x6f\
\x63\x75\x6d\x65\x6e\x74\x65\x64\x2e\x20\x49\x66\x20\x73\x65\x74\
\x20\x74\x6f\x20\x4e\x4f\x2c\x20\x73\x74\x72\x75\x63\x74\x73\x2c\
\x20\x63\x6c\x61\x73\x73\x65\x73\x2c\x20\x61\x6e\x64\x20\x75\x6e\
\x69\x6f\x6e\x73\x20\x61\x72\x65\x20\x73\x68\x6f\x77\x6e\x20\x6f\
\x6e\x20\x61\x20\x73\x65\x70\x61\x72\x61\x74\x65\x20\x70\x61\x67\
\x65\x20\x28\x66\x6f\x72\x20\x48\x54\x4d\x4c\x20\x61\x6e\x64\x20\
\x4d\x61\x6e\x20\x70\x61\x67\x65\x73\x29\x20\x6f\x72\x20\x73\x65\
\x63\x74\x69\x6f\x6e\x20\x28\x66\x6f\x72\x20\x4c\x61\x54\x65\x58\
\x20\x61\x6e\x64\x20\x52\x54\x46\x29\x2e\x20\x0a\x0a\x54\x68\x65\
\x20\x64\x65\x66\x61\x75\x6c\x74\x20\x76\x61\x6c\x75\x65\x20\x69\
\x73\x3a\x20\x4e\x4f\x2e\x0a\x00\x3c\x70\x3e\x3c\x73\x70\x61\x6e\
\x20\x73\x74\x79\x6c\x65\x3d\x22\x63\x6f\x6c\x6f\x72\x3a\x79\x65\
\x6c\x6c\x6f\x77\x3b\x22\x3e\x3c\x62\x3e\x4a\x41\x56\x41\x44\x4f\
\x43\x5f\x41\x55\x54\x4f\x42\x52\x49\x45\x46\x3c\x2f\x62\x3e\x3c\
\x2f\x73\x70\x61\x6e\x3e\x3c\x2f\x70\x3e\x0a\x0a\x49\x66\x20\x74\
\x68\x65\x20\x4a\x41\x56\x41\x44\x4f\x43\x5f\x41\x55\x54\x4f\x42\
\x52\x49\x45\x46\x20\x74\x61\x67\x20\x69\x73\x20\x73\x65\x74\x20\
\x74\x6f\x20\x59\x45\x53\x20\x74\x68\x65\x6e\x20\x44\x6f\x78\x79\
\x67\x65\x6e\x20\x77\x69\x6c\x6c\x20\x69\x6e\x74\x65\x72\x70\x72\
\x65\x74\x20\x74\x68\x65\x20\x66\x69\x72\x73\x74\x20\x6c\x69\x6e\
\x65\x20\x28\x75\x6e\x74\x69\x6c\x20\x74\x68\x65\x20\x66\x69\x72\
\x73\x74\x20\x64\x6f\x74\x2c\x20\x71\x75\x65\x73\x74\x69\x6f\x6e\
\x20\x6d\x61\x72\x6b\x20\x6f\x72\x20\x65\x78\x63\x6c\x61\x6d\x61\
\x74\x69\x6f\x6e\x20\x6d\x61\x72\x6b\x29\x20\x6f\x66\x20\x61\x20\
\x4a\x61\x76\x61\x64\x6f\x63\x2d\x73\x74\x79\x6c\x65\x20\x63\x6f\
\x6d\x6d\x65\x6e\x74\x20\x61\x73\x20\x74\x68\x65\x20\x62\x72\x69\
\x65\x66\x20\x64\x65\x73\x63\x72\x69\x70\x74\x69\x6f\x6e\x2e\x20\
\x49\x66\x20\x73\x65\x74\x20\x74\x6f\x20\x4e\x4f\x2c\x20\x74\x68\
\x65\x20\x4a\x61\x76\x61\x64\x6f\x63\x2d\x73\x74\x79\x6c\x65\x20\
\x77\x69\x6c\x6c\x20\x62\x65\x68\x61\x76\x65\x20\x6a\x75\x73\x74\
\x20\x6c\x69\x6b\x65\x20\x72\x65\x67\x75\x6c\x61\x72\x20\x51\x74\
\x2d\x73\x74\x79\x6c\x65\x20\x63\x6f\x6d\x6d\x65\x6e\x74\x73\x20\
\x28\x74\x68\x75\x73\x20\x72\x65\x71\x75\x69\x72\x69\x6e\x67\x20\
\x61\x6e\x20\x65\x78\x70\x6c\x69\x63\x69\x74\x20\x40\x62\x72\x69\
\x65\x66\x20\x63\x6f\x6d\x6d\x61\x6e\x64\x20\x66\x6f\x72\x20\x61\
\x20\x62\x72\x69\x65\x66\x20\x64\x65\x73\x63\x72\x69\x70\x74\x69\
\x6f\x6e\x2e\x29\x20\x0a\x0a\x54\x68\x65\x20\x64\x65\x66\x61\x75\
\x6c\x74\x20\x76\x61\x6c\x75\x65\x20\x69\x73\x3a\x20\x4e\x4f\x2e\
\x00\x3c\x70\x3e\x3c\x73\x70\x61\x6e\x20\x73\x74\x79\x6c\x65\x3d\
\x22\x63\x6f\x6c\x6f\x72\x3a\x79\x65\x6c\x6c\x6f\x77\x3b\x22\x3e\
\x3c\x62\x3e\x4a\x41\x56\x41\x44\x4f\x43\x5f\x42\x41\x4e\x4e\x45\
\x52\x3c\x2f\x62\x3e\x3c\x2f\x73\x70\x61\x6e\x3e\x3c\x2f\x70\x3e\
\x0a\x0a\x49\x66\x20\x74\x68\x65\x20\x4a\x41\x56\x41\x44\x4f\x43\
\x5f\x42\x41\x4e\x4e\x45\x52\x20\x74\x61\x67\x20\x69\x73\x20\x73\
\x65\x74\x20\x74\x6f\x20\x59\x45\x53\x20\x74\x68\x65\x6e\x20\x44\
\x6f\x78\x79\x67\x65\x6e\x20\x77\x69\x6c\x6c\x20\x69\x6e\x74\x65\
\x72\x70\x72\x65\x74\x20\x61\x20\x6c\x69\x6e\x65\x20\x73\x75\x63\
\x68\x20\x61\x73\x20\x0a\x20\x2f\x2a\x2a\x2a\x2a\x2a\x2a\x2a\x2a\
\x2a\x2a\x2a\x2a\x2a\x2a\x2a\x0a\x61\x73\x20\x62\x65\x69\x6e\x67\
\x20\x74\x68\x65\x20\x62\x65\x67\x69\x6e\x6e\x69\x6e\x67\x20\x6f\
\x66\x20\x61\x20\x4a\x61\x76\x61\x64\x6f\x63\x2d\x73\x74\x79\x6c\
\x65\x20\x63\x6f\x6d\x6d\x65\x6e\x74\x20\x22\x62\x61\x6e\x6e\x65\
\x72\x22\x2e\x20\x49\x66\x20\x73\x65\x74\x20\x74\x6f\x20\x4e\x4f\
\x2c\x20\x74\x68\x65\x20\x4a\x61\x76\x61\x64\x6f\x63\x2d\x73\x74\
\x79\x6c\x65\x20\x77\x69\x6c\x6c\x20\x62\x65\x68\x61\x76\x65\x20\
\x6a\x75\x73\x74\x20\x6c\x69\x6b\x65\x20\x72\x65\x67\x75\x6c\x61\
\x72\x20\x63\x6f\x6d\x6d\x65\x6e\x74\x73\x20\x61\x6e\x64\x20\x69\
\x74\x20\x77\x69\x6c\x6c\x20\x6e\x6f\x74\x20\x62\x65\x20\x69\x6e\
\x74\x65\x72\x70\x72\x65\x74\x65\x64\x20\x62\x79\x20\x44\x6f\x78\
\x79\x67\x65\x6e\x2e\x20\x0a\x0a\x54\x68\x65\x20\x64\x65\x66\x61\
\x75\x6c\x74\x20\x76\x61\x6c\x75\x65\x20\x69\x73\x3a\x20\x4e\x4f\
\x2e\x00\x3c\x70\x3e\x3c\x73\x70\x61\x6e\x20\x73\x74\x79\x6c\x65\
\x3d\x22\x63\x6f\x6c\x6f\x72\x3a\x79\x65\x6c\x6c\x6f\x77\x3b\x22\
\x3e\x3c\x62\x3e\x4c\x4f\x4f\x4b\x55\x50\x5f\x43\x41\x43\x48\x45\
\x5f\x53\x49\x5a\x45\x3c\x2f\x62\x3e\x3c\x2f\x73\x70\x61\x6e\x3e\
\x3c\x2f\x70\x3e\x0a\x0a\x54\x68\x65\x20\x73\x69\x7a\x65\x20\x6f\
\x66\x20\x74\x68\x65\x20\x73\x79\x6d\x62\x6f\x6c\x20\x6c\x6f\x6f\
\x6b\x75\x70\x20\x63\x61\x63\x68\x65\x20\x63\x61\x6e\x20\x62\x65\
\x20\x73\x65\x74\x20\x75\x73\x69\x6e\x67\x20\x4c\x4f\x4f\x4b\x55\
\x50\x5f\x43\x41\x43\x48\x45\x5f\x53\x49\x5a\x45\x2e\x20\x54\x68\
\x69\x73\x20\x63\x61\x63\x68\x65\x20\x69\x73\x20\x75\x73\x65\x64\
\x20\x74\x6f\x20\x72\x65\x73\x6f\x6c\x76\x65\x20\x73\x79\x6d\x62\
\x6f\x6c\x73\x20\x67\x69\x76\x65\x6e\x20\x74\x68\x65\x69\x72\x20\
\x6e\x61\x6d\x65\x20\x61\x6e\x64\x20\x73\x63\x6f\x70\x65\x2e\x20\
\x53\x69\x6e\x63\x65\x20\x74\x68\x69\x73\x20\x63\x61\x6e\x20\x62\
\x65\x20\x61\x6e\x20\x65\x78\x70\x65\x6e\x73\x69\x76\x65\x20\x70\
\x72\x6f\x63\x65\x73\x73\x20\x61\x6e\x64\x20\x6f\x66\x74\x65\x6e\
\x20\x74\x68\x65\x20\x73\x61\x6d\x65\x20\x73\x79\x6d\x62\x6f\x6c\
\x20\x61\x70\x70\x65\x61\x72\x73\x20\x6d\x75\x6c\x74\x69\x70\x6c\
\x65\x20\x74\x69\x6d\x65\x73\x20\x69\x6e\x20\x74\x68\x65\x20\x63\
\x6f\x64\x65\x2c\x20\x44\x6f\x78\x79\x67\x65\x6e\x20\x6b\x65\x65\
\x70\x73\x20\x61\x20\x63\x61\x63\x68\x65\x20\x6f\x66\x20\x70\x72\
\x65\x2d\x72\x65\x73\x6f\x6c\x76\x65\x64\x20\x73\x79\x6d\x62\x6f\
\x6c\x73\x2e\x20\x49\x66\x20\x74\x68\x65\x20\x63\x61\x63\x68\x65\
\x20\x69\x73\x20\x74\x6f\x6f\x20\x73\x6d\x61\x6c\x6c\x20\x44\x6f\
\x78\x79\x67\x65\x6e\x20\x77\x69\x6c\x6c\x20\x62\x65\x63\x6f\x6d\
\x65\x20\x73\x6c\x6f\x77\x65\x72\x2e\x20\x49\x66\x20\x74\x68\x65\
\x20\x63\x61\x63\x68\x65\x20\x69\x73\x20\x74\x6f\x6f\x20\x6c\x61\
\x72\x67\x65\x2c\x20\x6d\x65\x6d\x6f\x72\x79\x20\x69\x73\x20\x77\
\x61\x73\x74\x65\x64\x2e\x20\x54\x68\x65\x20\x63\x61\x63\x68\x65\
\x20\x73\x69\x7a\x65\x20\x69\x73\x20\x67\x69\x76\x65\x6e\x20\x62\
\x79\x20\x74\x68\x69\x73\x20\x66\x6f\x72\x6d\x75\x6c\x61\x3a\x20\
\x32\x5e\x28\x31\x36\x2b\x4c\x4f\x4f\x4b\x55\x50\x5f\x43\x41\x43\
\x48\x45\x5f\x53\x49\x5a\x45\x29\x2e\x20\x54\x68\x65\x20\x76\x61\
\x6c\x69\x64\x20\x72\x61\x6e\x67\x65\x20\x69\x73\x20\x30\x2e\x2e\
\x39\x2c\x20\x74\x68\x65\x20\x64\x65\x66\x61\x75\x6c\x74\x20\x69\
\x73\x20\x30\x2c\x20\x63\x6f\x72\x72\x65\x73\x70\x6f\x6e\x64\x69\
\x6e\x67\x20\x74\x6f\x20\x61\x20\x63\x61\x63\x68\x65\x20\x73\x69\
\x7a\x65\x20\x6f\x66\x20\x32\x5e\x31\x36\x3d\x36\x35\x35\x33\x36\
\x20\x73\x79\x6d\x62\x6f\x6c\x73\x2e\x20\x41\x74\x20\x74\x68\x65\
\x20\x65\x6e\x64\x20\x6f\x66\x20\x61\x20\x72\x75\x6e\x20\x44\x6f\
\x78\x79\x67\x65\x6e\x20\x77\x69\x6c\x6c\x20\x72\x65\x70\x6f\x72\
\x74\x20\x74\x68\x65\x20\x63\x61\x63\x68\x65\x20\x75\x73\x61\x67\
\x65\x20\x61\x6e\x64\x20\x73\x75\x67\x67\x65\x73\x74\x20\x74\x68\
\x65\x20\x6f\x70\x74\x69\x6d\x61\x6c\x20\x63\x61\x63\x68\x65\x20\
\x73\x69\x7a\x65\x20\x66\x72\x6f\x6d\x20\x61\x20\x73\x70\x65\x65\
\x64\x20\x70\x6f\x69\x6e\x74\x20\x6f\x66\x20\x76\x69\x65\x77\x2e\
\x20\x0a\x0a\x4d\x69\x6e\x69\x6d\x75\x6d\x20\x76\x61\x6c\x75\x65\
\x3a\x20\x30\x2c\x20\x6d\x61\x78\x69\x6d\x75\x6d\x20\x76\x61\x6c\
\x75\x65\x3a\x20\x39\x2c\x20\x64\x65\x66\x61\x75\x6c\x74\x20\x76\
\x61\x6c\x75\x65\x3a\x20\x30\x2e\x0a\x00\x3c\x70\x3e\x3c\x73\x70\
\x61\x6e\x20\x73\x74\x79\x6c\x65\x3d\x22\x63\x6f\x6c\x6f\x72\x3a\
\x79\x65\x6c\x6c\x6f\x77\x3b\x22\x3e\x3c\x62\x3e\x4d\x41\x52\x4b\
\x44\x4f\x57\x4e\x5f\x49\x44\x5f\x53\x54\x59\x4c\x45\x3c\x2f\x62\
\x3e\x3c\x2f\x73\x70\x61\x6e\x3e\x3c\x2f\x70\x3e\x0a\x0a\x54\x68\
\x65\x20\x4d\x41\x52\x4b\x44\x4f\x57\x4e\x5f\x49\x44\x5f\x53\x54\
\x59\x4c\x45\x20\x74\x61\x67\x20\x63\x61\x6e\x20\x62\x65\x20\x75\
\x73\x65\x64\x20\x74\x6f\x20\x73\x70\x65\x63\x69\x66\x79\x20\x74\
\x68\x65\x20\x61\x6c\x67\x6f\x72\x69\x74\x68\x6d\x20\x75\x73\x65\
\x64\x20\x74\x6f\x20\x67\x65\x6e\x65\x72\x61\x74\x65\x20\x69\x64\
\x65\x6e\x74\x69\x66\x69\x65\x72\x73\x20\x66\x6f\x72\x20\x74\x68\
\x65\x20\x4d\x61\x72\x6b\x64\x6f\x77\x6e\x20\x68\x65\x61\x64\x69\
\x6e\x67\x73\x2e\x20\x4e\x6f\x74\x65\x3a\x20\x45\x76\x65\x72\x79\
\x20\x69\x64\x65\x6e\x74\x69\x66\x69\x65\x72\x20\x69\x73\x20\x75\
\x6e\x69\x71\x75\x65\x2e\x20\x0a\x0a\x50\x6f\x73\x73\x69\x62\x6c\
\x65\x20\x76\x61\x6c\x75\x65\x73\x20\x61\x72\x65\x3a\x20\x44\x4f\
\x58\x59\x47\x45\x4e\x20\x75\x73\x65\x20\x61\x20\x66\x69\x78\x65\
\x64\x20\x27\x61\x75\x74\x6f\x74\x6f\x63\x5f\x6d\x64\x27\x20\x73\
\x74\x72\x69\x6e\x67\x20\x66\x6f\x6c\x6c\x6f\x77\x65\x64\x20\x62\
\x79\x20\x61\x20\x73\x65\x71\x75\x65\x6e\x63\x65\x20\x6e\x75\x6d\
\x62\x65\x72\x20\x73\x74\x61\x72\x74\x69\x6e\x67\x20\x61\x74\x20\
\x30\x20\x61\x6e\x64\x20\x47\x49\x54\x48\x55\x42\x20\x75\x73\x65\
\x20\x74\x68\x65\x20\x6c\x6f\x77\x65\x72\x20\x63\x61\x73\x65\x20\
\x76\x65\x72\x73\x69\x6f\x6e\x20\x6f\x66\x20\x74\x69\x74\x6c\x65\
\x20\x77\x69\x74\x68\x20\x61\x6e\x79\x20\x77\x68\x69\x74\x65\x73\
\x70\x61\x63\x65\x20\x72\x65\x70\x6c\x61\x63\x65\x64\x20\x62\x79\
\x20\x27\x2d\x27\x20\x61\x6e\x64\x20\x70\x75\x6e\x63\x74\x75\x61\
\x74\x69\x6f\x6e\x20\x63\x68\x61\x72\x61\x63\x74\x65\x72\x73\x20\
\x72\x65\x6d\x6f\x76\x65\x64\x2e\x0a\x0a\x54\x68\x65\x20\x64\x65\
\x66\x61\x75\x6c\x74\x20\x76\x61\x6c\x75\x65\x20\x69\x73\x3a\x20\
\x44\x4f\x58\x59\x47\x45\x4e\x2e\x0a\x0a\x54\x68\x69\x73\x20\x74\
\x61\x67\x20\x72\x65\x71\x75\x69\x72\x65\x73\x20\x74\x68\x61\x74\
\x20\x74\x68\x65\x20\x74\x61\x67\x20\x4d\x41\x52\x4b\x44\x4f\x57\
\x4e\x5f\x53\x55\x50\x50\x4f\x52\x54\x20\x69\x73\x20\x73\x65\x74\
\x20\x74\x6f\x20\x59\x45\x53\x2e\x0a\x00\x3c\x70\x3e\x3c\x73\x70\
\x61\x6e\x20\x73\x74\x79\x6c\x65\x3d\x22\x63\x6f\x6c\x6f\x72\x3a\
\x79\x65\x6c\x6c\x6f\x77\x3b\x22\x3e\x3c\x62\x3e\x4d\x41\x52\x4b\
\x44\x4f\x57\x4e\x5f\x53\x54\x52\x49\x43\x54\x3c\x2f\x62\x3e\x3c\
\x2f\x73\x70\x61\x6e\x3e\x3c\x2f\x70\x3e\x0a\x0a\x49\x66\x20\x74\
\x68\x65\x20\x4d\x41\x52\x4b\x44\x4f\x57\x4e\x5f\x53\x54\x52\x49\
\x43\x54\x20\x74\x61\x67\x20\x69\x73\x20\x65\x6e\x61\x62\x6c\x65\
\x64\x20\x74\x68\x65\x6e\x20\x44\x6f\x78\x79\x67\x65\x6e\x20\x74\
\x72\x65\x61\x74\x73\x20\x74\x65\x78\x74\x20\x69\x6e\x20\x63\x6f\
\x6d\x6d\x65\x6e\x74\x73\x20\x61\x73\x20\x4d\x61\x72\x6b\x64\x6f\
\x77\x6e\x20\x66\x6f\x72\x6d\x61\x74\x74\x65\x64\x20\x61\x6c\x73\
\x6f\x20\x69\x6e\x20\x63\x61\x73\x65\x73\x20\x77\x68\x65\x72\x65\
\x20\x44\x6f\x78\x79\x67\x65\x6e\x27\x73\x20\x6e\x61\x74\x69\x76\
\x65\x20\x6d\x61\x72\x6b\x75\x70\x20\x66\x6f\x72\x6d\x61\x74\x20\
\x63\x6f\x6e\x66\x6c\x69\x63\x74\x73\x20\x77\x69\x74\x68\x20\x74\
\x68\x61\x74\x20\x6f\x66\x20\x4d\x61\x72\x6b\x64\x6f\x77\x6e\x2e\
\x20\x54\x68\x69\x73\x20\x69\x73\x20\x6f\x6e\x6c\x79\x20\x72\x65\
\x6c\x65\x76\x61\x6e\x74\x20\x69\x6e\x20\x63\x61\x73\x65\x73\x20\
\x77\x68\x65\x72\x65\x20\x62\x61\x63\x6b\x74\x69\x63\x6b\x73\x20\
\x61\x72\x65\x20\x75\x73\x65\x64\x2e\x20\x44\x6f\x78\x79\x67\x65\
\x6e\x27\x73\x20\x6e\x61\x74\x69\x76\x65\x20\x6d\x61\x72\x6b\x75\
\x70\x20\x73\x74\x79\x6c\x65\x20\x61\x6c\x6c\x6f\x77\x73\x20\x61\
\x20\x73\x69\x6e\x67\x6c\x65\x20\x71\x75\x6f\x74\x65\x20\x74\x6f\
\x20\x65\x6e\x64\x20\x61\x20\x74\x65\x78\x74\x20\x66\x72\x61\x67\
\x6d\x65\x6e\x74\x20\x73\x74\x61\x72\x74\x65\x64\x20\x77\x69\x74\
\x68\x20\x61\x20\x62\x61\x63\x6b\x74\x69\x63\x6b\x20\x61\x6e\x64\
\x20\x74\x68\x65\x6e\x20\x74\x72\x65\x61\x74\x20\x69\x74\x20\x61\
\x73\x20\x61\x20\x70\x69\x65\x63\x65\x20\x6f\x66\x20\x71\x75\x6f\
\x74\x65\x64\x20\x74\x65\x78\x74\x2c\x20\x77\x68\x65\x72\x65\x61\
\x73\x20\x69\x6e\x20\x4d\x61\x72\x6b\x64\x6f\x77\x6e\x20\x73\x75\
\x63\x68\x20\x74\x65\x78\x74\x20\x66\x72\x61\x67\x6d\x65\x6e\x74\
\x20\x69\x73\x20\x74\x72\x65\x61\x74\x65\x64\x20\x61\x73\x20\x76\
\x65\x72\x62\x61\x74\x69\x6d\x20\x61\x6e\x64\x20\x6f\x6e\x6c\x79\
\x20\x65\x6e\x64\x73\x20\x77\x68\x65\x6e\x20\x61\x20\x73\x65\x63\
\x6f\x6e\x64\x20\x6d\x61\x74\x63\x68\x69\x6e\x67\x20\x62\x61\x63\
\x6b\x74\x69\x63\x6b\x20\x69\x73\x20\x66\x6f\x75\x6e\x64\x2e\x20\
\x41\x6c\x73\x6f\x2c\x20\x44\x6f\x78\x79\x67\x65\x6e\x27\x73\x20\
\x6e\x61\x74\x69\x76\x65\x20\x6d\x61\x72\x6b\x75\x70\x20\x66\x6f\
\x72\x6d\x61\x74\x20\x72\x65\x71\x75\x69\x72\x65\x73\x20\x64\x6f\
\x75\x62\x6c\x65\x20\x71\x75\x6f\x74\x65\x73\x20\x74\x6f\x20\x62\
\x65\x20\x65\x73\x63\x61\x70\x65\x64\x20\x77\x68\x65\x6e\x20\x74\
\x68\x65\x79\x20\x61\x70\x70\x65\x61\x72\x20\x69\x6e\x20\x61\x20\
\x62\x61\x63\x6b\x74\x69\x63\x6b\x20\x73\x65\x63\x74\x69\x6f\x6e\
\x2c\x20\x77\x68\x65\x72\x65\x61\x73\x20\x74\x68\x69\x73\x20\x69\
\x73\x20\x6e\x6f\x74\x20\x6e\x65\x65\x64\x65\x64\x20\x66\x6f\x72\
\x20\x4d\x61\x72\x6b\x64\x6f\x77\x6e\x2e\x20\x0a\x0a\x54\x68\x65\
\x20\x64\x65\x66\x61\x75\x6c\x74\x20\x76\x61\x6c\x75\x65\x20\x69\
\x73\x3a\x20\x59\x45\x53\x2e\x0a\x0a\x54\x68\x69\x73\x20\x74\x61\
\x67\x20\x72\x65\x71\x75\x69\x72\x65\x73\x20\x74\x68\x61\x74\x20\
\x74\x68\x65\x20\x74\x61\x67\x20\x4d\x41\x52\x4b\x44\x4f\x57\x4e\
\x5f\x53\x55\x50\x50\x4f\x52\x54\x20\x69\x73\x20\x73\x65\x74\x20\
\x74\x6f\x20\x59\x45\x53\x2e\x00\x3c\x70\x3e\x3c\x73\x70\x61\x6e\
\x20\x73\x74\x79\x6c\x65\x3d\x22\x63\x6f\x6c\x6f\x72\x3a\x79\x65\
\x6c\x6c\x6f\x77\x3b\x22\x3e\x3c\x62\x3e\x4d\x41\x52\x4b\x44\x4f\
\x57\x4e\x5f\x53\x55\x50\x50\x4f\x52\x54\x3c\x2f\x62\x3e\x3c\x2f\
\x73\x70\x61\x6e\x3e\x3c\x2f\x70\x3e\x0a\x0a\x49\x66\x20\x74\x68\
\x65\x20\x4d\x41\x52\x4b\x44\x4f\x57\x4e\x5f\x53\x55\x50\x50\x4f\
\x52\x54\x20\x74\x61\x67\x20\x69\x73\x20\x65\x6e\x61\x62\x6c\x65\
\x64\x20\x74\x68\x65\x6e\x20\x44\x6f\x78\x79\x67\x65\x6e\x20\x70\
\x72\x65\x2d\x70\x72\x6f\x63\x65\x73\x73\x65\x73\x20\x61\x6c\x6c\
\x20\x63\x6f\x6d\x6d\x65\x6e\x74\x73\x20\x61\x63\x63\x6f\x72\x64\
\x69\x6e\x67\x20\x74\x6f\x20\x74\x68\x65\x20\x4d\x61\x72\x6b\x64\
\x6f\x77\x6e\x20\x66\x6f\x72\x6d\x61\x74\x2c\x20\x77\x68\x69\x63\
\x68\x20\x61\x6c\x6c\x6f\x77\x73\x20\x66\x6f\x72\x20\x6d\x6f\x72\
\x65\x20\x72\x65\x61\x64\x61\x62\x6c\x65\x20\x64\x6f\x63\x75\x6d\
\x65\x6e\x74\x61\x74\x69\x6f\x6e\x2e\x20\x53\x65\x65\x20\x68\x74\
\x74\x70\x73\x3a\x2f\x2f\x64\x61\x72\x69\x6e\x67\x66\x69\x72\x65\
\x62\x61\x6c\x6c\x2e\x6e\x65\x74\x2f\x70\x72\x6f\x6a\x65\x63\x74\
\x73\x2f\x6d\x61\x72\x6b\x64\x6f\x77\x6e\x2f\x20\x66\x6f\x72\x20\
\x64\x65\x74\x61\x69\x6c\x73\x2e\x20\x54\x68\x65\x20\x6f\x75\x74\
\x70\x75\x74\x20\x6f\x66\x20\x6d\x61\x72\x6b\x64\x6f\x77\x6e\x20\
\x70\x72\x6f\x63\x65\x73\x73\x69\x6e\x67\x20\x69\x73\x20\x66\x75\
\x72\x74\x68\x65\x72\x20\x70\x72\x6f\x63\x65\x73\x73\x65\x64\x20\
\x62\x79\x20\x44\x6f\x78\x79\x67\x65\x6e\x2c\x20\x73\x6f\x20\x79\
\x6f\x75\x20\x63\x61\x6e\x20\x6d\x69\x78\x20\x44\x6f\x78\x79\x67\
\x65\x6e\x2c\x20\x48\x54\x4d\x4c\x2c\x20\x61\x6e\x64\x20\x58\x4d\
\x4c\x20\x63\x6f\x6d\x6d\x61\x6e\x64\x73\x20\x77\x69\x74\x68\x20\
\x4d\x61\x72\x6b\x64\x6f\x77\x6e\x20\x66\x6f\x72\x6d\x61\x74\x74\
\x69\x6e\x67\x2e\x20\x44\x69\x73\x61\x62\x6c\x65\x20\x6f\x6e\x6c\
\x79\x20\x69\x6e\x20\x63\x61\x73\x65\x20\x6f\x66\x20\x62\x61\x63\
\x6b\x77\x61\x72\x64\x20\x63\x6f\x6d\x70\x61\x74\x69\x62\x69\x6c\
\x69\x74\x69\x65\x73\x20\x69\x73\x73\x75\x65\x73\x2e\x20\x0a\x0a\
\x54\x68\x65\x20\x64\x65\x66\x61\x75\x6c\x74\x20\x76\x61\x6c\x75\
\x65\x20\x69\x73\x3a\x20\x59\x45\x53\x2e\x0a\x00\x3c\x70\x3e\x3c\
\x73\x70\x61\x6e\x20\x73\x74\x79\x6c\x65\x3d\x22\x63\x6f\x6c\x6f\
\x72\x3a\x79\x65\x6c\x6c\x6f\x77\x3b\x22\x3e\x3c\x62\x3e\x4d\x55\
\x4c\x54\x49\x4c\x49\x4e\x45\x5f\x43\x50\x50\x5f\x49\x53\x5f\x42\
\x52\x49\x45\x46\x3c\x2f\x62\x3e\x3c\x2f\x73\x70\x61\x6e\x3e\x3c\
\x2f\x70\x3e\x0a\x0a\x54\x68\x65\x20\x4d\x55\x4c\x54\x49\x4c\x49\
\x4e\x45\x5f\x43\x50\x50\x5f\x49\x53\x5f\x42\x52\x49\x45\x46\x20\
\x74\x61\x67\x20\x63\x61\x6e\x20\x62\x65\x20\x73\x65\x74\x20\x74\
\x6f\x20\x59\x45\x53\x20\x74\x6f\x20\x6d\x61\x6b\x65\x20\x44\x6f\
\x78\x79\x67\x65\x6e\x20\x74\x72\x65\x61\x74\x20\x61\x20\x6d\x75\
\x6c\x74\x69\x2d\x6c\x69\x6e\x65\x20\x43\x2b\x2b\x20\x73\x70\x65\
\x63\x69\x61\x6c\x20\x63\x6f\x6d\x6d\x65\x6e\x74\x20\x62\x6c\x6f\
\x63\x6b\x20\x28\x69\x2e\x65\x2e\x20\x61\x20\x62\x6c\x6f\x63\x6b\
\x20\x6f\x66\x20\x2f\x2f\x21\x20\x6f\x72\x20\x2f\x2f\x2f\x20\x63\
\x6f\x6d\x6d\x65\x6e\x74\x73\x29\x20\x61\x73\x20\x61\x20\x62\x72\
\x69\x65\x66\x20\x64\x65\x73\x63\x72\x69\x70\x74\x69\x6f\x6e\x2e\
\x20\x54\x68\x69\x73\x20\x75\x73\x65\x64\x20\x74\x6f\x20\x62\x65\
\x20\x74\x68\x65\x20\x64\x65\x66\x61\x75\x6c\x74\x20\x62\x65\x68\
\x61\x76\x69\x6f\x72\x2e\x20\x54\x68\x65\x20\x6e\x65\x77\x20\x64\
\x65\x66\x61\x75\x6c\x74\x20\x69\x73\x20\x74\x6f\x20\x74\x72\x65\
\x61\x74\x20\x61\x20\x6d\x75\x6c\x74\x69\x2d\x6c\x69\x6e\x65\x20\
\x43\x2b\x2b\x20\x63\x6f\x6d\x6d\x65\x6e\x74\x20\x62\x6c\x6f\x63\
\x6b\x20\x61\x73\x20\x61\x20\x64\x65\x74\x61\x69\x6c\x65\x64\x20\
\x64\x65\x73\x63\x72\x69\x70\x74\x69\x6f\x6e\x2e\x20\x53\x65\x74\
\x20\x74\x68\x69\x73\x20\x74\x61\x67\x20\x74\x6f\x20\x59\x45\x53\
\x20\x69\x66\x20\x79\x6f\x75\x20\x70\x72\x65\x66\x65\x72\x20\x74\
\x68\x65\x20\x6f\x6c\x64\x20\x62\x65\x68\x61\x76\x69\x6f\x72\x20\
\x69\x6e\x73\x74\x65\x61\x64\x2e\x20\x0a\x4e\x6f\x74\x65\x20\x74\
\x68\x61\x74\x20\x73\x65\x74\x74\x69\x6e\x67\x20\x74\x68\x69\x73\
\x20\x74\x61\x67\x20\x74\x6f\x20\x59\x45\x53\x20\x61\x6c\x73\x6f\
\x20\x6d\x65\x61\x6e\x73\x20\x74\x68\x61\x74\x20\x72\x61\x74\x69\
\x6f\x6e\x61\x6c\x20\x72\x6f\x73\x65\x20\x63\x6f\x6d\x6d\x65\x6e\
\x74\x73\x20\x61\x72\x65\x20\x6e\x6f\x74\x20\x72\x65\x63\x6f\x67\
\x6e\x69\x7a\x65\x64\x20\x61\x6e\x79\x20\x6d\x6f\x72\x65\x2e\x20\
\x0a\x0a\x54\x68\x65\x20\x64\x65\x66\x61\x75\x6c\x74\x20\x76\x61\
\x6c\x75\x65\x20\x69\x73\x3a\x20\x4e\x4f\x2e\x00\x3c\x70\x3e\x3c\
\x73\x70\x61\x6e\x20\x73\x74\x79\x6c\x65\x3d\x22\x63\x6f\x6c\x6f\
\x72\x3a\x79\x65\x6c\x6c\x6f\x77\x3b\x22\x3e\x3c\x62\x3e\x4e\x55\
\x4d\x5f\x50\x52\x4f\x43\x5f\x54\x48\x52\x45\x41\x44\x53\x3c\x2f\
\x62\x3e\x3c\x2f\x73\x70\x61\x6e\x3e\x3c\x2f\x70\x3e\x0a\x0a\x54\
\x68\x65\x20\x4e\x55\x4d\x5f\x50\x52\x4f\x43\x5f\x54\x48\x52\x45\
\x41\x44\x53\x20\x73\x70\x65\x63\x69\x66\x69\x65\x73\x20\x74\x68\
\x65\x20\x6e\x75\x6d\x62\x65\x72\x20\x6f\x66\x20\x74\x68\x72\x65\
\x61\x64\x73\x20\x44\x6f\x78\x79\x67\x65\x6e\x20\x69\x73\x20\x61\
\x6c\x6c\x6f\x77\x65\x64\x20\x74\x6f\x20\x75\x73\x65\x20\x64\x75\
\x72\x69\x6e\x67\x20\x70\x72\x6f\x63\x65\x73\x73\x69\x6e\x67\x2e\
\x20\x57\x68\x65\x6e\x20\x73\x65\x74\x20\x74\x6f\x20\x30\x20\x44\
\x6f\x78\x79\x67\x65\x6e\x20\x77\x69\x6c\x6c\x20\x62\x61\x73\x65\
\x64\x20\x74\x68\x69\x73\x20\x6f\x6e\x20\x74\x68\x65\x20\x6e\x75\
\x6d\x62\x65\x72\x20\x6f\x66\x20\x63\x6f\x72\x65\x73\x20\x61\x76\
\x61\x69\x6c\x61\x62\x6c\x65\x20\x69\x6e\x20\x74\x68\x65\x20\x73\
\x79\x73\x74\x65\x6d\x2e\x20\x59\x6f\x75\x20\x63\x61\x6e\x20\x73\
\x65\x74\x20\x69\x74\x20\x65\x78\x70\x6c\x69\x63\x69\x74\x6c\x79\
\x20\x74\x6f\x20\x61\x20\x76\x61\x6c\x75\x65\x20\x6c\x61\x72\x67\
\x65\x72\x20\x74\x68\x61\x6e\x20\x30\x20\x74\x6f\x20\x67\x65\x74\
\x20\x6d\x6f\x72\x65\x20\x63\x6f\x6e\x74\x72\x6f\x6c\x20\x6f\x76\
\x65\x72\x20\x74\x68\x65\x20\x62\x61\x6c\x61\x6e\x63\x65\x20\x62\
\x65\x74\x77\x65\x65\x6e\x20\x43\x50\x55\x20\x6c\x6f\x61\x64\x20\
\x61\x6e\x64\x20\x70\x72\x6f\x63\x65\x73\x73\x69\x6e\x67\x20\x73\
\x70\x65\x65\x64\x2e\x20\x41\x74\x20\x74\x68\x69\x73\x20\x6d\x6f\
\x6d\x65\x6e\x74\x20\x6f\x6e\x6c\x79\x20\x74\x68\x65\x20\x69\x6e\
\x70\x75\x74\x20\x70\x72\x6f\x63\x65\x73\x73\x69\x6e\x67\x20\x63\
\x61\x6e\x20\x62\x65\x20\x64\x6f\x6e\x65\x20\x75\x73\x69\x6e\x67\
\x20\x6d\x75\x6c\x74\x69\x70\x6c\x65\x20\x74\x68\x72\x65\x61\x64\
\x73\x2e\x20\x53\x69\x6e\x63\x65\x20\x74\x68\x69\x73\x20\x69\x73\
\x20\x73\x74\x69\x6c\x6c\x20\x61\x6e\x20\x65\x78\x70\x65\x72\x69\
\x6d\x65\x6e\x74\x61\x6c\x20\x66\x65\x61\x74\x75\x72\x65\x20\x74\
\x68\x65\x20\x64\x65\x66\x61\x75\x6c\x74\x20\x69\x73\x20\x73\x65\
\x74\x20\x74\x6f\x20\x31\x2c\x20\x77\x68\x69\x63\x68\x20\x65\x66\
\x66\x65\x63\x74\x69\x76\x65\x6c\x79\x20\x64\x69\x73\x61\x62\x6c\
\x65\x73\x20\x70\x61\x72\x61\x6c\x6c\x65\x6c\x20\x70\x72\x6f\x63\
\x65\x73\x73\x69\x6e\x67\x2e\x20\x50\x6c\x65\x61\x73\x65\x20\x72\
\x65\x70\x6f\x72\x74\x20\x61\x6e\x79\x20\x69\x73\x73\x75\x65\x73\
\x20\x79\x6f\x75\x20\x65\x6e\x63\x6f\x75\x6e\x74\x65\x72\x2e\x20\
\x47\x65\x6e\x65\x72\x61\x74\x69\x6e\x67\x20\x64\x6f\x74\x20\x67\
\x72\x61\x70\x68\x73\x20\x69\x6e\x20\x70\x61\x72\x61\x6c\x6c\x65\
\x6c\x20\x69\x73\x20\x63\x6f\x6e\x74\x72\x6f\x6c\x6c\x65\x64\x20\
\x62\x79\x20\x74\x68\x65\x20\x44\x4f\x54\x5f\x4e\x55\x4d\x5f\x54\
\x48\x52\x45\x41\x44\x53\x20\x73\x65\x74\x74\x69\x6e\x67\x2e\x20\
\x0a\x0a\x4d\x69\x6e\x69\x6d\x75\x6d\x20\x76\x61\x6c\x75\x65\x3a\
\x20\x30\x2c\x20\x6d\x61\x78\x69\x6d\x75\x6d\x20\x76\x61\x6c\x75\
\x65\x3a\x20\x35\x31\x32\x2c\x20\x64\x65\x66\x61\x75\x6c\x74\x20\
\x76\x61\x6c\x75\x65\x3a\x20\x31\x2e\x0a\x00\x3c\x70\x3e\x3c\x73\
\x70\x61\x6e\x20\x73\x74\x79\x6c\x65\x3d\x22\x63\x6f\x6c\x6f\x72\
\x3a\x79\x65\x6c\x6c\x6f\x77\x3b\x22\x3e\x3c\x62\x3e\x4f\x50\x54\
\x49\x4d\x49\x5a\x45\x5f\x46\x4f\x52\x5f\x46\x4f\x52\x54\x52\x41\
\x4e\x3c\x2f\x62\x3e\x3c\x2f\x73\x70\x61\x6e\x3e\x3c\x2f\x70\x3e\
\x0a\x0a\x53\x65\x74\x20\x74\x68\x65\x20\x4f\x50\x54\x49\x4d\x49\
\x5a\x45\x5f\x46\x4f\x52\x5f\x46\x4f\x52\x54\x52\x41\x4e\x20\x74\
\x61\x67\x20\x74\x6f\x20\x59\x45\x53\x20\x69\x66\x20\x79\x6f\x75\
\x72\x20\x70\x72\x6f\x6a\x65\x63\x74\x20\x63\x6f\x6e\x73\x69\x73\
\x74\x73\x20\x6f\x66\x20\x46\x6f\x72\x74\x72\x61\x6e\x20\x73\x6f\
\x75\x72\x63\x65\x73\x2e\x20\x44\x6f\x78\x79\x67\x65\x6e\x20\x77\
\x69\x6c\x6c\x20\x74\x68\x65\x6e\x20\x67\x65\x6e\x65\x72\x61\x74\
\x65\x20\x6f\x75\x74\x70\x75\x74\x20\x74\x68\x61\x74\x20\x69\x73\
\x20\x74\x61\x69\x6c\x6f\x72\x65\x64\x20\x66\x6f\x72\x20\x46\x6f\
\x72\x74\x72\x61\x6e\x2e\x20\x0a\x0a\x54\x68\x65\x20\x64\x65\x66\
\x61\x75\x6c\x74\x20\x76\x61\x6c\x75\x65\x20\x69\x73\x3a\x20\x4e\
\x4f\x2e\x0a\x00\x3c\x70\x3e\x3c\x73\x70\x61\x6e\x20\x73\x74\x79\
\x6c\x65\x3d\x22\x63\x6f\x6c\x6f\x72\x3a\x79\x65\x6c\x6c\x6f\x77\
\x3b\x22\x3e\x3c\x62\x3e\x4f\x50\x54\x49\x4d\x49\x5a\x45\x5f\x4f\
\x55\x54\x50\x55\x54\x5f\x46\x4f\x52\x5f\x43\x3c\x2f\x62\x3e\x3c\
\x2f\x73\x70\x61\x6e\x3e\x3c\x2f\x70\x3e\x0a\x0a\x53\x65\x74\x20\
\x74\x68\x65\x20\x4f\x50\x54\x49\x4d\x49\x5a\x45\x5f\x4f\x55\x54\
\x50\x55\x54\x5f\x46\x4f\x52\x5f\x43\x20\x74\x61\x67\x20\x74\x6f\
\x20\x59\x45\x53\x20\x69\x66\x20\x79\x6f\x75\x72\x20\x70\x72\x6f\
\x6a\x65\x63\x74\x20\x63\x6f\x6e\x73\x69\x73\x74\x73\x20\x6f\x66\
\x20\x43\x20\x73\x6f\x75\x72\x63\x65\x73\x20\x6f\x6e\x6c\x79\x2e\
\x20\x44\x6f\x78\x79\x67\x65\x6e\x20\x77\x69\x6c\x6c\x20\x74\x68\
\x65\x6e\x20\x67\x65\x6e\x65\x72\x61\x74\x65\x20\x6f\x75\x74\x70\
\x75\x74\x20\x74\x68\x61\x74\x20\x69\x73\x20\x6d\x6f\x72\x65\x20\
\x74\x61\x69\x6c\x6f\x72\x65\x64\x20\x66\x6f\x72\x20\x43\x2e\x20\
\x46\x6f\x72\x20\x69\x6e\x73\x74\x61\x6e\x63\x65\x2c\x20\x73\x6f\
\x6d\x65\x20\x6f\x66\x20\x74\x68\x65\x20\x6e\x61\x6d\x65\x73\x20\
\x74\x68\x61\x74\x20\x61\x72\x65\x20\x75\x73\x65\x64\x20\x77\x69\
\x6c\x6c\x20\x62\x65\x20\x64\x69\x66\x66\x65\x72\x65\x6e\x74\x2e\
\x20\x54\x68\x65\x20\x6c\x69\x73\x74\x20\x6f\x66\x20\x61\x6c\x6c\
\x20\x6d\x65\x6d\x62\x65\x72\x73\x20\x77\x69\x6c\x6c\x20\x62\x65\
\x20\x6f\x6d\x69\x74\x74\x65\x64\x2c\x20\x65\x74\x63\x2e\x20\x0a\
\x0a\x54\x68\x65\x20\x64\x65\x66\x61\x75\x6c\x74\x20\x76\x61\x6c\
\x75\x65\x20\x69\x73\x3a\x20\x4e\x4f\x2e\x0a\x00\x3c\x70\x3e\x3c\
\x73\x70\x61\x6e\x20\x73\x74\x79\x6c\x65\x3d\x22\x63\x6f\x6c\x6f\
\x72\x3a\x79\x65\x6c\x6c\x6f\x77\x3b\x22\x3e\x3c\x62\x3e\x4f\x50\
\x54\x49\x4d\x49\x5a\x45\x5f\x4f\x55\x54\x50\x55\x54\x5f\x4a\x41\
\x56\x41\x0a\x0a\x53\x65\x74\x20\x74\x68\x65\x20\x4f\x50\x54\x49\
\x4d\x49\x5a\x45\x5f\x4f\x55\x54\x50\x55\x54\x5f\x4a\x41\x56\x41\
\x20\x74\x61\x67\x20\x74\x6f\x20\x59\x45\x53\x20\x69\x66\x20\x79\
\x6f\x75\x72\x20\x70\x72\x6f\x6a\x65\x63\x74\x20\x63\x6f\x6e\x73\
\x69\x73\x74\x73\x20\x6f\x66\x20\x4a\x61\x76\x61\x20\x6f\x72\x20\
\x50\x79\x74\x68\x6f\x6e\x20\x73\x6f\x75\x72\x63\x65\x73\x20\x6f\
\x6e\x6c\x79\x2e\x20\x44\x6f\x78\x79\x67\x65\x6e\x20\x77\x69\x6c\
\x6c\x20\x74\x68\x65\x6e\x20\x67\x65\x6e\x65\x72\x61\x74\x65\x20\
\x6f\x75\x74\x70\x75\x74\x20\x74\x68\x61\x74\x20\x69\x73\x20\x6d\
\x6f\x72\x65\x20\x74\x61\x69\x6c\x6f\x72\x65\x64\x20\x66\x6f\x72\
\x20\x74\x68\x61\x74\x20\x6c\x61\x6e\x67\x75\x61\x67\x65\x2e\x20\
\x46\x6f\x72\x20\x69\x6e\x73\x74\x61\x6e\x63\x65\x2c\x20\x6e\x61\
\x6d\x65\x73\x70\x61\x63\x65\x73\x20\x77\x69\x6c\x6c\x20\x62\x65\
\x20\x70\x72\x65\x73\x65\x6e\x74\x65\x64\x20\x61\x73\x20\x70\x61\
\x63\x6b\x61\x67\x65\x73\x2c\x20\x71\x75\x61\x6c\x69\x66\x69\x65\
\x64\x20\x73\x63\x6f\x70\x65\x73\x20\x77\x69\x6c\x6c\x20\x6c\x6f\
\x6f\x6b\x20\x64\x69\x66\x66\x65\x72\x65\x6e\x74\x2c\x20\x65\x74\
\x63\x2e\x20\x0a\x0a\x54\x68\x65\x20\x64\x65\x66\x61\x75\x6c\x74\
\x20\x76\x61\x6c\x75\x65\x20\x69\x73\x3a\x20\x4e\x4f\x2e\x00\x3c\
\x70\x3e\x3c\x73\x70\x61\x6e\x20\x73\x74\x79\x6c\x65\x3d\x22\x63\
\x6f\x6c\x6f\x72\x3a\x79\x65\x6c\x6c\x6f\x77\x3b\x22\x3e\x3c\x62\
\x3e\x4f\x50\x54\x49\x4d\x49\x5a\x45\x5f\x4f\x55\x54\x50\x55\x54\
\x5f\x53\x4c\x49\x43\x45\x3c\x2f\x62\x3e\x3c\x2f\x73\x70\x61\x6e\
\x3e\x3c\x2f\x70\x3e\x0a\x0a\x53\x65\x74\x20\x74\x68\x65\x20\x4f\
\x50\x54\x49\x4d\x49\x5a\x45\x5f\x4f\x55\x54\x50\x55\x54\x5f\x53\
\x4c\x49\x43\x45\x20\x74\x61\x67\x20\x74\x6f\x20\x59\x45\x53\x20\
\x69\x66\x20\x79\x6f\x75\x72\x20\x70\x72\x6f\x6a\x65\x63\x74\x20\
\x63\x6f\x6e\x73\x69\x73\x74\x73\x20\x6f\x66\x20\x53\x6c\x69\x63\
\x65\x20\x73\x6f\x75\x72\x63\x65\x73\x20\x6f\x6e\x6c\x79\x2e\x20\
\x44\x6f\x78\x79\x67\x65\x6e\x20\x77\x69\x6c\x6c\x20\x74\x68\x65\
\x6e\x20\x67\x65\x6e\x65\x72\x61\x74\x65\x20\x6f\x75\x74\x70\x75\
\x74\x20\x74\x68\x61\x74\x20\x69\x73\x20\x6d\x6f\x72\x65\x20\x74\
\x61\x69\x6c\x6f\x72\x65\x64\x20\x66\x6f\x72\x20\x74\x68\x61\x74\
\x20\x6c\x61\x6e\x67\x75\x61\x67\x65\x2e\x20\x46\x6f\x72\x20\x69\
\x6e\x73\x74\x61\x6e\x63\x65\x2c\x20\x6e\x61\x6d\x65\x73\x70\x61\
\x63\x65\x73\x20\x77\x69\x6c\x6c\x20\x62\x65\x20\x70\x72\x65\x73\
\x65\x6e\x74\x65\x64\x20\x61\x73\x20\x6d\x6f\x64\x75\x6c\x65\x73\
\x2c\x20\x74\x79\x70\x65\x73\x20\x77\x69\x6c\x6c\x20\x62\x65\x20\
\x73\x65\x70\x61\x72\x61\x74\x65\x64\x20\x69\x6e\x74\x6f\x20\x6d\
\x6f\x72\x65\x20\x67\x72\x6f\x75\x70\x73\x2c\x20\x65\x74\x63\x2e\
\x20\x0a\x0a\x54\x68\x65\x20\x64\x65\x66\x61\x75\x6c\x74\x20\x76\
\x61\x6c\x75\x65\x20\x69\x73\x3a\x20\x4e\x4f\x2e\x0a\x00\x3c\x70\
\x3e\x3c\x73\x70\x61\x6e\x20\x73\x74\x79\x6c\x65\x3d\x22\x63\x6f\
\x6c\x6f\x72\x3a\x79\x65\x6c\x6c\x6f\x77\x3b\x22\x3e\x3c\x62\x3e\
\x4f\x50\x54\x49\x4d\x49\x5a\x45\x5f\x4f\x55\x54\x50\x55\x54\x5f\
\x56\x48\x44\x4c\x3c\x2f\x62\x3e\x3c\x2f\x73\x70\x61\x6e\x3e\x3c\
\x2f\x70\x3e\x0a\x0a\x53\x65\x74\x20\x74\x68\x65\x20\x4f\x50\x54\
\x49\x4d\x49\x5a\x45\x5f\x4f\x55\x54\x50\x55\x54\x5f\x56\x48\x44\
\x4c\x20\x74\x61\x67\x20\x74\x6f\x20\x59\x45\x53\x20\x69\x66\x20\
\x79\x6f\x75\x72\x20\x70\x72\x6f\x6a\x65\x63\x74\x20\x63\x6f\x6e\
\x73\x69\x73\x74\x73\x20\x6f\x66\x20\x56\x48\x44\x4c\x20\x73\x6f\
\x75\x72\x63\x65\x73\x2e\x20\x44\x6f\x78\x79\x67\x65\x6e\x20\x77\
\x69\x6c\x6c\x20\x74\x68\x65\x6e\x20\x67\x65\x6e\x65\x72\x61\x74\
\x65\x20\x6f\x75\x74\x70\x75\x74\x20\x74\x68\x61\x74\x20\x69\x73\
\x20\x74\x61\x69\x6c\x6f\x72\x65\x64\x20\x66\x6f\x72\x20\x56\x48\
\x44\x4c\x2e\x20\x0a\x0a\x54\x68\x65\x20\x64\x65\x66\x61\x75\x6c\
\x74\x20\x76\x61\x6c\x75\x65\x20\x69\x73\x3a\x20\x4e\x4f\x2e\x0a\
\x00\x3c\x70\x3e\x3c\x73\x70\x61\x6e\x20\x73\x74\x79\x6c\x65\x3d\
\x22\x63\x6f\x6c\x6f\x72\x3a\x79\x65\x6c\x6c\x6f\x77\x3b\x22\x3e\
\x3c\x62\x3e\x4f\x55\x54\x50\x55\x54\x5f\x44\x49\x52\x45\x43\x54\
\x4f\x52\x59\x3c\x2f\x62\x3e\x3c\x2f\x73\x70\x61\x6e\x3e\x3c\x2f\
\x70\x3e\x0a\x0a\x54\x68\x65\x20\x4f\x55\x54\x50\x55\x54\x5f\x44\
\x49\x52\x45\x43\x54\x4f\x52\x59\x20\x74\x61\x67\x20\x69\x73\x20\
\x75\x73\x65\x64\x20\x74\x6f\x20\x73\x70\x65\x63\x69\x66\x79\x20\
\x74\x68\x65\x20\x28\x72\x65\x6c\x61\x74\x69\x76\x65\x20\x6f\x72\
\x20\x61\x62\x73\x6f\x6c\x75\x74\x65\x29\x20\x70\x61\x74\x68\x20\
\x69\x6e\x74\x6f\x20\x77\x68\x69\x63\x68\x20\x74\x68\x65\x20\x67\
\x65\x6e\x65\x72\x61\x74\x65\x64\x20\x64\x6f\x63\x75\x6d\x65\x6e\
\x74\x61\x74\x69\x6f\x6e\x20\x77\x69\x6c\x6c\x20\x62\x65\x20\x77\
\x72\x69\x74\x74\x65\x6e\x2e\x20\x49\x66\x20\x61\x20\x72\x65\x6c\
\x61\x74\x69\x76\x65\x20\x70\x61\x74\x68\x20\x69\x73\x20\x65\x6e\
\x74\x65\x72\x65\x64\x2c\x20\x69\x74\x20\x77\x69\x6c\x6c\x20\x62\
\x65\x20\x72\x65\x6c\x61\x74\x69\x76\x65\x20\x74\x6f\x20\x74\x68\
\x65\x20\x6c\x6f\x63\x61\x74\x69\x6f\x6e\x20\x77\x68\x65\x72\x65\
\x20\x44\x6f\x78\x79\x67\x65\x6e\x20\x77\x61\x73\x20\x73\x74\x61\
\x72\x74\x65\x64\x2e\x20\x49\x66\x20\x6c\x65\x66\x74\x20\x62\x6c\
\x61\x6e\x6b\x20\x74\x68\x65\x20\x63\x75\x72\x72\x65\x6e\x74\x20\
\x64\x69\x72\x65\x63\x74\x6f\x72\x79\x20\x77\x69\x6c\x6c\x20\x62\
\x65\x20\x75\x73\x65\x64\x2e\x20\x0a\x00\x3c\x70\x3e\x3c\x73\x70\
\x61\x6e\x20\x73\x74\x79\x6c\x65\x3d\x22\x63\x6f\x6c\x6f\x72\x3a\
\x79\x65\x6c\x6c\x6f\x77\x3b\x22\x3e\x3c\x62\x3e\x4f\x55\x54\x50\
\x55\x54\x5f\x4c\x41\x4e\x47\x55\x41\x47\x45\x3c\x2f\x62\x3e\x3c\
\x2f\x73\x70\x61\x6e\x3e\x3c\x2f\x70\x3e\x0a\x0a\x54\x68\x65\x20\
\x4f\x55\x54\x50\x55\x54\x5f\x4c\x41\x4e\x47\x55\x41\x47\x45\x20\
\x74\x61\x67\x20\x69\x73\x20\x75\x73\x65\x64\x20\x74\x6f\x20\x73\
\x70\x65\x63\x69\x66\x79\x20\x74\x68\x65\x20\x6c\x61\x6e\x67\x75\
\x61\x67\x65\x20\x69\x6e\x20\x77\x68\x69\x63\x68\x20\x61\x6c\x6c\
\x20\x64\x6f\x63\x75\x6d\x65\x6e\x74\x61\x74\x69\x6f\x6e\x20\x67\
\x65\x6e\x65\x72\x61\x74\x65\x64\x20\x62\x79\x20\x44\x6f\x78\x79\
\x67\x65\x6e\x20\x69\x73\x20\x77\x72\x69\x74\x74\x65\x6e\x2e\x20\
\x44\x6f\x78\x79\x67\x65\x6e\x20\x77\x69\x6c\x6c\x20\x75\x73\x65\
\x20\x74\x68\x69\x73\x20\x69\x6e\x66\x6f\x72\x6d\x61\x74\x69\x6f\
\x6e\x20\x74\x6f\x20\x67\x65\x6e\x65\x72\x61\x74\x65\x20\x61\x6c\
\x6c\x20\x63\x6f\x6e\x73\x74\x61\x6e\x74\x20\x6f\x75\x74\x70\x75\
\x74\x20\x69\x6e\x20\x74\x68\x65\x20\x70\x72\x6f\x70\x65\x72\x20\
\x6c\x61\x6e\x67\x75\x61\x67\x65\x2e\x20\x0a\x0a\x50\x6f\x73\x73\
\x69\x62\x6c\x65\x20\x76\x61\x6c\x75\x65\x73\x20\x61\x72\x65\x3a\
\x20\x41\x66\x72\x69\x6b\x61\x61\x6e\x73\x2c\x20\x41\x72\x61\x62\
\x69\x63\x2c\x20\x41\x72\x6d\x65\x6e\x69\x61\x6e\x2c\x20\x42\x72\
\x61\x7a\x69\x6c\x69\x61\x6e\x2c\x20\x42\x75\x6c\x67\x61\x72\x69\
\x61\x6e\x2c\x20\x43\x61\x74\x61\x6c\x61\x6e\x2c\x20\x43\x68\x69\
\x6e\x65\x73\x65\x2c\x20\x43\x68\x69\x6e\x65\x73\x65\x2d\x54\x72\
\x61\x64\x69\x74\x69\x6f\x6e\x61\x6c\x2c\x20\x43\x72\x6f\x61\x74\
\x69\x61\x6e\x2c\x20\x43\x7a\x65\x63\x68\x2c\x20\x44\x61\x6e\x69\
\x73\x68\x2c\x20\x44\x75\x74\x63\x68\x2c\x20\x45\x6e\x67\x6c\x69\
\x73\x68\x20\x28\x55\x6e\x69\x74\x65\x64\x20\x53\x74\x61\x74\x65\
\x73\x29\x2c\x20\x45\x73\x70\x65\x72\x61\x6e\x74\x6f\x2c\x20\x46\
\x61\x72\x73\x69\x20\x28\x50\x65\x72\x73\x69\x61\x6e\x29\x2c\x20\
\x46\x69\x6e\x6e\x69\x73\x68\x2c\x20\x46\x72\x65\x6e\x63\x68\x2c\
\x20\x47\x65\x72\x6d\x61\x6e\x2c\x20\x47\x72\x65\x65\x6b\x2c\x20\
\x48\x69\x6e\x64\x69\x2c\x20\x48\x75\x6e\x67\x61\x72\x69\x61\x6e\
\x2c\x20\x49\x6e\x64\x6f\x6e\x65\x73\x69\x61\x6e\x2c\x20\x49\x74\
\x61\x6c\x69\x61\x6e\x2c\x20\x4a\x61\x70\x61\x6e\x65\x73\x65\x2c\
\x20\x4a\x61\x70\x61\x6e\x65\x73\x65\x2d\x65\x6e\x20\x28\x4a\x61\
\x70\x61\x6e\x65\x73\x65\x20\x77\x69\x74\x68\x20\x45\x6e\x67\x6c\
\x69\x73\x68\x20\x6d\x65\x73\x73\x61\x67\x65\x73\x29\x2c\x20\x4b\
\x6f\x72\x65\x61\x6e\x2c\x20\x4b\x6f\x72\x65\x61\x6e\x2d\x65\x6e\
\x20\x28\x4b\x6f\x72\x65\x61\x6e\x20\x77\x69\x74\x68\x20\x45\x6e\
\x67\x6c\x69\x73\x68\x20\x6d\x65\x73\x73\x61\x67\x65\x73\x29\x2c\
\x20\x4c\x61\x74\x76\x69\x61\x6e\x2c\x20\x4c\x69\x74\x68\x75\x61\
\x6e\x69\x61\x6e\x2c\x20\x4d\x61\x63\x65\x64\x6f\x6e\x69\x61\x6e\
\x2c\x20\x4e\x6f\x72\x77\x65\x67\x69\x61\x6e\x2c\x20\x50\x65\x72\
\x73\x69\x61\x6e\x20\x28\x46\x61\x72\x73\x69\x29\x2c\x20\x50\x6f\
\x6c\x69\x73\x68\x2c\x20\x50\x6f\x72\x74\x75\x67\x75\x65\x73\x65\
\x2c\x20\x52\x6f\x6d\x61\x6e\x69\x61\x6e\x2c\x20\x52\x75\x73\x73\
\x69\x61\x6e\x2c\x20\x53\x65\x72\x62\x69\x61\x6e\x2c\x20\x53\x65\
\x72\x62\x69\x61\x6e\x2d\x43\x79\x72\x69\x6c\x6c\x69\x63\x2c\x20\
\x53\x6c\x6f\x76\x61\x6b\x2c\x20\x53\x6c\x6f\x76\x65\x6e\x65\x2c\
\x20\x53\x70\x61\x6e\x69\x73\x68\x2c\x20\x53\x77\x65\x64\x69\x73\
\x68\x2c\x20\x54\x75\x72\x6b\x69\x73\x68\x2c\x20\x55\x6b\x72\x61\
\x69\x6e\x69\x61\x6e\x20\x61\x6e\x64\x20\x56\x69\x65\x74\x6e\x61\
\x6d\x65\x73\x65\x2e\x0a\x0a\x54\x68\x65\x20\x64\x65\x66\x61\x75\
\x6c\x74\x20\x76\x61\x6c\x75\x65\x20\x69\x73\x3a\x20\x45\x6e\x67\
\x6c\x69\x73\x68\x2e\x00\x3c\x70\x3e\x3c\x73\x70\x61\x6e\x20\x73\
\x74\x79\x6c\x65\x3d\x22\x63\x6f\x6c\x6f\x72\x3a\x79\x65\x6c\x6c\
\x6f\x77\x3b\x22\x3e\x3c\x62\x3e\x50\x52\x4f\x4a\x45\x43\x54\x5f\
\x42\x52\x49\x45\x46\x3c\x2f\x62\x3e\x3c\x2f\x73\x70\x61\x6e\x3e\
\x3c\x2f\x70\x3e\x0a\x0a\x4d\x69\x74\x20\x56\x65\x72\x77\x65\x6e\
\x64\x75\x6e\x67\x20\x64\x69\x65\x73\x65\x73\x20\x54\x61\x67\x73\
\x20\x6b\xc3\xb6\x6e\x6e\x65\x6e\x20\x64\x65\x6e\x20\x4c\x65\x73\
\x65\x6e\x64\x65\x6e\x20\x6d\x69\x74\x20\x65\x69\x6e\x65\x6e\x20\
\x6f\x70\x74\x69\x6f\x6e\x61\x6c\x65\x6e\x20\x41\x75\x66\x68\xc3\
\xa4\x6e\x67\x65\x72\x20\x66\xc3\xbc\x72\x20\x64\x61\x73\x20\x50\
\x72\x6f\x6a\x65\x6b\x74\x20\x6f\x64\x65\x72\x20\x65\x69\x6e\x65\
\x72\x20\x49\x64\x65\x65\x0a\x6d\x69\x74\x74\x65\x6c\x73\x20\x64\
\x65\x72\x20\x44\x6f\x6b\x75\x6d\x65\x6e\x74\x61\x74\x69\x6f\x6e\
\x20\x66\x6f\x6b\x75\x73\x69\x65\x72\x74\x20\x77\x65\x72\x64\x65\
\x6e\x2e\x3c\x62\x72\x3e\x0a\x44\x69\x65\x73\x65\x72\x20\x54\x65\
\x78\x74\x20\x77\x69\x72\x64\x20\x61\x6d\x20\x41\x6e\x66\x61\x6e\
\x67\x20\x6a\x65\x64\x65\x72\x20\x44\x6f\x63\x6b\x75\x6d\x65\x6e\
\x74\x61\x74\x69\x6f\x6e\x73\x2d\x53\x65\x69\x74\x65\x20\x65\x69\
\x6e\x67\x65\x62\x65\x74\x74\x65\x74\x2e\x0a\x3c\x70\x3e\x0a\x45\
\x73\x20\x69\x73\x74\x20\x72\x61\x74\x73\x61\x6d\x20\x64\x69\x65\
\x73\x65\x6e\x20\x22\x45\x69\x6e\x7a\x65\x69\x6c\x65\x72\x22\x2d\
\x54\x65\x78\x74\x20\x73\x6f\x20\x6b\x75\x72\x74\x20\x77\x69\x65\
\x20\x6d\xc3\xb6\x67\x6c\x69\x63\x68\x20\x7a\x75\x20\x48\x61\x6c\
\x74\x65\x6e\x2e\x0a\x3c\x2f\x70\x3e\x0a\x00\x3c\x70\x3e\x3c\x73\
\x70\x61\x6e\x20\x73\x74\x79\x6c\x65\x3d\x22\x63\x6f\x6c\x6f\x72\
\x3a\x79\x65\x6c\x6c\x6f\x77\x3b\x22\x3e\x3c\x62\x3e\x50\x52\x4f\
\x4a\x45\x43\x54\x5f\x49\x43\x4f\x4e\x3c\x2f\x62\x3e\x3c\x2f\x73\
\x70\x61\x6e\x3e\x3c\x2f\x70\x3e\x0a\x0a\x57\x69\x74\x68\x20\x74\
\x68\x65\x20\x50\x52\x4f\x4a\x45\x43\x54\x5f\x49\x43\x4f\x4e\x20\
\x74\x61\x67\x20\x6f\x6e\x65\x20\x63\x61\x6e\x20\x73\x70\x65\x63\
\x69\x66\x79\x20\x61\x6e\x20\x69\x63\x6f\x6e\x20\x74\x68\x61\x74\
\x20\x69\x73\x20\x69\x6e\x63\x6c\x75\x64\x65\x64\x20\x69\x6e\x20\
\x74\x68\x65\x20\x74\x61\x62\x73\x20\x77\x68\x65\x6e\x20\x74\x68\
\x65\x20\x48\x54\x4d\x4c\x20\x64\x6f\x63\x75\x6d\x65\x6e\x74\x20\
\x69\x73\x20\x73\x68\x6f\x77\x6e\x2e\x20\x44\x6f\x78\x79\x67\x65\
\x6e\x20\x77\x69\x6c\x6c\x20\x63\x6f\x70\x79\x20\x74\x68\x65\x20\
\x6c\x6f\x67\x6f\x20\x74\x6f\x20\x74\x68\x65\x20\x6f\x75\x74\x70\
\x75\x74\x20\x64\x69\x72\x65\x63\x74\x6f\x72\x79\x2e\x20\x0a\x00\
\x3c\x70\x3e\x3c\x73\x70\x61\x6e\x20\x73\x74\x79\x6c\x65\x3d\x22\
\x63\x6f\x6c\x6f\x72\x3a\x79\x65\x6c\x6c\x6f\x77\x3b\x22\x3e\x3c\
\x62\x3e\x50\x52\x4f\x4a\x45\x43\x54\x5f\x4c\x4f\x47\x4f\x3c\x2f\
\x62\x3e\x3c\x2f\x73\x70\x61\x6e\x3e\x3c\x2f\x70\x3e\x0a\x0a\x4d\
\x69\x74\x20\x64\x69\x65\x73\x65\x6e\x20\x54\x61\x67\x20\x6b\x61\
\x6e\x6e\x20\x65\x69\x6e\x20\x4c\x6f\x67\x6f\x20\x66\xc3\xbc\x72\
\x20\x64\x61\x73\x20\x50\x72\x6f\x6a\x65\x6b\x74\x20\x61\x6e\x67\
\x65\x67\x65\x62\x65\x6e\x20\x77\x65\x72\x64\x65\x6e\x2e\x0a\x44\
\x69\x65\x73\x65\x20\x49\x63\x6f\x6e\x2d\x42\x69\x6c\x64\x2d\x44\
\x61\x74\x65\x69\x20\x77\x69\x72\x64\x20\x64\x65\x72\x20\x44\x6f\
\x63\x6b\x75\x6d\x65\x6e\x74\x61\x74\x69\x6f\x6e\x20\x68\x69\x6e\
\x7a\x75\x67\x65\x66\xc3\xbc\x67\x74\x2e\x0a\x44\x61\x73\x20\x47\
\x72\xc3\xb6\xc3\x9f\x65\x6e\x2d\x4c\x69\x6d\x69\x74\x20\x6c\x69\
\x65\x67\x74\x20\x62\x65\x69\x20\x6d\x69\x6e\x64\x65\x73\x74\x65\
\x6e\x73\x20\x35\x35\x20\x50\x69\x78\x65\x6c\x20\x42\x72\x65\x69\
\x74\x65\x2c\x20\x75\x6e\x64\x20\x64\x69\x65\x0a\x6d\x61\x78\x69\
\x6d\x61\x6c\x65\x20\x42\x72\x65\x69\x74\x65\x20\x73\x6f\x6c\x6c\
\x74\x65\x20\x6e\x69\x63\x68\x74\x20\x67\x72\xc3\xb6\xc3\x9f\x65\
\x72\x20\x61\x6c\x73\x20\x32\x30\x30\x20\x50\x69\x78\x65\x6c\x20\
\x73\x65\x69\x6e\x2e\x3c\x62\x72\x3e\x0a\x44\x6f\x78\x79\x47\x65\
\x6e\x20\x6b\x6f\x70\x69\x65\x72\x74\x20\x64\x61\x73\x20\x4c\x6f\
\x67\x6f\x20\x69\x6e\x20\x64\x61\x73\x20\x41\x75\x73\x67\x61\x62\
\x65\x2d\x56\x65\x72\x7a\x65\x75\x63\x68\x6e\x69\x73\x2e\x0a\x00\
\x3c\x70\x3e\x3c\x73\x70\x61\x6e\x20\x73\x74\x79\x6c\x65\x3d\x22\
\x63\x6f\x6c\x6f\x72\x3a\x79\x65\x6c\x6c\x6f\x77\x3b\x22\x3e\x3c\
\x62\x3e\x50\x52\x4f\x4a\x45\x43\x54\x5f\x4e\x41\x4d\x45\x3c\x2f\
\x62\x3e\x3c\x2f\x73\x70\x61\x6e\x3e\x3c\x2f\x70\x3e\x0a\x0a\x4d\
\x69\x74\x20\x64\x69\x65\x73\x65\x6e\x20\x54\x61\x67\x20\x69\x73\
\x74\x20\x65\x73\x20\x73\x65\x68\x72\x20\x6c\x65\x69\x63\x68\x74\
\x20\x65\x69\x6e\x65\x6e\x20\x50\x72\x6f\x6a\x65\x63\x74\x20\x64\
\x75\x72\x63\x68\x20\x64\x69\x65\x20\x56\x65\x72\x77\x65\x6e\x64\
\x75\x6e\x67\x20\x65\x69\x6e\x65\x73\x20\x57\x6f\x72\x74\x65\x73\
\x20\x6f\x64\x65\x72\x0a\x64\x75\x72\x63\x68\x20\x56\x65\x72\x77\
\x65\x6e\x64\x75\x6e\x67\x20\x76\x6f\x6e\x20\x57\xc3\xb6\x72\x74\
\x65\x72\x6e\x20\x28\x64\x69\x65\x20\x69\x6e\x20\x41\x6e\x66\xc3\
\xbc\x68\x72\x75\x6e\x67\x73\x7a\x65\x69\x63\x68\x65\x6e\x20\x65\
\x69\x6e\x67\x65\x62\x65\x74\x74\x65\x74\x20\x73\x65\x69\x6e\x20\
\x6d\xc3\xbc\x73\x73\x65\x6e\x29\x20\x65\x69\x6e\x65\x6e\x0a\x4e\
\x61\x6d\x65\x6e\x20\x7a\x75\x20\x67\x65\x62\x65\x6e\x2e\x3c\x62\
\x72\x3e\x0a\x53\x6f\x66\x65\x72\x6e\x20\x6e\x69\x63\x68\x74\x73\
\x20\x61\x6e\x64\x65\x72\x65\x73\x20\x61\x6e\x67\x65\x67\x65\x62\
\x65\x6e\x20\x69\x73\x74\x2c\x20\x77\x69\x72\x64\x20\x64\x65\x72\
\x20\x4e\x61\x6d\x65\x20\x66\xc3\xbc\x72\x20\x64\x61\x73\x20\x50\
\x72\x6f\x6a\x65\x6b\x74\x20\x61\x75\x73\x20\x64\x65\x6e\x20\x49\
\x6e\x68\x61\x6c\x74\x20\x64\x65\x73\x0a\x50\x72\x6f\x6a\x65\x6b\
\x74\x65\x2d\x54\x69\x74\x65\x6c\x73\x20\x76\x65\x72\x77\x65\x6e\
\x64\x65\x74\x2e\x0a\x3c\x70\x3e\x0a\x44\x65\x72\x20\x53\x74\x61\
\x6e\x64\x61\x72\x64\x77\x65\x72\x74\x20\x69\x73\x74\x20\x22\x4d\
\x65\x69\x6e\x20\x50\x72\x6f\x6a\x65\x6b\x74\x22\x0a\x3c\x2f\x70\
\x3e\x0a\x00\x3c\x70\x3e\x3c\x62\x3e\x3c\x73\x70\x61\x6e\x20\x73\
\x74\x79\x6c\x65\x3d\x22\x63\x6f\x6c\x6f\x72\x3a\x79\x65\x6c\x6c\
\x6f\x77\x3b\x22\x3e\x50\x52\x4f\x4a\x45\x43\x54\x5f\x4e\x55\x4d\
\x42\x45\x52\x3c\x2f\x73\x70\x61\x6e\x3e\x3c\x2f\x62\x3e\x3c\x2f\
\x70\x3e\x0a\x0a\x44\x65\x72\x20\x3c\x62\x3e\x50\x52\x4f\x4a\x45\
\x43\x54\x5f\x4e\x55\x4d\x42\x45\x52\x3c\x2f\x62\x3e\x20\x54\x61\
\x67\x20\x6b\x61\x6e\x6e\x20\x64\x61\x7a\x75\x20\x67\x65\x6e\x75\
\x74\x7a\x74\x20\x77\x65\x72\x64\x65\x6e\x2c\x20\x75\x6d\x20\x65\
\x69\x6e\x20\x50\x72\x6f\x6a\x65\x6b\x74\x20\x52\x65\x76\x69\x73\
\x69\x6f\x6e\x73\x2d\x4e\x75\x6d\x6d\x65\x72\x6e\x20\x7a\x75\x20\
\x76\x65\x72\x67\x65\x62\x65\x6e\x2e\x0a\x44\x69\x65\x73\x65\x20\
\x6b\x61\x6e\x6e\x20\x62\x65\x69\x20\x64\x65\x72\x20\x41\x72\x63\
\x68\x69\x76\x69\x65\x72\x75\x6e\x67\x20\x68\x69\x6c\x66\x72\x65\
\x69\x63\x68\x20\x73\x65\x69\x6e\x20\x2d\x20\x67\x65\x72\x61\x64\
\x65\x20\x64\x61\x6e\x6e\x2c\x20\x77\x65\x6e\x6e\x20\x22\x56\x65\
\x72\x73\x69\x6f\x6e\x2d\x43\x6f\x6e\x74\x72\x6f\x6c\x20\x53\x79\
\x73\x74\x65\x6d\x65\x20\x28\x56\x43\x53\x29\x22\x20\x62\x65\x6e\
\x75\x74\x7a\x74\x20\x77\x65\x72\x64\x65\x6e\x2e\x0a\x0a\x00\x3c\
\x70\x3e\x3c\x73\x70\x61\x6e\x20\x73\x74\x79\x6c\x65\x3d\x22\x63\
\x6f\x6c\x6f\x72\x3a\x79\x65\x6c\x6c\x6f\x77\x3b\x22\x3e\x3c\x62\
\x3e\x50\x59\x54\x48\x4f\x4e\x5f\x44\x4f\x43\x53\x54\x52\x49\x4e\
\x47\x3c\x2f\x62\x3e\x3c\x2f\x73\x70\x61\x6e\x3e\x3c\x2f\x70\x3e\
\x0a\x0a\x42\x79\x20\x64\x65\x66\x61\x75\x6c\x74\x20\x50\x79\x74\
\x68\x6f\x6e\x20\x64\x6f\x63\x73\x74\x72\x69\x6e\x67\x73\x20\x61\
\x72\x65\x20\x64\x69\x73\x70\x6c\x61\x79\x65\x64\x20\x61\x73\x20\
\x70\x72\x65\x66\x6f\x72\x6d\x61\x74\x74\x65\x64\x20\x74\x65\x78\
\x74\x20\x61\x6e\x64\x20\x44\x6f\x78\x79\x67\x65\x6e\x27\x73\x20\
\x73\x70\x65\x63\x69\x61\x6c\x20\x63\x6f\x6d\x6d\x61\x6e\x64\x73\
\x20\x63\x61\x6e\x6e\x6f\x74\x20\x62\x65\x20\x75\x73\x65\x64\x2e\
\x20\x42\x79\x20\x73\x65\x74\x74\x69\x6e\x67\x20\x50\x59\x54\x48\
\x4f\x4e\x5f\x44\x4f\x43\x53\x54\x52\x49\x4e\x47\x20\x74\x6f\x20\
\x4e\x4f\x20\x74\x68\x65\x20\x44\x6f\x78\x79\x67\x65\x6e\x27\x73\
\x20\x73\x70\x65\x63\x69\x61\x6c\x20\x63\x6f\x6d\x6d\x61\x6e\x64\
\x73\x20\x63\x61\x6e\x20\x62\x65\x20\x75\x73\x65\x64\x20\x61\x6e\
\x64\x20\x74\x68\x65\x20\x63\x6f\x6e\x74\x65\x6e\x74\x73\x20\x6f\
\x66\x20\x74\x68\x65\x20\x64\x6f\x63\x73\x74\x72\x69\x6e\x67\x20\
\x64\x6f\x63\x75\x6d\x65\x6e\x74\x61\x74\x69\x6f\x6e\x20\x62\x6c\
\x6f\x63\x6b\x73\x20\x69\x73\x20\x73\x68\x6f\x77\x6e\x20\x61\x73\
\x20\x44\x6f\x78\x79\x67\x65\x6e\x20\x64\x6f\x63\x75\x6d\x65\x6e\
\x74\x61\x74\x69\x6f\x6e\x2e\x20\x0a\x0a\x54\x68\x65\x20\x64\x65\
\x66\x61\x75\x6c\x74\x20\x76\x61\x6c\x75\x65\x20\x69\x73\x3a\x20\
\x59\x45\x53\x2e\x0a\x00\x3c\x70\x3e\x3c\x73\x70\x61\x6e\x20\x73\
\x74\x79\x6c\x65\x3d\x22\x63\x6f\x6c\x6f\x72\x3a\x79\x65\x6c\x6c\
\x6f\x77\x3b\x22\x3e\x3c\x62\x3e\x51\x54\x5f\x41\x55\x54\x4f\x42\
\x52\x49\x45\x46\x3c\x2f\x62\x3e\x3c\x2f\x73\x70\x61\x6e\x3e\x3c\
\x2f\x70\x3e\x0a\x0a\x49\x66\x20\x74\x68\x65\x20\x51\x54\x5f\x41\
\x55\x54\x4f\x42\x52\x49\x45\x46\x20\x74\x61\x67\x20\x69\x73\x20\
\x73\x65\x74\x20\x74\x6f\x20\x59\x45\x53\x20\x74\x68\x65\x6e\x20\
\x44\x6f\x78\x79\x67\x65\x6e\x20\x77\x69\x6c\x6c\x20\x69\x6e\x74\
\x65\x72\x70\x72\x65\x74\x20\x74\x68\x65\x20\x66\x69\x72\x73\x74\
\x20\x6c\x69\x6e\x65\x20\x28\x75\x6e\x74\x69\x6c\x20\x74\x68\x65\
\x20\x66\x69\x72\x73\x74\x20\x64\x6f\x74\x2c\x20\x71\x75\x65\x73\
\x74\x69\x6f\x6e\x20\x6d\x61\x72\x6b\x20\x6f\x72\x20\x65\x78\x63\
\x6c\x61\x6d\x61\x74\x69\x6f\x6e\x20\x6d\x61\x72\x6b\x29\x20\x6f\
\x66\x20\x61\x20\x51\x74\x2d\x73\x74\x79\x6c\x65\x20\x63\x6f\x6d\
\x6d\x65\x6e\x74\x20\x61\x73\x20\x74\x68\x65\x20\x62\x72\x69\x65\
\x66\x20\x64\x65\x73\x63\x72\x69\x70\x74\x69\x6f\x6e\x2e\x20\x49\
\x66\x20\x73\x65\x74\x20\x74\x6f\x20\x4e\x4f\x2c\x20\x74\x68\x65\
\x20\x51\x74\x2d\x73\x74\x79\x6c\x65\x20\x77\x69\x6c\x6c\x20\x62\
\x65\x68\x61\x76\x65\x20\x6a\x75\x73\x74\x20\x6c\x69\x6b\x65\x20\
\x72\x65\x67\x75\x6c\x61\x72\x20\x51\x74\x2d\x73\x74\x79\x6c\x65\
\x20\x63\x6f\x6d\x6d\x65\x6e\x74\x73\x20\x28\x74\x68\x75\x73\x20\
\x72\x65\x71\x75\x69\x72\x69\x6e\x67\x20\x61\x6e\x20\x65\x78\x70\
\x6c\x69\x63\x69\x74\x20\x5c\x62\x72\x69\x65\x66\x20\x63\x6f\x6d\
\x6d\x61\x6e\x64\x20\x66\x6f\x72\x20\x61\x20\x62\x72\x69\x65\x66\
\x20\x64\x65\x73\x63\x72\x69\x70\x74\x69\x6f\x6e\x2e\x29\x20\x0a\
\x0a\x54\x68\x65\x20\x64\x65\x66\x61\x75\x6c\x74\x20\x76\x61\x6c\
\x75\x65\x20\x69\x73\x3a\x20\x4e\x4f\x2e\x00\x3c\x70\x3e\x3c\x73\
\x70\x61\x6e\x20\x73\x74\x79\x6c\x65\x3d\x22\x63\x6f\x6c\x6f\x72\
\x3a\x79\x65\x6c\x6c\x6f\x77\x3b\x22\x3e\x3c\x62\x3e\x52\x45\x50\
\x45\x41\x54\x5f\x42\x52\x49\x45\x46\x3c\x2f\x62\x3e\x3c\x2f\x73\
\x70\x61\x6e\x3e\x3c\x2f\x70\x3e\x0a\x0a\x49\x66\x20\x74\x68\x65\
\x20\x52\x45\x50\x45\x41\x54\x5f\x42\x52\x49\x45\x46\x20\x74\x61\
\x67\x20\x69\x73\x20\x73\x65\x74\x20\x74\x6f\x20\x59\x45\x53\x2c\
\x20\x44\x6f\x78\x79\x67\x65\x6e\x20\x77\x69\x6c\x6c\x20\x70\x72\
\x65\x70\x65\x6e\x64\x20\x74\x68\x65\x20\x62\x72\x69\x65\x66\x20\
\x64\x65\x73\x63\x72\x69\x70\x74\x69\x6f\x6e\x20\x6f\x66\x20\x61\
\x20\x6d\x65\x6d\x62\x65\x72\x20\x6f\x72\x20\x66\x75\x6e\x63\x74\
\x69\x6f\x6e\x20\x62\x65\x66\x6f\x72\x65\x20\x74\x68\x65\x20\x64\
\x65\x74\x61\x69\x6c\x65\x64\x20\x64\x65\x73\x63\x72\x69\x70\x74\
\x69\x6f\x6e\x20\x0a\x4e\x6f\x74\x65\x3a\x20\x49\x66\x20\x62\x6f\
\x74\x68\x20\x48\x49\x44\x45\x5f\x55\x4e\x44\x4f\x43\x5f\x4d\x45\
\x4d\x42\x45\x52\x53\x20\x61\x6e\x64\x20\x42\x52\x49\x45\x46\x5f\
\x4d\x45\x4d\x42\x45\x52\x5f\x44\x45\x53\x43\x20\x61\x72\x65\x20\
\x73\x65\x74\x20\x74\x6f\x20\x4e\x4f\x2c\x20\x74\x68\x65\x20\x62\
\x72\x69\x65\x66\x20\x64\x65\x73\x63\x72\x69\x70\x74\x69\x6f\x6e\
\x73\x20\x77\x69\x6c\x6c\x20\x62\x65\x20\x63\x6f\x6d\x70\x6c\x65\
\x74\x65\x6c\x79\x20\x73\x75\x70\x70\x72\x65\x73\x73\x65\x64\x2e\
\x20\x0a\x0a\x54\x68\x65\x20\x64\x65\x66\x61\x75\x6c\x74\x20\x76\
\x61\x6c\x75\x65\x20\x69\x73\x3a\x20\x59\x45\x53\x2e\x0a\x00\x3c\
\x70\x3e\x3c\x73\x70\x61\x6e\x20\x73\x74\x79\x6c\x65\x3d\x22\x63\
\x6f\x6c\x6f\x72\x3a\x79\x65\x6c\x6c\x6f\x77\x3b\x22\x3e\x3c\x62\
\x3e\x53\x45\x50\x41\x52\x41\x54\x45\x5f\x4d\x45\x4d\x42\x45\x52\
\x5f\x50\x41\x47\x45\x53\x3c\x2f\x62\x3e\x3c\x2f\x73\x70\x61\x6e\
\x3e\x3c\x2f\x70\x3e\x0a\x0a\x49\x66\x20\x74\x68\x65\x20\x53\x45\
\x50\x41\x52\x41\x54\x45\x5f\x4d\x45\x4d\x42\x45\x52\x5f\x50\x41\
\x47\x45\x53\x20\x74\x61\x67\x20\x69\x73\x20\x73\x65\x74\x20\x74\
\x6f\x20\x59\x45\x53\x20\x74\x68\x65\x6e\x20\x44\x6f\x78\x79\x67\
\x65\x6e\x20\x77\x69\x6c\x6c\x20\x70\x72\x6f\x64\x75\x63\x65\x20\
\x61\x20\x6e\x65\x77\x20\x70\x61\x67\x65\x20\x66\x6f\x72\x20\x65\
\x61\x63\x68\x20\x6d\x65\x6d\x62\x65\x72\x2e\x20\x49\x66\x20\x73\
\x65\x74\x20\x74\x6f\x20\x4e\x4f\x2c\x20\x74\x68\x65\x20\x64\x6f\
\x63\x75\x6d\x65\x6e\x74\x61\x74\x69\x6f\x6e\x20\x6f\x66\x20\x61\
\x20\x6d\x65\x6d\x62\x65\x72\x20\x77\x69\x6c\x6c\x20\x62\x65\x20\
\x70\x61\x72\x74\x20\x6f\x66\x20\x74\x68\x65\x20\x66\x69\x6c\x65\
\x2f\x63\x6c\x61\x73\x73\x2f\x6e\x61\x6d\x65\x73\x70\x61\x63\x65\
\x20\x74\x68\x61\x74\x20\x63\x6f\x6e\x74\x61\x69\x6e\x73\x20\x69\
\x74\x2e\x20\x0a\x0a\x54\x68\x65\x20\x64\x65\x66\x61\x75\x6c\x74\
\x20\x76\x61\x6c\x75\x65\x20\x69\x73\x3a\x20\x4e\x4f\x2e\x0a\x00\
\x3c\x70\x3e\x3c\x73\x70\x61\x6e\x20\x73\x74\x79\x6c\x65\x3d\x22\
\x63\x6f\x6c\x6f\x72\x3a\x79\x65\x6c\x6c\x6f\x77\x3b\x22\x3e\x3c\
\x62\x3e\x53\x48\x4f\x52\x54\x5f\x4e\x41\x4d\x45\x53\x3c\x2f\x62\
\x3e\x3c\x2f\x73\x70\x61\x6e\x3e\x3c\x2f\x70\x3e\x0a\x0a\x49\x66\
\x20\x74\x68\x65\x20\x53\x48\x4f\x52\x54\x5f\x4e\x41\x4d\x45\x53\
\x20\x74\x61\x67\x20\x69\x73\x20\x73\x65\x74\x20\x74\x6f\x20\x59\
\x45\x53\x2c\x20\x44\x6f\x78\x79\x67\x65\x6e\x20\x77\x69\x6c\x6c\
\x20\x67\x65\x6e\x65\x72\x61\x74\x65\x20\x6d\x75\x63\x68\x20\x73\
\x68\x6f\x72\x74\x65\x72\x20\x28\x62\x75\x74\x20\x6c\x65\x73\x73\
\x20\x72\x65\x61\x64\x61\x62\x6c\x65\x29\x20\x66\x69\x6c\x65\x20\
\x6e\x61\x6d\x65\x73\x2e\x20\x54\x68\x69\x73\x20\x63\x61\x6e\x20\
\x62\x65\x20\x75\x73\x65\x66\x75\x6c\x20\x69\x66\x20\x79\x6f\x75\
\x72\x20\x66\x69\x6c\x65\x20\x73\x79\x73\x74\x65\x6d\x20\x64\x6f\
\x65\x73\x6e\x27\x74\x20\x73\x75\x70\x70\x6f\x72\x74\x20\x6c\x6f\
\x6e\x67\x20\x6e\x61\x6d\x65\x73\x20\x6c\x69\x6b\x65\x20\x6f\x6e\
\x20\x44\x4f\x53\x2c\x20\x4d\x61\x63\x2c\x20\x6f\x72\x20\x43\x44\
\x2d\x52\x4f\x4d\x2e\x20\x0a\x0a\x54\x68\x65\x20\x64\x65\x66\x61\
\x75\x6c\x74\x20\x76\x61\x6c\x75\x65\x20\x69\x73\x3a\x20\x4e\x4f\
\x2e\x0a\x00\x3c\x70\x3e\x3c\x73\x70\x61\x6e\x20\x73\x74\x79\x6c\
\x65\x3d\x22\x63\x6f\x6c\x6f\x72\x3a\x79\x65\x6c\x6c\x6f\x77\x3b\
\x22\x3e\x3c\x62\x3e\x53\x49\x50\x5f\x53\x55\x50\x50\x4f\x52\x54\
\x3c\x2f\x62\x3e\x3c\x2f\x73\x70\x61\x6e\x3e\x3c\x2f\x70\x3e\x0a\
\x0a\x53\x65\x74\x20\x74\x68\x65\x20\x53\x49\x50\x5f\x53\x55\x50\
\x50\x4f\x52\x54\x20\x74\x61\x67\x20\x74\x6f\x20\x59\x45\x53\x20\
\x69\x66\x20\x79\x6f\x75\x72\x20\x70\x72\x6f\x6a\x65\x63\x74\x20\
\x63\x6f\x6e\x73\x69\x73\x74\x73\x20\x6f\x66\x20\x73\x69\x70\x20\
\x73\x6f\x75\x72\x63\x65\x73\x20\x6f\x6e\x6c\x79\x2e\x20\x44\x6f\
\x78\x79\x67\x65\x6e\x20\x77\x69\x6c\x6c\x20\x70\x61\x72\x73\x65\
\x20\x74\x68\x65\x6d\x20\x6c\x69\x6b\x65\x20\x6e\x6f\x72\x6d\x61\
\x6c\x20\x43\x2b\x2b\x20\x62\x75\x74\x20\x77\x69\x6c\x6c\x20\x61\
\x73\x73\x75\x6d\x65\x20\x61\x6c\x6c\x20\x63\x6c\x61\x73\x73\x65\
\x73\x20\x75\x73\x65\x20\x70\x75\x62\x6c\x69\x63\x20\x69\x6e\x73\
\x74\x65\x61\x64\x20\x6f\x66\x20\x70\x72\x69\x76\x61\x74\x65\x20\
\x69\x6e\x68\x65\x72\x69\x74\x61\x6e\x63\x65\x20\x77\x68\x65\x6e\
\x20\x6e\x6f\x20\x65\x78\x70\x6c\x69\x63\x69\x74\x20\x70\x72\x6f\
\x74\x65\x63\x74\x69\x6f\x6e\x20\x6b\x65\x79\x77\x6f\x72\x64\x20\
\x69\x73\x20\x70\x72\x65\x73\x65\x6e\x74\x2e\x20\x0a\x0a\x54\x68\
\x65\x20\x64\x65\x66\x61\x75\x6c\x74\x20\x76\x61\x6c\x75\x65\x20\
\x69\x73\x3a\x20\x4e\x4f\x2e\x0a\x00\x3c\x70\x3e\x3c\x73\x70\x61\
\x6e\x20\x73\x74\x79\x6c\x65\x3d\x22\x63\x6f\x6c\x6f\x72\x3a\x79\
\x65\x6c\x6c\x6f\x77\x3b\x22\x3e\x3c\x62\x3e\x53\x54\x52\x49\x50\
\x5f\x46\x52\x4f\x4d\x5f\x49\x4e\x43\x5f\x50\x41\x54\x48\x3c\x2f\
\x62\x3e\x3c\x2f\x73\x70\x61\x6e\x3e\x3c\x2f\x70\x3e\x0a\x0a\x54\
\x68\x65\x20\x53\x54\x52\x49\x50\x5f\x46\x52\x4f\x4d\x5f\x49\x4e\
\x43\x5f\x50\x41\x54\x48\x20\x74\x61\x67\x20\x63\x61\x6e\x20\x62\
\x65\x20\x75\x73\x65\x64\x20\x74\x6f\x20\x73\x74\x72\x69\x70\x20\
\x61\x20\x75\x73\x65\x72\x2d\x64\x65\x66\x69\x6e\x65\x64\x20\x70\
\x61\x72\x74\x20\x6f\x66\x20\x74\x68\x65\x20\x70\x61\x74\x68\x20\
\x6d\x65\x6e\x74\x69\x6f\x6e\x65\x64\x20\x69\x6e\x20\x74\x68\x65\
\x20\x64\x6f\x63\x75\x6d\x65\x6e\x74\x61\x74\x69\x6f\x6e\x20\x6f\
\x66\x20\x61\x20\x63\x6c\x61\x73\x73\x2c\x20\x77\x68\x69\x63\x68\
\x20\x74\x65\x6c\x6c\x73\x20\x74\x68\x65\x20\x72\x65\x61\x64\x65\
\x72\x20\x77\x68\x69\x63\x68\x20\x68\x65\x61\x64\x65\x72\x20\x66\
\x69\x6c\x65\x20\x74\x6f\x20\x69\x6e\x63\x6c\x75\x64\x65\x20\x69\
\x6e\x20\x6f\x72\x64\x65\x72\x20\x74\x6f\x20\x75\x73\x65\x20\x61\
\x20\x63\x6c\x61\x73\x73\x2e\x20\x49\x66\x20\x6c\x65\x66\x74\x20\
\x62\x6c\x61\x6e\x6b\x20\x6f\x6e\x6c\x79\x20\x74\x68\x65\x20\x6e\
\x61\x6d\x65\x20\x6f\x66\x20\x74\x68\x65\x20\x68\x65\x61\x64\x65\
\x72\x20\x66\x69\x6c\x65\x20\x63\x6f\x6e\x74\x61\x69\x6e\x69\x6e\
\x67\x20\x74\x68\x65\x20\x63\x6c\x61\x73\x73\x20\x64\x65\x66\x69\
\x6e\x69\x74\x69\x6f\x6e\x20\x69\x73\x20\x75\x73\x65\x64\x2e\x20\
\x4f\x74\x68\x65\x72\x77\x69\x73\x65\x20\x6f\x6e\x65\x20\x73\x68\
\x6f\x75\x6c\x64\x20\x73\x70\x65\x63\x69\x66\x79\x20\x74\x68\x65\
\x20\x6c\x69\x73\x74\x20\x6f\x66\x20\x69\x6e\x63\x6c\x75\x64\x65\
\x20\x70\x61\x74\x68\x73\x20\x74\x68\x61\x74\x20\x61\x72\x65\x20\
\x6e\x6f\x72\x6d\x61\x6c\x6c\x79\x20\x70\x61\x73\x73\x65\x64\x20\
\x74\x6f\x20\x74\x68\x65\x20\x63\x6f\x6d\x70\x69\x6c\x65\x72\x20\
\x75\x73\x69\x6e\x67\x20\x74\x68\x65\x20\x2d\x49\x20\x66\x6c\x61\
\x67\x2e\x20\x00\x3c\x70\x3e\x3c\x73\x70\x61\x6e\x20\x73\x74\x79\
\x6c\x65\x3d\x22\x63\x6f\x6c\x6f\x72\x3a\x79\x65\x6c\x6c\x6f\x77\
\x3b\x22\x3e\x3c\x62\x3e\x53\x54\x52\x49\x50\x5f\x46\x52\x4f\x4d\
\x5f\x50\x41\x54\x48\x3c\x2f\x62\x3e\x3c\x2f\x73\x70\x61\x6e\x3e\
\x3c\x2f\x70\x3e\x0a\x0a\x54\x68\x65\x20\x53\x54\x52\x49\x50\x5f\
\x46\x52\x4f\x4d\x5f\x50\x41\x54\x48\x20\x74\x61\x67\x20\x63\x61\
\x6e\x20\x62\x65\x20\x75\x73\x65\x64\x20\x74\x6f\x20\x73\x74\x72\
\x69\x70\x20\x61\x20\x75\x73\x65\x72\x2d\x64\x65\x66\x69\x6e\x65\
\x64\x20\x70\x61\x72\x74\x20\x6f\x66\x20\x74\x68\x65\x20\x70\x61\
\x74\x68\x2e\x20\x53\x74\x72\x69\x70\x70\x69\x6e\x67\x20\x69\x73\
\x20\x6f\x6e\x6c\x79\x20\x64\x6f\x6e\x65\x20\x69\x66\x20\x6f\x6e\
\x65\x20\x6f\x66\x20\x74\x68\x65\x20\x73\x70\x65\x63\x69\x66\x69\
\x65\x64\x20\x73\x74\x72\x69\x6e\x67\x73\x20\x6d\x61\x74\x63\x68\
\x65\x73\x20\x74\x68\x65\x20\x6c\x65\x66\x74\x2d\x68\x61\x6e\x64\
\x20\x70\x61\x72\x74\x20\x6f\x66\x20\x74\x68\x65\x20\x70\x61\x74\
\x68\x2e\x20\x54\x68\x65\x20\x74\x61\x67\x20\x63\x61\x6e\x20\x62\
\x65\x20\x75\x73\x65\x64\x20\x74\x6f\x20\x73\x68\x6f\x77\x20\x72\
\x65\x6c\x61\x74\x69\x76\x65\x20\x70\x61\x74\x68\x73\x20\x69\x6e\
\x20\x74\x68\x65\x20\x66\x69\x6c\x65\x20\x6c\x69\x73\x74\x2e\x20\
\x49\x66\x20\x6c\x65\x66\x74\x20\x62\x6c\x61\x6e\x6b\x20\x74\x68\
\x65\x20\x64\x69\x72\x65\x63\x74\x6f\x72\x79\x20\x66\x72\x6f\x6d\
\x20\x77\x68\x69\x63\x68\x20\x44\x6f\x78\x79\x67\x65\x6e\x20\x69\
\x73\x20\x72\x75\x6e\x20\x69\x73\x20\x75\x73\x65\x64\x20\x61\x73\
\x20\x74\x68\x65\x20\x70\x61\x74\x68\x20\x74\x6f\x20\x73\x74\x72\
\x69\x70\x2e\x20\x0a\x4e\x6f\x74\x65\x20\x74\x68\x61\x74\x20\x79\
\x6f\x75\x20\x63\x61\x6e\x20\x73\x70\x65\x63\x69\x66\x79\x20\x61\
\x62\x73\x6f\x6c\x75\x74\x65\x20\x70\x61\x74\x68\x73\x20\x68\x65\
\x72\x65\x2c\x20\x62\x75\x74\x20\x61\x6c\x73\x6f\x20\x72\x65\x6c\
\x61\x74\x69\x76\x65\x20\x70\x61\x74\x68\x73\x2c\x20\x77\x68\x69\
\x63\x68\x20\x77\x69\x6c\x6c\x20\x62\x65\x20\x72\x65\x6c\x61\x74\
\x69\x76\x65\x20\x66\x72\x6f\x6d\x20\x74\x68\x65\x20\x64\x69\x72\
\x65\x63\x74\x6f\x72\x79\x20\x77\x68\x65\x72\x65\x20\x44\x6f\x78\
\x79\x67\x65\x6e\x20\x69\x73\x20\x73\x74\x61\x72\x74\x65\x64\x2e\
\x20\x0a\x0a\x54\x68\x69\x73\x20\x74\x61\x67\x20\x72\x65\x71\x75\
\x69\x72\x65\x73\x20\x74\x68\x61\x74\x20\x74\x68\x65\x20\x74\x61\
\x67\x20\x46\x55\x4c\x4c\x5f\x50\x41\x54\x48\x5f\x4e\x41\x4d\x45\
\x53\x20\x69\x73\x20\x73\x65\x74\x20\x74\x6f\x20\x59\x45\x53\x2e\
\x00\x3c\x70\x3e\x3c\x73\x70\x61\x6e\x20\x73\x74\x79\x6c\x65\x3d\
\x22\x63\x6f\x6c\x6f\x72\x3a\x79\x65\x6c\x6c\x6f\x77\x3b\x22\x3e\
\x3c\x62\x3e\x53\x55\x42\x47\x52\x4f\x55\x50\x49\x4e\x47\x3c\x2f\
\x62\x3e\x3c\x2f\x73\x70\x61\x6e\x3e\x3c\x2f\x70\x3e\x0a\x0a\x53\
\x65\x74\x20\x74\x68\x65\x20\x53\x55\x42\x47\x52\x4f\x55\x50\x49\
\x4e\x47\x20\x74\x61\x67\x20\x74\x6f\x20\x59\x45\x53\x20\x74\x6f\
\x20\x61\x6c\x6c\x6f\x77\x20\x63\x6c\x61\x73\x73\x20\x6d\x65\x6d\
\x62\x65\x72\x20\x67\x72\x6f\x75\x70\x73\x20\x6f\x66\x20\x74\x68\
\x65\x20\x73\x61\x6d\x65\x20\x74\x79\x70\x65\x20\x28\x66\x6f\x72\
\x20\x69\x6e\x73\x74\x61\x6e\x63\x65\x20\x61\x20\x67\x72\x6f\x75\
\x70\x20\x6f\x66\x20\x70\x75\x62\x6c\x69\x63\x20\x66\x75\x6e\x63\
\x74\x69\x6f\x6e\x73\x29\x20\x74\x6f\x20\x62\x65\x20\x70\x75\x74\
\x20\x61\x73\x20\x61\x20\x73\x75\x62\x67\x72\x6f\x75\x70\x20\x6f\
\x66\x20\x74\x68\x61\x74\x20\x74\x79\x70\x65\x20\x28\x65\x2e\x67\
\x2e\x20\x75\x6e\x64\x65\x72\x20\x74\x68\x65\x20\x50\x75\x62\x6c\
\x69\x63\x20\x46\x75\x6e\x63\x74\x69\x6f\x6e\x73\x20\x73\x65\x63\
\x74\x69\x6f\x6e\x29\x2e\x20\x53\x65\x74\x20\x69\x74\x20\x74\x6f\
\x20\x4e\x4f\x20\x74\x6f\x20\x70\x72\x65\x76\x65\x6e\x74\x20\x73\
\x75\x62\x67\x72\x6f\x75\x70\x69\x6e\x67\x2e\x20\x41\x6c\x74\x65\
\x72\x6e\x61\x74\x69\x76\x65\x6c\x79\x2c\x20\x74\x68\x69\x73\x20\
\x63\x61\x6e\x20\x62\x65\x20\x64\x6f\x6e\x65\x20\x70\x65\x72\x20\
\x63\x6c\x61\x73\x73\x20\x75\x73\x69\x6e\x67\x20\x74\x68\x65\x20\
\x5c\x6e\x6f\x73\x75\x62\x67\x72\x6f\x75\x70\x69\x6e\x67\x20\x63\
\x6f\x6d\x6d\x61\x6e\x64\x2e\x20\x0a\x0a\x54\x68\x65\x20\x64\x65\
\x66\x61\x75\x6c\x74\x20\x76\x61\x6c\x75\x65\x20\x69\x73\x3a\x20\
\x59\x45\x53\x2e\x0a\x00\x3c\x70\x3e\x3c\x73\x70\x61\x6e\x20\x73\
\x74\x79\x6c\x65\x3d\x22\x63\x6f\x6c\x6f\x72\x3a\x79\x65\x6c\x6c\
\x6f\x77\x3b\x22\x3e\x3c\x62\x3e\x54\x41\x42\x5f\x53\x49\x5a\x45\
\x3c\x2f\x62\x3e\x3c\x2f\x73\x70\x61\x6e\x3e\x3c\x2f\x70\x3e\x0a\
\x0a\x54\x68\x65\x20\x54\x41\x42\x5f\x53\x49\x5a\x45\x20\x74\x61\
\x67\x20\x63\x61\x6e\x20\x62\x65\x20\x75\x73\x65\x64\x20\x74\x6f\
\x20\x73\x65\x74\x20\x74\x68\x65\x20\x6e\x75\x6d\x62\x65\x72\x20\
\x6f\x66\x20\x73\x70\x61\x63\x65\x73\x20\x69\x6e\x20\x61\x20\x74\
\x61\x62\x2e\x20\x44\x6f\x78\x79\x67\x65\x6e\x20\x75\x73\x65\x73\
\x20\x74\x68\x69\x73\x20\x76\x61\x6c\x75\x65\x20\x74\x6f\x20\x72\
\x65\x70\x6c\x61\x63\x65\x20\x74\x61\x62\x73\x20\x62\x79\x20\x73\
\x70\x61\x63\x65\x73\x20\x69\x6e\x20\x63\x6f\x64\x65\x20\x66\x72\
\x61\x67\x6d\x65\x6e\x74\x73\x2e\x20\x0a\x0a\x4d\x69\x6e\x69\x6d\
\x75\x6d\x20\x76\x61\x6c\x75\x65\x3a\x20\x31\x2c\x20\x6d\x61\x78\
\x69\x6d\x75\x6d\x20\x76\x61\x6c\x75\x65\x3a\x20\x31\x36\x2c\x20\
\x64\x65\x66\x61\x75\x6c\x74\x20\x76\x61\x6c\x75\x65\x3a\x20\x34\
\x2e\x0a\x00\x3c\x70\x3e\x3c\x73\x70\x61\x6e\x20\x73\x74\x79\x6c\
\x65\x3d\x22\x63\x6f\x6c\x6f\x72\x3a\x79\x65\x6c\x6c\x6f\x77\x3b\
\x22\x3e\x3c\x62\x3e\x54\x49\x4d\x45\x53\x54\x41\x4d\x50\x3c\x2f\
\x62\x3e\x3c\x2f\x73\x70\x61\x6e\x3e\x3c\x2f\x70\x3e\x0a\x0a\x49\
\x66\x20\x74\x68\x65\x20\x54\x49\x4d\x45\x53\x54\x41\x4d\x50\x20\
\x74\x61\x67\x20\x69\x73\x20\x73\x65\x74\x20\x64\x69\x66\x66\x65\
\x72\x65\x6e\x74\x20\x66\x72\x6f\x6d\x20\x4e\x4f\x20\x74\x68\x65\
\x6e\x20\x65\x61\x63\x68\x20\x67\x65\x6e\x65\x72\x61\x74\x65\x64\
\x20\x70\x61\x67\x65\x20\x77\x69\x6c\x6c\x20\x63\x6f\x6e\x74\x61\
\x69\x6e\x20\x74\x68\x65\x20\x64\x61\x74\x65\x20\x6f\x72\x20\x64\
\x61\x74\x65\x20\x61\x6e\x64\x20\x74\x69\x6d\x65\x20\x77\x68\x65\
\x6e\x20\x74\x68\x65\x20\x70\x61\x67\x65\x20\x77\x61\x73\x20\x67\
\x65\x6e\x65\x72\x61\x74\x65\x64\x2e\x20\x53\x65\x74\x74\x69\x6e\
\x67\x20\x74\x68\x69\x73\x20\x74\x6f\x20\x4e\x4f\x20\x63\x61\x6e\
\x20\x68\x65\x6c\x70\x20\x77\x68\x65\x6e\x20\x63\x6f\x6d\x70\x61\
\x72\x69\x6e\x67\x20\x74\x68\x65\x20\x6f\x75\x74\x70\x75\x74\x20\
\x6f\x66\x20\x6d\x75\x6c\x74\x69\x70\x6c\x65\x20\x72\x75\x6e\x73\
\x2e\x20\x0a\x0a\x50\x6f\x73\x73\x69\x62\x6c\x65\x20\x76\x61\x6c\
\x75\x65\x73\x20\x61\x72\x65\x3a\x20\x59\x45\x53\x2c\x20\x4e\x4f\
\x2c\x20\x44\x41\x54\x45\x54\x49\x4d\x45\x20\x61\x6e\x64\x20\x44\
\x41\x54\x45\x2e\x0a\x0a\x54\x68\x65\x20\x64\x65\x66\x61\x75\x6c\
\x74\x20\x76\x61\x6c\x75\x65\x20\x69\x73\x3a\x20\x4e\x4f\x2e\x0a\
\x00\x3c\x70\x3e\x3c\x73\x70\x61\x6e\x20\x73\x74\x79\x6c\x65\x3d\
\x22\x63\x6f\x6c\x6f\x72\x3a\x79\x65\x6c\x6c\x6f\x77\x3b\x22\x3e\
\x3c\x62\x3e\x54\x4f\x43\x5f\x49\x4e\x43\x4c\x55\x44\x45\x5f\x48\
\x45\x41\x44\x49\x4e\x47\x53\x3c\x2f\x62\x3e\x3c\x2f\x73\x70\x61\
\x6e\x3e\x3c\x2f\x70\x3e\x0a\x0a\x57\x68\x65\x6e\x20\x74\x68\x65\
\x20\x54\x4f\x43\x5f\x49\x4e\x43\x4c\x55\x44\x45\x5f\x48\x45\x41\
\x44\x49\x4e\x47\x53\x20\x74\x61\x67\x20\x69\x73\x20\x73\x65\x74\
\x20\x74\x6f\x20\x61\x20\x6e\x6f\x6e\x2d\x7a\x65\x72\x6f\x20\x76\
\x61\x6c\x75\x65\x2c\x20\x61\x6c\x6c\x20\x68\x65\x61\x64\x69\x6e\
\x67\x73\x20\x75\x70\x20\x74\x6f\x20\x74\x68\x61\x74\x20\x6c\x65\
\x76\x65\x6c\x20\x61\x72\x65\x20\x61\x75\x74\x6f\x6d\x61\x74\x69\
\x63\x61\x6c\x6c\x79\x20\x69\x6e\x63\x6c\x75\x64\x65\x64\x20\x69\
\x6e\x20\x74\x68\x65\x20\x74\x61\x62\x6c\x65\x20\x6f\x66\x20\x63\
\x6f\x6e\x74\x65\x6e\x74\x73\x2c\x20\x65\x76\x65\x6e\x20\x69\x66\
\x20\x74\x68\x65\x79\x20\x64\x6f\x20\x6e\x6f\x74\x20\x68\x61\x76\
\x65\x20\x61\x6e\x20\x69\x64\x20\x61\x74\x74\x72\x69\x62\x75\x74\
\x65\x2e\x20\x0a\x4e\x6f\x74\x65\x3a\x20\x54\x68\x69\x73\x20\x66\
\x65\x61\x74\x75\x72\x65\x20\x63\x75\x72\x72\x65\x6e\x74\x6c\x79\
\x20\x61\x70\x70\x6c\x69\x65\x73\x20\x6f\x6e\x6c\x79\x20\x74\x6f\
\x20\x4d\x61\x72\x6b\x64\x6f\x77\x6e\x20\x68\x65\x61\x64\x69\x6e\
\x67\x73\x2e\x20\x0a\x0a\x4d\x69\x6e\x69\x6d\x75\x6d\x20\x76\x61\
\x6c\x75\x65\x3a\x20\x30\x2c\x20\x6d\x61\x78\x69\x6d\x75\x6d\x20\
\x76\x61\x6c\x75\x65\x3a\x20\x39\x39\x2c\x20\x64\x65\x66\x61\x75\
\x6c\x74\x20\x76\x61\x6c\x75\x65\x3a\x20\x36\x2e\x0a\x0a\x54\x68\
\x69\x73\x20\x74\x61\x67\x20\x72\x65\x71\x75\x69\x72\x65\x73\x20\
\x74\x68\x61\x74\x20\x74\x68\x65\x20\x74\x61\x67\x20\x4d\x41\x52\
\x4b\x44\x4f\x57\x4e\x5f\x53\x55\x50\x50\x4f\x52\x54\x20\x69\x73\
\x20\x73\x65\x74\x20\x74\x6f\x20\x59\x45\x53\x2e\x0a\x00\x3c\x70\
\x3e\x3c\x73\x70\x61\x6e\x20\x73\x74\x79\x6c\x65\x3d\x22\x63\x6f\
\x6c\x6f\x72\x3a\x79\x65\x6c\x6c\x6f\x77\x3b\x22\x3e\x3c\x62\x3e\
\x54\x59\x50\x45\x44\x45\x46\x5f\x48\x49\x44\x45\x53\x5f\x53\x54\
\x52\x55\x43\x54\x3c\x2f\x62\x3e\x3c\x2f\x73\x70\x61\x6e\x3e\x3c\
\x2f\x70\x3e\x0a\x0a\x57\x68\x65\x6e\x20\x54\x59\x50\x45\x44\x45\
\x46\x5f\x48\x49\x44\x45\x53\x5f\x53\x54\x52\x55\x43\x54\x20\x74\
\x61\x67\x20\x69\x73\x20\x65\x6e\x61\x62\x6c\x65\x64\x2c\x20\x61\
\x20\x74\x79\x70\x65\x64\x65\x66\x20\x6f\x66\x20\x61\x20\x73\x74\
\x72\x75\x63\x74\x2c\x20\x75\x6e\x69\x6f\x6e\x2c\x20\x6f\x72\x20\
\x65\x6e\x75\x6d\x20\x69\x73\x20\x64\x6f\x63\x75\x6d\x65\x6e\x74\
\x65\x64\x20\x61\x73\x20\x73\x74\x72\x75\x63\x74\x2c\x20\x75\x6e\
\x69\x6f\x6e\x2c\x20\x6f\x72\x20\x65\x6e\x75\x6d\x20\x77\x69\x74\
\x68\x20\x74\x68\x65\x20\x6e\x61\x6d\x65\x20\x6f\x66\x20\x74\x68\
\x65\x20\x74\x79\x70\x65\x64\x65\x66\x2e\x20\x53\x6f\x20\x74\x79\
\x70\x65\x64\x65\x66\x20\x73\x74\x72\x75\x63\x74\x20\x54\x79\x70\
\x65\x53\x20\x7b\x7d\x20\x54\x79\x70\x65\x54\x2c\x20\x77\x69\x6c\
\x6c\x20\x61\x70\x70\x65\x61\x72\x20\x69\x6e\x20\x74\x68\x65\x20\
\x64\x6f\x63\x75\x6d\x65\x6e\x74\x61\x74\x69\x6f\x6e\x20\x61\x73\
\x20\x61\x20\x73\x74\x72\x75\x63\x74\x20\x77\x69\x74\x68\x20\x6e\
\x61\x6d\x65\x20\x54\x79\x70\x65\x54\x2e\x20\x57\x68\x65\x6e\x20\
\x64\x69\x73\x61\x62\x6c\x65\x64\x20\x74\x68\x65\x20\x74\x79\x70\
\x65\x64\x65\x66\x20\x77\x69\x6c\x6c\x20\x61\x70\x70\x65\x61\x72\
\x20\x61\x73\x20\x61\x20\x6d\x65\x6d\x62\x65\x72\x20\x6f\x66\x20\
\x61\x20\x66\x69\x6c\x65\x2c\x20\x6e\x61\x6d\x65\x73\x70\x61\x63\
\x65\x2c\x20\x6f\x72\x20\x63\x6c\x61\x73\x73\x2e\x20\x41\x6e\x64\
\x20\x74\x68\x65\x20\x73\x74\x72\x75\x63\x74\x20\x77\x69\x6c\x6c\
\x20\x62\x65\x20\x6e\x61\x6d\x65\x64\x20\x54\x79\x70\x65\x53\x2e\
\x20\x54\x68\x69\x73\x20\x63\x61\x6e\x20\x74\x79\x70\x69\x63\x61\
\x6c\x6c\x79\x20\x62\x65\x20\x75\x73\x65\x66\x75\x6c\x20\x66\x6f\
\x72\x20\x43\x20\x63\x6f\x64\x65\x20\x69\x6e\x20\x63\x61\x73\x65\
\x20\x74\x68\x65\x20\x63\x6f\x64\x69\x6e\x67\x20\x63\x6f\x6e\x76\
\x65\x6e\x74\x69\x6f\x6e\x20\x64\x69\x63\x74\x61\x74\x65\x73\x20\
\x74\x68\x61\x74\x20\x61\x6c\x6c\x20\x63\x6f\x6d\x70\x6f\x75\x6e\
\x64\x20\x74\x79\x70\x65\x73\x20\x61\x72\x65\x20\x74\x79\x70\x65\
\x64\x65\x66\x27\x65\x64\x20\x61\x6e\x64\x20\x6f\x6e\x6c\x79\x20\
\x74\x68\x65\x20\x74\x79\x70\x65\x64\x65\x66\x20\x69\x73\x20\x72\
\x65\x66\x65\x72\x65\x6e\x63\x65\x64\x2c\x20\x6e\x65\x76\x65\x72\
\x20\x74\x68\x65\x20\x74\x61\x67\x20\x6e\x61\x6d\x65\x2e\x20\x0a\
\x0a\x54\x68\x65\x20\x64\x65\x66\x61\x75\x6c\x74\x20\x76\x61\x6c\
\x75\x65\x20\x69\x73\x3a\x20\x4e\x4f\x2e\x0a\x00\
"

qt_resource_name = b"\
\x00\x07\
\x03\x59\x82\x23\
\x00\x6c\
\x00\x6f\x00\x63\x00\x61\x00\x6c\x00\x65\x00\x73\
\x00\x02\
\x00\x00\x06\xa5\
\x00\x64\
\x00\x65\
\x00\x05\
\x00\x69\x65\x3f\
\x00\x63\
\x00\x63\x00\x2e\x00\x6d\x00\x6f\
\x00\x07\
\x03\x0a\x35\xdf\
\x00\x6c\
\x00\x69\x00\x73\x00\x70\x00\x2e\x00\x6d\x00\x6f\
\x00\x08\
\x08\x89\x88\x7f\
\x00\x64\
\x00\x62\x00\x61\x00\x73\x00\x65\x00\x2e\x00\x6d\x00\x6f\
\x00\x09\
\x09\x97\x18\x3f\
\x00\x70\
\x00\x61\x00\x73\x00\x63\x00\x61\x00\x6c\x00\x2e\x00\x6d\x00\x6f\
\x00\x0a\
\x0f\xd9\x78\xdf\
\x00\x64\
\x00\x6f\x00\x78\x00\x79\x00\x67\x00\x65\x00\x6e\x00\x2e\x00\x6d\x00\x6f\
"

qt_resource_struct_v1 = b"\
\x00\x00\x00\x00\x00\x02\x00\x00\x00\x01\x00\x00\x00\x01\
\x00\x00\x00\x00\x00\x02\x00\x00\x00\x01\x00\x00\x00\x02\
\x00\x00\x00\x14\x00\x02\x00\x00\x00\x05\x00\x00\x00\x03\
\x00\x00\x00\x1e\x00\x00\x00\x00\x00\x01\x00\x00\x00\x00\
\x00\x00\x00\x2e\x00\x00\x00\x00\x00\x01\x00\x00\x0e\xbc\
\x00\x00\x00\x42\x00\x00\x00\x00\x00\x01\x00\x00\x1d\x78\
\x00\x00\x00\x58\x00\x00\x00\x00\x00\x01\x00\x00\x2c\x34\
\x00\x00\x00\x70\x00\x00\x00\x00\x00\x01\x00\x00\x3a\xf0\
"

qt_resource_struct_v2 = b"\
\x00\x00\x00\x00\x00\x02\x00\x00\x00\x01\x00\x00\x00\x01\
\x00\x00\x00\x00\x00\x00\x00\x00\
\x00\x00\x00\x00\x00\x02\x00\x00\x00\x01\x00\x00\x00\x02\
\x00\x00\x00\x00\x00\x00\x00\x00\
\x00\x00\x00\x14\x00\x02\x00\x00\x00\x05\x00\x00\x00\x03\
\x00\x00\x00\x00\x00\x00\x00\x00\
\x00\x00\x00\x1e\x00\x00\x00\x00\x00\x01\x00\x00\x00\x00\
\x00\x00\x01\x9d\xd7\x57\xe9\x20\
\x00\x00\x00\x2e\x00\x00\x00\x00\x00\x01\x00\x00\x0e\xbc\
\x00\x00\x01\x9d\xd7\x57\xe9\x20\
\x00\x00\x00\x42\x00\x00\x00\x00\x00\x01\x00\x00\x1d\x78\
\x00\x00\x01\x9d\xd7\x57\xe9\x20\
\x00\x00\x00\x58\x00\x00\x00\x00\x00\x01\x00\x00\x2c\x34\
\x00\x00\x01\x9d\xd7\x57\xe9\x20\
\x00\x00\x00\x70\x00\x00\x00\x00\x00\x01\x00\x00\x3a\xf0\
\x00\x00\x01\x9d\xd9\xac\x58\xa0\
"

qt_version = [int(v) for v in QtCore.qVersion().split('.')]
if qt_version < [5, 8, 0]:
    rcc_version = 1
    qt_resource_struct = qt_resource_struct_v1
else:
    rcc_version = 2
    qt_resource_struct = qt_resource_struct_v2

def qInitResources():
    QtCore.qRegisterResourceData(rcc_version, qt_resource_struct, qt_resource_name, qt_resource_data)

def qCleanupResources():
    QtCore.qUnregisterResourceData(rcc_version, qt_resource_struct, qt_resource_name, qt_resource_data)

qInitResources()
